-14.75,14.75,0,-0.000275023
-14.75,14.25,0,-0.000797623
-14.75,13.75,0,-4.57E-05
-14.75,13.25,0,0.000936793
-14.75,12.75,0,9.10E-05
-14.75,12.25,0,-0.000421281
-14.75,11.75,0,-0.000218039
-14.75,11.25,0,3.65E-06
-14.75,10.75,0,2.96E-05
-14.75,10.25,0,-0.000459541
-14.75,9.75,0,8.40E-05
-14.75,9.25,0,0.001468579
-14.75,8.75,0,2.09E-05
-14.75,8.25,0,-2.37E-05
-14.75,7.75,0,-0.000271697
-14.75,7.25,0,-0.000384535
-14.75,6.75,0,0.000112861
-14.75,6.25,0,0.000160578
-14.75,5.75,0,3.99E-06
-14.75,5.25,0,4.49E-05
-14.75,4.75,0,-0.000113195
-14.75,4.25,0,-0.000141772
-14.75,3.75,0,-5.72E-05
-14.75,3.25,0,-0.000625558
-14.75,2.75,0,0.000415694
-14.75,2.25,0,0.000284354
-14.75,1.75,0,-7.43E-05
-14.75,1.25,0,-0.000391343
-14.75,0.75,0,5.22E-05
-14.75,0.25,0,0.001078628
-14.75,-0.25,0,4.87E-05
-14.75,-0.75,0,-0.000141647
-14.75,-1.25,0,0.000559853
-14.75,-1.75,0,-0.000212286
-14.75,-2.25,0,-0.000233125
-14.75,-2.75,0,-0.000201322
-14.75,-3.25,0,-8.34E-05
-14.75,-3.75,0,-0.000103487
-14.75,-4.25,0,-0.000292687
-14.75,-4.75,0,-0.000431166
-14.75,-5.25,0,9.74E-06
-14.75,-5.75,0,2.61E-05
-14.75,-6.25,0,-3.50E-05
-14.75,-6.75,0,0.000232105
-14.75,-7.25,0,0.000956851
-14.75,-7.75,0,-1.36E-05
-14.75,-8.25,0,-0.000383805
-14.75,-8.75,0,3.70E-05
-14.75,-9.25,0,0.000714029
-14.75,-9.75,0,0.000672962
-14.75,-10.25,0,0.000120316
-14.75,-10.75,0,-2.48E-05
-14.75,-11.25,0,-0.00072458
-14.75,-11.75,0,0.000796043
-14.75,-12.25,0,4.05E-05
-14.75,-12.75,0,-4.54E-05
-14.75,-13.25,0,1.09E-05
-14.75,-13.75,0,0.000390186
-14.75,-14.25,0,8.19E-06
-14.75,-14.75,0,0.000151625
-14.25,14.75,0,0.00015588
-14.25,14.25,0,-0.000232407
-14.25,13.75,0,-0.000125028
-14.25,13.25,0,6.13E-05
-14.25,12.75,0,0.000299067
-14.25,12.25,0,-0.000114098
-14.25,11.75,0,-0.000353845
-14.25,11.25,0,0.000295119
-14.25,10.75,0,-0.000113491
-14.25,10.25,0,-3.85E-05
-14.25,9.75,0,0.000262273
-14.25,9.25,0,0.000541938
-14.25,8.75,0,5.69E-05
-14.25,8.25,0,-2.61E-05
-14.25,7.75,0,-0.000864446
-14.25,7.25,0,-0.00030881
-14.25,6.75,0,-6.77E-07
-14.25,6.25,0,3.92E-05
-14.25,5.75,0,5.43E-05
-14.25,5.25,0,1.74E-05
-14.25,4.75,0,-7.71E-05
-14.25,4.25,0,-5.72E-05
-14.25,3.75,0,-0.000210782
-14.25,3.25,0,-0.000125074
-14.25,2.75,0,-0.000167652
-14.25,2.25,0,4.16E-05
-14.25,1.75,0,-6.83E-05
-14.25,1.25,0,-0.000369232
-14.25,0.75,0,-0.000137014
-14.25,0.25,0,0.000235372
-14.25,-0.25,0,-6.68E-05
-14.25,-0.75,0,0.000551142
-14.25,-1.25,0,0.000266894
-14.25,-1.75,0,-0.000426634
-14.25,-2.25,0,8.02E-05
-14.25,-2.75,0,-0.000616752
-14.25,-3.25,0,0.000241251
-14.25,-3.75,0,0.000131621
-14.25,-4.25,0,0.000159196
-14.25,-4.75,0,0.000520069
-14.25,-5.25,0,-2.86E-05
-14.25,-5.75,0,3.84E-05
-14.25,-6.25,0,-2.12E-05
-14.25,-6.75,0,-8.98E-05
-14.25,-7.25,0,-0.000237526
-14.25,-7.75,0,0.000250557
-14.25,-8.25,0,6.27E-05
-14.25,-8.75,0,9.91E-05
-14.25,-9.25,0,0.000304374
-14.25,-9.75,0,4.27E-05
-14.25,-10.25,0,9.68E-05
-14.25,-10.75,0,7.98E-05
-14.25,-11.25,0,1.15E-05
-14.25,-11.75,0,0.000428679
-14.25,-12.25,0,-0.000299863
-14.25,-12.75,0,-3.67E-06
-14.25,-13.25,0,-0.000338453
-14.25,-13.75,0,-0.000412415
-14.25,-14.25,0,-0.000245187
-14.25,-14.75,0,0.000216838
-13.75,14.75,0,-0.000240903
-13.75,14.25,0,0.00012866
-13.75,13.75,0,3.16E-05
-13.75,13.25,0,-2.89E-05
-13.75,12.75,0,0.000239852
-13.75,12.25,0,-8.54E-05
-13.75,11.75,0,-0.000154085
-13.75,11.25,0,4.97E-06
-13.75,10.75,0,2.17E-05
-13.75,10.25,0,0.000528475
-13.75,9.75,0,-2.33E-06
-13.75,9.25,0,0.000559946
-13.75,8.75,0,0.000101092
-13.75,8.25,0,2.05E-05
-13.75,7.75,0,-0.000114649
-13.75,7.25,0,0.000414569
-13.75,6.75,0,0.000125602
-13.75,6.25,0,2.89E-06
-13.75,5.75,0,-9.97E-05
-13.75,5.25,0,0.000210515
-13.75,4.75,0,-0.00045689
-13.75,4.25,0,-0.000311687
-13.75,3.75,0,9.81E-05
-13.75,3.25,0,0.0001211
-13.75,2.75,0,-5.01E-05
-13.75,2.25,0,-0.000359414
-13.75,1.75,0,-0.000352681
-13.75,1.25,0,0.001315955
-13.75,0.75,0,-5.73E-05
-13.75,0.25,0,-6.81E-05
-13.75,-0.25,0,-0.000201955
-13.75,-0.75,0,4.61E-05
-13.75,-1.25,0,5.96E-07
-13.75,-1.75,0,-0.000986658
-13.75,-2.25,0,-0.000526514
-13.75,-2.75,0,-0.000155535
-13.75,-3.25,0,0.000533446
-13.75,-3.75,0,-9.03E-06
-13.75,-4.25,0,0.000166999
-13.75,-4.75,0,0.00047291
-13.75,-5.25,0,0.000429032
-13.75,-5.75,0,0.000246563
-13.75,-6.25,0,0.000146154
-13.75,-6.75,0,7.24E-06
-13.75,-7.25,0,-3.13E-06
-13.75,-7.75,0,0.001135737
-13.75,-8.25,0,0.000194918
-13.75,-8.75,0,-2.67E-05
-13.75,-9.25,0,-3.79E-05
-13.75,-9.75,0,0.000289224
-13.75,-10.25,0,0.000231025
-13.75,-10.75,0,-5.26E-05
-13.75,-11.25,0,-4.29E-05
-13.75,-11.75,0,-0.000266934
-13.75,-12.25,0,-0.000229413
-13.75,-12.75,0,-3.73E-05
-13.75,-13.25,0,-0.00028863
-13.75,-13.75,0,-0.000401886
-13.75,-14.25,0,-0.000368233
-13.75,-14.75,0,1.52E-05
-13.25,14.75,0,-0.00016224
-13.25,14.25,0,-0.000324042
-13.25,13.75,0,0.000128255
-13.25,13.25,0,0.000150056
-13.25,12.75,0,-0.000349169
-13.25,12.25,0,-0.000360062
-13.25,11.75,0,-0.000304882
-13.25,11.25,0,-0.001141063
-13.25,10.75,0,2.54E-05
-13.25,10.25,0,0.000375603
-13.25,9.75,0,0.000494777
-13.25,9.25,0,0.000804847
-13.25,8.75,0,-5.31E-05
-13.25,8.25,0,-0.000557216
-13.25,7.75,0,-0.00017491
-13.25,7.25,0,0.000532462
-13.25,6.75,0,0.000168674
-13.25,6.25,0,-0.000175139
-13.25,5.75,0,-0.000425319
-13.25,5.25,0,0.00018946
-13.25,4.75,0,-0.000147594
-13.25,4.25,0,-0.000563465
-13.25,3.75,0,2.34E-05
-13.25,3.25,0,-3.18E-05
-13.25,2.75,0,6.01E-05
-13.25,2.25,0,-5.71E-05
-13.25,1.75,0,9.03E-05
-13.25,1.25,0,-4.89E-05
-13.25,0.75,0,-2.20E-05
-13.25,0.25,0,-9.08E-05
-13.25,-0.25,0,7.73E-05
-13.25,-0.75,0,-8.41E-08
-13.25,-1.25,0,0.00027208
-13.25,-1.75,0,-0.000257033
-13.25,-2.25,0,0.00036019
-13.25,-2.75,0,0.000147552
-13.25,-3.25,0,0.000161955
-13.25,-3.75,0,-0.000151129
-13.25,-4.25,0,6.11E-06
-13.25,-4.75,0,0.00058294
-13.25,-5.25,0,0.000353249
-13.25,-5.75,0,1.54E-05
-13.25,-6.25,0,0.000123849
-13.25,-6.75,0,-0.000112999
-13.25,-7.25,0,-3.05E-05
-13.25,-7.75,0,0.000263695
-13.25,-8.25,0,5.76E-06
-13.25,-8.75,0,0.000101109
-13.25,-9.25,0,-8.43E-05
-13.25,-9.75,0,-6.75E-05
-13.25,-10.25,0,0.000168266
-13.25,-10.75,0,-3.71E-05
-13.25,-11.25,0,-2.78E-05
-13.25,-11.75,0,3.01E-05
-13.25,-12.25,0,-7.99E-05
-13.25,-12.75,0,-0.000227224
-13.25,-13.25,0,-0.000354951
-13.25,-13.75,0,-0.000636248
-13.25,-14.25,0,-0.000210197
-13.25,-14.75,0,-2.25E-05
-12.75,14.75,0,-9.07E-05
-12.75,14.25,0,-6.00E-05
-12.75,13.75,0,2.01E-05
-12.75,13.25,0,5.18E-05
-12.75,12.75,0,-0.001045875
-12.75,12.25,0,-0.000360334
-12.75,11.75,0,5.79E-05
-12.75,11.25,0,0.00046847
-12.75,10.75,0,0.000452291
-12.75,10.25,0,2.18E-05
-12.75,9.75,0,-0.000183726
-12.75,9.25,0,0.000306435
-12.75,8.75,0,4.83E-05
-12.75,8.25,0,0.000245864
-12.75,7.75,0,9.73E-06
-12.75,7.25,0,7.11E-07
-12.75,6.75,0,6.76E-05
-12.75,6.25,0,8.35E-07
-12.75,5.75,0,0.000655685
-12.75,5.25,0,1.32E-05
-12.75,4.75,0,-4.85E-05
-12.75,4.25,0,-0.000195546
-12.75,3.75,0,-3.84E-05
-12.75,3.25,0,-0.000293288
-12.75,2.75,0,0.000286803
-12.75,2.25,0,0.000253476
-12.75,1.75,0,-1.38E-05
-12.75,1.25,0,-0.000141001
-12.75,0.75,0,0.000178098
-12.75,0.25,0,-0.000120559
-12.75,-0.25,0,-1.81E-06
-12.75,-0.75,0,-1.16E-05
-12.75,-1.25,0,-3.82E-05
-12.75,-1.75,0,-2.11E-05
-12.75,-2.25,0,0.000354049
-12.75,-2.75,0,0.000132028
-12.75,-3.25,0,0.000223563
-12.75,-3.75,0,-3.57E-05
-12.75,-4.25,0,-0.000954428
-12.75,-4.75,0,-0.000304263
-12.75,-5.25,0,-3.37E-06
-12.75,-5.75,0,0.000354083
-12.75,-6.25,0,6.03E-05
-12.75,-6.75,0,-0.000123977
-12.75,-7.25,0,-4.89E-05
-12.75,-7.75,0,-0.000576134
-12.75,-8.25,0,-0.000208935
-12.75,-8.75,0,3.36E-05
-12.75,-9.25,0,-6.61E-05
-12.75,-9.75,0,-0.00049606
-12.75,-10.25,0,-0.000191635
-12.75,-10.75,0,0.000714878
-12.75,-11.25,0,3.05E-05
-12.75,-11.75,0,0.000152758
-12.75,-12.25,0,0.00016359
-12.75,-12.75,0,0.000398428
-12.75,-13.25,0,0.00033468
-12.75,-13.75,0,-1.73E-05
-12.75,-14.25,0,-0.000199029
-12.75,-14.75,0,0.000513476
-12.25,14.75,0,9.85E-05
-12.25,14.25,0,-0.000445156
-12.25,13.75,0,-0.000387128
-12.25,13.25,0,3.54E-05
-12.25,12.75,0,-0.000156365
-12.25,12.25,0,-0.000448764
-12.25,11.75,0,5.06E-05
-12.25,11.25,0,-0.000109684
-12.25,10.75,0,-0.000189321
-12.25,10.25,0,-0.000174418
-12.25,9.75,0,-0.000985721
-12.25,9.25,0,-0.000163496
-12.25,8.75,0,-0.000259658
-12.25,8.25,0,6.15E-05
-12.25,7.75,0,1.56E-05
-12.25,7.25,0,8.25E-07
-12.25,6.75,0,2.93E-05
-12.25,6.25,0,-1.49E-06
-12.25,5.75,0,-2.93E-05
-12.25,5.25,0,-8.93E-05
-12.25,4.75,0,0.000471442
-12.25,4.25,0,0.000378369
-12.25,3.75,0,0.000603442
-12.25,3.25,0,2.09E-05
-12.25,2.75,0,-0.000183016
-12.25,2.25,0,-0.000164117
-12.25,1.75,0,-7.44E-05
-12.25,1.25,0,1.09E-05
-12.25,0.75,0,6.32E-05
-12.25,0.25,0,-0.000120684
-12.25,-0.25,0,-1.03E-05
-12.25,-0.75,0,-7.54E-05
-12.25,-1.25,0,-6.03E-05
-12.25,-1.75,0,8.54E-05
-12.25,-2.25,0,0.00010287
-12.25,-2.75,0,-9.97E-05
-12.25,-3.25,0,-0.000251884
-12.25,-3.75,0,-0.000113363
-12.25,-4.25,0,-0.000210016
-12.25,-4.75,0,-0.000148325
-12.25,-5.25,0,0.000135206
-12.25,-5.75,0,0.000141029
-12.25,-6.25,0,-0.000351908
-12.25,-6.75,0,0.000328437
-12.25,-7.25,0,7.30E-05
-12.25,-7.75,0,-0.000384869
-12.25,-8.25,0,2.06E-05
-12.25,-8.75,0,0.000329032
-12.25,-9.25,0,0.00034655
-12.25,-9.75,0,-1.26E-05
-12.25,-10.25,0,-2.76E-05
-12.25,-10.75,0,0.000365145
-12.25,-11.25,0,0.001466987
-12.25,-11.75,0,7.37E-05
-12.25,-12.25,0,7.31E-05
-12.25,-12.75,0,-0.000615811
-12.25,-13.25,0,0.000204557
-12.25,-13.75,0,0.000164597
-12.25,-14.25,0,-1.43E-05
-12.25,-14.75,0,0.000296929
-11.75,14.75,0,-2.32E-06
-11.75,14.25,0,0.000760006
-11.75,13.75,0,4.31E-05
-11.75,13.25,0,-1.09E-05
-11.75,12.75,0,-0.00047605
-11.75,12.25,0,-0.000110966
-11.75,11.75,0,3.74E-05
-11.75,11.25,0,-0.000516533
-11.75,10.75,0,-0.000139421
-11.75,10.25,0,8.67E-05
-11.75,9.75,0,-0.0001354
-11.75,9.25,0,-0.000455286
-11.75,8.75,0,4.32E-06
-11.75,8.25,0,-0.000263594
-11.75,7.75,0,-0.000148615
-11.75,7.25,0,-0.000152668
-11.75,6.75,0,-2.94E-06
-11.75,6.25,0,3.68E-06
-11.75,5.75,0,-0.000526345
-11.75,5.25,0,-0.000414511
-11.75,4.75,0,-9.37E-05
-11.75,4.25,0,-0.000202863
-11.75,3.75,0,0.000917583
-11.75,3.25,0,0.000247794
-11.75,2.75,0,-0.000134965
-11.75,2.25,0,-0.000231177
-11.75,1.75,0,4.13E-06
-11.75,1.25,0,0.000316221
-11.75,0.75,0,4.97E-05
-11.75,0.25,0,0.000159249
-11.75,-0.25,0,-5.69E-06
-11.75,-0.75,0,7.60E-06
-11.75,-1.25,0,-0.000157129
-11.75,-1.75,0,-0.000681361
-11.75,-2.25,0,-0.000122631
-11.75,-2.75,0,-0.000297614
-11.75,-3.25,0,0.000814808
-11.75,-3.75,0,0.000296048
-11.75,-4.25,0,1.07E-05
-11.75,-4.75,0,-6.83E-05
-11.75,-5.25,0,0.000430242
-11.75,-5.75,0,0.000157389
-11.75,-6.25,0,0.000220621
-11.75,-6.75,0,-1.33E-05
-11.75,-7.25,0,-2.35E-05
-11.75,-7.75,0,8.75E-05
-11.75,-8.25,0,0.000163125
-11.75,-8.75,0,-4.28E-07
-11.75,-9.25,0,0.000375625
-11.75,-9.75,0,4.44E-05
-11.75,-10.25,0,-3.27E-05
-11.75,-10.75,0,-2.76E-05
-11.75,-11.25,0,0.000411403
-11.75,-11.75,0,0.000277152
-11.75,-12.25,0,0.000341771
-11.75,-12.75,0,6.55E-06
-11.75,-13.25,0,-9.94E-06
-11.75,-13.75,0,0.000376479
-11.75,-14.25,0,-2.13E-05
-11.75,-14.75,0,-3.63E-05
-11.25,14.75,0,-6.10E-05
-11.25,14.25,0,0.000613917
-11.25,13.75,0,0.000466028
-11.25,13.25,0,2.38E-05
-11.25,12.75,0,-0.000109705
-11.25,12.25,0,1.57E-05
-11.25,11.75,0,-0.000152023
-11.25,11.25,0,-0.000216263
-11.25,10.75,0,-2.10E-08
-11.25,10.25,0,-3.82E-05
-11.25,9.75,0,-1.63E-05
-11.25,9.25,0,0.000352648
-11.25,8.75,0,0.000368019
-11.25,8.25,0,-0.0004836
-11.25,7.75,0,6.92E-07
-11.25,7.25,0,-0.000107825
-11.25,6.75,0,-0.000566487
-11.25,6.25,0,-7.74E-05
-11.25,5.75,0,-0.000233084
-11.25,5.25,0,-9.08E-05
-11.25,4.75,0,-2.86E-05
-11.25,4.25,0,3.14E-05
-11.25,3.75,0,0.000926114
-11.25,3.25,0,-0.000210836
-11.25,2.75,0,1.52E-05
-11.25,2.25,0,0.000935156
-11.25,1.75,0,0.00087536
-11.25,1.25,0,-8.45E-05
-11.25,0.75,0,-0.000167192
-11.25,0.25,0,0.000555466
-11.25,-0.25,0,1.35E-06
-11.25,-0.75,0,-1.91E-05
-11.25,-1.25,0,-7.82E-05
-11.25,-1.75,0,-0.000242864
-11.25,-2.25,0,-7.53E-05
-11.25,-2.75,0,-0.0003551
-11.25,-3.25,0,-0.000193153
-11.25,-3.75,0,-7.63E-05
-11.25,-4.25,0,0.00017966
-11.25,-4.75,0,-3.53E-05
-11.25,-5.25,0,4.40E-05
-11.25,-5.75,0,-1.11E-06
-11.25,-6.25,0,-0.00027416
-11.25,-6.75,0,-0.000129013
-11.25,-7.25,0,1.78E-05
-11.25,-7.75,0,8.92E-06
-11.25,-8.25,0,-0.000189369
-11.25,-8.75,0,-1.21E-05
-11.25,-9.25,0,0.000262672
-11.25,-9.75,0,0.000696275
-11.25,-10.25,0,0.00011605
-11.25,-10.75,0,0.000158898
-11.25,-11.25,0,-2.38E-06
-11.25,-11.75,0,-0.001198803
-11.25,-12.25,0,-6.45E-05
-11.25,-12.75,0,0.000862965
-11.25,-13.25,0,8.01E-05
-11.25,-13.75,0,0.000762901
-11.25,-14.25,0,0.000765093
-11.25,-14.75,0,0.000109466
-10.75,14.75,0,0.000209846
-10.75,14.25,0,0.001080577
-10.75,13.75,0,0.000293931
-10.75,13.25,0,3.29E-05
-10.75,12.75,0,-0.000176885
-10.75,12.25,0,-0.00019825
-10.75,11.75,0,-0.000298765
-10.75,11.25,0,-1.29E-05
-10.75,10.75,0,0.000637996
-10.75,10.25,0,-1.01E-05
-10.75,9.75,0,0.000221116
-10.75,9.25,0,-5.18E-05
-10.75,8.75,0,-5.11E-05
-10.75,8.25,0,-1.37E-05
-10.75,7.75,0,0.00027645
-10.75,7.25,0,-0.000184539
-10.75,6.75,0,-0.001024535
-10.75,6.25,0,-0.000119238
-10.75,5.75,0,-5.83E-05
-10.75,5.25,0,-0.000291587
-10.75,4.75,0,-0.00021878
-10.75,4.25,0,-8.70E-05
-10.75,3.75,0,6.54E-05
-10.75,3.25,0,5.69E-05
-10.75,2.75,0,0.000271057
-10.75,2.25,0,-0.000104438
-10.75,1.75,0,-3.42E-05
-10.75,1.25,0,-0.000316825
-10.75,0.75,0,-0.000197176
-10.75,0.25,0,-9.24E-06
-10.75,-0.25,0,-5.39E-06
-10.75,-0.75,0,9.63E-05
-10.75,-1.25,0,9.10E-05
-10.75,-1.75,0,0.000104299
-10.75,-2.25,0,0.000277367
-10.75,-2.75,0,8.00E-05
-10.75,-3.25,0,5.48E-05
-10.75,-3.75,0,7.81E-05
-10.75,-4.25,0,5.20E-05
-10.75,-4.75,0,0.000544615
-10.75,-5.25,0,0.000318361
-10.75,-5.75,0,-0.000122385
-10.75,-6.25,0,-0.000222833
-10.75,-6.75,0,-0.000130352
-10.75,-7.25,0,-0.000120206
-10.75,-7.75,0,-0.000210844
-10.75,-8.25,0,-0.000238517
-10.75,-8.75,0,0.000487565
-10.75,-9.25,0,0.000549496
-10.75,-9.75,0,5.45E-05
-10.75,-10.25,0,-0.000122528
-10.75,-10.75,0,5.26E-05
-10.75,-11.25,0,-0.000300367
-10.75,-11.75,0,-0.000153245
-10.75,-12.25,0,0.000169362
-10.75,-12.75,0,-0.000107112
-10.75,-13.25,0,9.03E-05
-10.75,-13.75,0,0.000271601
-10.75,-14.25,0,7.94E-05
-10.75,-14.75,0,-0.000258677
-10.25,14.75,0,0.000124104
-10.25,14.25,0,0.000182567
-10.25,13.75,0,0.000174979
-10.25,13.25,0,-7.06E-05
-10.25,12.75,0,-0.000395108
-10.25,12.25,0,-2.83E-05
-10.25,11.75,0,0.000422088
-10.25,11.25,0,6.82E-05
-10.25,10.75,0,0.000836878
-10.25,10.25,0,0.000143924
-10.25,9.75,0,-5.55E-05
-10.25,9.25,0,-0.000117017
-10.25,8.75,0,7.59E-05
-10.25,8.25,0,0.000389483
-10.25,7.75,0,-0.000157261
-10.25,7.25,0,3.39E-05
-10.25,6.75,0,-0.000224681
-10.25,6.25,0,-6.67E-05
-10.25,5.75,0,0.000354732
-10.25,5.25,0,-0.000164672
-10.25,4.75,0,-0.000489743
-10.25,4.25,0,6.88E-05
-10.25,3.75,0,-0.000337138
-10.25,3.25,0,0.000147038
-10.25,2.75,0,9.49E-07
-10.25,2.25,0,-2.28E-05
-10.25,1.75,0,-0.000112356
-10.25,1.25,0,0.000193969
-10.25,0.75,0,-0.000241078
-10.25,0.25,0,7.48E-05
-10.25,-0.25,0,0.001111924
-10.25,-0.75,0,8.09E-05
-10.25,-1.25,0,0.000109388
-10.25,-1.75,0,0.000667278
-10.25,-2.25,0,0.000441548
-10.25,-2.75,0,-0.000106137
-10.25,-3.25,0,0.000153678
-10.25,-3.75,0,0.000183377
-10.25,-4.25,0,1.36E-05
-10.25,-4.75,0,-0.000141951
-10.25,-5.25,0,-0.000310318
-10.25,-5.75,0,7.79E-05
-10.25,-6.25,0,0.000381914
-10.25,-6.75,0,0.000167117
-10.25,-7.25,0,7.90E-05
-10.25,-7.75,0,0.000525185
-10.25,-8.25,0,-0.000158451
-10.25,-8.75,0,-0.000188876
-10.25,-9.25,0,-6.53E-05
-10.25,-9.75,0,-0.000493592
-10.25,-10.25,0,-0.000156282
-10.25,-10.75,0,0.000364846
-10.25,-11.25,0,-0.000235911
-10.25,-11.75,0,-0.000983407
-10.25,-12.25,0,-0.000357126
-10.25,-12.75,0,-0.000536527
-10.25,-13.25,0,2.99E-06
-10.25,-13.75,0,-6.89E-06
-10.25,-14.25,0,3.98E-05
-10.25,-14.75,0,1.12E-05
-9.75,14.75,0,0.000558467
-9.75,14.25,0,-5.33E-05
-9.75,13.75,0,0.00013875
-9.75,13.25,0,4.74E-05
-9.75,12.75,0,-4.99E-05
-9.75,12.25,0,0.000173215
-9.75,11.75,0,0.000809952
-9.75,11.25,0,0.000591833
-9.75,10.75,0,-0.000145417
-9.75,10.25,0,-0.000428726
-9.75,9.75,0,-0.000175084
-9.75,9.25,0,-0.000130619
-9.75,8.75,0,-0.000112571
-9.75,8.25,0,-0.000167458
-9.75,7.75,0,-0.000148258
-9.75,7.25,0,0.001034509
-9.75,6.75,0,-4.32E-05
-9.75,6.25,0,-0.000138175
-9.75,5.75,0,0.000117314
-9.75,5.25,0,6.25E-05
-9.75,4.75,0,0.000101199
-9.75,4.25,0,0.000154626
-9.75,3.75,0,-6.38E-05
-9.75,3.25,0,2.98E-06
-9.75,2.75,0,-0.000184585
-9.75,2.25,0,-0.000256198
-9.75,1.75,0,-0.000564882
-9.75,1.25,0,0.000207589
-9.75,0.75,0,-0.000170902
-9.75,0.25,0,4.51E-05
-9.75,-0.25,0,-7.06E-05
-9.75,-0.75,0,6.15E-05
-9.75,-1.25,0,0.000234991
-9.75,-1.75,0,0.000272555
-9.75,-2.25,0,8.64E-05
-9.75,-2.75,0,-0.000464614
-9.75,-3.25,0,3.74E-05
-9.75,-3.75,0,0.000201874
-9.75,-4.25,0,-0.000104347
-9.75,-4.75,0,-0.000286671
-9.75,-5.25,0,1.84E-05
-9.75,-5.75,0,0.000241231
-9.75,-6.25,0,-9.48E-05
-9.75,-6.75,0,0.001218289
-9.75,-7.25,0,0.000104564
-9.75,-7.75,0,-0.000106888
-9.75,-8.25,0,-0.00013959
-9.75,-8.75,0,-0.000126444
-9.75,-9.25,0,-7.74E-05
-9.75,-9.75,0,-0.000385565
-9.75,-10.25,0,-0.000302162
-9.75,-10.75,0,-0.000126108
-9.75,-11.25,0,-0.00011588
-9.75,-11.75,0,-5.76E-05
-9.75,-12.25,0,4.58E-05
-9.75,-12.75,0,-0.000155731
-9.75,-13.25,0,-0.000117087
-9.75,-13.75,0,-0.000615798
-9.75,-14.25,0,0.000183108
-9.75,-14.75,0,-0.000711133
-9.25,14.75,0,0.000743729
-9.25,14.25,0,-4.05E-05
-9.25,13.75,0,-0.000454745
-9.25,13.25,0,0.000107955
-9.25,12.75,0,0.000451419
-9.25,12.25,0,0.000372908
-9.25,11.75,0,0.000193792
-9.25,11.25,0,-1.34E-05
-9.25,10.75,0,-0.000183553
-9.25,10.25,0,-0.000112788
-9.25,9.75,0,-6.21E-05
-9.25,9.25,0,-4.87E-05
-9.25,8.75,0,8.29E-05
-9.25,8.25,0,-0.000133536
-9.25,7.75,0,0.000352427
-9.25,7.25,0,-5.65E-06
-9.25,6.75,0,-0.000192666
-9.25,6.25,0,-5.77E-05
-9.25,5.75,0,0.000277866
-9.25,5.25,0,-0.000461126
-9.25,4.75,0,-0.00025136
-9.25,4.25,0,-3.80E-05
-9.25,3.75,0,-0.000317038
-9.25,3.25,0,-0.000255307
-9.25,2.75,0,-0.000487626
-9.25,2.25,0,-0.000762705
-9.25,1.75,0,-0.000573281
-9.25,1.25,0,-0.000946092
-9.25,0.75,0,-0.000531269
-9.25,0.25,0,-0.00035016
-9.25,-0.25,0,-0.000465297
-9.25,-0.75,0,-0.000233636
-9.25,-1.25,0,-0.000529135
-9.25,-1.75,0,5.62E-05
-9.25,-2.25,0,-0.000106336
-9.25,-2.75,0,1.30E-05
-9.25,-3.25,0,-0.001026022
-9.25,-3.75,0,-0.000489544
-9.25,-4.25,0,-0.000203529
-9.25,-4.75,0,-0.000481246
-9.25,-5.25,0,-9.57E-05
-9.25,-5.75,0,-0.00060087
-9.25,-6.25,0,-0.000280337
-9.25,-6.75,0,1.19E-05
-9.25,-7.25,0,-0.000107008
-9.25,-7.75,0,-1.34E-05
-9.25,-8.25,0,0.000456762
-9.25,-8.75,0,0.000628969
-9.25,-9.25,0,-7.03E-05
-9.25,-9.75,0,0.00059882
-9.25,-10.25,0,-2.23E-05
-9.25,-10.75,0,0.000247925
-9.25,-11.25,0,-0.000549056
-9.25,-11.75,0,-0.000524065
-9.25,-12.25,0,-0.000645338
-9.25,-12.75,0,-0.000903423
-9.25,-13.25,0,1.57E-05
-9.25,-13.75,0,0.000132034
-9.25,-14.25,0,0.000206397
-9.25,-14.75,0,-1.12E-06
-8.75,14.75,0,-0.000663048
-8.75,14.25,0,0.00010876
-8.75,13.75,0,-0.000230758
-8.75,13.25,0,0.000100702
-8.75,12.75,0,0.000171809
-8.75,12.25,0,8.71E-05
-8.75,11.75,0,0.000150487
-8.75,11.25,0,-7.12E-06
-8.75,10.75,0,-1.24E-05
-8.75,10.25,0,-0.000134435
-8.75,9.75,0,-0.000245323
-8.75,9.25,0,-0.000135629
-8.75,8.75,0,-0.000147343
-8.75,8.25,0,-3.62E-05
-8.75,7.75,0,-6.94E-05
-8.75,7.25,0,0.000100699
-8.75,6.75,0,0.000286105
-8.75,6.25,0,0.000358301
-8.75,5.75,0,0.000139599
-8.75,5.25,0,-8.32E-05
-8.75,4.75,0,-0.000298289
-8.75,4.25,0,-0.000502787
-8.75,3.75,0,-2.54E-05
-8.75,3.25,0,9.09E-05
-8.75,2.75,0,0.000543258
-8.75,2.25,0,0.000787394
-8.75,1.75,0,0.00035865
-8.75,1.25,0,-0.000177281
-8.75,0.75,0,0.000589454
-8.75,0.25,0,0.00019303
-8.75,-0.25,0,0.001296
-8.75,-0.75,0,0.001051141
-8.75,-1.25,0,-1.61E-05
-8.75,-1.75,0,-0.000527744
-8.75,-2.25,0,0.000330264
-8.75,-2.75,0,-9.51E-05
-8.75,-3.25,0,-0.00021971
-8.75,-3.75,0,-0.00016875
-8.75,-4.25,0,-0.000447005
-8.75,-4.75,0,-0.000649515
-8.75,-5.25,0,4.84E-05
-8.75,-5.75,0,-0.000157607
-8.75,-6.25,0,0.000468071
-8.75,-6.75,0,-2.84E-05
-8.75,-7.25,0,-0.000198223
-8.75,-7.75,0,-2.66E-05
-8.75,-8.25,0,0.000341644
-8.75,-8.75,0,0.000488758
-8.75,-9.25,0,-0.0001707
-8.75,-9.75,0,-0.000129624
-8.75,-10.25,0,2.72E-05
-8.75,-10.75,0,9.24E-05
-8.75,-11.25,0,-5.95E-05
-8.75,-11.75,0,0.000139918
-8.75,-12.25,0,9.33E-05
-8.75,-12.75,0,0.000181983
-8.75,-13.25,0,0.000114789
-8.75,-13.75,0,0.000437924
-8.75,-14.25,0,0.000210066
-8.75,-14.75,0,2.73E-06
-8.25,14.75,0,-0.000423454
-8.25,14.25,0,9.22E-05
-8.25,13.75,0,3.64E-05
-8.25,13.25,0,0.000435917
-8.25,12.75,0,3.45E-05
-8.25,12.25,0,5.07E-05
-8.25,11.75,0,-1.33E-05
-8.25,11.25,0,-0.000132567
-8.25,10.75,0,-1.83E-05
-8.25,10.25,0,-2.53E-05
-8.25,9.75,0,-9.06E-05
-8.25,9.25,0,-0.000127506
-8.25,8.75,0,-2.78E-05
-8.25,8.25,0,-0.000115672
-8.25,7.75,0,-0.000151513
-8.25,7.25,0,0.000636135
-8.25,6.75,0,0.000771502
-8.25,6.25,0,0.000529899
-8.25,5.75,0,0.001284997
-8.25,5.25,0,0.001534381
-8.25,4.75,0,0.001490627
-8.25,4.25,0,0.002013034
-8.25,3.75,0,0.000385332
-8.25,3.25,0,0.001633073
-8.25,2.75,0,0.000354783
-8.25,2.25,0,0.000835499
-8.25,1.75,0,0.000169644
-8.25,1.25,0,-1.29E-05
-8.25,0.75,0,0.001591242
-8.25,0.25,0,-0.000214527
-8.25,-0.25,0,8.42E-05
-8.25,-0.75,0,0.000762466
-8.25,-1.25,0,0.000215624
-8.25,-1.75,0,0.000944211
-8.25,-2.25,0,0.002946974
-8.25,-2.75,0,0.002040471
-8.25,-3.25,0,0.001356268
-8.25,-3.75,0,0.001102855
-8.25,-4.25,0,0.001667795
-8.25,-4.75,0,0.000954012
-8.25,-5.25,0,0.001899554
-8.25,-5.75,0,0.0016091
-8.25,-6.25,0,0.000400136
-8.25,-6.75,0,0.001710354
-8.25,-7.25,0,0.000851407
-8.25,-7.75,0,0.000359401
-8.25,-8.25,0,-7.75E-05
-8.25,-8.75,0,-0.000129671
-8.25,-9.25,0,-0.000251082
-8.25,-9.75,0,-0.000469209
-8.25,-10.25,0,-9.88E-06
-8.25,-10.75,0,0.00094046
-8.25,-11.25,0,0.000154682
-8.25,-11.75,0,0.000213794
-8.25,-12.25,0,0.000371801
-8.25,-12.75,0,0.000269365
-8.25,-13.25,0,0.000455542
-8.25,-13.75,0,0.000389067
-8.25,-14.25,0,-0.000119944
-8.25,-14.75,0,0.000110834
-7.75,14.75,0,0.000165118
-7.75,14.25,0,1.68E-05
-7.75,13.75,0,5.49E-05
-7.75,13.25,0,0.000598764
-7.75,12.75,0,0.000497511
-7.75,12.25,0,0.00010556
-7.75,11.75,0,-8.10E-06
-7.75,11.25,0,-0.000326139
-7.75,10.75,0,-3.51E-05
-7.75,10.25,0,-0.000245768
-7.75,9.75,0,-6.88E-05
-7.75,9.25,0,-3.71E-05
-7.75,8.75,0,-9.54E-05
-7.75,8.25,0,0.000199724
-7.75,7.75,0,0.000950897
-7.75,7.25,0,0.001477833
-7.75,6.75,0,-0.000261433
-7.75,6.25,0,0.000473859
-7.75,5.75,0,0.001622273
-7.75,5.25,0,0.000364443
-7.75,4.75,0,8.47E-05
-7.75,4.25,0,0.002902237
-7.75,3.75,0,0.000943809
-7.75,3.25,0,0.002495668
-7.75,2.75,0,0.001154757
-7.75,2.25,0,0.002925636
-7.75,1.75,0,0.001097466
-7.75,1.25,0,0.002168494
-7.75,0.75,0,0.004364867
-7.75,0.25,0,0.002853443
-7.75,-0.25,0,0.001125786
-7.75,-0.75,0,-0.000711453
-7.75,-1.25,0,0.001229016
-7.75,-1.75,0,0.000650993
-7.75,-2.25,0,0.002565536
-7.75,-2.75,0,0.002207634
-7.75,-3.25,0,0.00353161
-7.75,-3.75,0,0.002094846
-7.75,-4.25,0,0.001995128
-7.75,-4.75,0,0.001260155
-7.75,-5.25,0,0.001124599
-7.75,-5.75,0,0.00153507
-7.75,-6.25,0,-0.000616239
-7.75,-6.75,0,0.000121626
-7.75,-7.25,0,0.001870143
-7.75,-7.75,0,0.00078788
-7.75,-8.25,0,-6.54E-05
-7.75,-8.75,0,-0.000126526
-7.75,-9.25,0,0.000446398
-7.75,-9.75,0,0.00054555
-7.75,-10.25,0,-0.000231392
-7.75,-10.75,0,-0.000116542
-7.75,-11.25,0,0.001014128
-7.75,-11.75,0,-2.94E-05
-7.75,-12.25,0,-0.000621628
-7.75,-12.75,0,4.49E-07
-7.75,-13.25,0,-0.000198952
-7.75,-13.75,0,-0.000824394
-7.75,-14.25,0,-2.58E-05
-7.75,-14.75,0,0.00029972
-7.25,14.75,0,-0.000270659
-7.25,14.25,0,-0.0008524
-7.25,13.75,0,-0.000810769
-7.25,13.25,0,0.000327051
-7.25,12.75,0,0.00031365
-7.25,12.25,0,0.000330582
-7.25,11.75,0,-4.50E-05
-7.25,11.25,0,-4.19E-06
-7.25,10.75,0,-0.000131266
-7.25,10.25,0,-0.000297716
-7.25,9.75,0,-0.000151587
-7.25,9.25,0,-4.43E-05
-7.25,8.75,0,-0.000141711
-7.25,8.25,0,0.000651404
-7.25,7.75,0,0.000305404
-7.25,7.25,0,0.004931045
-7.25,6.75,0,-0.002764081
-7.25,6.25,0,0.006547268
-7.25,5.75,0,0.018484299
-7.25,5.25,0,0.005580248
-7.25,4.75,0,-0.010331664
-7.25,4.25,0,-0.004971317
-7.25,3.75,0,0.014511679
-7.25,3.25,0,-0.001874208
-7.25,2.75,0,0.009537258
-7.25,2.25,0,0.00480689
-7.25,1.75,0,0.006924671
-7.25,1.25,0,0.005358866
-7.25,0.75,0,-0.002090358
-7.25,0.25,0,0.004639595
-7.25,-0.25,0,0.011941892
-7.25,-0.75,0,0.018896591
-7.25,-1.25,0,0.007808308
-7.25,-1.75,0,-0.001827674
-7.25,-2.25,0,0.005044334
-7.25,-2.75,0,-0.00541158
-7.25,-3.25,0,0.000171845
-7.25,-3.75,0,-0.002666298
-7.25,-4.25,0,0.009022529
-7.25,-4.75,0,0.004809383
-7.25,-5.25,0,-0.004826579
-7.25,-5.75,0,0.011462582
-7.25,-6.25,0,0.00692837
-7.25,-6.75,0,-0.001844157
-7.25,-7.25,0,0.000255925
-7.25,-7.75,0,0.000716554
-7.25,-8.25,0,0.000183616
-7.25,-8.75,0,-0.000116145
-7.25,-9.25,0,-4.42E-05
-7.25,-9.75,0,0.00017863
-7.25,-10.25,0,-0.000112872
-7.25,-10.75,0,-0.000180002
-7.25,-11.25,0,0.001259907
-7.25,-11.75,0,-5.19E-06
-7.25,-12.25,0,-0.00019036
-7.25,-12.75,0,-0.000312765
-7.25,-13.25,0,-1.20E-06
-7.25,-13.75,0,-9.06E-05
-7.25,-14.25,0,5.19E-05
-7.25,-14.75,0,0.000658017
-6.75,14.75,0,-0.000142916
-6.75,14.25,0,-0.000431323
-6.75,13.75,0,-0.000275206
-6.75,13.25,0,-0.000397382
-6.75,12.75,0,-0.000438555
-6.75,12.25,0,0.000278641
-6.75,11.75,0,0.000360995
-6.75,11.25,0,0.000213468
-6.75,10.75,0,0.000295269
-6.75,10.25,0,-0.00033057
-6.75,9.75,0,-0.000267494
-6.75,9.25,0,-2.13E-05
-6.75,8.75,0,0.000728743
-6.75,8.25,0,0.001340786
-6.75,7.75,0,-0.000785247
-6.75,7.25,0,0.001290483
-6.75,6.75,0,0.384920028
-6.75,6.25,0,0.370541033
-6.75,5.75,0,0.348646011
-6.75,5.25,0,0.379143926
-6.75,4.75,0,0.442226413
-6.75,4.25,0,0.376726775
-6.75,3.75,0,0.36684542
-6.75,3.25,0,0.389116793
-6.75,2.75,0,0.348329483
-6.75,2.25,0,0.397368482
-6.75,1.75,0,0.386006194
-6.75,1.25,0,0.370027686
-6.75,0.75,0,0.391806149
-6.75,0.25,0,0.37741885
-6.75,-0.25,0,0.365582882
-6.75,-0.75,0,0.378906928
-6.75,-1.25,0,0.371650529
-6.75,-1.75,0,0.391405985
-6.75,-2.25,0,0.359260978
-6.75,-2.75,0,0.407479983
-6.75,-3.25,0,0.383062912
-6.75,-3.75,0,0.379291481
-6.75,-4.25,0,0.389775849
-6.75,-4.75,0,0.367521373
-6.75,-5.25,0,0.421002114
-6.75,-5.75,0,0.337766542
-6.75,-6.25,0,0.387117398
-6.75,-6.75,0,0.380322268
-6.75,-7.25,0,0.014982663
-6.75,-7.75,0,-0.001894769
-6.75,-8.25,0,0.00106015
-6.75,-8.75,0,0.000114318
-6.75,-9.25,0,6.53E-05
-6.75,-9.75,0,0.000140095
-6.75,-10.25,0,0.000244595
-6.75,-10.75,0,0.00045778
-6.75,-11.25,0,6.69E-06
-6.75,-11.75,0,-1.44E-05
-6.75,-12.25,0,-4.47E-05
-6.75,-12.75,0,-3.58E-05
-6.75,-13.25,0,-0.001330112
-6.75,-13.75,0,-0.000338389
-6.75,-14.25,0,-2.55E-06
-6.75,-14.75,0,-0.00023466
-6.25,14.75,0,-0.000160746
-6.25,14.25,0,-0.000310095
-6.25,13.75,0,2.61E-05
-6.25,13.25,0,2.61E-05
-6.25,12.75,0,9.14E-06
-6.25,12.25,0,5.47E-06
-6.25,11.75,0,-0.000105974
-6.25,11.25,0,-0.00012748
-6.25,10.75,0,-0.000352055
-6.25,10.25,0,-0.000205668
-6.25,9.75,0,-9.21E-05
-6.25,9.25,0,-0.000375448
-6.25,8.75,0,-7.54E-05
-6.25,8.25,0,0.002353353
-6.25,7.75,0,0.001774511
-6.25,7.25,0,0.002920343
-6.25,6.75,0,0.39022602
-6.25,6.25,0,0.36646874
-6.25,5.75,0,0.440533622
-6.25,5.25,0,0.362813582
-6.25,4.75,0,0.362088845
-6.25,4.25,0,0.393742036
-6.25,3.75,0,0.387264596
-6.25,3.25,0,0.377362089
-6.25,2.75,0,0.400904535
-6.25,2.25,0,0.358560702
-6.25,1.75,0,0.399063204
-6.25,1.25,0,0.387993424
-6.25,0.75,0,0.366604846
-6.25,0.25,0,0.396394117
-6.25,-0.25,0,0.382429419
-6.25,-0.75,0,0.391619037
-6.25,-1.25,0,0.412159767
-6.25,-1.75,0,0.382659367
-6.25,-2.25,0,0.397683603
-6.25,-2.75,0,0.379751677
-6.25,-3.25,0,0.384743346
-6.25,-3.75,0,0.395581841
-6.25,-4.25,0,0.385388455
-6.25,-4.75,0,0.387645471
-6.25,-5.25,0,0.368179434
-6.25,-5.75,0,0.400558404
-6.25,-6.25,0,0.376237185
-6.25,-6.75,0,0.367619677
-6.25,-7.25,0,0.01549878
-6.25,-7.75,0,-0.002092273
-6.25,-8.25,0,0.001457884
-6.25,-8.75,0,5.13E-05
-6.25,-9.25,0,-0.00023404
-6.25,-9.75,0,-0.000173935
-6.25,-10.25,0,-8.29E-05
-6.25,-10.75,0,0.000383463
-6.25,-11.25,0,-0.000146923
-6.25,-11.75,0,-0.000194156
-6.25,-12.25,0,0.000127292
-6.25,-12.75,0,0.000115432
-6.25,-13.25,0,0.000390792
-6.25,-13.75,0,0.000227793
-6.25,-14.25,0,0.000128051
-6.25,-14.75,0,-4.05E-05
-5.75,14.75,0,-5.37E-06
-5.75,14.25,0,-2.10E-06
-5.75,13.75,0,-0.000399081
-5.75,13.25,0,-0.000312024
-5.75,12.75,0,-0.000974869
-5.75,12.25,0,1.80E-05
-5.75,11.75,0,-0.000136653
-5.75,11.25,0,-0.00102538
-5.75,10.75,0,-0.000261812
-5.75,10.25,0,0.00058122
-5.75,9.75,0,0.000973905
-5.75,9.25,0,-0.000295068
-5.75,8.75,0,0.000180327
-5.75,8.25,0,0.001363188
-5.75,7.75,0,0.002853202
-5.75,7.25,0,0.001474297
-5.75,6.75,0,0.385150958
-5.75,6.25,0,0.390674949
-5.75,5.75,0,0.367796002
-5.75,5.25,0,0.390205197
-5.75,4.75,0,0.405080198
-5.75,4.25,0,0.395371981
-5.75,3.75,0,0.406276288
-5.75,3.25,0,0.390717111
-5.75,2.75,0,0.38131351
-5.75,2.25,0,0.390908801
-5.75,1.75,0,0.397239208
-5.75,1.25,0,0.389699661
-5.75,0.75,0,0.399598249
-5.75,0.25,0,0.379355506
-5.75,-0.25,0,0.403670274
-5.75,-0.75,0,0.40331194
-5.75,-1.25,0,0.367531984
-5.75,-1.75,0,0.398118868
-5.75,-2.25,0,0.37369112
-5.75,-2.75,0,0.398914391
-5.75,-3.25,0,0.381215639
-5.75,-3.75,0,0.413549437
-5.75,-4.25,0,0.364779062
-5.75,-4.75,0,0.400560627
-5.75,-5.25,0,0.394955122
-5.75,-5.75,0,0.41172796
-5.75,-6.25,0,0.365411216
-5.75,-6.75,0,0.405579704
-5.75,-7.25,0,0.002166091
-5.75,-7.75,0,-0.000447256
-5.75,-8.25,0,0.001599361
-5.75,-8.75,0,0.000141457
-5.75,-9.25,0,-0.000151813
-5.75,-9.75,0,0.000160466
-5.75,-10.25,0,-0.000205525
-5.75,-10.75,0,0.000552488
-5.75,-11.25,0,-0.000223453
-5.75,-11.75,0,-0.000616724
-5.75,-12.25,0,-0.000254961
-5.75,-12.75,0,0.000126368
-5.75,-13.25,0,-3.63E-06
-5.75,-13.75,0,0.000130618
-5.75,-14.25,0,-9.26E-06
-5.75,-14.75,0,-0.000162073
-5.25,14.75,0,0.000232935
-5.25,14.25,0,0.000413379
-5.25,13.75,0,0.000361508
-5.25,13.25,0,-0.000502566
-5.25,12.75,0,-0.000267792
-5.25,12.25,0,-1.60E-05
-5.25,11.75,0,-0.000113419
-5.25,11.25,0,2.93E-05
-5.25,10.75,0,-5.26E-05
-5.25,10.25,0,-8.05E-05
-5.25,9.75,0,5.69E-06
-5.25,9.25,0,-0.000410804
-5.25,8.75,0,-7.70E-06
-5.25,8.25,0,0.001066117
-5.25,7.75,0,0.001991441
-5.25,7.25,0,-0.000358811
-5.25,6.75,0,0.372362626
-5.25,6.25,0,0.411030088
-5.25,5.75,0,0.377825507
-5.25,5.25,0,0.375728978
-5.25,4.75,0,0.381331065
-5.25,4.25,0,0.411021549
-5.25,3.75,0,0.371574559
-5.25,3.25,0,0.410368075
-5.25,2.75,0,0.390328743
-5.25,2.25,0,0.393421546
-5.25,1.75,0,0.404423734
-5.25,1.25,0,0.384031219
-5.25,0.75,0,0.393434299
-5.25,0.25,0,0.392099129
-5.25,-0.25,0,0.399256686
-5.25,-0.75,0,0.39569642
-5.25,-1.25,0,0.391760945
-5.25,-1.75,0,0.404120098
-5.25,-2.25,0,0.352577009
-5.25,-2.75,0,0.411717215
-5.25,-3.25,0,0.360227661
-5.25,-3.75,0,0.412515557
-5.25,-4.25,0,0.369936745
-5.25,-4.75,0,0.396605676
-5.25,-5.25,0,0.380030575
-5.25,-5.75,0,0.391293225
-5.25,-6.25,0,0.388122899
-5.25,-6.75,0,0.380084875
-5.25,-7.25,0,0.000275055
-5.25,-7.75,0,0.000852135
-5.25,-8.25,0,0.001673535
-5.25,-8.75,0,0.00052502
-5.25,-9.25,0,-0.000404109
-5.25,-9.75,0,-0.000236148
-5.25,-10.25,0,-0.000122337
-5.25,-10.75,0,0.000519238
-5.25,-11.25,0,0.000129321
-5.25,-11.75,0,-0.00034248
-5.25,-12.25,0,-0.000307643
-5.25,-12.75,0,0.000212809
-5.25,-13.25,0,0.000176086
-5.25,-13.75,0,-0.000349853
-5.25,-14.25,0,-0.000774496
-5.25,-14.75,0,5.04E-05
-4.75,14.75,0,-0.000100536
-4.75,14.25,0,-0.000276682
-4.75,13.75,0,0.000105198
-4.75,13.25,0,0.000308371
-4.75,12.75,0,0.000379528
-4.75,12.25,0,-0.00029955
-4.75,11.75,0,0.00025676
-4.75,11.25,0,2.21E-05
-4.75,10.75,0,-0.000155024
-4.75,10.25,0,8.52E-06
-4.75,9.75,0,5.23E-05
-4.75,9.25,0,-0.000464764
-4.75,8.75,0,0.000458461
-4.75,8.25,0,0.001442816
-4.75,7.75,0,0.002172817
-4.75,7.25,0,0.007637466
-4.75,6.75,0,0.385774641
-4.75,6.25,0,0.359275526
-4.75,5.75,0,0.415293421
-4.75,5.25,0,0.392428951
-4.75,4.75,0,0.574001747
-4.75,4.25,0,0.586124241
-4.75,3.75,0,0.568423199
-4.75,3.25,0,0.583338575
-4.75,2.75,0,0.561415722
-4.75,2.25,0,0.586874676
-4.75,1.75,0,0.57062105
-4.75,1.25,0,0.580400051
-4.75,0.75,0,0.5741188
-4.75,0.25,0,0.586468471
-4.75,-0.25,0,0.527787202
-4.75,-0.75,0,0.603570935
-4.75,-1.25,0,0.578595833
-4.75,-1.75,0,0.554148556
-4.75,-2.25,0,0.591799659
-4.75,-2.75,0,0.583365847
-4.75,-3.25,0,0.600116123
-4.75,-3.75,0,0.552175444
-4.75,-4.25,0,0.588624754
-4.75,-4.75,0,0.598277008
-4.75,-5.25,0,0.419948042
-4.75,-5.75,0,0.393953361
-4.75,-6.25,0,0.357517962
-4.75,-6.75,0,0.390407477
-4.75,-7.25,0,0.013565752
-4.75,-7.75,0,-0.00064025
-4.75,-8.25,0,0.0016824
-4.75,-8.75,0,3.49E-06
-4.75,-9.25,0,-0.000328245
-4.75,-9.75,0,-0.000247229
-4.75,-10.25,0,5.04E-05
-4.75,-10.75,0,1.65E-05
-4.75,-11.25,0,1.47E-05
-4.75,-11.75,0,0.000293549
-4.75,-12.25,0,-0.000135382
-4.75,-12.75,0,-0.000132498
-4.75,-13.25,0,9.63E-06
-4.75,-13.75,0,0.00113741
-4.75,-14.25,0,5.67E-05
-4.75,-14.75,0,-0.000172711
-4.25,14.75,0,-0.000259705
-4.25,14.25,0,7.90E-06
-4.25,13.75,0,0.000176766
-4.25,13.25,0,-0.000148027
-4.25,12.75,0,0.000158492
-4.25,12.25,0,-4.92E-05
-4.25,11.75,0,0.000160244
-4.25,11.25,0,6.17E-06
-4.25,10.75,0,2.00E-05
-4.25,10.25,0,0.000744366
-4.25,9.75,0,4.95E-05
-4.25,9.25,0,-0.000854597
-4.25,8.75,0,0.001145023
-4.25,8.25,0,0.001821236
-4.25,7.75,0,0.001229972
-4.25,7.25,0,0.00389358
-4.25,6.75,0,0.377259249
-4.25,6.25,0,0.397110373
-4.25,5.75,0,0.370311832
-4.25,5.25,0,0.39584483
-4.25,4.75,0,0.583152841
-4.25,4.25,0,0.568088971
-4.25,3.75,0,0.597250481
-4.25,3.25,0,0.611954624
-4.25,2.75,0,0.57769803
-4.25,2.25,0,0.553480097
-4.25,1.75,0,0.595854055
-4.25,1.25,0,0.550372043
-4.25,0.75,0,0.572161502
-4.25,0.25,0,0.582279312
-4.25,-0.25,0,0.610796604
-4.25,-0.75,0,0.559792558
-4.25,-1.25,0,0.56135349
-4.25,-1.75,0,0.632878758
-4.25,-2.25,0,0.597497808
-4.25,-2.75,0,0.576719251
-4.25,-3.25,0,0.578869545
-4.25,-3.75,0,0.605141273
-4.25,-4.25,0,0.577976155
-4.25,-4.75,0,0.566280923
-4.25,-5.25,0,0.366548236
-4.25,-5.75,0,0.376126868
-4.25,-6.25,0,0.406697854
-4.25,-6.75,0,0.388769081
-4.25,-7.25,0,-0.006340924
-4.25,-7.75,0,0.002089849
-4.25,-8.25,0,0.001337946
-4.25,-8.75,0,0.000129461
-4.25,-9.25,0,-2.30E-05
-4.25,-9.75,0,0.000220761
-4.25,-10.25,0,0.000105974
-4.25,-10.75,0,2.42E-05
-4.25,-11.25,0,0.000571946
-4.25,-11.75,0,0.000934817
-4.25,-12.25,0,0.000254448
-4.25,-12.75,0,0.000570612
-4.25,-13.25,0,-0.000307194
-4.25,-13.75,0,-0.000185501
-4.25,-14.25,0,0.000365121
-4.25,-14.75,0,3.95E-07
-3.75,14.75,0,-0.000493256
-3.75,14.25,0,-2.96E-06
-3.75,13.75,0,-3.91E-05
-3.75,13.25,0,-0.000113179
-3.75,12.75,0,6.06E-05
-3.75,12.25,0,-2.20E-05
-3.75,11.75,0,-0.000209848
-3.75,11.25,0,-0.000219988
-3.75,10.75,0,0.000185495
-3.75,10.25,0,0.001228403
-3.75,9.75,0,0.000224769
-3.75,9.25,0,-0.000607765
-3.75,8.75,0,9.40E-05
-3.75,8.25,0,0.001472143
-3.75,7.75,0,0.001574466
-3.75,7.25,0,0.005127232
-3.75,6.75,0,0.381896383
-3.75,6.25,0,0.386391623
-3.75,5.75,0,0.404787792
-3.75,5.25,0,0.367065084
-3.75,4.75,0,0.593096292
-3.75,4.25,0,0.577687669
-3.75,3.75,0,0.574409216
-3.75,3.25,0,0.580615963
-3.75,2.75,0,0.553721688
-3.75,2.25,0,0.62835944
-3.75,1.75,0,0.561020187
-3.75,1.25,0,0.623351584
-3.75,0.75,0,0.613074816
-3.75,0.25,0,0.532349343
-3.75,-0.25,0,0.602138564
-3.75,-0.75,0,0.560342016
-3.75,-1.25,0,0.613020632
-3.75,-1.75,0,0.531691733
-3.75,-2.25,0,0.551253054
-3.75,-2.75,0,0.607446382
-3.75,-3.25,0,0.534481572
-3.75,-3.75,0,0.598216996
-3.75,-4.25,0,0.573218217
-3.75,-4.75,0,0.602787385
-3.75,-5.25,0,0.424814714
-3.75,-5.75,0,0.375784616
-3.75,-6.25,0,0.390480496
-3.75,-6.75,0,0.377585534
-3.75,-7.25,0,-0.00031593
-3.75,-7.75,0,0.003687792
-3.75,-8.25,0,0.001242483
-3.75,-8.75,0,0.00100151
-3.75,-9.25,0,4.30E-05
-3.75,-9.75,0,0.000299846
-3.75,-10.25,0,0.000170945
-3.75,-10.75,0,-0.000294443
-3.75,-11.25,0,-0.000124801
-3.75,-11.75,0,-4.42E-06
-3.75,-12.25,0,0.000240541
-3.75,-12.75,0,-3.05E-05
-3.75,-13.25,0,-0.000184489
-3.75,-13.75,0,8.96E-06
-3.75,-14.25,0,-0.000208041
-3.75,-14.75,0,-8.95E-05
-3.25,14.75,0,-0.00048437
-3.25,14.25,0,4.60E-05
-3.25,13.75,0,-2.72E-05
-3.25,13.25,0,-0.000172827
-3.25,12.75,0,-5.06E-05
-3.25,12.25,0,-8.06E-05
-3.25,11.75,0,-9.99E-05
-3.25,11.25,0,-7.03E-05
-3.25,10.75,0,0.000945676
-3.25,10.25,0,0.000593837
-3.25,9.75,0,8.70E-05
-3.25,9.25,0,-0.0004472
-3.25,8.75,0,-0.00014648
-3.25,8.25,0,0.001072997
-3.25,7.75,0,0.001164649
-3.25,7.25,0,-0.002734363
-3.25,6.75,0,0.405702238
-3.25,6.25,0,0.365140159
-3.25,5.75,0,0.382327403
-3.25,5.25,0,0.389081512
-3.25,4.75,0,0.59608844
-3.25,4.25,0,0.582202804
-3.25,3.75,0,0.578402436
-3.25,3.25,0,0.546084059
-3.25,2.75,0,0.627067653
-3.25,2.25,0,0.548682933
-3.25,1.75,0,0.586656519
-3.25,1.25,0,0.570912947
-3.25,0.75,0,0.661713816
-3.25,0.25,0,0.567585113
-3.25,-0.25,0,0.605746931
-3.25,-0.75,0,0.569089153
-3.25,-1.25,0,0.59949749
-3.25,-1.75,0,0.632616144
-3.25,-2.25,0,0.566131288
-3.25,-2.75,0,0.597841948
-3.25,-3.25,0,0.568590839
-3.25,-3.75,0,0.574288648
-3.25,-4.25,0,0.579033732
-3.25,-4.75,0,0.548495439
-3.25,-5.25,0,0.382992761
-3.25,-5.75,0,0.40189345
-3.25,-6.25,0,0.367004462
-3.25,-6.75,0,0.40100177
-3.25,-7.25,0,0.000635459
-3.25,-7.75,0,0.00288131
-3.25,-8.25,0,0.000620745
-3.25,-8.75,0,0.000430474
-3.25,-9.25,0,-0.000320329
-3.25,-9.75,0,0.000138088
-3.25,-10.25,0,0.000198965
-3.25,-10.75,0,-2.05E-05
-3.25,-11.25,0,3.25E-05
-3.25,-11.75,0,0.000207173
-3.25,-12.25,0,9.15E-05
-3.25,-12.75,0,-0.000194069
-3.25,-13.25,0,5.17E-05
-3.25,-13.75,0,-0.000118915
-3.25,-14.25,0,-0.000129591
-3.25,-14.75,0,7.60E-06
-2.75,14.75,0,-0.00049071
-2.75,14.25,0,-0.000114773
-2.75,13.75,0,2.35E-05
-2.75,13.25,0,4.16E-05
-2.75,12.75,0,-5.40E-05
-2.75,12.25,0,0.000277573
-2.75,11.75,0,2.65E-05
-2.75,11.25,0,0.000304803
-2.75,10.75,0,5.02E-05
-2.75,10.25,0,9.02E-05
-2.75,9.75,0,3.14E-06
-2.75,9.25,0,-0.000705402
-2.75,8.75,0,0.000714893
-2.75,8.25,0,0.001725372
-2.75,7.75,0,0.000402075
-2.75,7.25,0,0.022487234
-2.75,6.75,0,0.357507777
-2.75,6.25,0,0.406365664
-2.75,5.75,0,0.406091325
-2.75,5.25,0,0.366976307
-2.75,4.75,0,0.578669433
-2.75,4.25,0,0.580668502
-2.75,3.75,0,0.605662614
-2.75,3.25,0,0.609129262
-2.75,2.75,0,0.758222829
-2.75,2.25,0,0.829154729
-2.75,1.75,0,0.785263781
-2.75,1.25,0,0.706834664
-2.75,0.75,0,0.779916172
-2.75,0.25,0,0.764987629
-2.75,-0.25,0,0.808990392
-2.75,-0.75,0,0.799320931
-2.75,-1.25,0,0.731317547
-2.75,-1.75,0,0.782659879
-2.75,-2.25,0,0.779434379
-2.75,-2.75,0,0.768155924
-2.75,-3.25,0,0.584371124
-2.75,-3.75,0,0.594105225
-2.75,-4.25,0,0.608480131
-2.75,-4.75,0,0.589799507
-2.75,-5.25,0,0.431479464
-2.75,-5.75,0,0.368787221
-2.75,-6.25,0,0.385734909
-2.75,-6.75,0,0.387542033
-2.75,-7.25,0,0.005435393
-2.75,-7.75,0,0.000885361
-2.75,-8.25,0,-9.41E-05
-2.75,-8.75,0,0.000630736
-2.75,-9.25,0,-0.000242763
-2.75,-9.75,0,0.000129846
-2.75,-10.25,0,0.000141213
-2.75,-10.75,0,-0.000325711
-2.75,-11.25,0,1.46E-05
-2.75,-11.75,0,-4.19E-05
-2.75,-12.25,0,0.000475057
-2.75,-12.75,0,0.000121627
-2.75,-13.25,0,2.06E-05
-2.75,-13.75,0,-0.000276964
-2.75,-14.25,0,-0.000177654
-2.75,-14.75,0,-0.000581596
-2.25,14.75,0,-0.000435258
-2.25,14.25,0,6.07E-05
-2.25,13.75,0,-9.88E-05
-2.25,13.25,0,0.000269493
-2.25,12.75,0,0.000441017
-2.25,12.25,0,0.000208176
-2.25,11.75,0,-0.000296171
-2.25,11.25,0,0.000437269
-2.25,10.75,0,-0.000124744
-2.25,10.25,0,-0.000414809
-2.25,9.75,0,-0.000304615
-2.25,9.25,0,-0.000342996
-2.25,8.75,0,0.000577417
-2.25,8.25,0,0.001173126
-2.25,7.75,0,-0.001951708
-2.25,7.25,0,0.005882899
-2.25,6.75,0,0.398998782
-2.25,6.25,0,0.361315853
-2.25,5.75,0,0.401232715
-2.25,5.25,0,0.370759478
-2.25,4.75,0,0.584379408
-2.25,4.25,0,0.55160846
-2.25,3.75,0,0.5819919
-2.25,3.25,0,0.557682468
-2.25,2.75,0,0.801483517
-2.25,2.25,0,0.740587525
-2.25,1.75,0,0.806910802
-2.25,1.25,0,0.781387576
-2.25,0.75,0,0.74428144
-2.25,0.25,0,0.795183183
-2.25,-0.25,0,0.724413157
-2.25,-0.75,0,0.726955801
-2.25,-1.25,0,0.783279728
-2.25,-1.75,0,0.790757256
-2.25,-2.25,0,0.815882519
-2.25,-2.75,0,0.768375337
-2.25,-3.25,0,0.583822309
-2.25,-3.75,0,0.555664744
-2.25,-4.25,0,0.56361433
-2.25,-4.75,0,0.54484799
-2.25,-5.25,0,0.379122341
-2.25,-5.75,0,0.379406358
-2.25,-6.25,0,0.389836557
-2.25,-6.75,0,0.374582224
-2.25,-7.25,0,0.002379862
-2.25,-7.75,0,0.002946193
-2.25,-8.25,0,0.000274372
-2.25,-8.75,0,0.000404874
-2.25,-9.25,0,-0.000180379
-2.25,-9.75,0,0.000349394
-2.25,-10.25,0,0.000193283
-2.25,-10.75,0,-8.84E-05
-2.25,-11.25,0,-0.000407757
-2.25,-11.75,0,-0.000172721
-2.25,-12.25,0,0.00041956
-2.25,-12.75,0,9.29E-05
-2.25,-13.25,0,-0.000394552
-2.25,-13.75,0,3.03E-06
-2.25,-14.25,0,0.000183349
-2.25,-14.75,0,0.000130619
-1.75,14.75,0,-0.001047201
-1.75,14.25,0,4.46E-05
-1.75,13.75,0,4.76E-05
-1.75,13.25,0,-0.000195047
-1.75,12.75,0,-1.99E-05
-1.75,12.25,0,-0.000147386
-1.75,11.75,0,-0.000415794
-1.75,11.25,0,-1.26E-05
-1.75,10.75,0,0.000270962
-1.75,10.25,0,-7.37E-05
-1.75,9.75,0,-0.000115901
-1.75,9.25,0,-5.61E-05
-1.75,8.75,0,0.001587081
-1.75,8.25,0,0.001938612
-1.75,7.75,0,-0.000481829
-1.75,7.25,0,-0.00131961
-1.75,6.75,0,0.378560303
-1.75,6.25,0,0.397807979
-1.75,5.75,0,0.393709994
-1.75,5.25,0,0.410288728
-1.75,4.75,0,0.538453359
-1.75,4.25,0,0.626490712
-1.75,3.75,0,0.583935271
-1.75,3.25,0,0.549385454
-1.75,2.75,0,0.774718096
-1.75,2.25,0,0.807020704
-1.75,1.75,0,0.710588035
-1.75,1.25,0,0.847241817
-1.75,0.75,0,0.715449927
-1.75,0.25,0,0.86222426
-1.75,-0.25,0,0.759373687
-1.75,-0.75,0,0.829655398
-1.75,-1.25,0,0.744819537
-1.75,-1.75,0,0.808119018
-1.75,-2.25,0,0.746174169
-1.75,-2.75,0,0.781277275
-1.75,-3.25,0,0.544857326
-1.75,-3.75,0,0.611060651
-1.75,-4.25,0,0.593785186
-1.75,-4.75,0,0.636886348
-1.75,-5.25,0,0.390206802
-1.75,-5.75,0,0.381424348
-1.75,-6.25,0,0.381514486
-1.75,-6.75,0,0.402742303
-1.75,-7.25,0,-0.003057733
-1.75,-7.75,0,0.002031064
-1.75,-8.25,0,0.000744326
-1.75,-8.75,0,0.000909986
-1.75,-9.25,0,-0.000173903
-1.75,-9.75,0,7.27E-05
-1.75,-10.25,0,0.001089632
-1.75,-10.75,0,7.07E-05
-1.75,-11.25,0,-0.000107914
-1.75,-11.75,0,-0.000253226
-1.75,-12.25,0,2.94E-05
-1.75,-12.75,0,0.000330541
-1.75,-13.25,0,3.30E-05
-1.75,-13.75,0,-0.000249918
-1.75,-14.25,0,3.07E-05
-1.75,-14.75,0,0.000513662
-1.25,14.75,0,-0.001024688
-1.25,14.25,0,3.15E-05
-1.25,13.75,0,6.28E-05
-1.25,13.25,0,-0.000160357
-1.25,12.75,0,9.38E-05
-1.25,12.25,0,-1.13E-06
-1.25,11.75,0,0.000277629
-1.25,11.25,0,3.74E-05
-1.25,10.75,0,0.000384286
-1.25,10.25,0,-0.000144285
-1.25,9.75,0,0.000162324
-1.25,9.25,0,-0.000170699
-1.25,8.75,0,-0.000263762
-1.25,8.25,0,0.000372559
-1.25,7.75,0,0.00126832
-1.25,7.25,0,0.010982829
-1.25,6.75,0,0.390021866
-1.25,6.25,0,0.38341036
-1.25,5.75,0,0.395323501
-1.25,5.25,0,0.355557928
-1.25,4.75,0,0.638041419
-1.25,4.25,0,0.558569256
-1.25,3.75,0,0.568165988
-1.25,3.25,0,0.634651202
-1.25,2.75,0,0.772022148
-1.25,2.25,0,0.751192361
-1.25,1.75,0,0.846847263
-1.25,1.25,0,0.750598956
-1.25,0.75,0,0.786529968
-1.25,0.25,0,0.693891207
-1.25,-0.25,0,0.791797387
-1.25,-0.75,0,0.765446477
-1.25,-1.25,0,0.756702734
-1.25,-1.75,0,0.785151443
-1.25,-2.25,0,0.766522571
-1.25,-2.75,0,0.74327428
-1.25,-3.25,0,0.62541612
-1.25,-3.75,0,0.560212676
-1.25,-4.25,0,0.550382376
-1.25,-4.75,0,0.559404626
-1.25,-5.25,0,0.392534754
-1.25,-5.75,0,0.39366656
-1.25,-6.25,0,0.379848283
-1.25,-6.75,0,0.375540684
-1.25,-7.25,0,0.004437448
-1.25,-7.75,0,0.002462703
-1.25,-8.25,0,0.001360089
-1.25,-8.75,0,0.000966566
-1.25,-9.25,0,-0.00080324
-1.25,-9.75,0,-0.000116027
-1.25,-10.25,0,-0.000139539
-1.25,-10.75,0,8.00E-05
-1.25,-11.25,0,-4.17E-05
-1.25,-11.75,0,7.08E-05
-1.25,-12.25,0,9.51E-05
-1.25,-12.75,0,-3.80E-05
-1.25,-13.25,0,0.000146173
-1.25,-13.75,0,6.65E-07
-1.25,-14.25,0,-0.000141583
-1.25,-14.75,0,-0.000352065
-0.75,14.75,0,-0.000456357
-0.75,14.25,0,0.000115137
-0.75,13.75,0,-0.000169377
-0.75,13.25,0,-0.001340807
-0.75,12.75,0,-8.41E-05
-0.75,12.25,0,-6.33E-05
-0.75,11.75,0,-8.74E-05
-0.75,11.25,0,-5.32E-05
-0.75,10.75,0,-2.59E-05
-0.75,10.25,0,-0.000258812
-0.75,9.75,0,0.000428021
-0.75,9.25,0,-0.000791421
-0.75,8.75,0,0.000341496
-0.75,8.25,0,0.001293941
-0.75,7.75,0,0.000454328
-0.75,7.25,0,-0.001872439
-0.75,6.75,0,0.362282786
-0.75,6.25,0,0.382773219
-0.75,5.75,0,0.40618741
-0.75,5.25,0,0.392723736
-0.75,4.75,0,0.580084672
-0.75,4.25,0,0.585758018
-0.75,3.75,0,0.594888858
-0.75,3.25,0,0.599803147
-0.75,2.75,0,0.763347019
-0.75,2.25,0,0.773617608
-0.75,1.75,0,0.740801914
-0.75,1.25,0,0.745089039
-0.75,0.75,0,1.025163103
-0.75,0.25,0,0.970748895
-0.75,-0.25,0,0.984460842
-0.75,-0.75,0,0.977206325
-0.75,-1.25,0,0.815055037
-0.75,-1.75,0,0.785625144
-0.75,-2.25,0,0.772309314
-0.75,-2.75,0,0.786624378
-0.75,-3.25,0,0.563164142
-0.75,-3.75,0,0.611481698
-0.75,-4.25,0,0.568444589
-0.75,-4.75,0,0.587878849
-0.75,-5.25,0,0.402051356
-0.75,-5.75,0,0.374071415
-0.75,-6.25,0,0.39196167
-0.75,-6.75,0,0.381269236
-0.75,-7.25,0,0.013546705
-0.75,-7.75,0,0.001325825
-0.75,-8.25,0,6.46E-05
-0.75,-8.75,0,0.000454928
-0.75,-9.25,0,-0.000741038
-0.75,-9.75,0,-0.000229073
-0.75,-10.25,0,-0.000203522
-0.75,-10.75,0,-0.000153631
-0.75,-11.25,0,0.000671151
-0.75,-11.75,0,0.000190421
-0.75,-12.25,0,-0.000109106
-0.75,-12.75,0,-0.000260006
-0.75,-13.25,0,-2.19E-05
-0.75,-13.75,0,0.000140388
-0.75,-14.25,0,-0.000365536
-0.75,-14.75,0,-0.000422432
-0.25,14.75,0,0.00029747
-0.25,14.25,0,5.63E-05
-0.25,13.75,0,-0.000579949
-0.25,13.25,0,-0.000635889
-0.25,12.75,0,-0.000171056
-0.25,12.25,0,-0.000116655
-0.25,11.75,0,-0.000262295
-0.25,11.25,0,-3.12E-05
-0.25,10.75,0,4.31E-05
-0.25,10.25,0,0.000128684
-0.25,9.75,0,0.00032458
-0.25,9.25,0,-0.000756804
-0.25,8.75,0,-0.000237499
-0.25,8.25,0,0.00104845
-0.25,7.75,0,-0.000116556
-0.25,7.25,0,0.01242501
-0.25,6.75,0,0.398448146
-0.25,6.25,0,0.393915605
-0.25,5.75,0,0.373681853
-0.25,5.25,0,0.406869503
-0.25,4.75,0,0.564188572
-0.25,4.25,0,0.576689972
-0.25,3.75,0,0.571139765
-0.25,3.25,0,0.627333056
-0.25,2.75,0,0.766922034
-0.25,2.25,0,0.786508738
-0.25,1.75,0,0.761891736
-0.25,1.25,0,0.845218914
-0.25,0.75,0,0.883007986
-0.25,0.25,0,0.986137068
-0.25,-0.25,0,0.975794131
-0.25,-0.75,0,0.962167181
-0.25,-1.25,0,0.750481653
-0.25,-1.75,0,0.783723228
-0.25,-2.25,0,0.785375282
-0.25,-2.75,0,0.738259754
-0.25,-3.25,0,0.583123161
-0.25,-3.75,0,0.57422221
-0.25,-4.25,0,0.626569588
-0.25,-4.75,0,0.586916453
-0.25,-5.25,0,0.391937097
-0.25,-5.75,0,0.3764472
-0.25,-6.25,0,0.388086408
-0.25,-6.75,0,0.396741077
-0.25,-7.25,0,-0.002848212
-0.25,-7.75,0,0.00073504
-0.25,-8.25,0,3.67E-05
-0.25,-8.75,0,0.000588472
-0.25,-9.25,0,-0.00117297
-0.25,-9.75,0,-9.27E-05
-0.25,-10.25,0,-8.93E-05
-0.25,-10.75,0,0.000895301
-0.25,-11.25,0,0.000158904
-0.25,-11.75,0,4.27E-05
-0.25,-12.25,0,-3.13E-06
-0.25,-12.75,0,-0.000285002
-0.25,-13.25,0,-0.000216053
-0.25,-13.75,0,-0.000113687
-0.25,-14.25,0,1.41E-05
-0.25,-14.75,0,-0.000347537
0.25,14.75,0,-2.10E-05
0.25,14.25,0,-0.000271627
0.25,13.75,0,0.000560146
0.25,13.25,0,0.000127543
0.25,12.75,0,-0.000545149
0.25,12.25,0,-8.70E-05
0.25,11.75,0,-0.000169911
0.25,11.25,0,2.15E-05
0.25,10.75,0,4.84E-05
0.25,10.25,0,-0.000139822
0.25,9.75,0,0.000101574
0.25,9.25,0,-0.00048469
0.25,8.75,0,0.000785942
0.25,8.25,0,0.00091867
0.25,7.75,0,0.001234665
0.25,7.25,0,0.007692735
0.25,6.75,0,0.370383032
0.25,6.25,0,0.366643156
0.25,5.75,0,0.404345135
0.25,5.25,0,0.382608967
0.25,4.75,0,0.596842036
0.25,4.25,0,0.59568277
0.25,3.75,0,0.583742862
0.25,3.25,0,0.56451124
0.25,2.75,0,0.778186649
0.25,2.25,0,0.772294864
0.25,1.75,0,0.757393377
0.25,1.25,0,0.774299542
0.25,0.75,0,0.999271525
0.25,0.25,0,0.945042307
0.25,-0.25,0,0.992147994
0.25,-0.75,0,0.949378111
0.25,-1.25,0,0.762809587
0.25,-1.75,0,0.797304845
0.25,-2.25,0,0.776462347
0.25,-2.75,0,0.848992857
0.25,-3.25,0,0.561373935
0.25,-3.75,0,0.620243721
0.25,-4.25,0,0.524620026
0.25,-4.75,0,0.586251907
0.25,-5.25,0,0.383706123
0.25,-5.75,0,0.400713307
0.25,-6.25,0,0.368202029
0.25,-6.75,0,0.38419845
0.25,-7.25,0,0.004925748
0.25,-7.75,0,0.001954562
0.25,-8.25,0,0.000871088
0.25,-8.75,0,0.000534526
0.25,-9.25,0,-0.001273127
0.25,-9.75,0,3.54E-05
0.25,-10.25,0,4.44E-05
0.25,-10.75,0,0.000502546
0.25,-11.25,0,1.64E-05
0.25,-11.75,0,0.001449083
0.25,-12.25,0,0.000216899
0.25,-12.75,0,-5.31E-05
0.25,-13.25,0,-2.65E-05
0.25,-13.75,0,7.16E-05
0.25,-14.25,0,0.000245521
0.25,-14.75,0,-9.79E-05
0.75,14.75,0,9.16E-06
0.75,14.25,0,5.07E-06
0.75,13.75,0,0.00134971
0.75,13.25,0,-0.000173834
0.75,12.75,0,-1.72E-05
0.75,12.25,0,-1.03E-05
0.75,11.75,0,-0.000302672
0.75,11.25,0,-7.98E-05
0.75,10.75,0,-0.000253835
0.75,10.25,0,-1.01E-05
0.75,9.75,0,0.000283355
0.75,9.25,0,-0.000487331
0.75,8.75,0,0.000342254
0.75,8.25,0,0.001524589
0.75,7.75,0,0.000592304
0.75,7.25,0,-0.000205934
0.75,6.75,0,0.403998125
0.75,6.25,0,0.391225125
0.75,5.75,0,0.375202624
0.75,5.25,0,0.41217484
0.75,4.75,0,0.541876694
0.75,4.25,0,0.622960502
0.75,3.75,0,0.565705956
0.75,3.25,0,0.594022428
0.75,2.75,0,0.778335651
0.75,2.25,0,0.764981183
0.75,1.75,0,0.813556516
0.75,1.25,0,0.759047635
0.75,0.75,0,0.930863058
0.75,0.25,0,0.961974296
0.75,-0.25,0,0.992949399
0.75,-0.75,0,0.971311462
0.75,-1.25,0,0.793949159
0.75,-1.75,0,0.783164293
0.75,-2.25,0,0.717547696
0.75,-2.75,0,0.775240205
0.75,-3.25,0,0.535966199
0.75,-3.75,0,0.583643763
0.75,-4.25,0,0.640494536
0.75,-4.75,0,0.573683745
0.75,-5.25,0,0.388529336
0.75,-5.75,0,0.401148165
0.75,-6.25,0,0.402030975
0.75,-6.75,0,0.3825048
0.75,-7.25,0,0.007179791
0.75,-7.75,0,-7.64E-05
0.75,-8.25,0,-5.65E-05
0.75,-8.75,0,0.000797357
0.75,-9.25,0,-0.000555904
0.75,-9.75,0,-9.22E-05
0.75,-10.25,0,-0.000327425
0.75,-10.75,0,-0.000214838
0.75,-11.25,0,-0.000236714
0.75,-11.75,0,0.000753439
0.75,-12.25,0,0.000192777
0.75,-12.75,0,-9.51E-05
0.75,-13.25,0,-0.000679912
0.75,-13.75,0,9.48E-05
0.75,-14.25,0,0.000469162
0.75,-14.75,0,0.00075781
1.25,14.75,0,0.000558212
1.25,14.25,0,-0.000523507
1.25,13.75,0,-3.30E-05
1.25,13.25,0,0.000170459
1.25,12.75,0,8.92E-05
1.25,12.25,0,0.000597985
1.25,11.75,0,-0.000196676
1.25,11.25,0,-7.91E-05
1.25,10.75,0,7.89E-05
1.25,10.25,0,0.000178081
1.25,9.75,0,0.000220313
1.25,9.25,0,-0.000605703
1.25,8.75,0,-0.000471554
1.25,8.25,0,0.000443373
1.25,7.75,0,0.002033296
1.25,7.25,0,0.012677867
1.25,6.75,0,0.378785031
1.25,6.25,0,0.393062934
1.25,5.75,0,0.40146574
1.25,5.25,0,0.371161597
1.25,4.75,0,0.593321161
1.25,4.25,0,0.553756814
1.25,3.75,0,0.565400995
1.25,3.25,0,0.617203762
1.25,2.75,0,0.783745701
1.25,2.25,0,0.761612619
1.25,1.75,0,0.770885698
1.25,1.25,0,0.772837523
1.25,0.75,0,0.82584837
1.25,0.25,0,0.776285063
1.25,-0.25,0,0.798702846
1.25,-0.75,0,0.781643622
1.25,-1.25,0,0.754731016
1.25,-1.75,0,0.815503753
1.25,-2.25,0,0.773401497
1.25,-2.75,0,0.756338646
1.25,-3.25,0,0.59190066
1.25,-3.75,0,0.615491812
1.25,-4.25,0,0.55076544
1.25,-4.75,0,0.569170964
1.25,-5.25,0,0.386690844
1.25,-5.75,0,0.369205021
1.25,-6.25,0,0.367095689
1.25,-6.75,0,0.377647842
1.25,-7.25,0,0.009053729
1.25,-7.75,0,0.001637407
1.25,-8.25,0,0.001945692
1.25,-8.75,0,0.000521441
1.25,-9.25,0,-0.000522343
1.25,-9.75,0,-0.000169185
1.25,-10.25,0,-0.000349586
1.25,-10.75,0,-0.000179257
1.25,-11.25,0,0.000209973
1.25,-11.75,0,-0.000179573
1.25,-12.25,0,-2.74E-05
1.25,-12.75,0,-0.000431756
1.25,-13.25,0,-0.000269572
1.25,-13.75,0,-7.62E-05
1.25,-14.25,0,3.85E-05
1.25,-14.75,0,0.000145395
1.75,14.75,0,2.99E-05
1.75,14.25,0,-0.00105834
1.75,13.75,0,0.000277106
1.75,13.25,0,-0.000267129
1.75,12.75,0,0.000195819
1.75,12.25,0,0.000853759
1.75,11.75,0,-0.000102831
1.75,11.25,0,3.92E-05
1.75,10.75,0,0.000278039
1.75,10.25,0,0.000194
1.75,9.75,0,0.000308075
1.75,9.25,0,0.000110479
1.75,8.75,0,0.001205722
1.75,8.25,0,0.00057346
1.75,7.75,0,-0.001110291
1.75,7.25,0,0.011087697
1.75,6.75,0,0.3523774
1.75,6.25,0,0.398310338
1.75,5.75,0,0.356359877
1.75,5.25,0,0.413195905
1.75,4.75,0,0.590981674
1.75,4.25,0,0.583947639
1.75,3.75,0,0.612922591
1.75,3.25,0,0.496049243
1.75,2.75,0,0.830244352
1.75,2.25,0,0.770495729
1.75,1.75,0,0.820550399
1.75,1.25,0,0.744456909
1.75,0.75,0,0.759704941
1.75,0.25,0,0.801759311
1.75,-0.25,0,0.786569608
1.75,-0.75,0,0.708588879
1.75,-1.25,0,0.840208259
1.75,-1.75,0,0.754041513
1.75,-2.25,0,0.771218872
1.75,-2.75,0,0.830585286
1.75,-3.25,0,0.605197256
1.75,-3.75,0,0.554896388
1.75,-4.25,0,0.597844159
1.75,-4.75,0,0.570565906
1.75,-5.25,0,0.407484175
1.75,-5.75,0,0.38262073
1.75,-6.25,0,0.40538211
1.75,-6.75,0,0.404781179
1.75,-7.25,0,-0.002922032
1.75,-7.75,0,0.00160097
1.75,-8.25,0,-8.94E-05
1.75,-8.75,0,-0.000147501
1.75,-9.25,0,-0.00011197
1.75,-9.75,0,0.000190337
1.75,-10.25,0,0.000148581
1.75,-10.75,0,2.44E-05
1.75,-11.25,0,0.000566064
1.75,-11.75,0,-1.00E-05
1.75,-12.25,0,-5.19E-05
1.75,-12.75,0,-0.000113485
1.75,-13.25,0,-4.04E-05
1.75,-13.75,0,-2.09E-05
1.75,-14.25,0,3.44E-05
1.75,-14.75,0,0.000513593
2.25,14.75,0,3.76E-05
2.25,14.25,0,-0.001582236
2.25,13.75,0,2.32E-05
2.25,13.25,0,-0.000531946
2.25,12.75,0,5.93E-06
2.25,12.25,0,0.000210448
2.25,11.75,0,0.000192817
2.25,11.25,0,3.74E-05
2.25,10.75,0,-0.000190557
2.25,10.25,0,0.000177364
2.25,9.75,0,0.000339288
2.25,9.25,0,0.000157192
2.25,8.75,0,0.000329058
2.25,8.25,0,0.00049449
2.25,7.75,0,4.71E-05
2.25,7.25,0,0.01113931
2.25,6.75,0,0.38813504
2.25,6.25,0,0.382301648
2.25,5.75,0,0.416401068
2.25,5.25,0,0.399375634
2.25,4.75,0,0.552311359
2.25,4.25,0,0.567756804
2.25,3.75,0,0.565995802
2.25,3.25,0,0.617297369
2.25,2.75,0,0.751422142
2.25,2.25,0,0.790256523
2.25,1.75,0,0.749717663
2.25,1.25,0,0.830314778
2.25,0.75,0,0.770923503
2.25,0.25,0,0.763898233
2.25,-0.25,0,0.779542678
2.25,-0.75,0,0.775033504
2.25,-1.25,0,0.792315415
2.25,-1.75,0,0.761322191
2.25,-2.25,0,0.779704484
2.25,-2.75,0,0.772227311
2.25,-3.25,0,0.562069526
2.25,-3.75,0,0.612596401
2.25,-4.25,0,0.553685467
2.25,-4.75,0,0.596070557
2.25,-5.25,0,0.404428056
2.25,-5.75,0,0.377283558
2.25,-6.25,0,0.396127834
2.25,-6.75,0,0.378922866
2.25,-7.25,0,0.002523276
2.25,-7.75,0,0.001947622
2.25,-8.25,0,0.001053646
2.25,-8.75,0,0.000404836
2.25,-9.25,0,-0.000703794
2.25,-9.75,0,6.74E-05
2.25,-10.25,0,0.000179184
2.25,-10.75,0,-9.77E-05
2.25,-11.25,0,-0.000122639
2.25,-11.75,0,-3.72E-05
2.25,-12.25,0,-3.84E-06
2.25,-12.75,0,5.40E-05
2.25,-13.25,0,3.85E-05
2.25,-13.75,0,0.0004546
2.25,-14.25,0,0.00045405
2.25,-14.75,0,0.000640401
2.75,14.75,0,-4.11E-05
2.75,14.25,0,0.000463562
2.75,13.75,0,0.00046277
2.75,13.25,0,-0.000330619
2.75,12.75,0,-0.000270779
2.75,12.25,0,-8.91E-05
2.75,11.75,0,-0.000215296
2.75,11.25,0,4.35E-05
2.75,10.75,0,-0.000203176
2.75,10.25,0,-0.00036984
2.75,9.75,0,7.04E-06
2.75,9.25,0,-0.000201781
2.75,8.75,0,-0.000648653
2.75,8.25,0,0.000894997
2.75,7.75,0,0.001853438
2.75,7.25,0,0.006152304
2.75,6.75,0,0.386367198
2.75,6.25,0,0.376814351
2.75,5.75,0,0.389154831
2.75,5.25,0,0.371268838
2.75,4.75,0,0.601595965
2.75,4.25,0,0.600232855
2.75,3.75,0,0.586690167
2.75,3.25,0,0.583311403
2.75,2.75,0,0.774772904
2.75,2.25,0,0.773407905
2.75,1.75,0,0.765561888
2.75,1.25,0,0.777588226
2.75,0.75,0,0.743411605
2.75,0.25,0,0.836646958
2.75,-0.25,0,0.743297528
2.75,-0.75,0,0.814077481
2.75,-1.25,0,0.727574484
2.75,-1.75,0,0.784852376
2.75,-2.25,0,0.745909267
2.75,-2.75,0,0.756197421
2.75,-3.25,0,0.59195857
2.75,-3.75,0,0.563902445
2.75,-4.25,0,0.599689334
2.75,-4.75,0,0.572105499
2.75,-5.25,0,0.372790461
2.75,-5.75,0,0.378002669
2.75,-6.25,0,0.398795005
2.75,-6.75,0,0.358897069
2.75,-7.25,0,0.005260763
2.75,-7.75,0,0.001933421
2.75,-8.25,0,0.001558775
2.75,-8.75,0,0.000351432
2.75,-9.25,0,-0.000948113
2.75,-9.75,0,0.000323721
2.75,-10.25,0,0.000583305
2.75,-10.75,0,0.000346813
2.75,-11.25,0,4.82E-05
2.75,-11.75,0,0.001488126
2.75,-12.25,0,-2.56E-06
2.75,-12.75,0,0.000123704
2.75,-13.25,0,0.000146844
2.75,-13.75,0,0.000377909
2.75,-14.25,0,0.000304471
2.75,-14.75,0,0.000233906
3.25,14.75,0,-0.00025766
3.25,14.25,0,0.00015688
3.25,13.75,0,5.76E-05
3.25,13.25,0,0.000123494
3.25,12.75,0,-0.000332502
3.25,12.25,0,-0.000155408
3.25,11.75,0,-0.000238651
3.25,11.25,0,-8.80E-05
3.25,10.75,0,-0.000148057
3.25,10.25,0,-1.70E-05
3.25,9.75,0,5.04E-05
3.25,9.25,0,0.000123069
3.25,8.75,0,0.000239347
3.25,8.25,0,0.001912657
3.25,7.75,0,0.001288836
3.25,7.25,0,0.004993913
3.25,6.75,0,0.370584403
3.25,6.25,0,0.393445305
3.25,5.75,0,0.401249842
3.25,5.25,0,0.376521658
3.25,4.75,0,0.575390794
3.25,4.25,0,0.567767096
3.25,3.75,0,0.578007893
3.25,3.25,0,0.595052361
3.25,2.75,0,0.573368913
3.25,2.25,0,0.628959515
3.25,1.75,0,0.558758535
3.25,1.25,0,0.542685241
3.25,0.75,0,0.643097226
3.25,0.25,0,0.52444991
3.25,-0.25,0,0.618078883
3.25,-0.75,0,0.549875463
3.25,-1.25,0,0.611302649
3.25,-1.75,0,0.596613855
3.25,-2.25,0,0.594638608
3.25,-2.75,0,0.611494231
3.25,-3.25,0,0.572686063
3.25,-3.75,0,0.565621173
3.25,-4.25,0,0.620792695
3.25,-4.75,0,0.56506046
3.25,-5.25,0,0.400694687
3.25,-5.75,0,0.425096472
3.25,-6.25,0,0.36316641
3.25,-6.75,0,0.413744689
3.25,-7.25,0,0.003766738
3.25,-7.75,0,0.000916075
3.25,-8.25,0,0.001340479
3.25,-8.75,0,-1.28E-05
3.25,-9.25,0,-0.000612397
3.25,-9.75,0,-0.000220438
3.25,-10.25,0,0.000100836
3.25,-10.75,0,5.97E-05
3.25,-11.25,0,-0.000308223
3.25,-11.75,0,1.42E-05
3.25,-12.25,0,0.00039842
3.25,-12.75,0,0.000152803
3.25,-13.25,0,0.000152871
3.25,-13.75,0,0.000321816
3.25,-14.25,0,0.000199899
3.25,-14.75,0,0.000259102
3.75,14.75,0,-0.000496692
3.75,14.25,0,0.000377034
3.75,13.75,0,0.001042324
3.75,13.25,0,0.000236789
3.75,12.75,0,-0.000118329
3.75,12.25,0,6.87E-05
3.75,11.75,0,-0.000117502
3.75,11.25,0,0.000303978
3.75,10.75,0,-0.000398417
3.75,10.25,0,7.86E-05
3.75,9.75,0,-0.000134573
3.75,9.25,0,-0.000115689
3.75,8.75,0,5.01E-05
3.75,8.25,0,0.001030676
3.75,7.75,0,0.001113386
3.75,7.25,0,0.001834457
3.75,6.75,0,0.388770926
3.75,6.25,0,0.396516929
3.75,5.75,0,0.371731864
3.75,5.25,0,0.37284276
3.75,4.75,0,0.638629371
3.75,4.25,0,0.561941308
3.75,3.75,0,0.605915422
3.75,3.25,0,0.565045446
3.75,2.75,0,0.602958706
3.75,2.25,0,0.542336614
3.75,1.75,0,0.609802189
3.75,1.25,0,0.566323822
3.75,0.75,0,0.580960366
3.75,0.25,0,0.617639495
3.75,-0.25,0,0.591025038
3.75,-0.75,0,0.60337449
3.75,-1.25,0,0.596208763
3.75,-1.75,0,0.603234324
3.75,-2.25,0,0.558790446
3.75,-2.75,0,0.572509885
3.75,-3.25,0,0.603441333
3.75,-3.75,0,0.564273303
3.75,-4.25,0,0.594478925
3.75,-4.75,0,0.559612293
3.75,-5.25,0,0.402441062
3.75,-5.75,0,0.380763634
3.75,-6.25,0,0.395693993
3.75,-6.75,0,0.377557539
3.75,-7.25,0,0.003023202
3.75,-7.75,0,0.002215773
3.75,-8.25,0,0.002265608
3.75,-8.75,0,-0.00066441
3.75,-9.25,0,-0.000388399
3.75,-9.75,0,0.000228996
3.75,-10.25,0,0.000110419
3.75,-10.75,0,7.82E-05
3.75,-11.25,0,-3.52E-05
3.75,-11.75,0,-0.00019863
3.75,-12.25,0,0.000200746
3.75,-12.75,0,-3.54E-05
3.75,-13.25,0,-9.85E-05
3.75,-13.75,0,5.97E-05
3.75,-14.25,0,-0.000190527
3.75,-14.75,0,4.39E-06
4.25,14.75,0,-0.000269922
4.25,14.25,0,0.000209565
4.25,13.75,0,0.00021645
4.25,13.25,0,-0.000170584
4.25,12.75,0,-0.000234665
4.25,12.25,0,0.000199527
4.25,11.75,0,0.001144425
4.25,11.25,0,0.000248485
4.25,10.75,0,0.000149759
4.25,10.25,0,0.000857505
4.25,9.75,0,-3.13E-05
4.25,9.25,0,-0.000262305
4.25,8.75,0,-0.000123906
4.25,8.25,0,0.001994913
4.25,7.75,0,0.001760576
4.25,7.25,0,0.005601246
4.25,6.75,0,0.386655578
4.25,6.25,0,0.352830811
4.25,5.75,0,0.422658921
4.25,5.25,0,0.376382173
4.25,4.75,0,0.559279174
4.25,4.25,0,0.560697912
4.25,3.75,0,0.593039463
4.25,3.25,0,0.577012622
4.25,2.75,0,0.568170701
4.25,2.25,0,0.582112585
4.25,1.75,0,0.558302333
4.25,1.25,0,0.591527852
4.25,0.75,0,0.593839584
4.25,0.25,0,0.569149536
4.25,-0.25,0,0.575146839
4.25,-0.75,0,0.568454371
4.25,-1.25,0,0.537387651
4.25,-1.75,0,0.602762471
4.25,-2.25,0,0.563340723
4.25,-2.75,0,0.604147077
4.25,-3.25,0,0.575676135
4.25,-3.75,0,0.569852948
4.25,-4.25,0,0.609715165
4.25,-4.75,0,0.590792815
4.25,-5.25,0,0.370444717
4.25,-5.75,0,0.383554446
4.25,-6.25,0,0.379223019
4.25,-6.75,0,0.384919298
4.25,-7.25,0,0.00227702
4.25,-7.75,0,0.00181535
4.25,-8.25,0,0.002298503
4.25,-8.75,0,-0.000449324
4.25,-9.25,0,-5.04E-05
4.25,-9.75,0,0.000132838
4.25,-10.25,0,0.000107877
4.25,-10.75,0,5.08E-05
4.25,-11.25,0,-0.000387152
4.25,-11.75,0,-8.64E-05
4.25,-12.25,0,-6.78E-05
4.25,-12.75,0,-0.000287274
4.25,-13.25,0,2.77E-06
4.25,-13.75,0,0.000259402
4.25,-14.25,0,-0.000135973
4.25,-14.75,0,0.000273665
4.75,14.75,0,-0.000370119
4.75,14.25,0,-0.000465879
4.75,13.75,0,0.000182228
4.75,13.25,0,0.000149153
4.75,12.75,0,0.000144093
4.75,12.25,0,-2.02E-06
4.75,11.75,0,3.25E-05
4.75,11.25,0,0.000250901
4.75,10.75,0,-0.000316196
4.75,10.25,0,-0.000163178
4.75,9.75,0,-7.45E-05
4.75,9.25,0,-0.000357649
4.75,8.75,0,-0.000139609
4.75,8.25,0,0.000448466
4.75,7.75,0,-0.000480561
4.75,7.25,0,0.009412981
4.75,6.75,0,0.403926061
4.75,6.25,0,0.390302956
4.75,5.75,0,0.398982724
4.75,5.25,0,0.377969295
4.75,4.75,0,0.603518768
4.75,4.25,0,0.634992397
4.75,3.75,0,0.542365757
4.75,3.25,0,0.618295342
4.75,2.75,0,0.57325255
4.75,2.25,0,0.61505826
4.75,1.75,0,0.579011781
4.75,1.25,0,0.558538752
4.75,0.75,0,0.605749374
4.75,0.25,0,0.571767496
4.75,-0.25,0,0.587085229
4.75,-0.75,0,0.615906909
4.75,-1.25,0,0.568486717
4.75,-1.75,0,0.587213434
4.75,-2.25,0,0.605850236
4.75,-2.75,0,0.521740005
4.75,-3.25,0,0.608894689
4.75,-3.75,0,0.594593073
4.75,-4.25,0,0.571285943
4.75,-4.75,0,0.58872129
4.75,-5.25,0,0.361626192
4.75,-5.75,0,0.4159811
4.75,-6.25,0,0.372028109
4.75,-6.75,0,0.367320308
4.75,-7.25,0,0.009144051
4.75,-7.75,0,0.001204629
4.75,-8.25,0,0.00126048
4.75,-8.75,0,-6.53E-05
4.75,-9.25,0,-0.000204642
4.75,-9.75,0,6.08E-05
4.75,-10.25,0,6.16E-05
4.75,-10.75,0,-4.67E-05
4.75,-11.25,0,1.14E-05
4.75,-11.75,0,-1.63E-05
4.75,-12.25,0,-1.69E-05
4.75,-12.75,0,-2.10E-06
4.75,-13.25,0,6.38E-05
4.75,-13.75,0,0.000529824
4.75,-14.25,0,-2.02E-05
4.75,-14.75,0,0.000722828
5.25,14.75,0,-0.000448414
5.25,14.25,0,-0.000677328
5.25,13.75,0,-2.71E-06
5.25,13.25,0,0.000122781
5.25,12.75,0,1.12E-05
5.25,12.25,0,6.70E-05
5.25,11.75,0,0.000289583
5.25,11.25,0,0.000552039
5.25,10.75,0,-0.000211747
5.25,10.25,0,0.000480484
5.25,9.75,0,-0.000101049
5.25,9.25,0,-0.000339952
5.25,8.75,0,-0.000145068
5.25,8.25,0,0.000503283
5.25,7.75,0,2.42E-05
5.25,7.25,0,0.008512772
5.25,6.75,0,0.361006608
5.25,6.25,0,0.367216579
5.25,5.75,0,0.390762755
5.25,5.25,0,0.392335966
5.25,4.75,0,0.39103707
5.25,4.25,0,0.37291853
5.25,3.75,0,0.40412176
5.25,3.25,0,0.375392692
5.25,2.75,0,0.393547402
5.25,2.25,0,0.360939685
5.25,1.75,0,0.413734795
5.25,1.25,0,0.371659738
5.25,0.75,0,0.383190217
5.25,0.25,0,0.405402457
5.25,-0.25,0,0.368791747
5.25,-0.75,0,0.370471085
5.25,-1.25,0,0.416623557
5.25,-1.75,0,0.393337889
5.25,-2.25,0,0.388899563
5.25,-2.75,0,0.432622219
5.25,-3.25,0,0.339414452
5.25,-3.75,0,0.405154422
5.25,-4.25,0,0.368370086
5.25,-4.75,0,0.390804251
5.25,-5.25,0,0.392834397
5.25,-5.75,0,0.426983005
5.25,-6.25,0,0.382352254
5.25,-6.75,0,0.385207666
5.25,-7.25,0,0.001875312
5.25,-7.75,0,0.000678459
5.25,-8.25,0,0.001546184
5.25,-8.75,0,-0.00069708
5.25,-9.25,0,-0.00036286
5.25,-9.75,0,5.42E-05
5.25,-10.25,0,-4.37E-05
5.25,-10.75,0,-7.70E-05
5.25,-11.25,0,-6.53E-05
5.25,-11.75,0,0.00038505
5.25,-12.25,0,4.65E-05
5.25,-12.75,0,0.000390649
5.25,-13.25,0,-5.05E-05
5.25,-13.75,0,-1.34E-05
5.25,-14.25,0,-3.95E-06
5.25,-14.75,0,0.000218894
5.75,14.75,0,-0.000117088
5.75,14.25,0,-0.000430318
5.75,13.75,0,-0.000395408
5.75,13.25,0,1.26E-05
5.75,12.75,0,-0.000166366
5.75,12.25,0,0.000173299
5.75,11.75,0,0.000450741
5.75,11.25,0,0.000378089
5.75,10.75,0,2.02E-06
5.75,10.25,0,-3.82E-05
5.75,9.75,0,8.23E-06
5.75,9.25,0,-0.000224697
5.75,8.75,0,0.000259373
5.75,8.25,0,0.002017566
5.75,7.75,0,0.001272636
5.75,7.25,0,0.00868399
5.75,6.75,0,0.389296826
5.75,6.25,0,0.398300535
5.75,5.75,0,0.401016177
5.75,5.25,0,0.373450285
5.75,4.75,0,0.39895152
5.75,4.25,0,0.400231391
5.75,3.75,0,0.394182461
5.75,3.25,0,0.393325904
5.75,2.75,0,0.403149667
5.75,2.25,0,0.364677732
5.75,1.75,0,0.38758017
5.75,1.25,0,0.389525483
5.75,0.75,0,0.387485445
5.75,0.25,0,0.372871369
5.75,-0.25,0,0.399129052
5.75,-0.75,0,0.404463073
5.75,-1.25,0,0.38189892
5.75,-1.75,0,0.38347675
5.75,-2.25,0,0.379860432
5.75,-2.75,0,0.373640614
5.75,-3.25,0,0.411067674
5.75,-3.75,0,0.390326135
5.75,-4.25,0,0.394156377
5.75,-4.75,0,0.404279408
5.75,-5.25,0,0.370908364
5.75,-5.75,0,0.36720341
5.75,-6.25,0,0.384291923
5.75,-6.75,0,0.40318903
5.75,-7.25,0,0.00745265
5.75,-7.75,0,0.001283012
5.75,-8.25,0,0.002054203
5.75,-8.75,0,3.77E-06
5.75,-9.25,0,-0.000527375
5.75,-9.75,0,-2.02E-05
5.75,-10.25,0,0.000803581
5.75,-10.75,0,-0.00015672
5.75,-11.25,0,-6.20E-07
5.75,-11.75,0,6.18E-05
5.75,-12.25,0,-3.34E-05
5.75,-12.75,0,-0.000154953
5.75,-13.25,0,-6.16E-06
5.75,-13.75,0,0.000199286
5.75,-14.25,0,4.07E-05
5.75,-14.75,0,-4.39E-05
6.25,14.75,0,0.000146711
6.25,14.25,0,0.000129194
6.25,13.75,0,0.000243172
6.25,13.25,0,0.000202055
6.25,12.75,0,-3.62E-05
6.25,12.25,0,3.45E-05
6.25,11.75,0,0.000189831
6.25,11.25,0,-3.63E-05
6.25,10.75,0,-0.000102375
6.25,10.25,0,0.00019735
6.25,9.75,0,-9.13E-05
6.25,9.25,0,-0.000196328
6.25,8.75,0,2.82E-06
6.25,8.25,0,0.000508799
6.25,7.75,0,0.00127892
6.25,7.25,0,0.004716562
6.25,6.75,0,0.374398032
6.25,6.25,0,0.408627913
6.25,5.75,0,0.380108327
6.25,5.25,0,0.370223297
6.25,4.75,0,0.404111411
6.25,4.25,0,0.37001709
6.25,3.75,0,0.385223835
6.25,3.25,0,0.394616645
6.25,2.75,0,0.375111337
6.25,2.25,0,0.412320135
6.25,1.75,0,0.392195628
6.25,1.25,0,0.420842235
6.25,0.75,0,0.374813265
6.25,0.25,0,0.404915781
6.25,-0.25,0,0.382861541
6.25,-0.75,0,0.386715043
6.25,-1.25,0,0.373471755
6.25,-1.75,0,0.406710818
6.25,-2.25,0,0.378377691
6.25,-2.75,0,0.388843732
6.25,-3.25,0,0.380036386
6.25,-3.75,0,0.404420685
6.25,-4.25,0,0.40344963
6.25,-4.75,0,0.391741218
6.25,-5.25,0,0.372273579
6.25,-5.75,0,0.424176759
6.25,-6.25,0,0.356345449
6.25,-6.75,0,0.389018989
6.25,-7.25,0,-0.015680781
6.25,-7.75,0,0.002331627
6.25,-8.25,0,0.001568029
6.25,-8.75,0,0.000321134
6.25,-9.25,0,0.000104572
6.25,-9.75,0,0.000152595
6.25,-10.25,0,0.000543258
6.25,-10.75,0,-1.98E-05
6.25,-11.25,0,0.000443931
6.25,-11.75,0,-0.000158482
6.25,-12.25,0,-3.50E-06
6.25,-12.75,0,-0.000132312
6.25,-13.25,0,2.15E-05
6.25,-13.75,0,-0.000221013
6.25,-14.25,0,-0.000423765
6.25,-14.75,0,-0.000295269
6.75,14.75,0,-0.000328671
6.75,14.25,0,4.40E-06
6.75,13.75,0,-1.58E-07
6.75,13.25,0,3.07E-05
6.75,12.75,0,-0.000132623
6.75,12.25,0,-0.000222339
6.75,11.75,0,-4.82E-05
6.75,11.25,0,-1.84E-05
6.75,10.75,0,0.000159191
6.75,10.25,0,-7.02E-05
6.75,9.75,0,-0.000125574
6.75,9.25,0,-8.09E-05
6.75,8.75,0,-5.16E-05
6.75,8.25,0,0.000369257
6.75,7.75,0,-0.000232756
6.75,7.25,0,5.62E-05
6.75,6.75,0,0.37221753
6.75,6.25,0,0.364586557
6.75,5.75,0,0.395246732
6.75,5.25,0,0.37543609
6.75,4.75,0,0.382360425
6.75,4.25,0,0.391178335
6.75,3.75,0,0.376581983
6.75,3.25,0,0.385242319
6.75,2.75,0,0.387170754
6.75,2.25,0,0.357304067
6.75,1.75,0,0.396121018
6.75,1.25,0,0.375438216
6.75,0.75,0,0.384382048
6.75,0.25,0,0.371505173
6.75,-0.25,0,0.380449974
6.75,-0.75,0,0.39321983
6.75,-1.25,0,0.38113115
6.75,-1.75,0,0.367685483
6.75,-2.25,0,0.393844955
6.75,-2.75,0,0.376154651
6.75,-3.25,0,0.391682293
6.75,-3.75,0,0.370623267
6.75,-4.25,0,0.359098173
6.75,-4.75,0,0.370801638
6.75,-5.25,0,0.39329766
6.75,-5.75,0,0.391899011
6.75,-6.25,0,0.382250426
6.75,-6.75,0,0.397202727
6.75,-7.25,0,-0.000297485
6.75,-7.75,0,0.000455366
6.75,-8.25,0,0.001330152
6.75,-8.75,0,0.000170909
6.75,-9.25,0,-0.000141369
6.75,-9.75,0,6.74E-05
6.75,-10.25,0,-0.000385773
6.75,-10.75,0,-0.000265171
6.75,-11.25,0,0.000110493
6.75,-11.75,0,-1.91E-05
6.75,-12.25,0,-1.61E-05
6.75,-12.75,0,-0.000628411
6.75,-13.25,0,-0.000181161
6.75,-13.75,0,9.65E-05
6.75,-14.25,0,-3.61E-05
6.75,-14.75,0,-0.000871503
7.25,14.75,0,-3.09E-06
7.25,14.25,0,0.000478465
7.25,13.75,0,0.000505218
7.25,13.25,0,4.80E-05
7.25,12.75,0,-1.77E-05
7.25,12.25,0,-0.000145489
7.25,11.75,0,5.97E-05
7.25,11.25,0,-0.000180158
7.25,10.75,0,-0.000246522
7.25,10.25,0,-0.000106378
7.25,9.75,0,0.000297554
7.25,9.25,0,-6.44E-05
7.25,8.75,0,5.09E-06
7.25,8.25,0,0.000391293
7.25,7.75,0,0.001894248
7.25,7.25,0,0.005448446
7.25,6.75,0,0.011312563
7.25,6.25,0,0.007053643
7.25,5.75,0,0.004372433
7.25,5.25,0,0.008734316
7.25,4.75,0,0.008766815
7.25,4.25,0,-0.004126655
7.25,3.75,0,0.005999113
7.25,3.25,0,0.00014376
7.25,2.75,0,0.003224049
7.25,2.25,0,0.01272087
7.25,1.75,0,0.003927533
7.25,1.25,0,-0.002557196
7.25,0.75,0,0.007172906
7.25,0.25,0,0.009078663
7.25,-0.25,0,0.010000854
7.25,-0.75,0,0.007270961
7.25,-1.25,0,0.008231459
7.25,-1.75,0,0.024633333
7.25,-2.25,0,0.000902113
7.25,-2.75,0,0.00279112
7.25,-3.25,0,0.002596288
7.25,-3.75,0,0.013230611
7.25,-4.25,0,0.019946956
7.25,-4.75,0,0.002262476
7.25,-5.25,0,-0.002266245
7.25,-5.75,0,-0.003141533
7.25,-6.25,0,-0.006268671
7.25,-6.75,0,0.005376008
7.25,-7.25,0,0.000248516
7.25,-7.75,0,0.000394892
7.25,-8.25,0,0.000901032
7.25,-8.75,0,0.000133058
7.25,-9.25,0,0.000203939
7.25,-9.75,0,0.000154392
7.25,-10.25,0,-0.000316168
7.25,-10.75,0,-0.000137172
7.25,-11.25,0,-3.58E-05
7.25,-11.75,0,-3.08E-05
7.25,-12.25,0,-0.000307732
7.25,-12.75,0,-0.000298328
7.25,-13.25,0,-0.000388155
7.25,-13.75,0,-0.000503489
7.25,-14.25,0,-7.20E-05
7.25,-14.75,0,0.000103444
7.75,14.75,0,9.51E-07
7.75,14.25,0,0.000646892
7.75,13.75,0,0.000105742
7.75,13.25,0,8.09E-05
7.75,12.75,0,0.000122656
7.75,12.25,0,-0.000176753
7.75,11.75,0,0.00026162
7.75,11.25,0,-2.10E-05
7.75,10.75,0,-0.000120786
7.75,10.25,0,-6.77E-05
7.75,9.75,0,0.000106033
7.75,9.25,0,-0.000105479
7.75,8.75,0,-6.37E-05
7.75,8.25,0,0.000453303
7.75,7.75,0,0.000458434
7.75,7.25,0,0.000139874
7.75,6.75,0,-0.001846859
7.75,6.25,0,0.000652846
7.75,5.75,0,0.00123894
7.75,5.25,0,0.000252479
7.75,4.75,0,0.001240222
7.75,4.25,0,0.00121035
7.75,3.75,0,0.000988696
7.75,3.25,0,0.002175681
7.75,2.75,0,0.003874019
7.75,2.25,0,0.000783727
7.75,1.75,0,0.001918397
7.75,1.25,0,0.002427248
7.75,0.75,0,0.002550535
7.75,0.25,0,0.00024706
7.75,-0.25,0,-0.000781068
7.75,-0.75,0,0.00171072
7.75,-1.25,0,-0.001701321
7.75,-1.75,0,-0.000319041
7.75,-2.25,0,0.000773754
7.75,-2.75,0,0.002726618
7.75,-3.25,0,0.000796345
7.75,-3.75,0,0.000725335
7.75,-4.25,0,0.000277457
7.75,-4.75,0,0.000694263
7.75,-5.25,0,0.002928588
7.75,-5.75,0,0.003040403
7.75,-6.25,0,0.001396621
7.75,-6.75,0,-0.000220835
7.75,-7.25,0,7.31E-05
7.75,-7.75,0,0.000863769
7.75,-8.25,0,0.000262464
7.75,-8.75,0,-4.73E-05
7.75,-9.25,0,0.00011196
7.75,-9.75,0,4.59E-05
7.75,-10.25,0,-8.23E-05
7.75,-10.75,0,0.000265509
7.75,-11.25,0,-4.45E-05
7.75,-11.75,0,0.000252877
7.75,-12.25,0,-4.46E-06
7.75,-12.75,0,-0.000149126
7.75,-13.25,0,3.10E-05
7.75,-13.75,0,-0.001592646
7.75,-14.25,0,-0.000213503
7.75,-14.75,0,0.000675781
8.25,14.75,0,0.000132522
8.25,14.25,0,0.00020945
8.25,13.75,0,-0.000407341
8.25,13.25,0,-0.000208456
8.25,12.75,0,-0.000104693
8.25,12.25,0,-0.000387589
8.25,11.75,0,-7.20E-07
8.25,11.25,0,-2.72E-05
8.25,10.75,0,-0.000479143
8.25,10.25,0,-0.000492012
8.25,9.75,0,-0.000175026
8.25,9.25,0,-0.000188497
8.25,8.75,0,-0.000388044
8.25,8.25,0,-0.000148437
8.25,7.75,0,1.51E-05
8.25,7.25,0,0.000388919
8.25,6.75,0,0.00065802
8.25,6.25,0,0.001497443
8.25,5.75,0,0.001569054
8.25,5.25,0,0.000959144
8.25,4.75,0,0.000463943
8.25,4.25,0,0.001686507
8.25,3.75,0,0.002693986
8.25,3.25,0,0.001777654
8.25,2.75,0,0.001198628
8.25,2.25,0,4.23E-05
8.25,1.75,0,0.000693726
8.25,1.25,0,0.000576496
8.25,0.75,0,0.000903009
8.25,0.25,0,8.65E-05
8.25,-0.25,0,0.000848933
8.25,-0.75,0,8.55E-05
8.25,-1.25,0,0.000217339
8.25,-1.75,0,0.000770611
8.25,-2.25,0,0.000697135
8.25,-2.75,0,0.000531199
8.25,-3.25,0,0.002531229
8.25,-3.75,0,0.000569926
8.25,-4.25,0,0.00120295
8.25,-4.75,0,0.001610416
8.25,-5.25,0,0.002787001
8.25,-5.75,0,0.002604209
8.25,-6.25,0,0.00160263
8.25,-6.75,0,0.000934665
8.25,-7.25,0,-6.12E-05
8.25,-7.75,0,0.000534278
8.25,-8.25,0,-0.000156461
8.25,-8.75,0,-0.000138115
8.25,-9.25,0,0.000275193
8.25,-9.75,0,7.54E-05
8.25,-10.25,0,-2.32E-05
8.25,-10.75,0,-4.27E-05
8.25,-11.25,0,-7.94E-05
8.25,-11.75,0,2.93E-05
8.25,-12.25,0,0.000252392
8.25,-12.75,0,-1.58E-06
8.25,-13.25,0,2.54E-05
8.25,-13.75,0,-0.000233329
8.25,-14.25,0,-0.000326265
8.25,-14.75,0,-0.000152047
8.75,14.75,0,-1.16E-05
8.75,14.25,0,2.15E-05
8.75,13.75,0,-0.000530926
8.75,13.25,0,-0.000234049
8.75,12.75,0,1.60E-05
8.75,12.25,0,-0.000134604
8.75,11.75,0,0.000195676
8.75,11.25,0,0.000191611
8.75,10.75,0,-0.000173085
8.75,10.25,0,-1.17E-05
8.75,9.75,0,-5.74E-06
8.75,9.25,0,-5.29E-05
8.75,8.75,0,-0.000163835
8.75,8.25,0,-7.20E-05
8.75,7.75,0,-7.11E-05
8.75,7.25,0,7.53E-05
8.75,6.75,0,-0.000219889
8.75,6.25,0,-0.000506328
8.75,5.75,0,-0.000448858
8.75,5.25,0,-0.00046474
8.75,4.75,0,0.000211965
8.75,4.25,0,-0.000182292
8.75,3.75,0,0.00051198
8.75,3.25,0,8.63E-05
8.75,2.75,0,-0.000230398
8.75,2.25,0,0.000214557
8.75,1.75,0,0.000549818
8.75,1.25,0,0.000724519
8.75,0.75,0,0.000432438
8.75,0.25,0,-0.000695942
8.75,-0.25,0,0.001098033
8.75,-0.75,0,0.00098237
8.75,-1.25,0,0.000723088
8.75,-1.75,0,0.000188033
8.75,-2.25,0,-0.000122521
8.75,-2.75,0,-0.000145894
8.75,-3.25,0,0.000407661
8.75,-3.75,0,-0.000327336
8.75,-4.25,0,-0.000416788
8.75,-4.75,0,-0.000210426
8.75,-5.25,0,-0.000383188
8.75,-5.75,0,-0.000421084
8.75,-6.25,0,-0.000471581
8.75,-6.75,0,-3.46E-05
8.75,-7.25,0,-0.00014504
8.75,-7.75,0,0.00045379
8.75,-8.25,0,0.000568353
8.75,-8.75,0,4.35E-05
8.75,-9.25,0,-0.000168162
8.75,-9.75,0,-0.00010336
8.75,-10.25,0,-4.70E-05
8.75,-10.75,0,0.00013538
8.75,-11.25,0,0.000382744
8.75,-11.75,0,0.000270042
8.75,-12.25,0,0.000469324
8.75,-12.75,0,0.000877171
8.75,-13.25,0,4.45E-05
8.75,-13.75,0,-0.000288934
8.75,-14.25,0,-0.000108407
8.75,-14.75,0,4.22E-05
9.25,14.75,0,-0.000772882
9.25,14.25,0,-3.06E-05
9.25,13.75,0,4.77E-05
9.25,13.25,0,2.11E-05
9.25,12.75,0,-5.24E-05
9.25,12.25,0,-1.11E-05
9.25,11.75,0,0.000489031
9.25,11.25,0,0.000291577
9.25,10.75,0,-6.06E-05
9.25,10.25,0,-6.20E-05
9.25,9.75,0,0.000855018
9.25,9.25,0,-5.13E-05
9.25,8.75,0,0.00013965
9.25,8.25,0,8.22E-06
9.25,7.75,0,-0.000112076
9.25,7.25,0,-2.87E-05
9.25,6.75,0,-0.000196287
9.25,6.25,0,-0.000198934
9.25,5.75,0,-0.000264401
9.25,5.25,0,-0.000119204
9.25,4.75,0,0.000414995
9.25,4.25,0,-0.000106599
9.25,3.75,0,-0.000426208
9.25,3.25,0,-4.60E-05
9.25,2.75,0,-0.000836964
9.25,2.25,0,-0.000380472
9.25,1.75,0,-9.89E-05
9.25,1.25,0,-0.000791325
9.25,0.75,0,-0.001249322
9.25,0.25,0,-0.001243647
9.25,-0.25,0,-0.000868837
9.25,-0.75,0,-0.000402817
9.25,-1.25,0,0.00020735
9.25,-1.75,0,-0.000202902
9.25,-2.25,0,-0.000610274
9.25,-2.75,0,7.84E-06
9.25,-3.25,0,-3.87E-05
9.25,-3.75,0,2.28E-05
9.25,-4.25,0,-0.000513911
9.25,-4.75,0,-0.000425607
9.25,-5.25,0,-0.000255405
9.25,-5.75,0,-0.000740851
9.25,-6.25,0,-0.000261165
9.25,-6.75,0,-0.000216968
9.25,-7.25,0,-0.000457556
9.25,-7.75,0,0.000459614
9.25,-8.25,0,0.000393023
9.25,-8.75,0,-0.000167901
9.25,-9.25,0,-0.000573395
9.25,-9.75,0,-0.000443441
9.25,-10.25,0,-4.68E-06
9.25,-10.75,0,-0.000521353
9.25,-11.25,0,-0.000373759
9.25,-11.75,0,1.32E-05
9.25,-12.25,0,9.99E-05
9.25,-12.75,0,0.000247578
9.25,-13.25,0,-0.000170049
9.25,-13.75,0,-2.97E-05
9.25,-14.25,0,8.08E-05
9.25,-14.75,0,0.000849012
9.75,14.75,0,-0.000119442
9.75,14.25,0,-0.000186141
9.75,13.75,0,2.52E-05
9.75,13.25,0,-1.09E-05
9.75,12.75,0,-0.000387585
9.75,12.25,0,-8.55E-05
9.75,11.75,0,0.000138527
9.75,11.25,0,0.000279995
9.75,10.75,0,-0.000269515
9.75,10.25,0,-0.000509535
9.75,9.75,0,-0.000559871
9.75,9.25,0,0.000253107
9.75,8.75,0,0.00013919
9.75,8.25,0,-0.000202958
9.75,7.75,0,-0.000205744
9.75,7.25,0,-0.000179631
9.75,6.75,0,-0.000171943
9.75,6.25,0,-1.44E-05
9.75,5.75,0,-1.56E-05
9.75,5.25,0,4.58E-05
9.75,4.75,0,9.58E-05
9.75,4.25,0,-0.000246765
9.75,3.75,0,0.00015673
9.75,3.25,0,0.000376553
9.75,2.75,0,0.000271996
9.75,2.25,0,0.000326559
9.75,1.75,0,0.000394014
9.75,1.25,0,0.000399736
9.75,0.75,0,-0.000145905
9.75,0.25,0,-1.27E-05
9.75,-0.25,0,-0.000198669
9.75,-0.75,0,-0.000327779
9.75,-1.25,0,-0.00045633
9.75,-1.75,0,0.000155599
9.75,-2.25,0,0.000250593
9.75,-2.75,0,0.000802496
9.75,-3.25,0,0.000294232
9.75,-3.75,0,3.98E-05
9.75,-4.25,0,-0.000592071
9.75,-4.75,0,3.67E-05
9.75,-5.25,0,-0.000213803
9.75,-5.75,0,-8.17E-05
9.75,-6.25,0,0.000412476
9.75,-6.75,0,0.000671851
9.75,-7.25,0,-0.000123713
9.75,-7.75,0,-0.0003098
9.75,-8.25,0,-0.000158795
9.75,-8.75,0,0.000307027
9.75,-9.25,0,-3.79E-05
9.75,-9.75,0,3.71E-06
9.75,-10.25,0,0.00013784
9.75,-10.75,0,-0.000240339
9.75,-11.25,0,-0.000460735
9.75,-11.75,0,-2.48E-05
9.75,-12.25,0,0.000460366
9.75,-12.75,0,-1.12E-06
9.75,-13.25,0,-0.000461656
9.75,-13.75,0,-5.73E-05
9.75,-14.25,0,0.000364064
9.75,-14.75,0,0.000353044
10.25,14.75,0,0.000289868
10.25,14.25,0,-4.63E-05
10.25,13.75,0,-0.001070203
10.25,13.25,0,-0.000361731
10.25,12.75,0,-1.54E-05
10.25,12.25,0,-0.000144479
10.25,11.75,0,0.000260608
10.25,11.25,0,-0.000124376
10.25,10.75,0,-4.50E-05
10.25,10.25,0,-0.000177986
10.25,9.75,0,-0.001073826
10.25,9.25,0,0.000410066
10.25,8.75,0,-5.90E-05
10.25,8.25,0,4.92E-06
10.25,7.75,0,7.62E-05
10.25,7.25,0,-0.000149514
10.25,6.75,0,0.000273209
10.25,6.25,0,0.000221011
10.25,5.75,0,-0.000177785
10.25,5.25,0,6.77E-05
10.25,4.75,0,-6.84E-05
10.25,4.25,0,-0.000583304
10.25,3.75,0,6.20E-05
10.25,3.25,0,0.001286003
10.25,2.75,0,0.00013792
10.25,2.25,0,6.85E-05
10.25,1.75,0,-3.71E-05
10.25,1.25,0,6.80E-05
10.25,0.75,0,-0.000116544
10.25,0.25,0,-0.000134919
10.25,-0.25,0,-9.17E-05
10.25,-0.75,0,-0.000284348
10.25,-1.25,0,-1.19E-05
10.25,-1.75,0,0.000162663
10.25,-2.25,0,0.000141489
10.25,-2.75,0,0.000191588
10.25,-3.25,0,-0.00011283
10.25,-3.75,0,-0.000305059
10.25,-4.25,0,-0.000342351
10.25,-4.75,0,-3.88E-05
10.25,-5.25,0,-0.000177089
10.25,-5.75,0,-4.66E-05
10.25,-6.25,0,0.001203417
10.25,-6.75,0,-0.000130948
10.25,-7.25,0,-8.87E-05
10.25,-7.75,0,-0.000479574
10.25,-8.25,0,-0.000125051
10.25,-8.75,0,-1.72E-05
10.25,-9.25,0,-0.000347584
10.25,-9.75,0,0.000108502
10.25,-10.25,0,0.000342994
10.25,-10.75,0,3.42E-05
10.25,-11.25,0,-0.000102735
10.25,-11.75,0,0.000283163
10.25,-12.25,0,7.12E-05
10.25,-12.75,0,-0.000224297
10.25,-13.25,0,-0.000721754
10.25,-13.75,0,-0.000122188
10.25,-14.25,0,0.000131719
10.25,-14.75,0,0.000303106
10.75,14.75,0,-4.03E-05
10.75,14.25,0,2.62E-05
10.75,13.75,0,-0.000498255
10.75,13.25,0,-0.000375488
10.75,12.75,0,0.000135673
10.75,12.25,0,-0.00049594
10.75,11.75,0,0.000218655
10.75,11.25,0,0.000370205
10.75,10.75,0,-1.75E-05
10.75,10.25,0,-0.000378389
10.75,9.75,0,-0.000460385
10.75,9.25,0,-2.02E-05
10.75,8.75,0,0.000275935
10.75,8.25,0,0.000273801
10.75,7.75,0,-3.25E-05
10.75,7.25,0,-0.000238431
10.75,6.75,0,-0.000133387
10.75,6.25,0,-0.000131347
10.75,5.75,0,-0.000197703
10.75,5.25,0,-9.94E-05
10.75,4.75,0,0.000707697
10.75,4.25,0,-3.29E-05
10.75,3.75,0,-0.000115856
10.75,3.25,0,0.000578335
10.75,2.75,0,4.65E-05
10.75,2.25,0,0.000892676
10.75,1.75,0,9.75E-05
10.75,1.25,0,-0.000661349
10.75,0.75,0,-0.000560759
10.75,0.25,0,-0.000449652
10.75,-0.25,0,-0.000311579
10.75,-0.75,0,-5.56E-05
10.75,-1.25,0,4.65E-05
10.75,-1.75,0,0.000413401
10.75,-2.25,0,-0.000107918
10.75,-2.75,0,8.39E-05
10.75,-3.25,0,6.71E-05
10.75,-3.75,0,-9.12E-06
10.75,-4.25,0,5.11E-05
10.75,-4.75,0,0.000333604
10.75,-5.25,0,-8.12E-05
10.75,-5.75,0,-0.000215559
10.75,-6.25,0,-0.000130148
10.75,-6.75,0,0.000413892
10.75,-7.25,0,0.000220759
10.75,-7.75,0,-0.000168132
10.75,-8.25,0,-2.94E-05
10.75,-8.75,0,-0.000126872
10.75,-9.25,0,0.000239364
10.75,-9.75,0,-0.000345893
10.75,-10.25,0,-0.000251292
10.75,-10.75,0,4.12E-05
10.75,-11.25,0,-3.57E-05
10.75,-11.75,0,0.000136954
10.75,-12.25,0,-8.66E-06
10.75,-12.75,0,-6.60E-05
10.75,-13.25,0,-0.001074976
10.75,-13.75,0,-0.000382344
10.75,-14.25,0,-2.36E-05
10.75,-14.75,0,-0.000431056
11.25,14.75,0,-2.48E-05
11.25,14.25,0,-4.45E-05
11.25,13.75,0,-0.000165826
11.25,13.25,0,-4.89E-06
11.25,12.75,0,1.97E-05
11.25,12.25,0,-7.89E-05
11.25,11.75,0,1.05E-05
11.25,11.25,0,0.000458293
11.25,10.75,0,0.000181284
11.25,10.25,0,-0.00032746
11.25,9.75,0,0.000267337
11.25,9.25,0,0.000156461
11.25,8.75,0,0.000647458
11.25,8.25,0,6.37E-05
11.25,7.75,0,0.00015917
11.25,7.25,0,0.000774406
11.25,6.75,0,-1.28E-05
11.25,6.25,0,6.07E-05
11.25,5.75,0,0.000531266
11.25,5.25,0,0.000278651
11.25,4.75,0,0.00016195
11.25,4.25,0,0.000846332
11.25,3.75,0,0.00011166
11.25,3.25,0,-0.000537218
11.25,2.75,0,-0.000130137
11.25,2.25,0,-0.000193506
11.25,1.75,0,-0.000283596
11.25,1.25,0,-0.000399694
11.25,0.75,0,-0.00015702
11.25,0.25,0,4.76E-05
11.25,-0.25,0,-0.000321029
11.25,-0.75,0,-0.000238001
11.25,-1.25,0,-0.000394853
11.25,-1.75,0,0.000364514
11.25,-2.25,0,-0.000393565
11.25,-2.75,0,-0.000166166
11.25,-3.25,0,0.000795709
11.25,-3.75,0,0.000101744
11.25,-4.25,0,0.000502018
11.25,-4.75,0,1.63E-06
11.25,-5.25,0,-5.43E-05
11.25,-5.75,0,-0.000229629
11.25,-6.25,0,-0.000343948
11.25,-6.75,0,-4.15E-05
11.25,-7.25,0,0.000598061
11.25,-7.75,0,0.000323604
11.25,-8.25,0,8.80E-05
11.25,-8.75,0,-0.000139927
11.25,-9.25,0,0.000331441
11.25,-9.75,0,0.000301961
11.25,-10.25,0,0.000236848
11.25,-10.75,0,-8.63E-05
11.25,-11.25,0,0.000246334
11.25,-11.75,0,0.00091045
11.25,-12.25,0,0.000749349
11.25,-12.75,0,0.000110991
11.25,-13.25,0,-0.000151204
11.25,-13.75,0,-0.000410014
11.25,-14.25,0,-2.20E-06
11.25,-14.75,0,-4.32E-05
11.75,14.75,0,1.15E-05
11.75,14.25,0,-2.78E-05
11.75,13.75,0,4.46E-06
11.75,13.25,0,0.000242278
11.75,12.75,0,0.000374196
11.75,12.25,0,0.000712293
11.75,11.75,0,0.000321852
11.75,11.25,0,0.000239258
11.75,10.75,0,4.97E-06
11.75,10.25,0,-0.00021476
11.75,9.75,0,2.28E-06
11.75,9.25,0,-0.000680067
11.75,8.75,0,-8.22E-05
11.75,8.25,0,7.77E-05
11.75,7.75,0,-4.36E-05
11.75,7.25,0,0.000243089
11.75,6.75,0,0.000171437
11.75,6.25,0,0.000103379
11.75,5.75,0,-5.28E-05
11.75,5.25,0,0.000151521
11.75,4.75,0,-2.18E-05
11.75,4.25,0,-5.97E-05
11.75,3.75,0,0.0003632
11.75,3.25,0,0.000372476
11.75,2.75,0,0.001108063
11.75,2.25,0,0.000271991
11.75,1.75,0,-6.93E-05
11.75,1.25,0,-0.000701399
11.75,0.75,0,-0.000242996
11.75,0.25,0,-0.000144608
11.75,-0.25,0,-0.000126616
11.75,-0.75,0,2.27E-05
11.75,-1.25,0,1.11E-05
11.75,-1.75,0,0.000100426
11.75,-2.25,0,-1.91E-05
11.75,-2.75,0,-6.53E-05
11.75,-3.25,0,7.09E-05
11.75,-3.75,0,-0.000103601
11.75,-4.25,0,-0.000418227
11.75,-4.75,0,-0.000228053
11.75,-5.25,0,7.87E-05
11.75,-5.75,0,-0.000182836
11.75,-6.25,0,8.40E-05
11.75,-6.75,0,-3.01E-05
11.75,-7.25,0,-2.83E-05
11.75,-7.75,0,7.15E-05
11.75,-8.25,0,9.19E-06
11.75,-8.75,0,0.000199694
11.75,-9.25,0,-0.000112299
11.75,-9.75,0,-0.000806706
11.75,-10.25,0,1.82E-05
11.75,-10.75,0,-0.000228769
11.75,-11.25,0,0.000505188
11.75,-11.75,0,0.000170995
11.75,-12.25,0,-2.04E-05
11.75,-12.75,0,0.00014071
11.75,-13.25,0,2.24E-05
11.75,-13.75,0,1.94E-06
11.75,-14.25,0,0.000132647
11.75,-14.75,0,0.00014343
12.25,14.75,0,-0.000140851
12.25,14.25,0,1.10E-05
12.25,13.75,0,-9.28E-05
12.25,13.25,0,-0.000333874
12.25,12.75,0,0.000358076
12.25,12.25,0,0.001020182
12.25,11.75,0,0.000545351
12.25,11.25,0,5.40E-05
12.25,10.75,0,-4.52E-05
12.25,10.25,0,-6.43E-06
12.25,9.75,0,1.17E-05
12.25,9.25,0,-7.75E-07
12.25,8.75,0,-5.02E-05
12.25,8.25,0,-0.000152621
12.25,7.75,0,-4.81E-05
12.25,7.25,0,-0.000131277
12.25,6.75,0,-5.15E-05
12.25,6.25,0,0.000222599
12.25,5.75,0,-4.93E-05
12.25,5.25,0,2.62E-05
12.25,4.75,0,-0.000104119
12.25,4.25,0,-0.000176759
12.25,3.75,0,-3.18E-05
12.25,3.25,0,-8.36E-05
12.25,2.75,0,-0.000133261
12.25,2.25,0,-0.00012022
12.25,1.75,0,0.000498192
12.25,1.25,0,0.000151769
12.25,0.75,0,2.07E-05
12.25,0.25,0,-4.97E-05
12.25,-0.25,0,-5.61E-05
12.25,-0.75,0,-0.00022129
12.25,-1.25,0,9.60E-06
12.25,-1.75,0,-9.29E-05
12.25,-2.25,0,0.000323635
12.25,-2.75,0,9.01E-05
12.25,-3.25,0,-4.79E-05
12.25,-3.75,0,-5.50E-05
12.25,-4.25,0,-8.17E-05
12.25,-4.75,0,-0.00021292
12.25,-5.25,0,-3.05E-05
12.25,-5.75,0,3.42E-05
12.25,-6.25,0,-0.000385486
12.25,-6.75,0,0.000126708
12.25,-7.25,0,0.000326605
12.25,-7.75,0,0.000172603
12.25,-8.25,0,0.000164368
12.25,-8.75,0,0.000212536
12.25,-9.25,0,0.000275908
12.25,-9.75,0,-0.000207529
12.25,-10.25,0,-0.000442699
12.25,-10.75,0,-0.000209543
12.25,-11.25,0,0.000409836
12.25,-11.75,0,0.000154636
12.25,-12.25,0,-4.06E-05
12.25,-12.75,0,0.000421626
12.25,-13.25,0,3.43E-05
12.25,-13.75,0,-0.000421052
12.25,-14.25,0,0.000194493
12.25,-14.75,0,0.0003139
12.75,14.75,0,0.000385142
12.75,14.25,0,-7.55E-06
12.75,13.75,0,-0.000342382
12.75,13.25,0,-0.000564523
12.75,12.75,0,3.90E-05
12.75,12.25,0,5.08E-05
12.75,11.75,0,0.000202303
12.75,11.25,0,-3.91E-05
12.75,10.75,0,-8.77E-05
12.75,10.25,0,-0.000235687
12.75,9.75,0,7.07E-05
12.75,9.25,0,-1.78E-05
12.75,8.75,0,8.34E-05
12.75,8.25,0,-4.56E-05
12.75,7.75,0,-0.000110847
12.75,7.25,0,1.01E-05
12.75,6.75,0,0.000108399
12.75,6.25,0,0.000347951
12.75,5.75,0,0.000641712
12.75,5.25,0,0.000334237
12.75,4.75,0,-1.05E-05
12.75,4.25,0,2.74E-05
12.75,3.75,0,6.57E-06
12.75,3.25,0,-0.000230574
12.75,2.75,0,1.24E-05
12.75,2.25,0,-1.95E-05
12.75,1.75,0,0.000780245
12.75,1.25,0,0.000828732
12.75,0.75,0,-2.56E-05
12.75,0.25,0,-0.000554026
12.75,-0.25,0,-0.000305375
12.75,-0.75,0,-0.000125982
12.75,-1.25,0,0.000113416
12.75,-1.75,0,4.91E-05
12.75,-2.25,0,0.000328624
12.75,-2.75,0,0.000579283
12.75,-3.25,0,-1.72E-05
12.75,-3.75,0,-5.88E-05
12.75,-4.25,0,-0.000114466
12.75,-4.75,0,-0.000106931
12.75,-5.25,0,9.02E-05
12.75,-5.75,0,0.000118765
12.75,-6.25,0,-6.91E-05
12.75,-6.75,0,5.06E-07
12.75,-7.25,0,-1.24E-05
12.75,-7.75,0,2.25E-05
12.75,-8.25,0,-1.55E-05
12.75,-8.75,0,8.01E-05
12.75,-9.25,0,0.000315679
12.75,-9.75,0,-0.001059834
12.75,-10.25,0,-0.000318929
12.75,-10.75,0,-0.000628691
12.75,-11.25,0,0.000181499
12.75,-11.75,0,0.000403111
12.75,-12.25,0,0.000362448
12.75,-12.75,0,0.000184315
12.75,-13.25,0,0.00019129
12.75,-13.75,0,9.86E-06
12.75,-14.25,0,0.00022695
12.75,-14.75,0,-0.000939935
13.25,14.75,0,-0.00065666
13.25,14.25,0,-0.000216101
13.25,13.75,0,4.48E-05
13.25,13.25,0,0.000321505
13.25,12.75,0,0.000270844
13.25,12.25,0,-0.000228937
13.25,11.75,0,0.00023011
13.25,11.25,0,0.000536136
13.25,10.75,0,5.94E-06
13.25,10.25,0,-0.000366981
13.25,9.75,0,0.001171203
13.25,9.25,0,-8.59E-05
13.25,8.75,0,6.90E-05
13.25,8.25,0,-3.32E-05
13.25,7.75,0,6.48E-06
13.25,7.25,0,0.000578977
13.25,6.75,0,-3.96E-05
13.25,6.25,0,0.000307312
13.25,5.75,0,0.000700589
13.25,5.25,0,0.000351556
13.25,4.75,0,0.000292978
13.25,4.25,0,0.000319815
13.25,3.75,0,-4.60E-05
13.25,3.25,0,-0.000127155
13.25,2.75,0,-4.01E-05
13.25,2.25,0,0.000245954
13.25,1.75,0,0.000461444
13.25,1.25,0,0.000360416
13.25,0.75,0,-0.000690364
13.25,0.25,0,-0.000283519
13.25,-0.25,0,-0.000429592
13.25,-0.75,0,-0.000589834
13.25,-1.25,0,-1.24E-05
13.25,-1.75,0,-1.27E-05
13.25,-2.25,0,0.000284264
13.25,-2.75,0,0.000339442
13.25,-3.25,0,-0.000128562
13.25,-3.75,0,-5.14E-06
13.25,-4.25,0,-1.37E-05
13.25,-4.75,0,0.000124525
13.25,-5.25,0,0.000543767
13.25,-5.75,0,-0.00030562
13.25,-6.25,0,-6.91E-05
13.25,-6.75,0,1.35E-05
13.25,-7.25,0,-0.000412423
13.25,-7.75,0,0.000228245
13.25,-8.25,0,0.000144235
13.25,-8.75,0,0.001070248
13.25,-9.25,0,0.000475467
13.25,-9.75,0,0.000185133
13.25,-10.25,0,0.000526121
13.25,-10.75,0,-3.88E-05
13.25,-11.25,0,0.000299356
13.25,-11.75,0,4.87E-05
13.25,-12.25,0,0.000252839
13.25,-12.75,0,5.31E-05
13.25,-13.25,0,-3.29E-05
13.25,-13.75,0,-0.000142569
13.25,-14.25,0,2.05E-05
13.25,-14.75,0,-9.85E-05
13.75,14.75,0,-8.71E-05
13.75,14.25,0,-2.91E-05
13.75,13.75,0,3.55E-05
13.75,13.25,0,0.000207639
13.75,12.75,0,0.00031764
13.75,12.25,0,5.83E-05
13.75,11.75,0,1.11E-05
13.75,11.25,0,8.33E-06
13.75,10.75,0,0.000348061
13.75,10.25,0,8.48E-07
13.75,9.75,0,-4.02E-05
13.75,9.25,0,-0.000371045
13.75,8.75,0,-4.23E-05
13.75,8.25,0,8.80E-06
13.75,7.75,0,-2.31E-05
13.75,7.25,0,1.64E-05
13.75,6.75,0,-0.000530715
13.75,6.25,0,-0.000207684
13.75,5.75,0,-0.00042353
13.75,5.25,0,-1.64E-06
13.75,4.75,0,0.000227233
13.75,4.25,0,-3.93E-05
13.75,3.75,0,-0.000497105
13.75,3.25,0,-0.00037536
13.75,2.75,0,2.57E-05
13.75,2.25,0,0.000101618
13.75,1.75,0,6.39E-05
13.75,1.25,0,0.000186718
13.75,0.75,0,-0.000447771
13.75,0.25,0,0.000362234
13.75,-0.25,0,-0.000343921
13.75,-0.75,0,3.67E-05
13.75,-1.25,0,7.92E-06
13.75,-1.75,0,-0.000127849
13.75,-2.25,0,0.000122765
13.75,-2.75,0,0.000354473
13.75,-3.25,0,-1.37E-05
13.75,-3.75,0,0.000171579
13.75,-4.25,0,0.000661713
13.75,-4.75,0,0.000564054
13.75,-5.25,0,0.000527751
13.75,-5.75,0,-0.000280929
13.75,-6.25,0,-0.000576789
13.75,-6.75,0,-0.000570437
13.75,-7.25,0,4.64E-05
13.75,-7.75,0,-0.00019173
13.75,-8.25,0,-0.000353615
13.75,-8.75,0,-0.000283499
13.75,-9.25,0,-7.06E-06
13.75,-9.75,0,-1.40E-05
13.75,-10.25,0,2.70E-05
13.75,-10.75,0,-0.00034385
13.75,-11.25,0,-6.11E-05
13.75,-11.75,0,5.09E-05
13.75,-12.25,0,0.000528431
13.75,-12.75,0,0.000482561
13.75,-13.25,0,-9.76E-06
13.75,-13.75,0,0.000467634
13.75,-14.25,0,0.000340914
13.75,-14.75,0,-0.000274371
14.25,14.75,0,-0.000136514
14.25,14.25,0,-5.49E-05
14.25,13.75,0,0.00039395
14.25,13.25,0,1.41E-05
14.25,12.75,0,0.000304912
14.25,12.25,0,6.76E-05
14.25,11.75,0,0.0008765
14.25,11.25,0,0.000507481
14.25,10.75,0,-0.00047132
14.25,10.25,0,6.86E-05
14.25,9.75,0,-0.000272558
14.25,9.25,0,-0.000836752
14.25,8.75,0,-0.000109243
14.25,8.25,0,0.000347514
14.25,7.75,0,-2.26E-06
14.25,7.25,0,0.000406478
14.25,6.75,0,8.44E-05
14.25,6.25,0,2.22E-05
14.25,5.75,0,-0.000557853
14.25,5.25,0,-0.000501696
14.25,4.75,0,-0.000130317
14.25,4.25,0,-6.41E-05
14.25,3.75,0,3.72E-06
14.25,3.25,0,0.000190792
14.25,2.75,0,-2.09E-05
14.25,2.25,0,6.73E-05
14.25,1.75,0,-0.000394694
14.25,1.25,0,-0.000358798
14.25,0.75,0,1.61E-05
14.25,0.25,0,0.001148537
14.25,-0.25,0,0.000157955
14.25,-0.75,0,-0.00079935
14.25,-1.25,0,-0.000293901
14.25,-1.75,0,-0.000258647
14.25,-2.25,0,-0.000327459
14.25,-2.75,0,0.000287719
14.25,-3.25,0,4.40E-06
14.25,-3.75,0,-0.000502193
14.25,-4.25,0,6.39E-05
14.25,-4.75,0,-8.41E-06
14.25,-5.25,0,-0.000249392
14.25,-5.75,0,-1.61E-05
14.25,-6.25,0,-0.00017155
14.25,-6.75,0,-2.89E-05
14.25,-7.25,0,-0.000189862
14.25,-7.75,0,-0.000797821
14.25,-8.25,0,-0.000244485
14.25,-8.75,0,-9.90E-05
14.25,-9.25,0,0.000110171
14.25,-9.75,0,6.28E-05
14.25,-10.25,0,-4.58E-05
14.25,-10.75,0,-4.20E-05
14.25,-11.25,0,-0.00012859
14.25,-11.75,0,3.21E-07
14.25,-12.25,0,-0.000407624
14.25,-12.75,0,4.19E-05
14.25,-13.25,0,1.13E-05
14.25,-13.75,0,9.36E-06
14.25,-14.25,0,0.000185446
14.25,-14.75,0,-0.000339448
14.75,14.75,0,6.89E-05
14.75,14.25,0,-0.000263443
14.75,13.75,0,3.63E-05
14.75,13.25,0,-1.91E-05
14.75,12.75,0,-2.89E-05
14.75,12.25,0,0.00014112
14.75,11.75,0,0.000487324
14.75,11.25,0,0.000235832
14.75,10.75,0,2.05E-06
14.75,10.25,0,-6.36E-05
14.75,9.75,0,-0.000915199
14.75,9.25,0,-0.000523669
14.75,8.75,0,0.000201499
14.75,8.25,0,4.78E-05
14.75,7.75,0,-1.91E-05
14.75,7.25,0,4.86E-05
14.75,6.75,0,5.84E-05
14.75,6.25,0,1.37E-05
14.75,5.75,0,6.59E-05
14.75,5.25,0,-0.000172227
14.75,4.75,0,-0.000459409
14.75,4.25,0,0.000145161
14.75,3.75,0,0.000617288
14.75,3.25,0,1.90E-05
14.75,2.75,0,0.000200913
14.75,2.25,0,6.35E-06
14.75,1.75,0,-2.61E-05
14.75,1.25,0,9.95E-06
14.75,0.75,0,-3.01E-05
14.75,0.25,0,0.000195946
14.75,-0.25,0,-6.08E-05
14.75,-0.75,0,-0.000174868
14.75,-1.25,0,6.28E-05
14.75,-1.75,0,0.000672969
14.75,-2.25,0,3.46E-06
14.75,-2.75,0,-9.78E-05
14.75,-3.25,0,0.000300684
14.75,-3.75,0,-7.70E-07
14.75,-4.25,0,0.000162359
14.75,-4.75,0,-9.23E-05
14.75,-5.25,0,-0.000222188
14.75,-5.75,0,-0.000243855
14.75,-6.25,0,9.09E-05
14.75,-6.75,0,5.07E-05
14.75,-7.25,0,-0.000330552
14.75,-7.75,0,-0.000245204
14.75,-8.25,0,2.37E-05
14.75,-8.75,0,-0.000147855
14.75,-9.25,0,1.47E-05
14.75,-9.75,0,-0.000437775
14.75,-10.25,0,5.71E-05
14.75,-10.75,0,-8.59E-05
14.75,-11.25,0,-8.35E-05
14.75,-11.75,0,0.000183541
14.75,-12.25,0,-0.000364015
14.75,-12.75,0,-0.000314433
14.75,-13.25,0,0.000337942
14.75,-13.75,0,-8.26E-05
14.75,-14.25,0,0.000146877
14.75,-14.75,0,0.000130665
