-14.75,14.75,0,-0.000265305
-14.75,14.25,0,-0.000388495
-14.75,13.75,0,-0.000236008
-14.75,13.25,0,0.001513235
-14.75,12.75,0,-0.001123346
-14.75,12.25,0,-0.006260173
-14.75,11.75,0,-0.006690707
-14.75,11.25,0,0.000480591
-14.75,10.75,0,-0.000159949
-14.75,10.25,0,-0.002359922
-14.75,9.75,0,-0.000831917
-14.75,9.25,0,-0.000498178
-14.75,8.75,0,0.003463508
-14.75,8.25,0,0.004739804
-14.75,7.75,0,0.0004654
-14.75,7.25,0,-0.000553443
-14.75,6.75,0,0.001946823
-14.75,6.25,0,0.004973395
-14.75,5.75,0,0.000937978
-14.75,5.25,0,3.78E-05
-14.75,4.75,0,-0.000290007
-14.75,4.25,0,-0.001257001
-14.75,3.75,0,4.18E-05
-14.75,3.25,0,-0.000286807
-14.75,2.75,0,-0.012844435
-14.75,2.25,0,-0.007874154
-14.75,1.75,0,-0.000452769
-14.75,1.25,0,-0.000386764
-14.75,0.75,0,-0.000900741
-14.75,0.25,0,-0.000213086
-14.75,-0.25,0,-0.002228444
-14.75,-0.75,0,-6.63E-05
-14.75,-1.25,0,0.000793521
-14.75,-1.75,0,-0.002862395
-14.75,-2.25,0,-0.000143651
-14.75,-2.75,0,-0.001798303
-14.75,-3.25,0,0.001410769
-14.75,-3.75,0,0.003853682
-14.75,-4.25,0,0.006577239
-14.75,-4.75,0,0.004390029
-14.75,-5.25,0,0.000838436
-14.75,-5.75,0,0.002197106
-14.75,-6.25,0,0.00092191
-14.75,-6.75,0,1.69E-05
-14.75,-7.25,0,0.002411755
-14.75,-7.75,0,0.001627618
-14.75,-8.25,0,-0.002474772
-14.75,-8.75,0,-0.000595444
-14.75,-9.25,0,-1.74E-05
-14.75,-9.75,0,0.001877591
-14.75,-10.25,0,-0.002218835
-14.75,-10.75,0,-0.00436979
-14.75,-11.25,0,-0.008734625
-14.75,-11.75,0,-0.003142014
-14.75,-12.25,0,0.00675465
-14.75,-12.75,0,0.002620406
-14.75,-13.25,0,0.003455931
-14.75,-13.75,0,8.20E-05
-14.75,-14.25,0,-0.001455543
-14.75,-14.75,0,-0.004519497
-14.25,14.75,0,-0.005602598
-14.25,14.25,0,0.002206207
-14.25,13.75,0,0.000213129
-14.25,13.25,0,-0.001433446
-14.25,12.75,0,-9.24E-05
-14.25,12.25,0,0.002866291
-14.25,11.75,0,0.000810257
-14.25,11.25,0,0.004405681
-14.25,10.75,0,-0.00057917
-14.25,10.25,0,-0.002295684
-14.25,9.75,0,0.000943191
-14.25,9.25,0,-0.00274975
-14.25,8.75,0,0.002718499
-14.25,8.25,0,0.005312362
-14.25,7.75,0,0.000883615
-14.25,7.25,0,0.00243029
-14.25,6.75,0,0.004360654
-14.25,6.25,0,0.000248253
-14.25,5.75,0,0.000576766
-14.25,5.25,0,0.000461924
-14.25,4.75,0,0.001071664
-14.25,4.25,0,0.009686453
-14.25,3.75,0,0.002714939
-14.25,3.25,0,0.003188082
-14.25,2.75,0,-0.001418231
-14.25,2.25,0,-0.000735133
-14.25,1.75,0,0.000842002
-14.25,1.25,0,0.000293735
-14.25,0.75,0,-0.001587641
-14.25,0.25,0,0.001674938
-14.25,-0.25,0,0.000504218
-14.25,-0.75,0,0.000220995
-14.25,-1.25,0,0.000106244
-14.25,-1.75,0,-0.001947979
-14.25,-2.25,0,-1.58E-05
-14.25,-2.75,0,-0.004062915
-14.25,-3.25,0,-6.09E-05
-14.25,-3.75,0,0.002083801
-14.25,-4.25,0,0.004264315
-14.25,-4.75,0,0.004694972
-14.25,-5.25,0,0.000241934
-14.25,-5.75,0,0.001431815
-14.25,-6.25,0,-0.001461195
-14.25,-6.75,0,-0.002372252
-14.25,-7.25,0,-0.00056573
-14.25,-7.75,0,-0.000382939
-14.25,-8.25,0,-0.006036533
-14.25,-8.75,0,-0.001978647
-14.25,-9.25,0,-0.002177542
-14.25,-9.75,0,-0.00446697
-14.25,-10.25,0,0.000410929
-14.25,-10.75,0,-0.002546971
-14.25,-11.25,0,-0.002328162
-14.25,-11.75,0,0.003002696
-14.25,-12.25,0,0.003552275
-14.25,-12.75,0,0.001190588
-14.25,-13.25,0,0.000816076
-14.25,-13.75,0,0.00286238
-14.25,-14.25,0,-0.003069434
-14.25,-14.75,0,-0.00327968
-13.75,14.75,0,-0.001856161
-13.75,14.25,0,-0.001880224
-13.75,13.75,0,-0.000127885
-13.75,13.25,0,-0.002156615
-13.75,12.75,0,-8.46E-05
-13.75,12.25,0,0.001554216
-13.75,11.75,0,0.002930651
-13.75,11.25,0,0.001090969
-13.75,10.75,0,-0.00258571
-13.75,10.25,0,-0.002405304
-13.75,9.75,0,-0.000301943
-13.75,9.25,0,0.002255593
-13.75,8.75,0,0.002241798
-13.75,8.25,0,0.000136041
-13.75,7.75,0,-5.99E-06
-13.75,7.25,0,0.000473079
-13.75,6.75,0,-0.002089185
-13.75,6.25,0,-0.004753966
-13.75,5.75,0,0.000941373
-13.75,5.25,0,0.001113747
-13.75,4.75,0,0.006541338
-13.75,4.25,0,0.009039943
-13.75,3.75,0,0.00411199
-13.75,3.25,0,-8.88E-05
-13.75,2.75,0,5.41E-05
-13.75,2.25,0,0.003954244
-13.75,1.75,0,0.002479786
-13.75,1.25,0,-0.0022484
-13.75,0.75,0,-0.001655889
-13.75,0.25,0,-0.000132835
-13.75,-0.25,0,-0.001339646
-13.75,-0.75,0,0.001235447
-13.75,-1.25,0,-0.00513013
-13.75,-1.75,0,-0.004107016
-13.75,-2.25,0,-0.000423655
-13.75,-2.75,0,-0.000352075
-13.75,-3.25,0,-0.001571431
-13.75,-3.75,0,0.001720154
-13.75,-4.25,0,7.98E-05
-13.75,-4.75,0,-0.002192643
-13.75,-5.25,0,-0.001321772
-13.75,-5.75,0,-0.002902597
-13.75,-6.25,0,-0.009407648
-13.75,-6.75,0,-0.009025425
-13.75,-7.25,0,-0.001448065
-13.75,-7.75,0,-0.000907222
-13.75,-8.25,0,-0.003423162
-13.75,-8.75,0,0.000780119
-13.75,-9.25,0,0.000100676
-13.75,-9.75,0,-0.004995597
-13.75,-10.25,0,0.000127268
-13.75,-10.75,0,-0.001595697
-13.75,-11.25,0,-8.61E-05
-13.75,-11.75,0,0.001649975
-13.75,-12.25,0,0.002977828
-13.75,-12.75,0,0.004507059
-13.75,-13.25,0,0.002587102
-13.75,-13.75,0,0.001547847
-13.75,-14.25,0,-0.00064573
-13.75,-14.75,0,-0.003740399
-13.25,14.75,0,-0.003171185
-13.25,14.25,0,-0.004702575
-13.25,13.75,0,0.000176856
-13.25,13.25,0,-0.00122132
-13.25,12.75,0,-0.002141033
-13.25,12.25,0,0.00175202
-13.25,11.75,0,0.000995743
-13.25,11.25,0,0.000260501
-13.25,10.75,0,-0.000957889
-13.25,10.25,0,-0.00437471
-13.25,9.75,0,-0.003634446
-13.25,9.25,0,0.000663776
-13.25,8.75,0,0.00332156
-13.25,8.25,0,-0.000498625
-13.25,7.75,0,0.000857969
-13.25,7.25,0,0.002033593
-13.25,6.75,0,0.000700325
-13.25,6.25,0,0.001887121
-13.25,5.75,0,0.001579748
-13.25,5.25,0,-0.000164789
-13.25,4.75,0,-0.002912265
-13.25,4.25,0,-0.006414627
-13.25,3.75,0,-0.001685022
-13.25,3.25,0,-0.003354813
-13.25,2.75,0,0.000414342
-13.25,2.25,0,0.003195347
-13.25,1.75,0,-0.000555873
-13.25,1.25,0,-0.005237028
-13.25,0.75,0,-0.005134923
-13.25,0.25,0,-0.000789808
-13.25,-0.25,0,-0.000884095
-13.25,-0.75,0,0.001726037
-13.25,-1.25,0,-0.000443439
-13.25,-1.75,0,0.001535942
-13.25,-2.25,0,0.001752548
-13.25,-2.75,0,0.00251665
-13.25,-3.25,0,0.000827868
-13.25,-3.75,0,-0.000484175
-13.25,-4.25,0,-9.82E-05
-13.25,-4.75,0,-0.006817516
-13.25,-5.25,0,-0.004781192
-13.25,-5.75,0,-0.004562308
-13.25,-6.25,0,-0.006667258
-13.25,-6.75,0,-0.003110516
-13.25,-7.25,0,-0.00091152
-13.25,-7.75,0,0.007105318
-13.25,-8.25,0,0.003415384
-13.25,-8.75,0,0.003738296
-13.25,-9.25,0,0.001994478
-13.25,-9.75,0,-0.011383214
-13.25,-10.25,0,-0.004260843
-13.25,-10.75,0,-0.001467574
-13.25,-11.25,0,0.001563017
-13.25,-11.75,0,0.006779825
-13.25,-12.25,0,0.003629679
-13.25,-12.75,0,0.002187735
-13.25,-13.25,0,0.003407012
-13.25,-13.75,0,0.001294382
-13.25,-14.25,0,-0.000809409
-13.25,-14.75,0,-0.003478952
-12.75,14.75,0,-0.005908409
-12.75,14.25,0,-0.003320569
-12.75,13.75,0,-0.001392065
-12.75,13.25,0,-0.001173438
-12.75,12.75,0,-6.93E-06
-12.75,12.25,0,0.001613086
-12.75,11.75,0,-0.00348597
-12.75,11.25,0,-0.00494775
-12.75,10.75,0,-0.001200542
-12.75,10.25,0,-0.000118441
-12.75,9.75,0,0.005288299
-12.75,9.25,0,0.006204906
-12.75,8.75,0,0.010965576
-12.75,8.25,0,7.76E-05
-12.75,7.75,0,0.002037357
-12.75,7.25,0,0.001667586
-12.75,6.75,0,-1.65E-05
-12.75,6.25,0,0.002036727
-12.75,5.75,0,0.00028037
-12.75,5.25,0,-0.001706541
-12.75,4.75,0,-0.000962313
-12.75,4.25,0,-0.004740071
-12.75,3.75,0,-0.004671053
-12.75,3.25,0,-0.00304344
-12.75,2.75,0,-0.001340339
-12.75,2.25,0,-0.002485611
-12.75,1.75,0,-0.003929832
-12.75,1.25,0,-1.66E-05
-12.75,0.75,0,0.002822015
-12.75,0.25,0,0.00129274
-12.75,-0.25,0,-0.001311444
-12.75,-0.75,0,0.001854851
-12.75,-1.25,0,0.000576327
-12.75,-1.75,0,0.004513921
-12.75,-2.25,0,0.001791879
-12.75,-2.75,0,-0.001541751
-12.75,-3.25,0,2.17E-05
-12.75,-3.75,0,0.004404594
-12.75,-4.25,0,0.002851744
-12.75,-4.75,0,-0.002460023
-12.75,-5.25,0,-0.001028668
-12.75,-5.75,0,-0.002007007
-12.75,-6.25,0,-0.007000114
-12.75,-6.75,0,-0.006054052
-12.75,-7.25,0,0.002469455
-12.75,-7.75,0,0.005495757
-12.75,-8.25,0,0.005267716
-12.75,-8.75,0,0.001026442
-12.75,-9.25,0,0.003443969
-12.75,-9.75,0,-0.002720614
-12.75,-10.25,0,-0.005262001
-12.75,-10.75,0,-0.005589583
-12.75,-11.25,0,-0.000467623
-12.75,-11.75,0,0.001820926
-12.75,-12.25,0,0.004266223
-12.75,-12.75,0,2.74E-05
-12.75,-13.25,0,5.68E-05
-12.75,-13.75,0,0.001632519
-12.75,-14.25,0,0.000126412
-12.75,-14.75,0,-8.96E-05
-12.25,14.75,0,0.000767895
-12.25,14.25,0,0.000769368
-12.25,13.75,0,0.001641836
-12.25,13.25,0,0.000389129
-12.25,12.75,0,0.002513093
-12.25,12.25,0,-0.002000427
-12.25,11.75,0,-0.013007192
-12.25,11.25,0,-0.003478133
-12.25,10.75,0,0.000226706
-12.25,10.25,0,0.008476685
-12.25,9.75,0,0.009152688
-12.25,9.25,0,0.002753715
-12.25,8.75,0,0.008767226
-12.25,8.25,0,0.004363724
-12.25,7.75,0,0.003256377
-12.25,7.25,0,0.001163589
-12.25,6.75,0,-8.64E-06
-12.25,6.25,0,0.000105798
-12.25,5.75,0,0.000707361
-12.25,5.25,0,0.001593983
-12.25,4.75,0,0.00121235
-12.25,4.25,0,0.000252724
-12.25,3.75,0,-0.004433526
-12.25,3.25,0,-0.00586848
-12.25,2.75,0,-0.004454617
-12.25,2.25,0,-0.002716434
-12.25,1.75,0,0.001142375
-12.25,1.25,0,0.000132953
-12.25,0.75,0,0.004905395
-12.25,0.25,0,0.005362272
-12.25,-0.25,0,-2.45E-06
-12.25,-0.75,0,0.000992681
-12.25,-1.25,0,0.000474352
-12.25,-1.75,0,0.000464817
-12.25,-2.25,0,0.001651013
-12.25,-2.75,0,0.000384155
-12.25,-3.25,0,0.001596506
-12.25,-3.75,0,0.004430398
-12.25,-4.25,0,0.000536545
-12.25,-4.75,0,-0.0018121
-12.25,-5.25,0,-0.000215963
-12.25,-5.75,0,0.001279267
-12.25,-6.25,0,-0.00214313
-12.25,-6.75,0,-0.006039766
-12.25,-7.25,0,-0.004006574
-12.25,-7.75,0,0.006772238
-12.25,-8.25,0,0.009225573
-12.25,-8.75,0,0.005529265
-12.25,-9.25,0,0.004691474
-12.25,-9.75,0,-0.000342322
-12.25,-10.25,0,1.47E-05
-12.25,-10.75,0,-3.23E-05
-12.25,-11.25,0,0.001962356
-12.25,-11.75,0,0.000864103
-12.25,-12.25,0,0.0031595
-12.25,-12.75,0,0.00202864
-12.25,-13.25,0,0.004980416
-12.25,-13.75,0,0.004897069
-12.25,-14.25,0,0.003650438
-12.25,-14.75,0,0.001747616
-11.75,14.75,0,0.001153889
-11.75,14.25,0,0.006464783
-11.75,13.75,0,0.008864723
-11.75,13.25,0,0.001589829
-11.75,12.75,0,0.002946125
-11.75,12.25,0,-0.003739986
-11.75,11.75,0,-0.007457704
-11.75,11.25,0,-0.002236995
-11.75,10.75,0,0.002842215
-11.75,10.25,0,0.007605396
-11.75,9.75,0,0.002592773
-11.75,9.25,0,0.000755871
-11.75,8.75,0,0.003320924
-11.75,8.25,0,0.000373192
-11.75,7.75,0,0.000918358
-11.75,7.25,0,0.001647146
-11.75,6.75,0,0.002592304
-11.75,6.25,0,0.000571206
-11.75,5.75,0,-0.000339057
-11.75,5.25,0,0.002847531
-11.75,4.75,0,0.001269059
-11.75,4.25,0,0.001902311
-11.75,3.75,0,-0.00101408
-11.75,3.25,0,-0.002396437
-11.75,2.75,0,-0.005318878
-11.75,2.25,0,0.00047473
-11.75,1.75,0,0.006733038
-11.75,1.25,0,0.004681422
-11.75,0.75,0,0.010009519
-11.75,0.25,0,0.002835464
-11.75,-0.25,0,0.000993308
-11.75,-0.75,0,4.80E-05
-11.75,-1.25,0,0.000861139
-11.75,-1.75,0,0.000142933
-11.75,-2.25,0,-0.001553326
-11.75,-2.75,0,0.001560442
-11.75,-3.25,0,0.006903656
-11.75,-3.75,0,0.002760573
-11.75,-4.25,0,6.38E-05
-11.75,-4.75,0,6.76E-05
-11.75,-5.25,0,-0.007170729
-11.75,-5.75,0,-0.000896883
-11.75,-6.25,0,-0.007957986
-11.75,-6.75,0,-0.011896375
-11.75,-7.25,0,-1.11E-05
-11.75,-7.75,0,0.0016913
-11.75,-8.25,0,0.002806291
-11.75,-8.75,0,0.002171617
-11.75,-9.25,0,0.003602039
-11.75,-9.75,0,0.002355415
-11.75,-10.25,0,0.00187585
-11.75,-10.75,0,0.000785469
-11.75,-11.25,0,0.000541777
-11.75,-11.75,0,0.001680989
-11.75,-12.25,0,0.002750137
-11.75,-12.75,0,0.001226329
-11.75,-13.25,0,0.002563422
-11.75,-13.75,0,0.005424434
-11.75,-14.25,0,0.001457109
-11.75,-14.75,0,-0.001984465
-11.25,14.75,0,0.001678939
-11.25,14.25,0,0.004595967
-11.25,13.75,0,0.009281405
-11.25,13.25,0,0.003566966
-11.25,12.75,0,0.004509257
-11.25,12.25,0,-0.00610074
-11.25,11.75,0,-0.005417348
-11.25,11.25,0,-0.002600039
-11.25,10.75,0,0.00147821
-11.25,10.25,0,0.000926625
-11.25,9.75,0,0.00034091
-11.25,9.25,0,0.00355411
-11.25,8.75,0,0.003448241
-11.25,8.25,0,-1.80E-05
-11.25,7.75,0,0.001722531
-11.25,7.25,0,0.001326548
-11.25,6.75,0,0.001349338
-11.25,6.25,0,-0.00203846
-11.25,5.75,0,-0.001077953
-11.25,5.25,0,-0.000224423
-11.25,4.75,0,-9.69E-05
-11.25,4.25,0,0.001402277
-11.25,3.75,0,0.000316194
-11.25,3.25,0,0.001096075
-11.25,2.75,0,0.000414251
-11.25,2.25,0,0.005210155
-11.25,1.75,0,0.002419906
-11.25,1.25,0,0.003895935
-11.25,0.75,0,0.00562784
-11.25,0.25,0,-0.000168044
-11.25,-0.25,0,0.0050456
-11.25,-0.75,0,0.002264853
-11.25,-1.25,0,-7.13E-05
-11.25,-1.75,0,0.002686343
-11.25,-2.25,0,0.000246236
-11.25,-2.75,0,-8.72E-05
-11.25,-3.25,0,0.001793168
-11.25,-3.75,0,0.001398981
-11.25,-4.25,0,-0.001866361
-11.25,-4.75,0,0.000187458
-11.25,-5.25,0,-0.001505739
-11.25,-5.75,0,0.005367534
-11.25,-6.25,0,0.001694956
-11.25,-6.75,0,-0.000163964
-11.25,-7.25,0,0.000494192
-11.25,-7.75,0,0.00182507
-11.25,-8.25,0,0.002651151
-11.25,-8.75,0,0.004293199
-11.25,-9.25,0,0.005357356
-11.25,-9.75,0,0.004757987
-11.25,-10.25,0,-0.000782331
-11.25,-10.75,0,-0.000654311
-11.25,-11.25,0,-1.08E-05
-11.25,-11.75,0,-0.001188398
-11.25,-12.25,0,0.001005109
-11.25,-12.75,0,4.27E-05
-11.25,-13.25,0,-0.000842508
-11.25,-13.75,0,0.003134648
-11.25,-14.25,0,-0.002031772
-11.25,-14.75,0,-0.007439232
-10.75,14.75,0,0.002024501
-10.75,14.25,0,0.002373555
-10.75,13.75,0,0.000371372
-10.75,13.25,0,-0.000692965
-10.75,12.75,0,0.001699995
-10.75,12.25,0,-0.006924771
-10.75,11.75,0,-0.009233331
-10.75,11.25,0,-0.009961688
-10.75,10.75,0,-0.001051679
-10.75,10.25,0,-0.00141001
-10.75,9.75,0,0.000319442
-10.75,9.25,0,1.60E-05
-10.75,8.75,0,-4.89E-05
-10.75,8.25,0,-0.000565106
-10.75,7.75,0,0.002324428
-10.75,7.25,0,0.001494227
-10.75,6.75,0,0.002251575
-10.75,6.25,0,-0.000476322
-10.75,5.75,0,0.001163021
-10.75,5.25,0,3.80E-05
-10.75,4.75,0,0.002460383
-10.75,4.25,0,-0.000606465
-10.75,3.75,0,-0.004690402
-10.75,3.25,0,-0.000720066
-10.75,2.75,0,-0.000357476
-10.75,2.25,0,0.001409793
-10.75,1.75,0,0.002032235
-10.75,1.25,0,0.002736599
-10.75,0.75,0,5.97E-05
-10.75,0.25,0,-0.000138984
-10.75,-0.25,0,0.001624617
-10.75,-0.75,0,0.003350046
-10.75,-1.25,0,0.002349285
-10.75,-1.75,0,0.003745854
-10.75,-2.25,0,-0.001643496
-10.75,-2.75,0,-0.005223156
-10.75,-3.25,0,0.000356651
-10.75,-3.75,0,-0.00493667
-10.75,-4.25,0,-0.005079929
-10.75,-4.75,0,0.000553949
-10.75,-5.25,0,0.0013474
-10.75,-5.75,0,0.003161609
-10.75,-6.25,0,0.006325314
-10.75,-6.75,0,0.000706361
-10.75,-7.25,0,0.002087222
-10.75,-7.75,0,0.009709631
-10.75,-8.25,0,4.16E-05
-10.75,-8.75,0,0.002749533
-10.75,-9.25,0,0.002792058
-10.75,-9.75,0,1.91E-05
-10.75,-10.25,0,-3.05E-05
-10.75,-10.75,0,-0.000508587
-10.75,-11.25,0,0.001169449
-10.75,-11.75,0,0.000845662
-10.75,-12.25,0,-1.50E-05
-10.75,-12.75,0,0.002875155
-10.75,-13.25,0,-0.004215525
-10.75,-13.75,0,-0.000213605
-10.75,-14.25,0,-0.000731164
-10.75,-14.75,0,0.0013861
-10.25,14.75,0,0.000866862
-10.25,14.25,0,0.000232875
-10.25,13.75,0,0.000100732
-10.25,13.25,0,-0.001202516
-10.25,12.75,0,-0.001219943
-10.25,12.25,0,-0.00129763
-10.25,11.75,0,-0.003367137
-10.25,11.25,0,-0.002595454
-10.25,10.75,0,-0.001180413
-10.25,10.25,0,-0.003620602
-10.25,9.75,0,0.001228104
-10.25,9.25,0,-0.002285955
-10.25,8.75,0,-0.005934954
-10.25,8.25,0,-0.000314282
-10.25,7.75,0,0.000199772
-10.25,7.25,0,0.004664185
-10.25,6.75,0,0.006708198
-10.25,6.25,0,0.001486522
-10.25,5.75,0,0.004108592
-10.25,5.25,0,0.000438273
-10.25,4.75,0,-0.001005867
-10.25,4.25,0,-0.000682704
-10.25,3.75,0,-0.001364855
-10.25,3.25,0,0.002872556
-10.25,2.75,0,-0.000142599
-10.25,2.25,0,-0.000252061
-10.25,1.75,0,0.00149659
-10.25,1.25,0,0.002637598
-10.25,0.75,0,0.003813704
-10.25,0.25,0,0.000470291
-10.25,-0.25,0,-0.000775712
-10.25,-0.75,0,0.008235603
-10.25,-1.25,0,0.011742072
-10.25,-1.75,0,0.004955734
-10.25,-2.25,0,-0.002200928
-10.25,-2.75,0,-0.002393908
-10.25,-3.25,0,-0.000690558
-10.25,-3.75,0,-0.002733797
-10.25,-4.25,0,-0.001616199
-10.25,-4.75,0,-2.15E-05
-10.25,-5.25,0,0.00235518
-10.25,-5.75,0,0.003889614
-10.25,-6.25,0,0.005025446
-10.25,-6.75,0,0.002900076
-10.25,-7.25,0,-8.33E-05
-10.25,-7.75,0,-0.000587528
-10.25,-8.25,0,-6.43E-05
-10.25,-8.75,0,0.003716125
-10.25,-9.25,0,0.001008269
-10.25,-9.75,0,0.001580659
-10.25,-10.25,0,-0.001017851
-10.25,-10.75,0,0.001522854
-10.25,-11.25,0,0.002528646
-10.25,-11.75,0,0.003894314
-10.25,-12.25,0,0.00200871
-10.25,-12.75,0,0.002884121
-10.25,-13.25,0,-0.000969189
-10.25,-13.75,0,-0.00183567
-10.25,-14.25,0,0.002973793
-10.25,-14.75,0,0.005642637
-9.75,14.75,0,-0.001574915
-9.75,14.25,0,-0.0013722
-9.75,13.75,0,-0.001844326
-9.75,13.25,0,-2.27E-05
-9.75,12.75,0,0.001266703
-9.75,12.25,0,-0.004256906
-9.75,11.75,0,-0.001572537
-9.75,11.25,0,-0.00427724
-9.75,10.75,0,-0.004065644
-9.75,10.25,0,-0.002516226
-9.75,9.75,0,-0.00069494
-9.75,9.25,0,-0.001092714
-9.75,8.75,0,-0.003227094
-9.75,8.25,0,-0.00058786
-9.75,7.75,0,0.000661215
-9.75,7.25,0,0.004351409
-9.75,6.75,0,0.005474138
-9.75,6.25,0,0.004926178
-9.75,5.75,0,0.003771536
-9.75,5.25,0,2.18E-05
-9.75,4.75,0,-0.000522322
-9.75,4.25,0,0.002191294
-9.75,3.75,0,0.000312489
-9.75,3.25,0,0.000369061
-9.75,2.75,0,6.48E-05
-9.75,2.25,0,0.000358106
-9.75,1.75,0,0.005744079
-9.75,1.25,0,0.009979803
-9.75,0.75,0,0.009824683
-9.75,0.25,0,0.002751281
-9.75,-0.25,0,0.000103102
-9.75,-0.75,0,0.001313008
-9.75,-1.25,0,0.002239957
-9.75,-1.75,0,-0.000163137
-9.75,-2.25,0,-0.001199029
-9.75,-2.75,0,-0.00151213
-9.75,-3.25,0,-0.001089806
-9.75,-3.75,0,-0.000484047
-9.75,-4.25,0,0.003061473
-9.75,-4.75,0,0.003128247
-9.75,-5.25,0,0.002222669
-9.75,-5.75,0,0.004647926
-9.75,-6.25,0,0.001304387
-9.75,-6.75,0,0.001491806
-9.75,-7.25,0,6.36E-05
-9.75,-7.75,0,-0.00182309
-9.75,-8.25,0,-0.000775325
-9.75,-8.75,0,0.002119544
-9.75,-9.25,0,0.000425267
-9.75,-9.75,0,0.000623658
-9.75,-10.25,0,0.000910766
-9.75,-10.75,0,-0.000375333
-9.75,-11.25,0,-0.000685079
-9.75,-11.75,0,0.000551354
-9.75,-12.25,0,-2.45E-06
-9.75,-12.75,0,-0.000518844
-9.75,-13.25,0,0.000469478
-9.75,-13.75,0,-4.91E-05
-9.75,-14.25,0,0.002095561
-9.75,-14.75,0,-0.000311122
-9.25,14.75,0,-0.000584975
-9.25,14.25,0,-0.000414935
-9.25,13.75,0,-0.000884703
-9.25,13.25,0,0.002446139
-9.25,12.75,0,-0.001303618
-9.25,12.25,0,-0.007017177
-9.25,11.75,0,-2.61E-05
-9.25,11.25,0,-0.00878736
-9.25,10.75,0,-0.005456714
-9.25,10.25,0,-0.001830322
-9.25,9.75,0,5.53E-06
-9.25,9.25,0,-0.000389526
-9.25,8.75,0,0.000317016
-9.25,8.25,0,0.000242215
-9.25,7.75,0,-0.000129485
-9.25,7.25,0,0.002294305
-9.25,6.75,0,0.000350425
-9.25,6.25,0,0.001916685
-9.25,5.75,0,-8.32E-06
-9.25,5.25,0,6.32E-05
-9.25,4.75,0,0.006623958
-9.25,4.25,0,8.96E-05
-9.25,3.75,0,0.000686259
-9.25,3.25,0,0.001079247
-9.25,2.75,0,0.003381247
-9.25,2.25,0,0.00110235
-9.25,1.75,0,0.004197252
-9.25,1.25,0,0.000844221
-9.25,0.75,0,0.00820168
-9.25,0.25,0,0.001334044
-9.25,-0.25,0,0.000713957
-9.25,-0.75,0,-0.00091703
-9.25,-1.25,0,-0.00122684
-9.25,-1.75,0,-0.00206453
-9.25,-2.25,0,-0.004506371
-9.25,-2.75,0,-0.000208137
-9.25,-3.25,0,-0.000314278
-9.25,-3.75,0,0.004566258
-9.25,-4.25,0,0.010353086
-9.25,-4.75,0,0.000784272
-9.25,-5.25,0,0.001595022
-9.25,-5.75,0,-5.36E-05
-9.25,-6.25,0,-0.001455056
-9.25,-6.75,0,8.07E-05
-9.25,-7.25,0,-0.002451991
-9.25,-7.75,0,-0.005058648
-9.25,-8.25,0,-0.001226713
-9.25,-8.75,0,-0.000131951
-9.25,-9.25,0,-0.000268556
-9.25,-9.75,0,-0.004086184
-9.25,-10.25,0,0.000103043
-9.25,-10.75,0,-1.33E-05
-9.25,-11.25,0,-0.000348751
-9.25,-11.75,0,0.000345023
-9.25,-12.25,0,0.002672361
-9.25,-12.75,0,0.003533465
-9.25,-13.25,0,-0.000873095
-9.25,-13.75,0,0.000688681
-9.25,-14.25,0,0.000363661
-9.25,-14.75,0,-8.73E-06
-8.75,14.75,0,0.000232434
-8.75,14.25,0,-8.67E-05
-8.75,13.75,0,-8.60E-06
-8.75,13.25,0,0.002735199
-8.75,12.75,0,-0.000876727
-8.75,12.25,0,-0.001491601
-8.75,11.75,0,0.004868027
-8.75,11.25,0,-0.001561033
-8.75,10.75,0,-0.000523633
-8.75,10.25,0,0.00245669
-8.75,9.75,0,0.00233345
-8.75,9.25,0,-0.000714747
-8.75,8.75,0,-0.001128435
-8.75,8.25,0,0.001912775
-8.75,7.75,0,0.001184047
-8.75,7.25,0,0.002151818
-8.75,6.75,0,-0.000432545
-8.75,6.25,0,0.001724568
-8.75,5.75,0,-0.000860624
-8.75,5.25,0,0.000354977
-8.75,4.75,0,1.52E-05
-8.75,4.25,0,-0.000556033
-8.75,3.75,0,0.00166238
-8.75,3.25,0,0.002074957
-8.75,2.75,0,0.002804182
-8.75,2.25,0,0.002222601
-8.75,1.75,0,0.002602749
-8.75,1.25,0,0.002332509
-8.75,0.75,0,0.001332861
-8.75,0.25,0,0.000982869
-8.75,-0.25,0,0.002165287
-8.75,-0.75,0,0.001866298
-8.75,-1.25,0,0.00138786
-8.75,-1.75,0,-0.00244495
-8.75,-2.25,0,-0.003077901
-8.75,-2.75,0,0.001733824
-8.75,-3.25,0,0.001888973
-8.75,-3.75,0,0.001695162
-8.75,-4.25,0,0.001805614
-8.75,-4.75,0,0.006350914
-8.75,-5.25,0,0.005710375
-8.75,-5.75,0,0.001275368
-8.75,-6.25,0,-0.00085573
-8.75,-6.75,0,-0.000796665
-8.75,-7.25,0,-0.001507653
-8.75,-7.75,0,-0.004268903
-8.75,-8.25,0,-0.003346775
-8.75,-8.75,0,0.001700024
-8.75,-9.25,0,0.001006445
-8.75,-9.75,0,-0.000155221
-8.75,-10.25,0,0.000411218
-8.75,-10.75,0,0.003562261
-8.75,-11.25,0,0.001544343
-8.75,-11.75,0,0.01279851
-8.75,-12.25,0,0.005249341
-8.75,-12.75,0,0.004518131
-8.75,-13.25,0,0.003347227
-8.75,-13.75,0,0.00302267
-8.75,-14.25,0,0.001279995
-8.75,-14.75,0,0.000829909
-8.25,14.75,0,-0.005206202
-8.25,14.25,0,-0.000316733
-8.25,13.75,0,0.002477771
-8.25,13.25,0,1.06E-05
-8.25,12.75,0,-0.002453996
-8.25,12.25,0,-0.004659236
-8.25,11.75,0,0.000679705
-8.25,11.25,0,0.000862179
-8.25,10.75,0,0.005787088
-8.25,10.25,0,0.002066218
-8.25,9.75,0,-7.11E-06
-8.25,9.25,0,-0.001660102
-8.25,8.75,0,-0.000873082
-8.25,8.25,0,7.32E-05
-8.25,7.75,0,-0.001528012
-8.25,7.25,0,0.001094142
-8.25,6.75,0,0.000784396
-8.25,6.25,0,-0.003122986
-8.25,5.75,0,-0.000579129
-8.25,5.25,0,0.005083108
-8.25,4.75,0,-0.000391796
-8.25,4.25,0,-0.002216916
-8.25,3.75,0,-0.002442792
-8.25,3.25,0,-0.000520512
-8.25,2.75,0,-0.002027268
-8.25,2.25,0,-0.001748796
-8.25,1.75,0,-0.000895302
-8.25,1.25,0,-0.000892757
-8.25,0.75,0,-0.006388851
-8.25,0.25,0,-0.000716872
-8.25,-0.25,0,0.000732333
-8.25,-0.75,0,-0.003454674
-8.25,-1.25,0,-0.005606844
-8.25,-1.75,0,-0.002649213
-8.25,-2.25,0,-0.007884972
-8.25,-2.75,0,-0.002476452
-8.25,-3.25,0,-0.000271711
-8.25,-3.75,0,-0.001644341
-8.25,-4.25,0,-0.001360799
-8.25,-4.75,0,0.000769908
-8.25,-5.25,0,-0.000125542
-8.25,-5.75,0,-0.001595522
-8.25,-6.25,0,-0.001543331
-8.25,-6.75,0,0.004983943
-8.25,-7.25,0,0.003453205
-8.25,-7.75,0,-0.002550941
-8.25,-8.25,0,-0.001622722
-8.25,-8.75,0,0.001488124
-8.25,-9.25,0,0.003145415
-8.25,-9.75,0,0.007072975
-8.25,-10.25,0,0.001927157
-8.25,-10.75,0,-0.001956753
-8.25,-11.25,0,-0.00463559
-8.25,-11.75,0,0.003327441
-8.25,-12.25,0,0.002491747
-8.25,-12.75,0,0.00351336
-8.25,-13.25,0,0.000270615
-8.25,-13.75,0,0.001067461
-8.25,-14.25,0,0.003043587
-8.25,-14.75,0,1.29E-05
-7.75,14.75,0,-0.000915934
-7.75,14.25,0,-0.000312482
-7.75,13.75,0,0.00285628
-7.75,13.25,0,-0.000407926
-7.75,12.75,0,-0.002795695
-7.75,12.25,0,-0.001183465
-7.75,11.75,0,-0.001572388
-7.75,11.25,0,0.001799875
-7.75,10.75,0,0.003623978
-7.75,10.25,0,0.001197676
-7.75,9.75,0,-1.59E-05
-7.75,9.25,0,0.003659336
-7.75,8.75,0,0.001636518
-7.75,8.25,0,-0.000934583
-7.75,7.75,0,-0.00234798
-7.75,7.25,0,0.001873954
-7.75,6.75,0,0.001558022
-7.75,6.25,0,-0.007973324
-7.75,5.75,0,-0.000859488
-7.75,5.25,0,0.007747439
-7.75,4.75,0,0.009221159
-7.75,4.25,0,0.010446269
-7.75,3.75,0,0.006334046
-7.75,3.25,0,0.002841067
-7.75,2.75,0,0.004433987
-7.75,2.25,0,0.01364966
-7.75,1.75,0,0.004819879
-7.75,1.25,0,-0.002343523
-7.75,0.75,0,-0.008406002
-7.75,0.25,0,0.000689423
-7.75,-0.25,0,0.004823576
-7.75,-0.75,0,-0.012118942
-7.75,-1.25,0,-0.010488395
-7.75,-1.75,0,-0.002165322
-7.75,-2.25,0,0.002692135
-7.75,-2.75,0,0.00584477
-7.75,-3.25,0,0.008097384
-7.75,-3.75,0,0.000874775
-7.75,-4.25,0,-0.00287409
-7.75,-4.75,0,0.010445026
-7.75,-5.25,0,0.008048615
-7.75,-5.75,0,0.003994228
-7.75,-6.25,0,0.004394925
-7.75,-6.75,0,0.006938501
-7.75,-7.25,0,0.004341426
-7.75,-7.75,0,0.002079818
-7.75,-8.25,0,-0.000758524
-7.75,-8.75,0,0.00400936
-7.75,-9.25,0,0.005100118
-7.75,-9.75,0,-9.21E-05
-7.75,-10.25,0,-0.000377799
-7.75,-10.75,0,-0.004660827
-7.75,-11.25,0,-0.007097046
-7.75,-11.75,0,-0.000888437
-7.75,-12.25,0,0.000367285
-7.75,-12.75,0,0.001583592
-7.75,-13.25,0,0.003255454
-7.75,-13.75,0,0.011634273
-7.75,-14.25,0,0.00671519
-7.75,-14.75,0,0.00060145
-7.25,14.75,0,0.000699565
-7.25,14.25,0,0.000682606
-7.25,13.75,0,-0.004652914
-7.25,13.25,0,-0.006278687
-7.25,12.75,0,-0.002556437
-7.25,12.25,0,0.000972211
-7.25,11.75,0,0.000642187
-7.25,11.25,0,0.000529131
-7.25,10.75,0,-7.01E-05
-7.25,10.25,0,-0.000443302
-7.25,9.75,0,-0.000698617
-7.25,9.25,0,1.85E-06
-7.25,8.75,0,0.005893152
-7.25,8.25,0,0.0064539
-7.25,7.75,0,0.003754897
-7.25,7.25,0,0.00862316
-7.25,6.75,0,0.037557424
-7.25,6.25,0,0.036254801
-7.25,5.75,0,0.035798406
-7.25,5.25,0,0.041895829
-7.25,4.75,0,0.04156561
-7.25,4.25,0,0.038318059
-7.25,3.75,0,0.038585511
-7.25,3.25,0,0.043017825
-7.25,2.75,0,0.038228019
-7.25,2.25,0,0.055308381
-7.25,1.75,0,0.038927653
-7.25,1.25,0,0.03338406
-7.25,0.75,0,0.052454634
-7.25,0.25,0,0.051323572
-7.25,-0.25,0,0.048842272
-7.25,-0.75,0,0.049718338
-7.25,-1.25,0,0.047106052
-7.25,-1.75,0,0.042124899
-7.25,-2.25,0,0.047608634
-7.25,-2.75,0,0.047983974
-7.25,-3.25,0,0.050838166
-7.25,-3.75,0,0.036274668
-7.25,-4.25,0,0.038049904
-7.25,-4.75,0,0.048104405
-7.25,-5.25,0,0.046945035
-7.25,-5.75,0,0.042501144
-7.25,-6.25,0,0.062631486
-7.25,-6.75,0,0.054440448
-7.25,-7.25,0,0.017683154
-7.25,-7.75,0,0.002874131
-7.25,-8.25,0,-0.002011018
-7.25,-8.75,0,0.002668521
-7.25,-9.25,0,-0.000219361
-7.25,-9.75,0,-5.82E-05
-7.25,-10.25,0,-0.00031308
-7.25,-10.75,0,-0.00684689
-7.25,-11.25,0,-0.006465804
-7.25,-11.75,0,-1.70E-05
-7.25,-12.25,0,0.00259316
-7.25,-12.75,0,0.004326934
-7.25,-13.25,0,0.006878106
-7.25,-13.75,0,0.006888532
-7.25,-14.25,0,0.000952612
-7.25,-14.75,0,3.02E-05
-6.75,14.75,0,0.007927982
-6.75,14.25,0,-1.25E-05
-6.75,13.75,0,-0.00755136
-6.75,13.25,0,-0.009549174
-6.75,12.75,0,-1.73E-05
-6.75,12.25,0,0.003367006
-6.75,11.75,0,0.002608047
-6.75,11.25,0,-2.37E-05
-6.75,10.75,0,-0.00114413
-6.75,10.25,0,0.000205194
-6.75,9.75,0,0.00342891
-6.75,9.25,0,0.006438765
-6.75,8.75,0,0.006663171
-6.75,8.25,0,0.00618299
-6.75,7.75,0,0.002989202
-6.75,7.25,0,0.040077677
-6.75,6.75,0,0.287055723
-6.75,6.25,0,0.335376103
-6.75,5.75,0,0.337183282
-6.75,5.25,0,0.372870026
-6.75,4.75,0,0.358052068
-6.75,4.25,0,0.36234964
-6.75,3.75,0,0.325005781
-6.75,3.25,0,0.340221483
-6.75,2.75,0,0.344183764
-6.75,2.25,0,0.351920651
-6.75,1.75,0,0.353022225
-6.75,1.25,0,0.329515019
-6.75,0.75,0,0.321157794
-6.75,0.25,0,0.341808548
-6.75,-0.25,0,0.315451152
-6.75,-0.75,0,0.339189059
-6.75,-1.25,0,0.348223286
-6.75,-1.75,0,0.321983321
-6.75,-2.25,0,0.34095
-6.75,-2.75,0,0.342389891
-6.75,-3.25,0,0.327946567
-6.75,-3.75,0,0.34645724
-6.75,-4.25,0,0.333403375
-6.75,-4.75,0,0.308730949
-6.75,-5.25,0,0.338154752
-6.75,-5.75,0,0.320152002
-6.75,-6.25,0,0.340564063
-6.75,-6.75,0,0.295482154
-6.75,-7.25,0,0.057776919
-6.75,-7.75,0,0.001953041
-6.75,-8.25,0,-0.002484872
-6.75,-8.75,0,-0.001301936
-6.75,-9.25,0,-0.003275572
-6.75,-9.75,0,-0.000518911
-6.75,-10.25,0,0.001137868
-6.75,-10.75,0,-0.000571883
-6.75,-11.25,0,-0.003757247
-6.75,-11.75,0,-0.00156599
-6.75,-12.25,0,0.000158357
-6.75,-12.75,0,0.000340814
-6.75,-13.25,0,0.002937922
-6.75,-13.75,0,0.001152776
-6.75,-14.25,0,0.000798215
-6.75,-14.75,0,0.001432153
-6.25,14.75,0,0.001098353
-6.25,14.25,0,-0.000677841
-6.25,13.75,0,-0.003713126
-6.25,13.25,0,-0.001271609
-6.25,12.75,0,4.82E-05
-6.25,12.25,0,0.000118095
-6.25,11.75,0,0.002728625
-6.25,11.25,0,-0.002423215
-6.25,10.75,0,-0.000546738
-6.25,10.25,0,0.002616092
-6.25,9.75,0,0.002735017
-6.25,9.25,0,0.002015663
-6.25,8.75,0,0.00205911
-6.25,8.25,0,0.005028043
-6.25,7.75,0,0.008723205
-6.25,7.25,0,0.044903773
-6.25,6.75,0,0.370599394
-6.25,6.25,0,0.404892243
-6.25,5.75,0,0.379382157
-6.25,5.25,0,0.379682486
-6.25,4.75,0,0.386020709
-6.25,4.25,0,0.387679852
-6.25,3.75,0,0.39436542
-6.25,3.25,0,0.394014444
-6.25,2.75,0,0.41429923
-6.25,2.25,0,0.36904834
-6.25,1.75,0,0.411930822
-6.25,1.25,0,0.379387449
-6.25,0.75,0,0.401323456
-6.25,0.25,0,0.409476532
-6.25,-0.25,0,0.377536142
-6.25,-0.75,0,0.38610314
-6.25,-1.25,0,0.424005159
-6.25,-1.75,0,0.411241092
-6.25,-2.25,0,0.407960538
-6.25,-2.75,0,0.392101827
-6.25,-3.25,0,0.400646446
-6.25,-3.75,0,0.403683568
-6.25,-4.25,0,0.403624686
-6.25,-4.75,0,0.409949323
-6.25,-5.25,0,0.425467492
-6.25,-5.75,0,0.390800475
-6.25,-6.25,0,0.384883317
-6.25,-6.75,0,0.328662839
-6.25,-7.25,0,0.046391117
-6.25,-7.75,0,0.001487528
-6.25,-8.25,0,-0.003617294
-6.25,-8.75,0,-0.002108094
-6.25,-9.25,0,-0.006767097
-6.25,-9.75,0,-0.002725037
-6.25,-10.25,0,0.00078645
-6.25,-10.75,0,0.00364467
-6.25,-11.25,0,-0.001094653
-6.25,-11.75,0,-0.002282357
-6.25,-12.25,0,-0.009313534
-6.25,-12.75,0,-0.005909784
-6.25,-13.25,0,0.001728011
-6.25,-13.75,0,0.003531429
-6.25,-14.25,0,0.007922723
-6.25,-14.75,0,0.009241493
-5.75,14.75,0,-0.002436068
-5.75,14.25,0,-0.002805342
-5.75,13.75,0,1.15E-05
-5.75,13.25,0,0.000502197
-5.75,12.75,0,0.002300371
-5.75,12.25,0,0.002450145
-5.75,11.75,0,0.001668508
-5.75,11.25,0,0.000858861
-5.75,10.75,0,0.000920485
-5.75,10.25,0,0.001752079
-5.75,9.75,0,-0.001398586
-5.75,9.25,0,-0.000475434
-5.75,8.75,0,0.002628283
-5.75,8.25,0,0.00235399
-5.75,7.75,0,0.003277733
-5.75,7.25,0,0.027426894
-5.75,6.75,0,0.35042417
-5.75,6.25,0,0.393108114
-5.75,5.75,0,0.368360017
-5.75,5.25,0,0.391970313
-5.75,4.75,0,0.39681475
-5.75,4.25,0,0.382102293
-5.75,3.75,0,0.422896109
-5.75,3.25,0,0.367199572
-5.75,2.75,0,0.359840585
-5.75,2.25,0,0.376378131
-5.75,1.75,0,0.406794171
-5.75,1.25,0,0.356824978
-5.75,0.75,0,0.354259642
-5.75,0.25,0,0.407119505
-5.75,-0.25,0,0.390514649
-5.75,-0.75,0,0.368164066
-5.75,-1.25,0,0.397069904
-5.75,-1.75,0,0.408744442
-5.75,-2.25,0,0.378998107
-5.75,-2.75,0,0.391542967
-5.75,-3.25,0,0.383964325
-5.75,-3.75,0,0.408969573
-5.75,-4.25,0,0.359239515
-5.75,-4.75,0,0.383807133
-5.75,-5.25,0,0.382777925
-5.75,-5.75,0,0.384983894
-5.75,-6.25,0,0.390257861
-5.75,-6.75,0,0.343314574
-5.75,-7.25,0,0.032507539
-5.75,-7.75,0,-0.003117103
-5.75,-8.25,0,-0.004220649
-5.75,-8.75,0,-0.001908606
-5.75,-9.25,0,-0.001470226
-5.75,-9.75,0,-0.001055936
-5.75,-10.25,0,-0.000108015
-5.75,-10.75,0,0.004189486
-5.75,-11.25,0,-0.000160015
-5.75,-11.75,0,-0.007843905
-5.75,-12.25,0,-0.004564021
-5.75,-12.75,0,-0.00332248
-5.75,-13.25,0,0.001390445
-5.75,-13.75,0,0.002741129
-5.75,-14.25,0,0.000708735
-5.75,-14.75,0,0.007303291
-5.25,14.75,0,7.56E-05
-5.25,14.25,0,-0.00221146
-5.25,13.75,0,3.06E-05
-5.25,13.25,0,0.000898703
-5.25,12.75,0,0.005341351
-5.25,12.25,0,0.00621992
-5.25,11.75,0,0.001677764
-5.25,11.25,0,0.000949442
-5.25,10.75,0,-0.00051426
-5.25,10.25,0,-0.000258368
-5.25,9.75,0,-0.004443506
-5.25,9.25,0,-0.001129494
-5.25,8.75,0,0.000540456
-5.25,8.25,0,-0.002583274
-5.25,7.75,0,-0.00083451
-5.25,7.25,0,0.032538855
-5.25,6.75,0,0.343419088
-5.25,6.25,0,0.404573941
-5.25,5.75,0,0.371940009
-5.25,5.25,0,0.416721155
-5.25,4.75,0,0.395053937
-5.25,4.25,0,0.376575981
-5.25,3.75,0,0.393106001
-5.25,3.25,0,0.394474188
-5.25,2.75,0,0.388836513
-5.25,2.25,0,0.434900353
-5.25,1.75,0,0.391687704
-5.25,1.25,0,0.400337283
-5.25,0.75,0,0.397131734
-5.25,0.25,0,0.364242857
-5.25,-0.25,0,0.419227272
-5.25,-0.75,0,0.4457698
-5.25,-1.25,0,0.402105473
-5.25,-1.75,0,0.388492762
-5.25,-2.25,0,0.390609295
-5.25,-2.75,0,0.404147652
-5.25,-3.25,0,0.386628519
-5.25,-3.75,0,0.421979577
-5.25,-4.25,0,0.35430639
-5.25,-4.75,0,0.422355563
-5.25,-5.25,0,0.411812853
-5.25,-5.75,0,0.395843923
-5.25,-6.25,0,0.410905855
-5.25,-6.75,0,0.356657022
-5.25,-7.25,0,0.049608651
-5.25,-7.75,0,-0.001776144
-5.25,-8.25,0,-0.002501341
-5.25,-8.75,0,0.001323774
-5.25,-9.25,0,0.000146077
-5.25,-9.75,0,0.001608319
-5.25,-10.25,0,0.001357553
-5.25,-10.75,0,0.000629958
-5.25,-11.25,0,-1.10E-05
-5.25,-11.75,0,-0.006973287
-5.25,-12.25,0,-0.00916919
-5.25,-12.75,0,-0.012670351
-5.25,-13.25,0,0.000937617
-5.25,-13.75,0,0.00138493
-5.25,-14.25,0,0.000659539
-5.25,-14.75,0,-0.000312634
-4.75,14.75,0,0.00061664
-4.75,14.25,0,0.0034631
-4.75,13.75,0,0.012780747
-4.75,13.25,0,0.003183023
-4.75,12.75,0,0.002805826
-4.75,12.25,0,0.002337244
-4.75,11.75,0,8.85E-06
-4.75,11.25,0,0.000256046
-4.75,10.75,0,-0.000203225
-4.75,10.25,0,-2.83E-05
-4.75,9.75,0,-0.002932911
-4.75,9.25,0,-0.004227881
-4.75,8.75,0,-0.001686452
-4.75,8.25,0,0.002322406
-4.75,7.75,0,0.007397376
-4.75,7.25,0,0.046362629
-4.75,6.75,0,0.326926522
-4.75,6.25,0,0.357056316
-4.75,5.75,0,0.380951339
-4.75,5.25,0,0.409597874
-4.75,4.75,0,0.539415326
-4.75,4.25,0,0.582039954
-4.75,3.75,0,0.585050815
-4.75,3.25,0,0.587233437
-4.75,2.75,0,0.568304856
-4.75,2.25,0,0.57595202
-4.75,1.75,0,0.53470628
-4.75,1.25,0,0.572187052
-4.75,0.75,0,0.576014064
-4.75,0.25,0,0.531143839
-4.75,-0.25,0,0.537659765
-4.75,-0.75,0,0.588391916
-4.75,-1.25,0,0.523990164
-4.75,-1.75,0,0.559456097
-4.75,-2.25,0,0.566799857
-4.75,-2.75,0,0.589125877
-4.75,-3.25,0,0.604327718
-4.75,-3.75,0,0.565594419
-4.75,-4.25,0,0.570045687
-4.75,-4.75,0,0.572728936
-4.75,-5.25,0,0.441150425
-4.75,-5.75,0,0.339947672
-4.75,-6.25,0,0.369552456
-4.75,-6.75,0,0.359885419
-4.75,-7.25,0,0.051407352
-4.75,-7.75,0,0.000980333
-4.75,-8.25,0,-0.000953963
-4.75,-8.75,0,-0.000222731
-4.75,-9.25,0,-0.001011685
-4.75,-9.75,0,0.010028456
-4.75,-10.25,0,0.000851404
-4.75,-10.75,0,-0.0009429
-4.75,-11.25,0,-0.002303489
-4.75,-11.75,0,-0.001352123
-4.75,-12.25,0,-0.003040703
-4.75,-12.75,0,-0.002617264
-4.75,-13.25,0,0.000239997
-4.75,-13.75,0,0.002461682
-4.75,-14.25,0,0.004170274
-4.75,-14.75,0,0.000982634
-4.25,14.75,0,0.003374779
-4.25,14.25,0,0.000641595
-4.25,13.75,0,0.002017922
-4.25,13.25,0,0.001406944
-4.25,12.75,0,0.001002892
-4.25,12.25,0,0.000628882
-4.25,11.75,0,0.000352899
-4.25,11.25,0,-4.31E-05
-4.25,10.75,0,0.004831934
-4.25,10.25,0,0.00347052
-4.25,9.75,0,-0.002071552
-4.25,9.25,0,-0.004712883
-4.25,8.75,0,-0.006080539
-4.25,8.25,0,-0.004914978
-4.25,7.75,0,-0.003151241
-4.25,7.25,0,0.041689158
-4.25,6.75,0,0.36869024
-4.25,6.25,0,0.404941574
-4.25,5.75,0,0.39171878
-4.25,5.25,0,0.386587361
-4.25,4.75,0,0.58015088
-4.25,4.25,0,0.600883204
-4.25,3.75,0,0.578273694
-4.25,3.25,0,0.592628477
-4.25,2.75,0,0.56754111
-4.25,2.25,0,0.584621773
-4.25,1.75,0,0.570398008
-4.25,1.25,0,0.57118859
-4.25,0.75,0,0.570775631
-4.25,0.25,0,0.609929883
-4.25,-0.25,0,0.597940322
-4.25,-0.75,0,0.578051617
-4.25,-1.25,0,0.553627934
-4.25,-1.75,0,0.628537532
-4.25,-2.25,0,0.588726548
-4.25,-2.75,0,0.5786837
-4.25,-3.25,0,0.555370484
-4.25,-3.75,0,0.59086244
-4.25,-4.25,0,0.572007658
-4.25,-4.75,0,0.547401724
-4.25,-5.25,0,0.390040391
-4.25,-5.75,0,0.370061839
-4.25,-6.25,0,0.430141567
-4.25,-6.75,0,0.320724604
-4.25,-7.25,0,0.02555425
-4.25,-7.75,0,-0.006635705
-4.25,-8.25,0,-0.004227513
-4.25,-8.75,0,8.88E-05
-4.25,-9.25,0,0.00035729
-4.25,-9.75,0,0.018160867
-4.25,-10.25,0,0.0036157
-4.25,-10.75,0,0.000642906
-4.25,-11.25,0,-0.001843019
-4.25,-11.75,0,-0.000703695
-4.25,-12.25,0,-0.002024305
-4.25,-12.75,0,-0.004778321
-4.25,-13.25,0,-0.000842005
-4.25,-13.75,0,0.006790358
-4.25,-14.25,0,0.002993403
-4.25,-14.75,0,0.002218299
-3.75,14.75,0,0.002571389
-3.75,14.25,0,-0.001042779
-3.75,13.75,0,0.002190574
-3.75,13.25,0,0.001158893
-3.75,12.75,0,-0.002969178
-3.75,12.25,0,-0.004296652
-3.75,11.75,0,-0.003412976
-3.75,11.25,0,-0.002732029
-3.75,10.75,0,0.0010501
-3.75,10.25,0,0.004255576
-3.75,9.75,0,0.001388013
-3.75,9.25,0,-0.002813792
-3.75,8.75,0,-0.003080643
-3.75,8.25,0,-0.008037574
-3.75,7.75,0,0.005843326
-3.75,7.25,0,0.040534662
-3.75,6.75,0,0.340700769
-3.75,6.25,0,0.399587232
-3.75,5.75,0,0.398056806
-3.75,5.25,0,0.40398568
-3.75,4.75,0,0.555907905
-3.75,4.25,0,0.574016155
-3.75,3.75,0,0.572333939
-3.75,3.25,0,0.544631086
-3.75,2.75,0,0.590916688
-3.75,2.25,0,0.581047181
-3.75,1.75,0,0.592207165
-3.75,1.25,0,0.62160108
-3.75,0.75,0,0.610899732
-3.75,0.25,0,0.549300111
-3.75,-0.25,0,0.610106475
-3.75,-0.75,0,0.590089099
-3.75,-1.25,0,0.576031749
-3.75,-1.75,0,0.546234975
-3.75,-2.25,0,0.59434758
-3.75,-2.75,0,0.576595487
-3.75,-3.25,0,0.535954162
-3.75,-3.75,0,0.585492616
-3.75,-4.25,0,0.580955104
-3.75,-4.75,0,0.588699743
-3.75,-5.25,0,0.413957224
-3.75,-5.75,0,0.378092681
-3.75,-6.25,0,0.395452219
-3.75,-6.75,0,0.349076806
-3.75,-7.25,0,0.053677749
-3.75,-7.75,0,-0.004030612
-3.75,-8.25,0,-0.002541084
-3.75,-8.75,0,0.000940109
-3.75,-9.25,0,0.001133429
-3.75,-9.75,0,0.005723494
-3.75,-10.25,0,0.003947055
-3.75,-10.75,0,0.001057158
-3.75,-11.25,0,-0.003712923
-3.75,-11.75,0,-0.004537149
-3.75,-12.25,0,-0.001580379
-3.75,-12.75,0,0.00091508
-3.75,-13.25,0,0.000100184
-3.75,-13.75,0,0.000566485
-3.75,-14.25,0,-0.002265467
-3.75,-14.75,0,-0.005228022
-3.25,14.75,0,0.00396956
-3.25,14.25,0,0.00169514
-3.25,13.75,0,-0.000127302
-3.25,13.25,0,-0.00076686
-3.25,12.75,0,0.000521507
-3.25,12.25,0,-0.003495526
-3.25,11.75,0,-0.002510617
-3.25,11.25,0,-1.29E-05
-3.25,10.75,0,-0.000193058
-3.25,10.25,0,0.002760657
-3.25,9.75,0,0.005236236
-3.25,9.25,0,0.001168188
-3.25,8.75,0,0.001436063
-3.25,8.25,0,-0.003073986
-3.25,7.75,0,0.00201806
-3.25,7.25,0,0.037204717
-3.25,6.75,0,0.374468196
-3.25,6.25,0,0.377446489
-3.25,5.75,0,0.367647616
-3.25,5.25,0,0.405825029
-3.25,4.75,0,0.57243475
-3.25,4.25,0,0.593980873
-3.25,3.75,0,0.567443193
-3.25,3.25,0,0.575640668
-3.25,2.75,0,0.618128243
-3.25,2.25,0,0.585992445
-3.25,1.75,0,0.579043437
-3.25,1.25,0,0.56263945
-3.25,0.75,0,0.618741381
-3.25,0.25,0,0.594517611
-3.25,-0.25,0,0.596987132
-3.25,-0.75,0,0.551343249
-3.25,-1.25,0,0.625513329
-3.25,-1.75,0,0.602633043
-3.25,-2.25,0,0.604030851
-3.25,-2.75,0,0.61364898
-3.25,-3.25,0,0.564062878
-3.25,-3.75,0,0.56545472
-3.25,-4.25,0,0.562693833
-3.25,-4.75,0,0.567258459
-3.25,-5.25,0,0.409445967
-3.25,-5.75,0,0.399539794
-3.25,-6.25,0,0.387655598
-3.25,-6.75,0,0.363830423
-3.25,-7.25,0,0.050848989
-3.25,-7.75,0,0.003877106
-3.25,-8.25,0,-0.001306762
-3.25,-8.75,0,-0.005549931
-3.25,-9.25,0,-0.000493733
-3.25,-9.75,0,7.44E-05
-3.25,-10.25,0,-0.000257019
-3.25,-10.75,0,0.000114723
-3.25,-11.25,0,-0.000206837
-3.25,-11.75,0,0.000343298
-3.25,-12.25,0,-0.002220033
-3.25,-12.75,0,-0.002648237
-3.25,-13.25,0,0.003840123
-3.25,-13.75,0,-0.000152174
-3.25,-14.25,0,-0.006804795
-3.25,-14.75,0,-0.007180696
-2.75,14.75,0,0.00019391
-2.75,14.25,0,-0.000659342
-2.75,13.75,0,-0.004612682
-2.75,13.25,0,-0.001109159
-2.75,12.75,0,0.001137387
-2.75,12.25,0,0.002253803
-2.75,11.75,0,-0.001387514
-2.75,11.25,0,-0.001990344
-2.75,10.75,0,-6.41E-05
-2.75,10.25,0,0.007086937
-2.75,9.75,0,0.000483491
-2.75,9.25,0,0.000245613
-2.75,8.75,0,0.001649474
-2.75,8.25,0,-0.000831861
-2.75,7.75,0,0.006073624
-2.75,7.25,0,0.051806949
-2.75,6.75,0,0.350619823
-2.75,6.25,0,0.40238804
-2.75,5.75,0,0.398070694
-2.75,5.25,0,0.396831102
-2.75,4.75,0,0.557694485
-2.75,4.25,0,0.604632522
-2.75,3.75,0,0.608365723
-2.75,3.25,0,0.585701219
-2.75,2.75,0,0.773159262
-2.75,2.25,0,0.804435375
-2.75,1.75,0,0.757289452
-2.75,1.25,0,0.737190405
-2.75,0.75,0,0.735857134
-2.75,0.25,0,0.760745213
-2.75,-0.25,0,0.763915082
-2.75,-0.75,0,0.773413481
-2.75,-1.25,0,0.735165172
-2.75,-1.75,0,0.760149266
-2.75,-2.25,0,0.784930684
-2.75,-2.75,0,0.739675322
-2.75,-3.25,0,0.611164081
-2.75,-3.75,0,0.604199608
-2.75,-4.25,0,0.622983334
-2.75,-4.75,0,0.562391143
-2.75,-5.25,0,0.41254297
-2.75,-5.75,0,0.37988903
-2.75,-6.25,0,0.389949944
-2.75,-6.75,0,0.366547323
-2.75,-7.25,0,0.047806321
-2.75,-7.75,0,0.003191085
-2.75,-8.25,0,-0.002557753
-2.75,-8.75,0,-0.002885809
-2.75,-9.25,0,0.000643481
-2.75,-9.75,0,0.002835846
-2.75,-10.25,0,0.002012089
-2.75,-10.75,0,0.001169267
-2.75,-11.25,0,0.003807151
-2.75,-11.75,0,-0.002637147
-2.75,-12.25,0,-0.001398629
-2.75,-12.75,0,0.000459876
-2.75,-13.25,0,0.005029223
-2.75,-13.75,0,0.001343247
-2.75,-14.25,0,-0.001900455
-2.75,-14.75,0,-0.000271333
-2.25,14.75,0,-0.000515626
-2.25,14.25,0,-0.008150642
-2.25,13.75,0,-0.005539613
-2.25,13.25,0,-0.00045185
-2.25,12.75,0,0.000264898
-2.25,12.25,0,-0.002690818
-2.25,11.75,0,-0.001465274
-2.25,11.25,0,-0.003666773
-2.25,10.75,0,-0.002251609
-2.25,10.25,0,0.000570558
-2.25,9.75,0,-5.03E-05
-2.25,9.25,0,0.000256802
-2.25,8.75,0,0.002183641
-2.25,8.25,0,-0.000738943
-2.25,7.75,0,0.003427638
-2.25,7.25,0,0.045278997
-2.25,6.75,0,0.310662746
-2.25,6.25,0,0.409695149
-2.25,5.75,0,0.385468184
-2.25,5.25,0,0.402535825
-2.25,4.75,0,0.565732939
-2.25,4.25,0,0.571788574
-2.25,3.75,0,0.575513308
-2.25,3.25,0,0.565357019
-2.25,2.75,0,0.800376922
-2.25,2.25,0,0.734012062
-2.25,1.75,0,0.777560479
-2.25,1.25,0,0.79656382
-2.25,0.75,0,0.751185634
-2.25,0.25,0,0.820458693
-2.25,-0.25,0,0.724188652
-2.25,-0.75,0,0.773456353
-2.25,-1.25,0,0.747958107
-2.25,-1.75,0,0.771397811
-2.25,-2.25,0,0.806236308
-2.25,-2.75,0,0.750953216
-2.25,-3.25,0,0.56542945
-2.25,-3.75,0,0.552780782
-2.25,-4.25,0,0.572546016
-2.25,-4.75,0,0.533807372
-2.25,-5.25,0,0.400333635
-2.25,-5.75,0,0.371190002
-2.25,-6.25,0,0.400588938
-2.25,-6.75,0,0.336924296
-2.25,-7.25,0,0.034837598
-2.25,-7.75,0,0.000449425
-2.25,-8.25,0,-0.003494842
-2.25,-8.75,0,-0.001670556
-2.25,-9.25,0,0.004772138
-2.25,-9.75,0,0.002255749
-2.25,-10.25,0,0.002303254
-2.25,-10.75,0,0.003239567
-2.25,-11.25,0,0.004273531
-2.25,-11.75,0,0.002199115
-2.25,-12.25,0,0.003630317
-2.25,-12.75,0,0.002738557
-2.25,-13.25,0,0.00363726
-2.25,-13.75,0,0.000270845
-2.25,-14.25,0,0.000983965
-2.25,-14.75,0,5.44E-05
-1.75,14.75,0,2.87E-05
-1.75,14.25,0,-0.002527497
-1.75,13.75,0,-0.004142821
-1.75,13.25,0,0.00071393
-1.75,12.75,0,0.002705264
-1.75,12.25,0,0.000660343
-1.75,11.75,0,-0.001860219
-1.75,11.25,0,-0.003816506
-1.75,10.75,0,0.000640775
-1.75,10.25,0,0.001938866
-1.75,9.75,0,-0.000143669
-1.75,9.25,0,0.000525278
-1.75,8.75,0,0.000735295
-1.75,8.25,0,-0.002642396
-1.75,7.75,0,0.005765339
-1.75,7.25,0,0.044614595
-1.75,6.75,0,0.338319075
-1.75,6.25,0,0.383165289
-1.75,5.75,0,0.373877118
-1.75,5.25,0,0.400591943
-1.75,4.75,0,0.531463228
-1.75,4.25,0,0.585677123
-1.75,3.75,0,0.620778502
-1.75,3.25,0,0.588755584
-1.75,2.75,0,0.72141022
-1.75,2.25,0,0.755714823
-1.75,1.75,0,0.786201666
-1.75,1.25,0,0.792618977
-1.75,0.75,0,0.733945158
-1.75,0.25,0,0.834388584
-1.75,-0.25,0,0.791843418
-1.75,-0.75,0,0.810464022
-1.75,-1.25,0,0.770008436
-1.75,-1.75,0,0.804052932
-1.75,-2.25,0,0.767754356
-1.75,-2.75,0,0.747945952
-1.75,-3.25,0,0.586737142
-1.75,-3.75,0,0.586410025
-1.75,-4.25,0,0.599126988
-1.75,-4.75,0,0.59634135
-1.75,-5.25,0,0.410597272
-1.75,-5.75,0,0.359958866
-1.75,-6.25,0,0.399157535
-1.75,-6.75,0,0.323797769
-1.75,-7.25,0,0.031492107
-1.75,-7.75,0,-0.000210943
-1.75,-8.25,0,-0.00065528
-1.75,-8.75,0,-0.000152459
-1.75,-9.25,0,-9.38E-05
-1.75,-9.75,0,0.000369741
-1.75,-10.25,0,0.003009407
-1.75,-10.75,0,0.001285862
-1.75,-11.25,0,0.006161017
-1.75,-11.75,0,0.002412079
-1.75,-12.25,0,0.000366717
-1.75,-12.75,0,0.001475435
-1.75,-13.25,0,0.004088692
-1.75,-13.75,0,0.003764947
-1.75,-14.25,0,0.001098563
-1.75,-14.75,0,0.000249088
-1.25,14.75,0,-0.003336829
-1.25,14.25,0,-0.002465311
-1.25,13.75,0,-0.000923683
-1.25,13.25,0,5.70E-07
-1.25,12.75,0,1.68E-05
-1.25,12.25,0,0.003533155
-1.25,11.75,0,0.009276319
-1.25,11.25,0,0.000199812
-1.25,10.75,0,4.65E-05
-1.25,10.25,0,0.000481575
-1.25,9.75,0,4.24E-05
-1.25,9.25,0,-0.000133352
-1.25,8.75,0,0.002319199
-1.25,8.25,0,0.000862763
-1.25,7.75,0,0.000854197
-1.25,7.25,0,0.035979697
-1.25,6.75,0,0.355235558
-1.25,6.25,0,0.387357644
-1.25,5.75,0,0.381207194
-1.25,5.25,0,0.399571536
-1.25,4.75,0,0.627878766
-1.25,4.25,0,0.596076442
-1.25,3.75,0,0.544857337
-1.25,3.25,0,0.64030578
-1.25,2.75,0,0.763252822
-1.25,2.25,0,0.76927889
-1.25,1.75,0,0.843750363
-1.25,1.25,0,0.765818442
-1.25,0.75,0,0.756878538
-1.25,0.25,0,0.737171198
-1.25,-0.25,0,0.770628474
-1.25,-0.75,0,0.736033498
-1.25,-1.25,0,0.737590876
-1.25,-1.75,0,0.791258844
-1.25,-2.25,0,0.779006023
-1.25,-2.75,0,0.768791625
-1.25,-3.25,0,0.618692584
-1.25,-3.75,0,0.550852355
-1.25,-4.25,0,0.56481863
-1.25,-4.75,0,0.55498747
-1.25,-5.25,0,0.416990907
-1.25,-5.75,0,0.393538973
-1.25,-6.25,0,0.393382516
-1.25,-6.75,0,0.364901674
-1.25,-7.25,0,0.047106561
-1.25,-7.75,0,0.007175053
-1.25,-8.25,0,-0.000198127
-1.25,-8.75,0,-0.001800968
-1.25,-9.25,0,5.47E-05
-1.25,-9.75,0,0.000322798
-1.25,-10.25,0,0.003954314
-1.25,-10.75,0,-0.000753878
-1.25,-11.25,0,0.002549024
-1.25,-11.75,0,0.000516673
-1.25,-12.25,0,0.000898103
-1.25,-12.75,0,0.002628499
-1.25,-13.25,0,0.007835168
-1.25,-13.75,0,0.007417245
-1.25,-14.25,0,0.007926818
-1.25,-14.75,0,0.007386032
-0.75,14.75,0,-0.000877113
-0.75,14.25,0,-0.000139058
-0.75,13.75,0,0.000166451
-0.75,13.25,0,0.001716174
-0.75,12.75,0,3.71E-05
-0.75,12.25,0,0.000898772
-0.75,11.75,0,0.008525778
-0.75,11.25,0,0.005658589
-0.75,10.75,0,0.005991682
-0.75,10.25,0,0.001337612
-0.75,9.75,0,0.00467093
-0.75,9.25,0,0.000997936
-0.75,8.75,0,0.002372528
-0.75,8.25,0,0.001549577
-0.75,7.75,0,0.003056169
-0.75,7.25,0,0.039948465
-0.75,6.75,0,0.324112496
-0.75,6.25,0,0.400924335
-0.75,5.75,0,0.419966029
-0.75,5.25,0,0.390824548
-0.75,4.75,0,0.579070252
-0.75,4.25,0,0.590102222
-0.75,3.75,0,0.581517566
-0.75,3.25,0,0.610563644
-0.75,2.75,0,0.753082607
-0.75,2.25,0,0.720451379
-0.75,1.75,0,0.745117786
-0.75,1.25,0,0.764245329
-0.75,0.75,0,1.01777823
-0.75,0.25,0,0.950868099
-0.75,-0.25,0,0.985991926
-0.75,-0.75,0,0.94997149
-0.75,-1.25,0,0.823803598
-0.75,-1.75,0,0.761142651
-0.75,-2.25,0,0.754328924
-0.75,-2.75,0,0.746573376
-0.75,-3.25,0,0.573076653
-0.75,-3.75,0,0.573369386
-0.75,-4.25,0,0.582531794
-0.75,-4.75,0,0.580295497
-0.75,-5.25,0,0.40011306
-0.75,-5.75,0,0.360800419
-0.75,-6.25,0,0.370587111
-0.75,-6.75,0,0.332174281
-0.75,-7.25,0,0.046044182
-0.75,-7.75,0,0.002902509
-0.75,-8.25,0,-0.001100574
-0.75,-8.75,0,0.000116813
-0.75,-9.25,0,0.000149684
-0.75,-9.75,0,0.00284487
-0.75,-10.25,0,0.001232307
-0.75,-10.75,0,-7.64E-05
-0.75,-11.25,0,-0.00046469
-0.75,-11.75,0,-0.001467583
-0.75,-12.25,0,-0.001636739
-0.75,-12.75,0,-0.003258485
-0.75,-13.25,0,-0.001232791
-0.75,-13.75,0,-0.001306291
-0.75,-14.25,0,0.000953427
-0.75,-14.75,0,0.001710585
-0.25,14.75,0,-0.000194732
-0.25,14.25,0,-0.002025554
-0.25,13.75,0,0.00296753
-0.25,13.25,0,0.004110817
-0.25,12.75,0,0.001876133
-0.25,12.25,0,0.003814848
-0.25,11.75,0,0.001042296
-0.25,11.25,0,0.000522723
-0.25,10.75,0,0.001908341
-0.25,10.25,0,0.001632037
-0.25,9.75,0,0.001612951
-0.25,9.25,0,0.001177474
-0.25,8.75,0,0.002238277
-0.25,8.25,0,0.000526188
-0.25,7.75,0,0.001378194
-0.25,7.25,0,0.038874599
-0.25,6.75,0,0.318641228
-0.25,6.25,0,0.396051322
-0.25,5.75,0,0.375999308
-0.25,5.25,0,0.418654289
-0.25,4.75,0,0.541195018
-0.25,4.25,0,0.576725877
-0.25,3.75,0,0.56818692
-0.25,3.25,0,0.588782259
-0.25,2.75,0,0.783668832
-0.25,2.25,0,0.764836134
-0.25,1.75,0,0.782096259
-0.25,1.25,0,0.798874035
-0.25,0.75,0,0.880701949
-0.25,0.25,0,0.960048459
-0.25,-0.25,0,1.02764979
-0.25,-0.75,0,0.947244758
-0.25,-1.25,0,0.797241344
-0.25,-1.75,0,0.803349799
-0.25,-2.25,0,0.78649949
-0.25,-2.75,0,0.777600083
-0.25,-3.25,0,0.571780163
-0.25,-3.75,0,0.583063514
-0.25,-4.25,0,0.620542662
-0.25,-4.75,0,0.575858143
-0.25,-5.25,0,0.397561395
-0.25,-5.75,0,0.380967402
-0.25,-6.25,0,0.407125172
-0.25,-6.75,0,0.363073841
-0.25,-7.25,0,0.044946566
-0.25,-7.75,0,0.004221138
-0.25,-8.25,0,0.000242189
-0.25,-8.75,0,0.001312056
-0.25,-9.25,0,-0.000946365
-0.25,-9.75,0,0.004139867
-0.25,-10.25,0,0.000758144
-0.25,-10.75,0,-0.000383173
-0.25,-11.25,0,-0.006791529
-0.25,-11.75,0,-0.006371304
-0.25,-12.25,0,-0.002530848
-0.25,-12.75,0,-0.001071576
-0.25,-13.25,0,-0.000916515
-0.25,-13.75,0,-0.001601978
-0.25,-14.25,0,0.000417209
-0.25,-14.75,0,-0.000387059
0.25,14.75,0,0.000611367
0.25,14.25,0,-0.000530707
0.25,13.75,0,-0.000666205
0.25,13.25,0,0.003675885
0.25,12.75,0,0.0011037
0.25,12.25,0,0.001479247
0.25,11.75,0,0.002233577
0.25,11.25,0,0.005393972
0.25,10.75,0,0.000674623
0.25,10.25,0,-0.000882579
0.25,9.75,0,-0.000301326
0.25,9.25,0,-0.000433157
0.25,8.75,0,3.91E-05
0.25,8.25,0,0.000764834
0.25,7.75,0,-3.32E-05
0.25,7.25,0,0.04806067
0.25,6.75,0,0.365845216
0.25,6.25,0,0.376098423
0.25,5.75,0,0.380162676
0.25,5.25,0,0.413239231
0.25,4.75,0,0.573339425
0.25,4.25,0,0.605008163
0.25,3.75,0,0.553890575
0.25,3.25,0,0.576972398
0.25,2.75,0,0.760588043
0.25,2.25,0,0.766190292
0.25,1.75,0,0.785362846
0.25,1.25,0,0.812015315
0.25,0.75,0,0.978572111
0.25,0.25,0,0.950818471
0.25,-0.25,0,0.96410068
0.25,-0.75,0,0.925927458
0.25,-1.25,0,0.729440837
0.25,-1.75,0,0.782855689
0.25,-2.25,0,0.768855144
0.25,-2.75,0,0.830559492
0.25,-3.25,0,0.599549853
0.25,-3.75,0,0.570328036
0.25,-4.25,0,0.550951735
0.25,-4.75,0,0.575972724
0.25,-5.25,0,0.397410791
0.25,-5.75,0,0.367771548
0.25,-6.25,0,0.369311418
0.25,-6.75,0,0.320518246
0.25,-7.25,0,0.059601019
0.25,-7.75,0,0.005324779
0.25,-8.25,0,0.002317093
0.25,-8.75,0,0.00227901
0.25,-9.25,0,-1.07E-05
0.25,-9.75,0,0.003888706
0.25,-10.25,0,0.00091683
0.25,-10.75,0,0.00024229
0.25,-11.25,0,-0.002854206
0.25,-11.75,0,0.000589613
0.25,-12.25,0,0.003162736
0.25,-12.75,0,-0.000738324
0.25,-13.25,0,-0.002479978
0.25,-13.75,0,-0.000970817
0.25,-14.25,0,0.000642152
0.25,-14.75,0,0.001860583
0.75,14.75,0,0.001686982
0.75,14.25,0,-0.000159769
0.75,13.75,0,-0.00059422
0.75,13.25,0,0.000680246
0.75,12.75,0,-0.002009287
0.75,12.25,0,0.000304123
0.75,11.75,0,0.000909486
0.75,11.25,0,0.001023195
0.75,10.75,0,0.00606131
0.75,10.25,0,0.002737194
0.75,9.75,0,0.0051938
0.75,9.25,0,0.000683333
0.75,8.75,0,0.00172636
0.75,8.25,0,-0.001875488
0.75,7.75,0,0.002612583
0.75,7.25,0,0.049344229
0.75,6.75,0,0.362030704
0.75,6.25,0,0.393192658
0.75,5.75,0,0.396281549
0.75,5.25,0,0.365785475
0.75,4.75,0,0.58003804
0.75,4.25,0,0.592231084
0.75,3.75,0,0.545493526
0.75,3.25,0,0.61832102
0.75,2.75,0,0.767858744
0.75,2.25,0,0.761451511
0.75,1.75,0,0.765482529
0.75,1.25,0,0.751065932
0.75,0.75,0,0.907928375
0.75,0.25,0,0.945219373
0.75,-0.25,0,0.991093554
0.75,-0.75,0,0.977119543
0.75,-1.25,0,0.822711161
0.75,-1.75,0,0.783882691
0.75,-2.25,0,0.7487939
0.75,-2.75,0,0.766620106
0.75,-3.25,0,0.525461489
0.75,-3.75,0,0.583339035
0.75,-4.25,0,0.595405217
0.75,-4.75,0,0.575306432
0.75,-5.25,0,0.386153161
0.75,-5.75,0,0.408984844
0.75,-6.25,0,0.41929299
0.75,-6.75,0,0.336553444
0.75,-7.25,0,0.036827972
0.75,-7.75,0,-0.000509375
0.75,-8.25,0,0.000950784
0.75,-8.75,0,0.002014752
0.75,-9.25,0,0.000222508
0.75,-9.75,0,7.65E-05
0.75,-10.25,0,0.000948696
0.75,-10.75,0,0.00391747
0.75,-11.25,0,0.003857384
0.75,-11.75,0,0.002899116
0.75,-12.25,0,0.005439488
0.75,-12.75,0,0.005418642
0.75,-13.25,0,0.000847148
0.75,-13.75,0,-0.002871865
0.75,-14.25,0,-0.00160247
0.75,-14.75,0,0.000747313
1.25,14.75,0,-2.76E-05
1.25,14.25,0,-0.001539189
1.25,13.75,0,-0.001616971
1.25,13.25,0,-0.007630356
1.25,12.75,0,-0.002778792
1.25,12.25,0,0.000513469
1.25,11.75,0,0.000469407
1.25,11.25,0,6.38E-06
1.25,10.75,0,0.000467527
1.25,10.25,0,0.008952341
1.25,9.75,0,0.010396202
1.25,9.25,0,0.006689489
1.25,8.75,0,0.001633388
1.25,8.25,0,-0.001495865
1.25,7.75,0,0.002928466
1.25,7.25,0,0.051135362
1.25,6.75,0,0.342411882
1.25,6.25,0,0.371842898
1.25,5.75,0,0.403809413
1.25,5.25,0,0.385773692
1.25,4.75,0,0.568220409
1.25,4.25,0,0.588009627
1.25,3.75,0,0.563178004
1.25,3.25,0,0.598156422
1.25,2.75,0,0.810298334
1.25,2.25,0,0.780697324
1.25,1.75,0,0.799739695
1.25,1.25,0,0.780062892
1.25,0.75,0,0.824395541
1.25,0.25,0,0.822265749
1.25,-0.25,0,0.769255447
1.25,-0.75,0,0.788052508
1.25,-1.25,0,0.739322364
1.25,-1.75,0,0.808554737
1.25,-2.25,0,0.785360554
1.25,-2.75,0,0.751257975
1.25,-3.25,0,0.629482042
1.25,-3.75,0,0.615648947
1.25,-4.25,0,0.568881942
1.25,-4.75,0,0.555491438
1.25,-5.25,0,0.37467272
1.25,-5.75,0,0.34532219
1.25,-6.25,0,0.387174122
1.25,-6.75,0,0.335053147
1.25,-7.25,0,0.055729948
1.25,-7.75,0,0.00291216
1.25,-8.25,0,-0.00434938
1.25,-8.75,0,0.001940539
1.25,-9.25,0,-0.000580581
1.25,-9.75,0,5.87E-05
1.25,-10.25,0,0.002726435
1.25,-10.75,0,0.000153646
1.25,-11.25,0,0.00025862
1.25,-11.75,0,0.000100544
1.25,-12.25,0,-0.001240347
1.25,-12.75,0,-0.000258444
1.25,-13.25,0,-0.003006116
1.25,-13.75,0,-0.00047009
1.25,-14.25,0,-0.002660082
1.25,-14.75,0,-0.001882059
1.75,14.75,0,-0.000514033
1.75,14.25,0,-0.000575575
1.75,13.75,0,-0.002297687
1.75,13.25,0,-0.00784565
1.75,12.75,0,-0.003352174
1.75,12.25,0,0.000190414
1.75,11.75,0,0.00114313
1.75,11.25,0,0.003757816
1.75,10.75,0,5.52E-05
1.75,10.25,0,0.00394808
1.75,9.75,0,0.011240878
1.75,9.25,0,0.009067304
1.75,8.75,0,0.001628071
1.75,8.25,0,-0.000355657
1.75,7.75,0,0.011896511
1.75,7.25,0,0.069769443
1.75,6.75,0,0.320294708
1.75,6.25,0,0.399178993
1.75,5.75,0,0.369780726
1.75,5.25,0,0.426703722
1.75,4.75,0,0.549083022
1.75,4.25,0,0.553117257
1.75,3.75,0,0.586997978
1.75,3.25,0,0.527374112
1.75,2.75,0,0.765452586
1.75,2.25,0,0.770564471
1.75,1.75,0,0.809995861
1.75,1.25,0,0.739651743
1.75,0.75,0,0.794404933
1.75,0.25,0,0.797588548
1.75,-0.25,0,0.748066323
1.75,-0.75,0,0.763810271
1.75,-1.25,0,0.811499766
1.75,-1.75,0,0.756651662
1.75,-2.25,0,0.758941191
1.75,-2.75,0,0.783496881
1.75,-3.25,0,0.621913908
1.75,-3.75,0,0.576450115
1.75,-4.25,0,0.577954728
1.75,-4.75,0,0.561237275
1.75,-5.25,0,0.429588029
1.75,-5.75,0,0.400142458
1.75,-6.25,0,0.408092979
1.75,-6.75,0,0.331341708
1.75,-7.25,0,0.050116581
1.75,-7.75,0,0.001179949
1.75,-8.25,0,-0.001480849
1.75,-8.75,0,0.001828153
1.75,-9.25,0,0.000162588
1.75,-9.75,0,-0.000940469
1.75,-10.25,0,-0.000439477
1.75,-10.75,0,0.001011576
1.75,-11.25,0,-0.001154235
1.75,-11.75,0,4.17E-05
1.75,-12.25,0,0.001115632
1.75,-12.75,0,-0.002274898
1.75,-13.25,0,-0.006121871
1.75,-13.75,0,-0.001058381
1.75,-14.25,0,-0.004163179
1.75,-14.75,0,-0.006354988
2.25,14.75,0,-0.00103669
2.25,14.25,0,0.001015141
2.25,13.75,0,-0.000712116
2.25,13.25,0,-0.000594055
2.25,12.75,0,0.000633556
2.25,12.25,0,0.003678947
2.25,11.75,0,0.002376513
2.25,11.25,0,0.002303061
2.25,10.75,0,3.62E-05
2.25,10.25,0,0.000871764
2.25,9.75,0,0.003838968
2.25,9.25,0,0.000170516
2.25,8.75,0,6.67E-05
2.25,8.25,0,-0.002350828
2.25,7.75,0,2.19E-05
2.25,7.25,0,0.043337204
2.25,6.75,0,0.342045216
2.25,6.25,0,0.404948962
2.25,5.75,0,0.371828285
2.25,5.25,0,0.414281467
2.25,4.75,0,0.556701056
2.25,4.25,0,0.548812539
2.25,3.75,0,0.600870854
2.25,3.25,0,0.612335198
2.25,2.75,0,0.76153423
2.25,2.25,0,0.786890691
2.25,1.75,0,0.743247276
2.25,1.25,0,0.782061472
2.25,0.75,0,0.753867293
2.25,0.25,0,0.790219051
2.25,-0.25,0,0.743199349
2.25,-0.75,0,0.790447598
2.25,-1.25,0,0.786465804
2.25,-1.75,0,0.78222791
2.25,-2.25,0,0.781948235
2.25,-2.75,0,0.763275042
2.25,-3.25,0,0.590471302
2.25,-3.75,0,0.563299244
2.25,-4.25,0,0.59589473
2.25,-4.75,0,0.58007297
2.25,-5.25,0,0.428412338
2.25,-5.75,0,0.379174601
2.25,-6.25,0,0.409234163
2.25,-6.75,0,0.342118001
2.25,-7.25,0,0.033784472
2.25,-7.75,0,-9.28E-05
2.25,-8.25,0,-0.004339685
2.25,-8.75,0,0.001846248
2.25,-9.25,0,0.00334014
2.25,-9.75,0,0.002407475
2.25,-10.25,0,1.75E-05
2.25,-10.75,0,-0.00060414
2.25,-11.25,0,-0.002918445
2.25,-11.75,0,0.000802853
2.25,-12.25,0,0.00540083
2.25,-12.75,0,0.000493064
2.25,-13.25,0,-0.00030483
2.25,-13.75,0,0.000492287
2.25,-14.25,0,-0.001070231
2.25,-14.75,0,0.00026111
2.75,14.75,0,-0.000511198
2.75,14.25,0,0.001996766
2.75,13.75,0,0.000562266
2.75,13.25,0,0.000315956
2.75,12.75,0,0.004843644
2.75,12.25,0,0.000923527
2.75,11.75,0,0.001331824
2.75,11.25,0,0.001480706
2.75,10.75,0,0.00097102
2.75,10.25,0,0.001705361
2.75,9.75,0,0.000183316
2.75,9.25,0,-0.002555007
2.75,8.75,0,-0.00130835
2.75,8.25,0,-0.004147827
2.75,7.75,0,-0.001113357
2.75,7.25,0,0.049424459
2.75,6.75,0,0.319347223
2.75,6.25,0,0.388070131
2.75,5.75,0,0.373045091
2.75,5.25,0,0.403130799
2.75,4.75,0,0.588770625
2.75,4.25,0,0.600622764
2.75,3.75,0,0.582867762
2.75,3.25,0,0.584610814
2.75,2.75,0,0.74105759
2.75,2.25,0,0.776353798
2.75,1.75,0,0.768648308
2.75,1.25,0,0.760358461
2.75,0.75,0,0.77177903
2.75,0.25,0,0.80819887
2.75,-0.25,0,0.774439818
2.75,-0.75,0,0.759947442
2.75,-1.25,0,0.743143743
2.75,-1.75,0,0.736373606
2.75,-2.25,0,0.753167767
2.75,-2.75,0,0.739712133
2.75,-3.25,0,0.589167747
2.75,-3.75,0,0.559294966
2.75,-4.25,0,0.586131252
2.75,-4.75,0,0.530374306
2.75,-5.25,0,0.36494059
2.75,-5.75,0,0.355479891
2.75,-6.25,0,0.386706185
2.75,-6.75,0,0.337019159
2.75,-7.25,0,0.029801071
2.75,-7.75,0,8.61E-05
2.75,-8.25,0,-0.004649079
2.75,-8.75,0,0.0016033
2.75,-9.25,0,0.001570658
2.75,-9.75,0,0.00425426
2.75,-10.25,0,0.001066276
2.75,-10.75,0,6.20E-05
2.75,-11.25,0,0.000728171
2.75,-11.75,0,0.001756705
2.75,-12.25,0,0.002614124
2.75,-12.75,0,-9.43E-05
2.75,-13.25,0,0.000560795
2.75,-13.75,0,0.000353305
2.75,-14.25,0,-0.00218067
2.75,-14.75,0,0.003609311
3.25,14.75,0,-0.001977888
3.25,14.25,0,0.000765031
3.25,13.75,0,0.005763964
3.25,13.25,0,0.0029866
3.25,12.75,0,0.001049409
3.25,12.25,0,0.002295251
3.25,11.75,0,0.004478307
3.25,11.25,0,0.001226189
3.25,10.75,0,0.005472162
3.25,10.25,0,0.006057235
3.25,9.75,0,0.008074084
3.25,9.25,0,0.003092803
3.25,8.75,0,0.001083675
3.25,8.25,0,-0.004614161
3.25,7.75,0,0.002286936
3.25,7.25,0,0.053747188
3.25,6.75,0,0.322131678
3.25,6.25,0,0.411683549
3.25,5.75,0,0.385280951
3.25,5.25,0,0.393202304
3.25,4.75,0,0.576926017
3.25,4.25,0,0.596672349
3.25,3.75,0,0.555282333
3.25,3.25,0,0.594643805
3.25,2.75,0,0.602245131
3.25,2.25,0,0.610208594
3.25,1.75,0,0.553161355
3.25,1.25,0,0.575252732
3.25,0.75,0,0.584417673
3.25,0.25,0,0.581091035
3.25,-0.25,0,0.612268468
3.25,-0.75,0,0.559680154
3.25,-1.25,0,0.610891144
3.25,-1.75,0,0.628763793
3.25,-2.25,0,0.602986525
3.25,-2.75,0,0.597061159
3.25,-3.25,0,0.600840935
3.25,-3.75,0,0.598929306
3.25,-4.25,0,0.606397984
3.25,-4.75,0,0.566655573
3.25,-5.25,0,0.422909541
3.25,-5.75,0,0.428519859
3.25,-6.25,0,0.406077481
3.25,-6.75,0,0.345650336
3.25,-7.25,0,0.045181281
3.25,-7.75,0,0.003717276
3.25,-8.25,0,0.001141517
3.25,-8.75,0,0.002381063
3.25,-9.25,0,0.005093936
3.25,-9.75,0,0.003708643
3.25,-10.25,0,0.002504399
3.25,-10.75,0,-0.003657808
3.25,-11.25,0,-0.003225611
3.25,-11.75,0,0.000379483
3.25,-12.25,0,0.001222024
3.25,-12.75,0,0.002934817
3.25,-13.25,0,0.001574276
3.25,-13.75,0,0.003857619
3.25,-14.25,0,-0.002446877
3.25,-14.75,0,0.001777241
3.75,14.75,0,0.000616402
3.75,14.25,0,0.000969052
3.75,13.75,0,0.003669081
3.75,13.25,0,0.005516904
3.75,12.75,0,0.000130989
3.75,12.25,0,-0.002618264
3.75,11.75,0,0.000857518
3.75,11.25,0,-9.45E-06
3.75,10.75,0,0.002773089
3.75,10.25,0,0.003988951
3.75,9.75,0,0.006344326
3.75,9.25,0,0.00237904
3.75,8.75,0,0.002253807
3.75,8.25,0,-0.000607993
3.75,7.75,0,-0.0002576
3.75,7.25,0,0.057361609
3.75,6.75,0,0.331839182
3.75,6.25,0,0.414618152
3.75,5.75,0,0.378915127
3.75,5.25,0,0.387984327
3.75,4.75,0,0.58026685
3.75,4.25,0,0.555616943
3.75,3.75,0,0.577463587
3.75,3.25,0,0.576595666
3.75,2.75,0,0.5931879
3.75,2.25,0,0.603504125
3.75,1.75,0,0.565142681
3.75,1.25,0,0.602008268
3.75,0.75,0,0.614154641
3.75,0.25,0,0.593999462
3.75,-0.25,0,0.561114137
3.75,-0.75,0,0.599171115
3.75,-1.25,0,0.576405822
3.75,-1.75,0,0.606628998
3.75,-2.25,0,0.536811154
3.75,-2.75,0,0.557691254
3.75,-3.25,0,0.570091625
3.75,-3.75,0,0.545393067
3.75,-4.25,0,0.590273862
3.75,-4.75,0,0.575159286
3.75,-5.25,0,0.432205056
3.75,-5.75,0,0.379651738
3.75,-6.25,0,0.416077275
3.75,-6.75,0,0.351266399
3.75,-7.25,0,0.031045438
3.75,-7.75,0,0.001372025
3.75,-8.25,0,-0.001923547
3.75,-8.75,0,-0.001804337
3.75,-9.25,0,0.000188316
3.75,-9.75,0,8.68E-05
3.75,-10.25,0,0.001193969
3.75,-10.75,0,-0.000508468
3.75,-11.25,0,-0.00327451
3.75,-11.75,0,-0.000214263
3.75,-12.25,0,0.000532698
3.75,-12.75,0,0.001577126
3.75,-13.25,0,0.000503906
3.75,-13.75,0,-0.00207466
3.75,-14.25,0,-0.002191725
3.75,-14.75,0,0.003061965
4.25,14.75,0,0.000187074
4.25,14.25,0,0.000905983
4.25,13.75,0,0.001755833
4.25,13.25,0,0.001758495
4.25,12.75,0,0.001533554
4.25,12.25,0,-0.002125501
4.25,11.75,0,-0.002206493
4.25,11.25,0,2.10E-05
4.25,10.75,0,0.000927468
4.25,10.25,0,0.002183668
4.25,9.75,0,7.26E-05
4.25,9.25,0,0.000150551
4.25,8.75,0,0.001977897
4.25,8.25,0,0.000808276
4.25,7.75,0,0.005436321
4.25,7.25,0,0.060301692
4.25,6.75,0,0.333299198
4.25,6.25,0,0.378628722
4.25,5.75,0,0.386556474
4.25,5.25,0,0.42663393
4.25,4.75,0,0.56902274
4.25,4.25,0,0.587534487
4.25,3.75,0,0.599184915
4.25,3.25,0,0.559783415
4.25,2.75,0,0.54850004
4.25,2.25,0,0.557772537
4.25,1.75,0,0.566192572
4.25,1.25,0,0.564603406
4.25,0.75,0,0.590378015
4.25,0.25,0,0.579147249
4.25,-0.25,0,0.567148666
4.25,-0.75,0,0.58962
4.25,-1.25,0,0.548179154
4.25,-1.75,0,0.609452255
4.25,-2.25,0,0.552498363
4.25,-2.75,0,0.603765162
4.25,-3.25,0,0.61485381
4.25,-3.75,0,0.555906106
4.25,-4.25,0,0.602968767
4.25,-4.75,0,0.574459782
4.25,-5.25,0,0.379314401
4.25,-5.75,0,0.37744233
4.25,-6.25,0,0.37557784
4.25,-6.75,0,0.336794104
4.25,-7.25,0,0.024295393
4.25,-7.75,0,0.005951466
4.25,-8.25,0,0.000625575
4.25,-8.75,0,-0.001110768
4.25,-9.25,0,0.006423913
4.25,-9.75,0,0.00072456
4.25,-10.25,0,0.0023265
4.25,-10.75,0,0.000300305
4.25,-11.25,0,0.000836912
4.25,-11.75,0,1.61E-05
4.25,-12.25,0,0.004293855
4.25,-12.75,0,0.003253035
4.25,-13.25,0,-0.002475379
4.25,-13.75,0,-7.80E-06
4.25,-14.25,0,4.28E-06
4.25,-14.75,0,1.89E-05
4.75,14.75,0,-0.008201706
4.75,14.25,0,8.33E-05
4.75,13.75,0,0.002417898
4.75,13.25,0,0.002366402
4.75,12.75,0,0.000138242
4.75,12.25,0,0.000158571
4.75,11.75,0,-0.00180969
4.75,11.25,0,-0.00093018
4.75,10.75,0,-0.000612945
4.75,10.25,0,0.0026045
4.75,9.75,0,-0.000142731
4.75,9.25,0,0.009615678
4.75,8.75,0,0.005572751
4.75,8.25,0,-0.000187516
4.75,7.75,0,0.001756014
4.75,7.25,0,0.046656367
4.75,6.75,0,0.326384362
4.75,6.25,0,0.398455129
4.75,5.75,0,0.356209898
4.75,5.25,0,0.433769132
4.75,4.75,0,0.542219458
4.75,4.25,0,0.584613706
4.75,3.75,0,0.568634813
4.75,3.25,0,0.578121726
4.75,2.75,0,0.586727465
4.75,2.25,0,0.618620113
4.75,1.75,0,0.596574898
4.75,1.25,0,0.568847265
4.75,0.75,0,0.577687032
4.75,0.25,0,0.584668969
4.75,-0.25,0,0.581740852
4.75,-0.75,0,0.586666737
4.75,-1.25,0,0.54506565
4.75,-1.75,0,0.588930342
4.75,-2.25,0,0.561944842
4.75,-2.75,0,0.531813677
4.75,-3.25,0,0.60808705
4.75,-3.75,0,0.570768161
4.75,-4.25,0,0.553670936
4.75,-4.75,0,0.549352091
4.75,-5.25,0,0.387747324
4.75,-5.75,0,0.382976054
4.75,-6.25,0,0.365677044
4.75,-6.75,0,0.361714079
4.75,-7.25,0,0.044461643
4.75,-7.75,0,0.009654405
4.75,-8.25,0,-0.001121137
4.75,-8.75,0,-0.000706951
4.75,-9.25,0,-0.001319881
4.75,-9.75,0,2.34E-05
4.75,-10.25,0,0.003002776
4.75,-10.75,0,-0.000364703
4.75,-11.25,0,0.001097114
4.75,-11.75,0,0.003971318
4.75,-12.25,0,0.002867702
4.75,-12.75,0,0.001582646
4.75,-13.25,0,-0.006918929
4.75,-13.75,0,-0.000619889
4.75,-14.25,0,-0.000481784
4.75,-14.75,0,0.001672467
5.25,14.75,0,-0.00291429
5.25,14.25,0,-0.001058066
5.25,13.75,0,-0.000877014
5.25,13.25,0,-0.004161588
5.25,12.75,0,-0.005888424
5.25,12.25,0,7.23E-05
5.25,11.75,0,0.003910206
5.25,11.25,0,0.00013605
5.25,10.75,0,-0.000806962
5.25,10.25,0,-0.000302617
5.25,9.75,0,-1.08E-05
5.25,9.25,0,0.001006753
5.25,8.75,0,-0.003483151
5.25,8.25,0,-0.002384979
5.25,7.75,0,0.00949526
5.25,7.25,0,0.04550868
5.25,6.75,0,0.314358735
5.25,6.25,0,0.396121788
5.25,5.75,0,0.412275147
5.25,5.25,0,0.366987947
5.25,4.75,0,0.408190745
5.25,4.25,0,0.403442098
5.25,3.75,0,0.415078468
5.25,3.25,0,0.417472557
5.25,2.75,0,0.380258387
5.25,2.25,0,0.363658303
5.25,1.75,0,0.410844265
5.25,1.25,0,0.387184321
5.25,0.75,0,0.398551562
5.25,0.25,0,0.406439834
5.25,-0.25,0,0.377600649
5.25,-0.75,0,0.420649131
5.25,-1.25,0,0.425393014
5.25,-1.75,0,0.435396006
5.25,-2.25,0,0.416252622
5.25,-2.75,0,0.383111379
5.25,-3.25,0,0.38029398
5.25,-3.75,0,0.401716344
5.25,-4.25,0,0.420538366
5.25,-4.75,0,0.415624084
5.25,-5.25,0,0.361108618
5.25,-5.75,0,0.41698821
5.25,-6.25,0,0.390105541
5.25,-6.75,0,0.336706851
5.25,-7.25,0,0.044664992
5.25,-7.75,0,0.002911828
5.25,-8.25,0,-0.001610059
5.25,-8.75,0,-0.001595157
5.25,-9.25,0,-0.00285902
5.25,-9.75,0,-0.000197039
5.25,-10.25,0,-2.07E-05
5.25,-10.75,0,0.002080674
5.25,-11.25,0,0.001374148
5.25,-11.75,0,-2.24E-05
5.25,-12.25,0,-4.46E-06
5.25,-12.75,0,-0.000663328
5.25,-13.25,0,-0.004885716
5.25,-13.75,0,-0.002448319
5.25,-14.25,0,-0.002710358
5.25,-14.75,0,-0.000444197
5.75,14.75,0,-0.00185037
5.75,14.25,0,0.001035618
5.75,13.75,0,0.002839669
5.75,13.25,0,0.000531563
5.75,12.75,0,-3.09E-05
5.75,12.25,0,0.001367429
5.75,11.75,0,-2.76E-05
5.75,11.25,0,-0.004851875
5.75,10.75,0,-0.009090856
5.75,10.25,0,-0.001162976
5.75,9.75,0,7.84E-05
5.75,9.25,0,0.000208765
5.75,8.75,0,-0.003524131
5.75,8.25,0,-0.0008888
5.75,7.75,0,0.008557719
5.75,7.25,0,0.044910047
5.75,6.75,0,0.32726666
5.75,6.25,0,0.38380509
5.75,5.75,0,0.373881714
5.75,5.25,0,0.395511255
5.75,4.75,0,0.418786136
5.75,4.25,0,0.372116709
5.75,3.75,0,0.39809388
5.75,3.25,0,0.368599769
5.75,2.75,0,0.398749146
5.75,2.25,0,0.361895513
5.75,1.75,0,0.367342207
5.75,1.25,0,0.362555225
5.75,0.75,0,0.376102827
5.75,0.25,0,0.382719532
5.75,-0.25,0,0.383569597
5.75,-0.75,0,0.373288918
5.75,-1.25,0,0.386468843
5.75,-1.75,0,0.356991118
5.75,-2.25,0,0.36375146
5.75,-2.75,0,0.386084294
5.75,-3.25,0,0.375257349
5.75,-3.75,0,0.413370509
5.75,-4.25,0,0.389271637
5.75,-4.75,0,0.389136178
5.75,-5.25,0,0.352257376
5.75,-5.75,0,0.397193046
5.75,-6.25,0,0.373914142
5.75,-6.75,0,0.331353331
5.75,-7.25,0,0.036652369
5.75,-7.75,0,0.004123444
5.75,-8.25,0,0.000291955
5.75,-8.75,0,-0.005789413
5.75,-9.25,0,-0.000614652
5.75,-9.75,0,0.002818669
5.75,-10.25,0,0.001618772
5.75,-10.75,0,0.002346586
5.75,-11.25,0,-0.000103892
5.75,-11.75,0,-0.00776745
5.75,-12.25,0,-0.005357278
5.75,-12.75,0,-0.003265626
5.75,-13.25,0,-0.003430576
5.75,-13.75,0,-0.00605921
5.75,-14.25,0,-0.010931053
5.75,-14.75,0,-0.003066864
6.25,14.75,0,-0.002565341
6.25,14.25,0,0.005040556
6.25,13.75,0,0.004506967
6.25,13.25,0,0.002152496
6.25,12.75,0,0.004775113
6.25,12.25,0,0.000721006
6.25,11.75,0,0.000791665
6.25,11.25,0,-0.002247658
6.25,10.75,0,-0.005277506
6.25,10.25,0,-0.000196956
6.25,9.75,0,-0.001787297
6.25,9.25,0,0.003417751
6.25,8.75,0,0.001006382
6.25,8.25,0,-0.002275304
6.25,7.75,0,0.001200689
6.25,7.25,0,0.051121334
6.25,6.75,0,0.373025425
6.25,6.25,0,0.419318693
6.25,5.75,0,0.359057347
6.25,5.25,0,0.39026154
6.25,4.75,0,0.399018196
6.25,4.25,0,0.394525795
6.25,3.75,0,0.398934366
6.25,3.25,0,0.388001607
6.25,2.75,0,0.424916988
6.25,2.25,0,0.397695536
6.25,1.75,0,0.399143105
6.25,1.25,0,0.410410917
6.25,0.75,0,0.410974727
6.25,0.25,0,0.410098997
6.25,-0.25,0,0.412123614
6.25,-0.75,0,0.385784025
6.25,-1.25,0,0.388291286
6.25,-1.75,0,0.402424748
6.25,-2.25,0,0.402712749
6.25,-2.75,0,0.395510645
6.25,-3.25,0,0.414959644
6.25,-3.75,0,0.39880565
6.25,-4.25,0,0.380059288
6.25,-4.75,0,0.382427007
6.25,-5.25,0,0.410752424
6.25,-5.75,0,0.424620775
6.25,-6.25,0,0.4064337
6.25,-6.75,0,0.366175714
6.25,-7.25,0,0.031021468
6.25,-7.75,0,0.004180122
6.25,-8.25,0,-0.000110931
6.25,-8.75,0,-0.001710159
6.25,-9.25,0,0.004590194
6.25,-9.75,0,0.003817211
6.25,-10.25,0,0.002961425
6.25,-10.75,0,0.001889533
6.25,-11.25,0,0.001429191
6.25,-11.75,0,-0.003254029
6.25,-12.25,0,-0.000460294
6.25,-12.75,0,-1.38E-06
6.25,-13.25,0,-4.88E-05
6.25,-13.75,0,-0.012113666
6.25,-14.25,0,-0.00535628
6.25,-14.75,0,-0.002730079
6.75,14.75,0,0.002464447
6.75,14.25,0,0.000882726
6.75,13.75,0,0.004084696
6.75,13.25,0,0.00340464
6.75,12.75,0,0.003809889
6.75,12.25,0,0.001090623
6.75,11.75,0,0.00334818
6.75,11.25,0,-3.98E-05
6.75,10.75,0,-0.001567731
6.75,10.25,0,0.004277467
6.75,9.75,0,-2.12E-05
6.75,9.25,0,0.001617988
6.75,8.75,0,0.001428849
6.75,8.25,0,-0.000838468
6.75,7.75,0,-0.000450934
6.75,7.25,0,0.038472837
6.75,6.75,0,0.273161328
6.75,6.25,0,0.343578404
6.75,5.75,0,0.34134586
6.75,5.25,0,0.339476814
6.75,4.75,0,0.347555095
6.75,4.25,0,0.325297837
6.75,3.75,0,0.368395775
6.75,3.25,0,0.327357193
6.75,2.75,0,0.322693348
6.75,2.25,0,0.353879726
6.75,1.75,0,0.31049616
6.75,1.25,0,0.350963972
6.75,0.75,0,0.367796125
6.75,0.25,0,0.311287823
6.75,-0.25,0,0.322273969
6.75,-0.75,0,0.331234102
6.75,-1.25,0,0.330039646
6.75,-1.75,0,0.304437228
6.75,-2.25,0,0.353313651
6.75,-2.75,0,0.352680577
6.75,-3.25,0,0.352659933
6.75,-3.75,0,0.320484386
6.75,-4.25,0,0.342054495
6.75,-4.75,0,0.311934093
6.75,-5.25,0,0.359912884
6.75,-5.75,0,0.33625373
6.75,-6.25,0,0.350716864
6.75,-6.75,0,0.282910032
6.75,-7.25,0,0.027397985
6.75,-7.75,0,0.001910153
6.75,-8.25,0,-0.000759302
6.75,-8.75,0,0.000817616
6.75,-9.25,0,0.006889816
6.75,-9.75,0,0.001447776
6.75,-10.25,0,0.00454455
6.75,-10.75,0,0.002164797
6.75,-11.25,0,-0.000739732
6.75,-11.75,0,-0.003708479
6.75,-12.25,0,-0.003777804
6.75,-12.75,0,0.004641713
6.75,-13.25,0,0.003620543
6.75,-13.75,0,-0.001933288
6.75,-14.25,0,-0.001602318
6.75,-14.75,0,-0.001115164
7.25,14.75,0,1.88E-05
7.25,14.25,0,0.000529788
7.25,13.75,0,0.001359769
7.25,13.25,0,1.70E-05
7.25,12.75,0,0.003272878
7.25,12.25,0,0.005105983
7.25,11.75,0,0.009557656
7.25,11.25,0,0.002373664
7.25,10.75,0,0.000201896
7.25,10.25,0,0.004003634
7.25,9.75,0,-0.000291981
7.25,9.25,0,-0.000267201
7.25,8.75,0,-0.002658565
7.25,8.25,0,-0.004846038
7.25,7.75,0,-0.003334959
7.25,7.25,0,0.009001075
7.25,6.75,0,0.050334322
7.25,6.25,0,0.046297878
7.25,5.75,0,0.05973316
7.25,5.25,0,0.066073074
7.25,4.75,0,0.062881774
7.25,4.25,0,0.038823745
7.25,3.75,0,0.062830822
7.25,3.25,0,0.035721011
7.25,2.75,0,0.037710317
7.25,2.25,0,0.060867168
7.25,1.75,0,0.039972207
7.25,1.25,0,0.032125314
7.25,0.75,0,0.053700254
7.25,0.25,0,0.036086029
7.25,-0.25,0,0.064748865
7.25,-0.75,0,0.063542342
7.25,-1.25,0,0.05351639
7.25,-1.75,0,0.053549756
7.25,-2.25,0,0.045088261
7.25,-2.75,0,0.032851172
7.25,-3.25,0,0.050176465
7.25,-3.75,0,0.042104922
7.25,-4.25,0,0.057548333
7.25,-4.75,0,0.045212134
7.25,-5.25,0,0.040298851
7.25,-5.75,0,0.03744475
7.25,-6.25,0,0.050071232
7.25,-6.75,0,0.040948424
7.25,-7.25,0,0.007077753
7.25,-7.75,0,-0.002074196
7.25,-8.25,0,-0.003554159
7.25,-8.75,0,-0.00011514
7.25,-9.25,0,0.001208524
7.25,-9.75,0,-0.000445339
7.25,-10.25,0,-0.000525908
7.25,-10.75,0,-4.09E-06
7.25,-11.25,0,0.000190229
7.25,-11.75,0,-0.001332322
7.25,-12.25,0,-0.002585062
7.25,-12.75,0,0.00220303
7.25,-13.25,0,0.003086317
7.25,-13.75,0,0.003367963
7.25,-14.25,0,-0.000996994
7.25,-14.75,0,-0.001555367
7.75,14.75,0,0.002920531
7.75,14.25,0,0.00605016
7.75,13.75,0,0.000442087
7.75,13.25,0,-0.001469996
7.75,12.75,0,0.001730782
7.75,12.25,0,-0.00082947
7.75,11.75,0,0.000644935
7.75,11.25,0,0.004846776
7.75,10.75,0,-0.001234027
7.75,10.25,0,0.0012882
7.75,9.75,0,-0.000192905
7.75,9.25,0,0.001368994
7.75,8.75,0,0.000408118
7.75,8.25,0,-0.002307622
7.75,7.75,0,-0.003091972
7.75,7.25,0,-0.002186317
7.75,6.75,0,-0.000472245
7.75,6.25,0,-0.004579216
7.75,5.75,0,-0.00481192
7.75,5.25,0,0.005938549
7.75,4.75,0,0.000247254
7.75,4.25,0,0.013888784
7.75,3.75,0,0.007884892
7.75,3.25,0,0.001505147
7.75,2.75,0,0.002588185
7.75,2.25,0,0.000694299
7.75,1.75,0,-3.80E-05
7.75,1.25,0,0.001706325
7.75,0.75,0,0.008088862
7.75,0.25,0,0.001973374
7.75,-0.25,0,0.004189674
7.75,-0.75,0,0.004636962
7.75,-1.25,0,0.002230944
7.75,-1.75,0,0.003078224
7.75,-2.25,0,0.004905752
7.75,-2.75,0,0.000480394
7.75,-3.25,0,-0.000631858
7.75,-3.75,0,0.001680351
7.75,-4.25,0,-0.003128764
7.75,-4.75,0,-0.002259317
7.75,-5.25,0,-0.005667378
7.75,-5.75,0,-0.001187875
7.75,-6.25,0,0.002134548
7.75,-6.75,0,0.004194971
7.75,-7.25,0,0.000442594
7.75,-7.75,0,-0.00244118
7.75,-8.25,0,-0.00176033
7.75,-8.75,0,0.000349374
7.75,-9.25,0,0.002544402
7.75,-9.75,0,0.000156793
7.75,-10.25,0,1.03E-05
7.75,-10.75,0,0.002251014
7.75,-11.25,0,-0.000974762
7.75,-11.75,0,-0.003120008
7.75,-12.25,0,-8.11E-05
7.75,-12.75,0,0.000441686
7.75,-13.25,0,0.005877491
7.75,-13.75,0,0.004117478
7.75,-14.25,0,0.001235561
7.75,-14.75,0,-0.002104556
8.25,14.75,0,0.001544965
8.25,14.25,0,0.00310273
8.25,13.75,0,1.11E-05
8.25,13.25,0,-0.003037276
8.25,12.75,0,0.000276403
8.25,12.25,0,-0.000248019
8.25,11.75,0,-3.05E-05
8.25,11.25,0,5.38E-06
8.25,10.75,0,-0.006002059
8.25,10.25,0,-5.62E-05
8.25,9.75,0,0.006185981
8.25,9.25,0,0.001739047
8.25,8.75,0,0.005991132
8.25,8.25,0,0.001794562
8.25,7.75,0,-0.002231893
8.25,7.25,0,-0.001245524
8.25,6.75,0,-0.003048651
8.25,6.25,0,-0.005518888
8.25,5.75,0,-0.003490441
8.25,5.25,0,-0.001329253
8.25,4.75,0,-0.000641956
8.25,4.25,0,-0.000526563
8.25,3.75,0,-0.004259358
8.25,3.25,0,-0.004620875
8.25,2.75,0,5.86E-05
8.25,2.25,0,-0.007049767
8.25,1.75,0,-0.007407567
8.25,1.25,0,-0.00062506
8.25,0.75,0,0.001127769
8.25,0.25,0,-0.000429972
8.25,-0.25,0,-0.002020293
8.25,-0.75,0,-0.004860493
8.25,-1.25,0,-0.001971373
8.25,-1.75,0,-0.000576738
8.25,-2.25,0,0.000149149
8.25,-2.75,0,0.000218839
8.25,-3.25,0,-0.004335353
8.25,-3.75,0,-0.004388181
8.25,-4.25,0,-0.003494942
8.25,-4.75,0,-0.001997897
8.25,-5.25,0,-0.004863968
8.25,-5.75,0,-0.002886744
8.25,-6.25,0,-0.00537136
8.25,-6.75,0,-0.001297543
8.25,-7.25,0,-0.00016193
8.25,-7.75,0,0.003190675
8.25,-8.25,0,-0.000495255
8.25,-8.75,0,0.001176795
8.25,-9.25,0,0.00284916
8.25,-9.75,0,0.000242132
8.25,-10.25,0,0.002525207
8.25,-10.75,0,0.006845163
8.25,-11.25,0,0.000599202
8.25,-11.75,0,-0.002321608
8.25,-12.25,0,-0.00679653
8.25,-12.75,0,-0.002592872
8.25,-13.25,0,-0.000131961
8.25,-13.75,0,0.002939853
8.25,-14.25,0,-0.000550239
8.25,-14.75,0,-0.004310487
8.75,14.75,0,0.004152363
8.75,14.25,0,0.00130229
8.75,13.75,0,0.000851203
8.75,13.25,0,0.002285235
8.75,12.75,0,-0.002908747
8.75,12.25,0,-0.003566929
8.75,11.75,0,-0.001450279
8.75,11.25,0,0.001734681
8.75,10.75,0,-0.003698757
8.75,10.25,0,5.12E-05
8.75,9.75,0,0.003614811
8.75,9.25,0,0.003698703
8.75,8.75,0,0.001736318
8.75,8.25,0,-0.000191182
8.75,7.75,0,-0.000426332
8.75,7.25,0,-0.001338702
8.75,6.75,0,-0.001363805
8.75,6.25,0,-0.001266563
8.75,5.75,0,-0.007505492
8.75,5.25,0,0.000107971
8.75,4.75,0,0.000751749
8.75,4.25,0,-0.000300206
8.75,3.75,0,-0.004657671
8.75,3.25,0,-0.002039435
8.75,2.75,0,-0.00382429
8.75,2.25,0,-0.002243461
8.75,1.75,0,-0.000249482
8.75,1.25,0,0.001842457
8.75,0.75,0,0.002192499
8.75,0.25,0,0.001302181
8.75,-0.25,0,0.000873304
8.75,-0.75,0,-0.000203976
8.75,-1.25,0,-0.001818942
8.75,-1.75,0,0.001085722
8.75,-2.25,0,0.001107944
8.75,-2.75,0,0.001531126
8.75,-3.25,0,-0.000779066
8.75,-3.75,0,-0.002347292
8.75,-4.25,0,-0.004772382
8.75,-4.75,0,-0.003411597
8.75,-5.25,0,-0.001620532
8.75,-5.75,0,-0.003081549
8.75,-6.25,0,-0.00104376
8.75,-6.75,0,0.006186475
8.75,-7.25,0,0.005053494
8.75,-7.75,0,0.005804282
8.75,-8.25,0,0.003613445
8.75,-8.75,0,-0.000354895
8.75,-9.25,0,-0.000720442
8.75,-9.75,0,5.21E-05
8.75,-10.25,0,-0.004177692
8.75,-10.75,0,0.001683207
8.75,-11.25,0,0.002556973
8.75,-11.75,0,-0.001088086
8.75,-12.25,0,-0.003278959
8.75,-12.75,0,-0.004801969
8.75,-13.25,0,-0.001364379
8.75,-13.75,0,-0.001217762
8.75,-14.25,0,0.000319069
8.75,-14.75,0,-0.001536073
9.25,14.75,0,0.000713223
9.25,14.25,0,0.002570125
9.25,13.75,0,4.22E-05
9.25,13.25,0,-1.17E-05
9.25,12.75,0,-0.001151611
9.25,12.25,0,-0.006402949
9.25,11.75,0,0.00152835
9.25,11.25,0,0.007029227
9.25,10.75,0,0.003992589
9.25,10.25,0,0.002605225
9.25,9.75,0,0.003385612
9.25,9.25,0,0.008951528
9.25,8.75,0,0.00703703
9.25,8.25,0,6.14E-05
9.25,7.75,0,0.002150484
9.25,7.25,0,0.001996446
9.25,6.75,0,0.000433402
9.25,6.25,0,0.005336191
9.25,5.75,0,-0.000744305
9.25,5.25,0,0.003326448
9.25,4.75,0,0.003702357
9.25,4.25,0,0.011044981
9.25,3.75,0,0.002853608
9.25,3.25,0,0.000497551
9.25,2.75,0,-0.000504461
9.25,2.25,0,0.000944713
9.25,1.75,0,2.99E-05
9.25,1.25,0,0.00096646
9.25,0.75,0,0.005484534
9.25,0.25,0,0.00175537
9.25,-0.25,0,0.000804622
9.25,-0.75,0,0.003904876
9.25,-1.25,0,-0.000589871
9.25,-1.75,0,0.001160781
9.25,-2.25,0,0.000839694
9.25,-2.75,0,-0.00062357
9.25,-3.25,0,-0.001369226
9.25,-3.75,0,0.002486731
9.25,-4.25,0,-0.000605869
9.25,-4.75,0,-0.001488851
9.25,-5.25,0,-0.000187459
9.25,-5.75,0,-0.001044996
9.25,-6.25,0,-0.000477253
9.25,-6.75,0,0.002041672
9.25,-7.25,0,-0.000462779
9.25,-7.75,0,-0.001398261
9.25,-8.25,0,4.17E-05
9.25,-8.75,0,-0.000152195
9.25,-9.25,0,-0.004590577
9.25,-9.75,0,-0.006811609
9.25,-10.25,0,-0.001951343
9.25,-10.75,0,3.02E-06
9.25,-11.25,0,0.001690604
9.25,-11.75,0,0.000828421
9.25,-12.25,0,0.000633869
9.25,-12.75,0,-0.001004922
9.25,-13.25,0,-0.006410991
9.25,-13.75,0,-0.002684435
9.25,-14.25,0,-0.000755386
9.25,-14.75,0,0.002074318
9.75,14.75,0,-0.002245547
9.75,14.25,0,-0.00361446
9.75,13.75,0,-0.003172335
9.75,13.25,0,-0.00254183
9.75,12.75,0,-0.003102092
9.75,12.25,0,-0.010614561
9.75,11.75,0,-0.000140259
9.75,11.25,0,0.003066388
9.75,10.75,0,0.00612108
9.75,10.25,0,0.00182703
9.75,9.75,0,0.000473126
9.75,9.25,0,0.000106858
9.75,8.75,0,0.006872798
9.75,8.25,0,0.004487717
9.75,7.75,0,0.000835842
9.75,7.25,0,-0.00036387
9.75,6.75,0,-0.001473711
9.75,6.25,0,-0.001261107
9.75,5.75,0,-0.003199168
9.75,5.25,0,0.001642757
9.75,4.75,0,0.000101537
9.75,4.25,0,0.010648899
9.75,3.75,0,0.009194793
9.75,3.25,0,-0.000156416
9.75,2.75,0,-0.000971031
9.75,2.25,0,-8.35E-05
9.75,1.75,0,0.001725791
9.75,1.25,0,0.002811594
9.75,0.75,0,0.007499806
9.75,0.25,0,0.004566629
9.75,-0.25,0,-0.000246274
9.75,-0.75,0,0.002398297
9.75,-1.25,0,0.000212507
9.75,-1.75,0,0.001169349
9.75,-2.25,0,-0.00060299
9.75,-2.75,0,-0.001956366
9.75,-3.25,0,-0.002361399
9.75,-3.75,0,0.001290727
9.75,-4.25,0,0.000784827
9.75,-4.75,0,-0.000329477
9.75,-5.25,0,0.00048845
9.75,-5.75,0,-0.001728944
9.75,-6.25,0,-0.00324917
9.75,-6.75,0,-0.002187374
9.75,-7.25,0,-0.001501159
9.75,-7.75,0,0.000826192
9.75,-8.25,0,0.002664108
9.75,-8.75,0,-0.00155171
9.75,-9.25,0,-0.001379466
9.75,-9.75,0,-0.006281338
9.75,-10.25,0,-0.00070378
9.75,-10.75,0,-0.000218212
9.75,-11.25,0,0.000344693
9.75,-11.75,0,0.001373437
9.75,-12.25,0,-1.97E-05
9.75,-12.75,0,-0.000591987
9.75,-13.25,0,-0.002440667
9.75,-13.75,0,-0.002643162
9.75,-14.25,0,-0.000114715
9.75,-14.75,0,0.001095728
10.25,14.75,0,-0.003963255
10.25,14.25,0,-0.003845393
10.25,13.75,0,-0.001205964
10.25,13.25,0,-0.002497518
10.25,12.75,0,-0.001156054
10.25,12.25,0,-0.006798702
10.25,11.75,0,-0.004036724
10.25,11.25,0,0.00145068
10.25,10.75,0,0.002659317
10.25,10.25,0,0.001755761
10.25,9.75,0,0.007155201
10.25,9.25,0,0.001586954
10.25,8.75,0,0.000647588
10.25,8.25,0,0.001831441
10.25,7.75,0,0.00121762
10.25,7.25,0,-0.000334458
10.25,6.75,0,-0.005743055
10.25,6.25,0,-0.008047278
10.25,5.75,0,-0.002133973
10.25,5.25,0,0.002570972
10.25,4.75,0,0.002743781
10.25,4.25,0,0.004911382
10.25,3.75,0,0.004731633
10.25,3.25,0,0.002005889
10.25,2.75,0,-5.72E-05
10.25,2.25,0,-0.002449598
10.25,1.75,0,-0.000861291
10.25,1.25,0,0.00029063
10.25,0.75,0,0.001541294
10.25,0.25,0,0.007082139
10.25,-0.25,0,-0.002161255
10.25,-0.75,0,0.001316695
10.25,-1.25,0,0.000945608
10.25,-1.75,0,0.000586582
10.25,-2.25,0,0.000692975
10.25,-2.75,0,0.001182918
10.25,-3.25,0,-0.000135966
10.25,-3.75,0,0.001777874
10.25,-4.25,0,2.60E-05
10.25,-4.75,0,-0.001620633
10.25,-5.25,0,-0.00068207
10.25,-5.75,0,-0.000753499
10.25,-6.25,0,-0.000136729
10.25,-6.75,0,-0.00191254
10.25,-7.25,0,-0.000546895
10.25,-7.75,0,0.005527558
10.25,-8.25,0,0.002638732
10.25,-8.75,0,3.45E-05
10.25,-9.25,0,-3.26E-05
10.25,-9.75,0,5.72E-05
10.25,-10.25,0,-0.000584857
10.25,-10.75,0,-0.001990109
10.25,-11.25,0,0.002196104
10.25,-11.75,0,0.001361669
10.25,-12.25,0,-0.000809208
10.25,-12.75,0,-0.001661652
10.25,-13.25,0,-0.001927353
10.25,-13.75,0,-0.0026294
10.25,-14.25,0,-0.000406439
10.25,-14.75,0,0.004486081
10.75,14.75,0,7.46E-05
10.75,14.25,0,-0.001014957
10.75,13.75,0,0.004756137
10.75,13.25,0,0.001246174
10.75,12.75,0,-0.000102747
10.75,12.25,0,-0.005285575
10.75,11.75,0,0.000431911
10.75,11.25,0,4.15E-05
10.75,10.75,0,-0.004105984
10.75,10.25,0,0.001347749
10.75,9.75,0,0.004660832
10.75,9.25,0,0.001214406
10.75,8.75,0,4.54E-05
10.75,8.25,0,0.00136837
10.75,7.75,0,6.75E-05
10.75,7.25,0,-9.49E-05
10.75,6.75,0,-0.000235679
10.75,6.25,0,-0.002674012
10.75,5.75,0,-0.000806501
10.75,5.25,0,0.003255908
10.75,4.75,0,0.001717034
10.75,4.25,0,0.000195792
10.75,3.75,0,0.001419686
10.75,3.25,0,-0.000921166
10.75,2.75,0,-0.00200491
10.75,2.25,0,-0.008605913
10.75,1.75,0,-0.000635679
10.75,1.25,0,0.001827187
10.75,0.75,0,5.21E-05
10.75,0.25,0,0.001313881
10.75,-0.25,0,-0.000975291
10.75,-0.75,0,0.001174603
10.75,-1.25,0,0.000743987
10.75,-1.75,0,6.08E-05
10.75,-2.25,0,0.003585298
10.75,-2.75,0,0.002289014
10.75,-3.25,0,-0.000348162
10.75,-3.75,0,0.000834446
10.75,-4.25,0,0.001412205
10.75,-4.75,0,0.000177324
10.75,-5.25,0,-0.000244777
10.75,-5.75,0,-0.007222087
10.75,-6.25,0,-0.000437838
10.75,-6.75,0,0.001521644
10.75,-7.25,0,0.001335569
10.75,-7.75,0,0.006158896
10.75,-8.25,0,0.010795822
10.75,-8.75,0,0.003084741
10.75,-9.25,0,0.001411057
10.75,-9.75,0,0.003602937
10.75,-10.25,0,0.000200532
10.75,-10.75,0,-0.00152989
10.75,-11.25,0,0.000209364
10.75,-11.75,0,0.000377706
10.75,-12.25,0,-0.001191035
10.75,-12.75,0,-0.000773393
10.75,-13.25,0,-0.00113036
10.75,-13.75,0,0.000723064
10.75,-14.25,0,0.003383948
10.75,-14.75,0,0.00298194
11.25,14.75,0,-0.001044293
11.25,14.25,0,0.002406871
11.25,13.75,0,0.003800425
11.25,13.25,0,-0.000314406
11.25,12.75,0,-0.000712387
11.25,12.25,0,-0.007637726
11.25,11.75,0,0.000587141
11.25,11.25,0,-5.13E-05
11.25,10.75,0,-0.006785409
11.25,10.25,0,-0.00390468
11.25,9.75,0,-0.001085674
11.25,9.25,0,0.001213897
11.25,8.75,0,0.007373292
11.25,8.25,0,0.005442164
11.25,7.75,0,0.006094605
11.25,7.25,0,0.005522813
11.25,6.75,0,0.001873719
11.25,6.25,0,0.000360542
11.25,5.75,0,0.001488599
11.25,5.25,0,0.010848912
11.25,4.75,0,0.002781014
11.25,4.25,0,-0.000276626
11.25,3.75,0,-0.000439813
11.25,3.25,0,9.26E-05
11.25,2.75,0,-0.000342107
11.25,2.25,0,-9.50E-05
11.25,1.75,0,0.002897393
11.25,1.25,0,0.003411069
11.25,0.75,0,0.006409697
11.25,0.25,0,0.001157067
11.25,-0.25,0,-0.000664699
11.25,-0.75,0,-0.000375664
11.25,-1.25,0,0.001509914
11.25,-1.75,0,0.006559183
11.25,-2.25,0,0.008735423
11.25,-2.75,0,0.002232141
11.25,-3.25,0,-0.002663179
11.25,-3.75,0,-0.001240427
11.25,-4.25,0,0.001440975
11.25,-4.75,0,-9.44E-05
11.25,-5.25,0,-0.000100634
11.25,-5.75,0,-0.002737578
11.25,-6.25,0,-0.000788576
11.25,-6.75,0,0.000866813
11.25,-7.25,0,-0.001913518
11.25,-7.75,0,8.45E-05
11.25,-8.25,0,0.011261002
11.25,-8.75,0,0.006833992
11.25,-9.25,0,0.005324706
11.25,-9.75,0,-2.30E-05
11.25,-10.25,0,-0.002368428
11.25,-10.75,0,0.00011682
11.25,-11.25,0,0.000109077
11.25,-11.75,0,0.001477064
11.25,-12.25,0,0.003225063
11.25,-12.75,0,0.002159275
11.25,-13.25,0,0.006188397
11.25,-13.75,0,0.004823334
11.25,-14.25,0,0.002698591
11.25,-14.75,0,0.001094011
11.75,14.75,0,1.68E-05
11.75,14.25,0,0.00658294
11.75,13.75,0,0.005983783
11.75,13.25,0,0.002585536
11.75,12.75,0,-0.00155448
11.75,12.25,0,-0.00582521
11.75,11.75,0,-0.000812935
11.75,11.25,0,-0.00017137
11.75,10.75,0,-0.003905082
11.75,10.25,0,-0.00406864
11.75,9.75,0,0.00313918
11.75,9.25,0,0.010836962
11.75,8.75,0,0.009052383
11.75,8.25,0,0.003123176
11.75,7.75,0,0.005915931
11.75,7.25,0,0.003734491
11.75,6.75,0,0.004251691
11.75,6.25,0,6.26E-05
11.75,5.75,0,0.002001183
11.75,5.25,0,0.006559813
11.75,4.75,0,0.001999695
11.75,4.25,0,-0.000104125
11.75,3.75,0,0.002307963
11.75,3.25,0,0.000133521
11.75,2.75,0,-0.000176584
11.75,2.25,0,-3.22E-05
11.75,1.75,0,3.97E-05
11.75,1.25,0,0.002775841
11.75,0.75,0,0.006502318
11.75,0.25,0,0.005402802
11.75,-0.25,0,0.002440025
11.75,-0.75,0,3.40E-05
11.75,-1.25,0,0.000664075
11.75,-1.75,0,0.004562848
11.75,-2.25,0,0.010884733
11.75,-2.75,0,0.004963508
11.75,-3.25,0,-0.004891015
11.75,-3.75,0,-0.002887532
11.75,-4.25,0,-0.000268291
11.75,-4.75,0,0.002018075
11.75,-5.25,0,0.002871007
11.75,-5.75,0,8.09E-05
11.75,-6.25,0,-0.001365834
11.75,-6.75,0,-0.002070351
11.75,-7.25,0,-8.39E-06
11.75,-7.75,0,0.005161118
11.75,-8.25,0,0.007918232
11.75,-8.75,0,0.00292491
11.75,-9.25,0,0.003050515
11.75,-9.75,0,0.000748018
11.75,-10.25,0,-0.002781601
11.75,-10.75,0,-0.002569159
11.75,-11.25,0,-0.00307199
11.75,-11.75,0,0.000759574
11.75,-12.25,0,0.000516127
11.75,-12.75,0,0.003982404
11.75,-13.25,0,0.010276895
11.75,-13.75,0,0.006438308
11.75,-14.25,0,-0.000484354
11.75,-14.75,0,-0.003553209
12.25,14.75,0,0.002228517
12.25,14.25,0,0.003531407
12.25,13.75,0,0.002699363
12.25,13.25,0,0.004847874
12.25,12.75,0,0.001658587
12.25,12.25,0,0.002332819
12.25,11.75,0,0.001194224
12.25,11.25,0,-0.001521442
12.25,10.75,0,-0.005183382
12.25,10.25,0,-0.004156865
12.25,9.75,0,0.002043303
12.25,9.25,0,0.002285714
12.25,8.75,0,0.002598692
12.25,8.25,0,0.000539337
12.25,7.75,0,0.004930907
12.25,7.25,0,0.002982249
12.25,6.75,0,0.001733638
12.25,6.25,0,0.000363892
12.25,5.75,0,3.01E-06
12.25,5.25,0,0.004689257
12.25,4.75,0,0.001683351
12.25,4.25,0,0.005334202
12.25,3.75,0,0.003640488
12.25,3.25,0,0.001141004
12.25,2.75,0,0.002720426
12.25,2.25,0,0.000501563
12.25,1.75,0,0.000248009
12.25,1.25,0,0.004176478
12.25,0.75,0,0.001612435
12.25,0.25,0,0.004155631
12.25,-0.25,0,0.004328344
12.25,-0.75,0,-0.000818439
12.25,-1.25,0,4.20E-05
12.25,-1.75,0,0.007421917
12.25,-2.25,0,0.003931598
12.25,-2.75,0,0.000591501
12.25,-3.25,0,-0.002351967
12.25,-3.75,0,-0.000275274
12.25,-4.25,0,-0.002710387
12.25,-4.75,0,8.64E-06
12.25,-5.25,0,0.008433002
12.25,-5.75,0,0.004542317
12.25,-6.25,0,0.000121181
12.25,-6.75,0,-0.001100938
12.25,-7.25,0,0.000173453
12.25,-7.75,0,0.001619081
12.25,-8.25,0,0.000909927
12.25,-8.75,0,-0.000993983
12.25,-9.25,0,-0.002162554
12.25,-9.75,0,-0.003272699
12.25,-10.25,0,-0.001175063
12.25,-10.75,0,0.001177807
12.25,-11.25,0,-0.002367046
12.25,-11.75,0,-0.001150307
12.25,-12.25,0,-0.00087507
12.25,-12.75,0,0.00260602
12.25,-13.25,0,0.003166056
12.25,-13.75,0,0.00292059
12.25,-14.25,0,-0.003437538
12.25,-14.75,0,-0.000350538
12.75,14.75,0,-0.000260369
12.75,14.25,0,0.001674667
12.75,13.75,0,0.000351544
12.75,13.25,0,0.002848513
12.75,12.75,0,0.001339151
12.75,12.25,0,0.001195335
12.75,11.75,0,-0.000682213
12.75,11.25,0,0.000848988
12.75,10.75,0,-3.16E-05
12.75,10.25,0,-0.000945856
12.75,9.75,0,-0.004234603
12.75,9.25,0,-0.001676567
12.75,8.75,0,0.000360311
12.75,8.25,0,0.001873664
12.75,7.75,0,0.006601887
12.75,7.25,0,0.002049886
12.75,6.75,0,5.31E-05
12.75,6.25,0,-0.002627264
12.75,5.75,0,-0.001651217
12.75,5.25,0,0.002454984
12.75,4.75,0,0.001074095
12.75,4.25,0,0.001880636
12.75,3.75,0,0.002273277
12.75,3.25,0,0.001513997
12.75,2.75,0,0.007882877
12.75,2.25,0,0.004052816
12.75,1.75,0,0.002074923
12.75,1.25,0,0.002325721
12.75,0.75,0,0.001077946
12.75,0.25,0,0.002507779
12.75,-0.25,0,0.00338427
12.75,-0.75,0,0.000868709
12.75,-1.25,0,6.15E-05
12.75,-1.75,0,0.009287943
12.75,-2.25,0,0.004816261
12.75,-2.75,0,0.000188417
12.75,-3.25,0,-0.004732944
12.75,-3.75,0,-2.01E-05
12.75,-4.25,0,-6.76E-05
12.75,-4.75,0,-0.000144242
12.75,-5.25,0,-0.002217846
12.75,-5.75,0,-0.000126094
12.75,-6.25,0,0.001789776
12.75,-6.75,0,0.001461546
12.75,-7.25,0,0.003707091
12.75,-7.75,0,7.37E-06
12.75,-8.25,0,-0.002965041
12.75,-8.75,0,-0.003336181
12.75,-9.25,0,-0.005366264
12.75,-9.75,0,-0.0009549
12.75,-10.25,0,-0.001393296
12.75,-10.75,0,0.000559125
12.75,-11.25,0,-0.00205465
12.75,-11.75,0,-0.001351112
12.75,-12.25,0,0.000134672
12.75,-12.75,0,0.000474401
12.75,-13.25,0,0.00019326
12.75,-13.75,0,-0.000143978
12.75,-14.25,0,-0.005479078
12.75,-14.75,0,-0.004719933
13.25,14.75,0,-0.002002038
13.25,14.25,0,-0.000984452
13.25,13.75,0,-0.002487587
13.25,13.25,0,-0.001730609
13.25,12.75,0,0.001916652
13.25,12.25,0,-0.001017834
13.25,11.75,0,-0.002494315
13.25,11.25,0,-0.001807292
13.25,10.75,0,-9.64E-05
13.25,10.25,0,-0.00584268
13.25,9.75,0,-0.008621375
13.25,9.25,0,-0.005164872
13.25,8.75,0,-0.001024762
13.25,8.25,0,0.001558273
13.25,7.75,0,-0.00124767
13.25,7.25,0,0.001795896
13.25,6.75,0,-0.000912775
13.25,6.25,0,-0.000352695
13.25,5.75,0,-0.005311793
13.25,5.25,0,-0.001785154
13.25,4.75,0,-0.000699894
13.25,4.25,0,-0.000225719
13.25,3.75,0,0.001070203
13.25,3.25,0,-0.00753662
13.25,2.75,0,6.64E-05
13.25,2.25,0,6.37E-07
13.25,1.75,0,0.001649075
13.25,1.25,0,0.001828137
13.25,0.75,0,-0.002357759
13.25,0.25,0,-0.00027326
13.25,-0.25,0,0.000194666
13.25,-0.75,0,0.000519651
13.25,-1.25,0,-0.000779408
13.25,-1.75,0,0.004600865
13.25,-2.25,0,0.000181364
13.25,-2.75,0,-0.000834789
13.25,-3.25,0,-0.000861164
13.25,-3.75,0,-0.000145799
13.25,-4.25,0,-0.000733461
13.25,-4.75,0,-0.002432188
13.25,-5.25,0,-0.003063631
13.25,-5.75,0,0.000212145
13.25,-6.25,0,0.001338933
13.25,-6.75,0,-0.003547013
13.25,-7.25,0,3.64E-06
13.25,-7.75,0,-0.00149964
13.25,-8.25,0,-0.005405723
13.25,-8.75,0,-0.006699504
13.25,-9.25,0,-0.003173031
13.25,-9.75,0,-0.000399331
13.25,-10.25,0,-0.000371914
13.25,-10.75,0,-9.19E-05
13.25,-11.25,0,7.75E-05
13.25,-11.75,0,-0.001641545
13.25,-12.25,0,-0.002793433
13.25,-12.75,0,-0.003083778
13.25,-13.25,0,-0.001143737
13.25,-13.75,0,-0.002065972
13.25,-14.25,0,-0.003740285
13.25,-14.75,0,-0.002219678
13.75,14.75,0,-0.004112228
13.75,14.25,0,-0.004718797
13.75,13.75,0,-0.003244712
13.75,13.25,0,0.000327994
13.75,12.75,0,0.006017162
13.75,12.25,0,0.004857112
13.75,11.75,0,0.000452903
13.75,11.25,0,-0.005655589
13.75,10.75,0,-0.004475028
13.75,10.25,0,-0.001304197
13.75,9.75,0,-0.002911162
13.75,9.25,0,-0.000502696
13.75,8.75,0,-0.000195493
13.75,8.25,0,0.000603377
13.75,7.75,0,-6.03E-05
13.75,7.25,0,0.002638904
13.75,6.75,0,-0.000331028
13.75,6.25,0,0.00160578
13.75,5.75,0,-0.000793264
13.75,5.25,0,0.000877498
13.75,4.75,0,-0.004178215
13.75,4.25,0,-0.000532156
13.75,3.75,0,-0.002632587
13.75,3.25,0,-0.004549068
13.75,2.75,0,-0.003241299
13.75,2.25,0,-0.001781176
13.75,1.75,0,-0.000188952
13.75,1.25,0,0.000837442
13.75,0.75,0,-0.000739123
13.75,0.25,0,0.001194962
13.75,-0.25,0,0.000672176
13.75,-0.75,0,-0.001856818
13.75,-1.25,0,-0.000457062
13.75,-1.75,0,-0.005925054
13.75,-2.25,0,-0.008920849
13.75,-2.75,0,-0.009826137
13.75,-3.25,0,-0.000685455
13.75,-3.75,0,0.003288237
13.75,-4.25,0,0.00083127
13.75,-4.75,0,-0.001448634
13.75,-5.25,0,-0.002487974
13.75,-5.75,0,0.00028265
13.75,-6.25,0,-0.000820821
13.75,-6.75,0,-0.001351508
13.75,-7.25,0,0.003214911
13.75,-7.75,0,-0.001300026
13.75,-8.25,0,4.30E-05
13.75,-8.75,0,-0.003282936
13.75,-9.25,0,-0.003371176
13.75,-9.75,0,0.004690676
13.75,-10.25,0,0.0032475
13.75,-10.75,0,-0.00529107
13.75,-11.25,0,0.000634825
13.75,-11.75,0,-0.002358569
13.75,-12.25,0,-0.002953474
13.75,-12.75,0,-0.003018427
13.75,-13.25,0,-0.000956279
13.75,-13.75,0,-0.002102778
13.75,-14.25,0,-0.004271673
13.75,-14.75,0,-8.29E-05
14.25,14.75,0,-0.001362195
14.25,14.25,0,-0.003285505
14.25,13.75,0,-0.000661851
14.25,13.25,0,0.003266824
14.25,12.75,0,0.004477051
14.25,12.25,0,-0.000401974
14.25,11.75,0,0.001534884
14.25,11.25,0,-0.000435378
14.25,10.75,0,-0.001564579
14.25,10.25,0,-2.38E-05
14.25,9.75,0,-0.000887806
14.25,9.25,0,-0.002626084
14.25,8.75,0,-0.004406749
14.25,8.25,0,-0.006240342
14.25,7.75,0,-0.003759415
14.25,7.25,0,-0.000291385
14.25,6.75,0,0.002553692
14.25,6.25,0,-0.000394798
14.25,5.75,0,-0.001268591
14.25,5.25,0,-0.000583541
14.25,4.75,0,-0.006511557
14.25,4.25,0,-0.003614898
14.25,3.75,0,-9.76E-05
14.25,3.25,0,0.004827015
14.25,2.75,0,-0.002327018
14.25,2.25,0,0.00083549
14.25,1.75,0,1.79E-06
14.25,1.25,0,-0.001735681
14.25,0.75,0,-0.00255644
14.25,0.25,0,-0.001041454
14.25,-0.25,0,-0.006852993
14.25,-0.75,0,-0.007755906
14.25,-1.25,0,-0.007185114
14.25,-1.75,0,-0.014878107
14.25,-2.25,0,-0.012562424
14.25,-2.75,0,-0.000275205
14.25,-3.25,0,0.001425851
14.25,-3.75,0,2.62E-05
14.25,-4.25,0,-0.001650846
14.25,-4.75,0,-0.003445033
14.25,-5.25,0,-0.00484023
14.25,-5.75,0,-0.001583975
14.25,-6.25,0,7.27E-05
14.25,-6.75,0,-0.000291449
14.25,-7.25,0,0.0023662
14.25,-7.75,0,-3.01E-05
14.25,-8.25,0,-0.001383618
14.25,-8.75,0,-0.000780701
14.25,-9.25,0,0.001241409
14.25,-9.75,0,0.007366689
14.25,-10.25,0,0.003178574
14.25,-10.75,0,0.000161289
14.25,-11.25,0,-0.002675386
14.25,-11.75,0,0.003857488
14.25,-12.25,0,0.000937154
14.25,-12.75,0,-4.74E-05
14.25,-13.25,0,-0.003534264
14.25,-13.75,0,-0.00034815
14.25,-14.25,0,-0.003842844
14.25,-14.75,0,0.002578859
14.75,14.75,0,-0.001479991
14.75,14.25,0,-0.000334079
14.75,13.75,0,-0.002462949
14.75,13.25,0,3.08E-05
14.75,12.75,0,-0.001523325
14.75,12.25,0,-0.002766826
14.75,11.75,0,0.003060499
14.75,11.25,0,0.002747464
14.75,10.75,0,-0.000826037
14.75,10.25,0,-0.002122675
14.75,9.75,0,-0.001906252
14.75,9.25,0,-0.002035594
14.75,8.75,0,-0.003969892
14.75,8.25,0,-0.010567074
14.75,7.75,0,-0.005312909
14.75,7.25,0,-0.001136478
14.75,6.75,0,-0.00272867
14.75,6.25,0,-0.006274956
14.75,5.75,0,-0.004560525
14.75,5.25,0,-0.001123764
14.75,4.75,0,-0.002937157
14.75,4.25,0,-0.002717347
14.75,3.75,0,0.004579365
14.75,3.25,0,0.006889234
14.75,2.75,0,0.001063761
14.75,2.25,0,-0.00013886
14.75,1.75,0,0.000513101
14.75,1.25,0,0.000571548
14.75,0.75,0,-0.001820995
14.75,0.25,0,-0.003834564
14.75,-0.25,0,-0.001091795
14.75,-0.75,0,0.000973473
14.75,-1.25,0,-0.002715993
14.75,-1.75,0,-0.005913362
14.75,-2.25,0,-0.003747981
14.75,-2.75,0,0.004424359
14.75,-3.25,0,0.000181346
14.75,-3.75,0,-0.002936089
14.75,-4.25,0,-0.00086236
14.75,-4.75,0,0.002702468
14.75,-5.25,0,0.001686338
14.75,-5.75,0,0.000375002
14.75,-6.25,0,0.00251296
14.75,-6.75,0,0.000770282
14.75,-7.25,0,-0.000671923
14.75,-7.75,0,0.000775264
14.75,-8.25,0,-0.002188705
14.75,-8.75,0,0.002662082
14.75,-9.25,0,0.003481256
14.75,-9.75,0,0.003074923
14.75,-10.25,0,-0.000398708
14.75,-10.75,0,-3.85E-05
14.75,-11.25,0,0.001659587
14.75,-11.75,0,0.009121033
14.75,-12.25,0,0.000353354
14.75,-12.75,0,-0.001379794
14.75,-13.25,0,0.000114208
14.75,-13.75,0,-0.003853656
14.75,-14.25,0,-0.006307801
14.75,-14.75,0,0.000885701
