-14.75,14.75,0,1.28E-08
-14.75,14.25,0,4.39E-09
-14.75,13.75,0,4.65E-09
-14.75,13.25,0,4.90E-09
-14.75,12.75,0,5.65E-09
-14.75,12.25,0,4.15E-09
-14.75,11.75,0,3.72E-09
-14.75,11.25,0,2.65E-09
-14.75,10.75,0,-1.81E-10
-14.75,10.25,0,7.12E-10
-14.75,9.75,0,4.37E-09
-14.75,9.25,0,-5.93E-11
-14.75,8.75,0,2.52E-09
-14.75,8.25,0,-2.56E-11
-14.75,7.75,0,8.16E-10
-14.75,7.25,0,1.00E-08
-14.75,6.75,0,1.33E-08
-14.75,6.25,0,1.46E-08
-14.75,5.75,0,1.67E-08
-14.75,5.25,0,1.04E-08
-14.75,4.75,0,5.50E-09
-14.75,4.25,0,-1.21E-08
-14.75,3.75,0,-1.24E-08
-14.75,3.25,0,-4.06E-08
-14.75,2.75,0,-5.28E-08
-14.75,2.25,0,-4.95E-08
-14.75,1.75,0,-3.84E-08
-14.75,1.25,0,-5.75E-08
-14.75,0.75,0,-6.14E-08
-14.75,0.25,0,-5.70E-08
-14.75,-0.25,0,-5.61E-08
-14.75,-0.75,0,-7.45E-08
-14.75,-1.25,0,-1.01E-07
-14.75,-1.75,0,-1.11E-07
-14.75,-2.25,0,-1.00E-07
-14.75,-2.75,0,-7.32E-08
-14.75,-3.25,0,-4.42E-08
-14.75,-3.75,0,-1.57E-08
-14.75,-4.25,0,1.05E-08
-14.75,-4.75,0,5.25E-09
-14.75,-5.25,0,2.86E-08
-14.75,-5.75,0,3.49E-08
-14.75,-6.25,0,1.78E-08
-14.75,-6.75,0,6.41E-09
-14.75,-7.25,0,1.63E-09
-14.75,-7.75,0,3.45E-09
-14.75,-8.25,0,-5.23E-09
-14.75,-8.75,0,-4.43E-09
-14.75,-9.25,0,-1.51E-09
-14.75,-9.75,0,2.44E-09
-14.75,-10.25,0,-3.22E-10
-14.75,-10.75,0,2.77E-09
-14.75,-11.25,0,3.04E-09
-14.75,-11.75,0,3.85E-09
-14.75,-12.25,0,3.45E-09
-14.75,-12.75,0,4.70E-09
-14.75,-13.25,0,5.07E-09
-14.75,-13.75,0,4.94E-09
-14.75,-14.25,0,6.66E-09
-14.75,-14.75,0,1.82E-08
-14.25,14.75,0,3.55E-09
-14.25,14.25,0,-1.40E-09
-14.25,13.75,0,-4.53E-10
-14.25,13.25,0,-2.18E-10
-14.25,12.75,0,-3.69E-10
-14.25,12.25,0,-2.58E-10
-14.25,11.75,0,-6.91E-10
-14.25,11.25,0,-1.16E-09
-14.25,10.75,0,-4.34E-09
-14.25,10.25,0,-4.16E-09
-14.25,9.75,0,-9.89E-09
-14.25,9.25,0,-5.31E-09
-14.25,8.75,0,-9.35E-09
-14.25,8.25,0,-2.41E-08
-14.25,7.75,0,1.81E-10
-14.25,7.25,0,1.43E-09
-14.25,6.75,0,-6.14E-08
-14.25,6.25,0,-2.56E-08
-14.25,5.75,0,-9.63E-08
-14.25,5.25,0,-8.35E-08
-14.25,4.75,0,-8.29E-08
-14.25,4.25,0,-6.24E-08
-14.25,3.75,0,-1.25E-08
-14.25,3.25,0,-5.13E-08
-14.25,2.75,0,-1.46E-07
-14.25,2.25,0,-2.61E-07
-14.25,1.75,0,-2.84E-07
-14.25,1.25,0,-1.93E-07
-14.25,0.75,0,-3.95E-08
-14.25,0.25,0,2.60E-08
-14.25,-0.25,0,3.24E-08
-14.25,-0.75,0,3.15E-09
-14.25,-1.25,0,-7.17E-08
-14.25,-1.75,0,-1.63E-07
-14.25,-2.25,0,-1.94E-07
-14.25,-2.75,0,-1.36E-07
-14.25,-3.25,0,-3.77E-08
-14.25,-3.75,0,3.08E-08
-14.25,-4.25,0,1.74E-08
-14.25,-4.75,0,4.26E-09
-14.25,-5.25,0,6.58E-09
-14.25,-5.75,0,-5.91E-09
-14.25,-6.25,0,-7.03E-09
-14.25,-6.75,0,3.05E-09
-14.25,-7.25,0,-1.22E-10
-14.25,-7.75,0,-3.78E-09
-14.25,-8.25,0,-1.41E-08
-14.25,-8.75,0,-2.60E-09
-14.25,-9.25,0,5.23E-10
-14.25,-9.75,0,-6.57E-09
-14.25,-10.25,0,-2.47E-09
-14.25,-10.75,0,-3.59E-09
-14.25,-11.25,0,-1.09E-09
-14.25,-11.75,0,-1.37E-09
-14.25,-12.25,0,-3.47E-10
-14.25,-12.75,0,-2.53E-10
-14.25,-13.25,0,-7.73E-10
-14.25,-13.75,0,-4.44E-10
-14.25,-14.25,0,-9.66E-10
-14.25,-14.75,0,7.40E-09
-13.75,14.75,0,3.69E-09
-13.75,14.25,0,-4.83E-10
-13.75,13.75,0,-4.91E-10
-13.75,13.25,0,4.17E-10
-13.75,12.75,0,7.61E-10
-13.75,12.25,0,6.18E-10
-13.75,11.75,0,1.08E-10
-13.75,11.25,0,5.97E-10
-13.75,10.75,0,-9.43E-10
-13.75,10.25,0,3.55E-10
-13.75,9.75,0,-6.08E-10
-13.75,9.25,0,-5.25E-09
-13.75,8.75,0,-5.67E-09
-13.75,8.25,0,-2.04E-09
-13.75,7.75,0,1.30E-08
-13.75,7.25,0,1.27E-08
-13.75,6.75,0,-1.06E-09
-13.75,6.25,0,9.44E-08
-13.75,5.75,0,1.50E-07
-13.75,5.25,0,1.84E-07
-13.75,4.75,0,1.11E-07
-13.75,4.25,0,1.24E-07
-13.75,3.75,0,2.23E-07
-13.75,3.25,0,1.18E-07
-13.75,2.75,0,1.74E-07
-13.75,2.25,0,1.08E-07
-13.75,1.75,0,2.78E-07
-13.75,1.25,0,3.22E-07
-13.75,0.75,0,4.71E-08
-13.75,0.25,0,9.87E-08
-13.75,-0.25,0,1.81E-07
-13.75,-0.75,0,2.72E-07
-13.75,-1.25,0,2.32E-07
-13.75,-1.75,0,2.42E-07
-13.75,-2.25,0,2.07E-07
-13.75,-2.75,0,1.41E-07
-13.75,-3.25,0,1.42E-07
-13.75,-3.75,0,6.74E-08
-13.75,-4.25,0,6.56E-08
-13.75,-4.75,0,3.85E-08
-13.75,-5.25,0,2.62E-08
-13.75,-5.75,0,1.68E-08
-13.75,-6.25,0,2.34E-08
-13.75,-6.75,0,1.31E-08
-13.75,-7.25,0,3.16E-08
-13.75,-7.75,0,2.21E-08
-13.75,-8.25,0,-5.15E-09
-13.75,-8.75,0,-1.70E-09
-13.75,-9.25,0,-3.76E-09
-13.75,-9.75,0,-2.24E-09
-13.75,-10.25,0,-2.49E-09
-13.75,-10.75,0,1.32E-09
-13.75,-11.25,0,8.85E-10
-13.75,-11.75,0,3.08E-10
-13.75,-12.25,0,-2.38E-10
-13.75,-12.75,0,9.22E-10
-13.75,-13.25,0,-8.03E-12
-13.75,-13.75,0,-9.79E-10
-13.75,-14.25,0,-4.78E-10
-13.75,-14.75,0,5.06E-09
-13.25,14.75,0,4.01E-09
-13.25,14.25,0,-4.85E-10
-13.25,13.75,0,2.20E-10
-13.25,13.25,0,6.32E-10
-13.25,12.75,0,1.76E-09
-13.25,12.25,0,1.59E-09
-13.25,11.75,0,4.51E-09
-13.25,11.25,0,1.81E-09
-13.25,10.75,0,4.63E-09
-13.25,10.25,0,4.16E-09
-13.25,9.75,0,-5.29E-09
-13.25,9.25,0,-1.76E-08
-13.25,8.75,0,-2.05E-08
-13.25,8.25,0,-1.51E-07
-13.25,7.75,0,-2.29E-08
-13.25,7.25,0,-6.70E-08
-13.25,6.75,0,-4.42E-08
-13.25,6.25,0,2.64E-07
-13.25,5.75,0,1.15E-07
-13.25,5.25,0,2.15E-08
-13.25,4.75,0,-1.80E-07
-13.25,4.25,0,3.62E-07
-13.25,3.75,0,2.80E-07
-13.25,3.25,0,4.15E-07
-13.25,2.75,0,3.45E-07
-13.25,2.25,0,8.63E-08
-13.25,1.75,0,-4.25E-07
-13.25,1.25,0,-2.08E-07
-13.25,0.75,0,3.09E-07
-13.25,0.25,0,8.63E-07
-13.25,-0.25,0,1.09E-07
-13.25,-0.75,0,1.68E-07
-13.25,-1.25,0,2.26E-08
-13.25,-1.75,0,-3.24E-08
-13.25,-2.25,0,-3.76E-07
-13.25,-2.75,0,-5.63E-07
-13.25,-3.25,0,-1.58E-07
-13.25,-3.75,0,-2.15E-07
-13.25,-4.25,0,-5.05E-08
-13.25,-4.75,0,6.88E-08
-13.25,-5.25,0,2.34E-08
-13.25,-5.75,0,1.25E-08
-13.25,-6.25,0,-1.89E-07
-13.25,-6.75,0,-9.50E-08
-13.25,-7.25,0,-9.05E-08
-13.25,-7.75,0,-2.45E-08
-13.25,-8.25,0,-2.53E-08
-13.25,-8.75,0,-1.12E-08
-13.25,-9.25,0,-7.68E-09
-13.25,-9.75,0,-7.03E-09
-13.25,-10.25,0,-6.37E-09
-13.25,-10.75,0,-3.41E-09
-13.25,-11.25,0,5.68E-10
-13.25,-11.75,0,-2.36E-09
-13.25,-12.25,0,-2.42E-09
-13.25,-12.75,0,-1.14E-10
-13.25,-13.25,0,7.64E-10
-13.25,-13.75,0,-2.03E-10
-13.25,-14.25,0,-9.88E-10
-13.25,-14.75,0,4.49E-09
-12.75,14.75,0,3.41E-09
-12.75,14.25,0,-4.66E-10
-12.75,13.75,0,7.11E-10
-12.75,13.25,0,9.73E-10
-12.75,12.75,0,2.82E-09
-12.75,12.25,0,5.66E-09
-12.75,11.75,0,6.43E-09
-12.75,11.25,0,1.06E-08
-12.75,10.75,0,2.01E-08
-12.75,10.25,0,1.89E-08
-12.75,9.75,0,6.42E-09
-12.75,9.25,0,-1.45E-08
-12.75,8.75,0,3.20E-09
-12.75,8.25,0,-5.58E-09
-12.75,7.75,0,5.29E-08
-12.75,7.25,0,7.57E-08
-12.75,6.75,0,1.07E-07
-12.75,6.25,0,-8.40E-08
-12.75,5.75,0,-3.90E-07
-12.75,5.25,0,-6.20E-08
-12.75,4.75,0,-3.23E-08
-12.75,4.25,0,-3.64E-07
-12.75,3.75,0,-5.67E-07
-12.75,3.25,0,-7.84E-07
-12.75,2.75,0,-3.73E-07
-12.75,2.25,0,3.57E-07
-12.75,1.75,0,5.88E-07
-12.75,1.25,0,-2.53E-07
-12.75,0.75,0,-1.08E-07
-12.75,0.25,0,-6.54E-07
-12.75,-0.25,0,-6.31E-07
-12.75,-0.75,0,-7.37E-07
-12.75,-1.25,0,-4.36E-07
-12.75,-1.75,0,-1.41E-07
-12.75,-2.25,0,-4.16E-07
-12.75,-2.75,0,1.32E-06
-12.75,-3.25,0,7.87E-07
-12.75,-3.75,0,-7.90E-08
-12.75,-4.25,0,-2.14E-08
-12.75,-4.75,0,-6.76E-08
-12.75,-5.25,0,1.32E-08
-12.75,-5.75,0,5.04E-07
-12.75,-6.25,0,6.78E-08
-12.75,-6.75,0,2.62E-07
-12.75,-7.25,0,2.70E-07
-12.75,-7.75,0,5.50E-08
-12.75,-8.25,0,3.95E-08
-12.75,-8.75,0,2.15E-08
-12.75,-9.25,0,6.10E-09
-12.75,-9.75,0,-1.86E-08
-12.75,-10.25,0,-1.75E-08
-12.75,-10.75,0,-9.48E-09
-12.75,-11.25,0,-3.36E-09
-12.75,-11.75,0,3.25E-10
-12.75,-12.25,0,6.22E-11
-12.75,-12.75,0,-2.01E-09
-12.75,-13.25,0,-2.30E-10
-12.75,-13.75,0,6.44E-10
-12.75,-14.25,0,-2.07E-10
-12.75,-14.75,0,4.27E-09
-12.25,14.75,0,3.39E-09
-12.25,14.25,0,-6.28E-11
-12.25,13.75,0,-5.02E-11
-12.25,13.25,0,1.87E-10
-12.25,12.75,0,4.85E-09
-12.25,12.25,0,4.56E-09
-12.25,11.75,0,1.50E-08
-12.25,11.25,0,3.12E-08
-12.25,10.75,0,4.97E-08
-12.25,10.25,0,4.52E-08
-12.25,9.75,0,-1.30E-08
-12.25,9.25,0,1.61E-07
-12.25,8.75,0,1.93E-07
-12.25,8.25,0,2.43E-07
-12.25,7.75,0,-7.60E-09
-12.25,7.25,0,-2.44E-07
-12.25,6.75,0,-8.42E-08
-12.25,6.25,0,-7.25E-08
-12.25,5.75,0,-6.72E-07
-12.25,5.25,0,6.61E-07
-12.25,4.75,0,1.45E-07
-12.25,4.25,0,-6.57E-07
-12.25,3.75,0,-3.53E-07
-12.25,3.25,0,-5.15E-07
-12.25,2.75,0,-3.92E-07
-12.25,2.25,0,-2.23E-07
-12.25,1.75,0,-1.47E-07
-12.25,1.25,0,5.43E-08
-12.25,0.75,0,6.45E-08
-12.25,0.25,0,-8.82E-07
-12.25,-0.25,0,3.43E-07
-12.25,-0.75,0,1.42E-06
-12.25,-1.25,0,-2.47E-07
-12.25,-1.75,0,-1.71E-07
-12.25,-2.25,0,1.09E-06
-12.25,-2.75,0,-1.59E-06
-12.25,-3.25,0,1.96E-07
-12.25,-3.75,0,4.40E-07
-12.25,-4.25,0,-2.58E-07
-12.25,-4.75,0,-1.04E-07
-12.25,-5.25,0,5.61E-07
-12.25,-5.75,0,2.26E-07
-12.25,-6.25,0,-7.00E-09
-12.25,-6.75,0,-1.56E-07
-12.25,-7.25,0,6.80E-08
-12.25,-7.75,0,1.16E-06
-12.25,-8.25,0,8.47E-09
-12.25,-8.75,0,-1.49E-07
-12.25,-9.25,0,-9.55E-09
-12.25,-9.75,0,-7.73E-08
-12.25,-10.25,0,-6.29E-08
-12.25,-10.75,0,-3.17E-08
-12.25,-11.25,0,-1.20E-08
-12.25,-11.75,0,-4.50E-09
-12.25,-12.25,0,5.00E-10
-12.25,-12.75,0,-2.67E-09
-12.25,-13.25,0,-1.41E-09
-12.25,-13.75,0,-3.28E-10
-12.25,-14.25,0,-1.52E-10
-12.25,-14.75,0,5.66E-09
-11.75,14.75,0,4.25E-09
-11.75,14.25,0,-1.98E-10
-11.75,13.75,0,3.91E-10
-11.75,13.25,0,2.89E-09
-11.75,12.75,0,6.48E-09
-11.75,12.25,0,1.56E-08
-11.75,11.75,0,4.12E-08
-11.75,11.25,0,7.39E-08
-11.75,10.75,0,1.21E-07
-11.75,10.25,0,5.60E-08
-11.75,9.75,0,-6.70E-08
-11.75,9.25,0,7.79E-10
-11.75,8.75,0,1.90E-09
-11.75,8.25,0,1.12E-08
-11.75,7.75,0,-5.68E-08
-11.75,7.25,0,-1.70E-07
-11.75,6.75,0,1.31E-06
-11.75,6.25,0,-1.07E-06
-11.75,5.75,0,-2.33E-07
-11.75,5.25,0,-2.36E-06
-11.75,4.75,0,1.88E-06
-11.75,4.25,0,4.42E-07
-11.75,3.75,0,4.64E-07
-11.75,3.25,0,3.47E-06
-11.75,2.75,0,1.47E-06
-11.75,2.25,0,7.25E-07
-11.75,1.75,0,4.51E-07
-11.75,1.25,0,-4.55E-07
-11.75,0.75,0,5.56E-07
-11.75,0.25,0,1.70E-06
-11.75,-0.25,0,8.50E-07
-11.75,-0.75,0,3.79E-06
-11.75,-1.25,0,1.76E-06
-11.75,-1.75,0,1.01E-06
-11.75,-2.25,0,1.34E-06
-11.75,-2.75,0,5.47E-07
-11.75,-3.25,0,5.39E-07
-11.75,-3.75,0,-8.66E-07
-11.75,-4.25,0,1.11E-06
-11.75,-4.75,0,-4.08E-07
-11.75,-5.25,0,-2.57E-06
-11.75,-5.75,0,-1.19E-06
-11.75,-6.25,0,1.80E-06
-11.75,-6.75,0,-1.66E-07
-11.75,-7.25,0,-2.07E-07
-11.75,-7.75,0,-5.74E-07
-11.75,-8.25,0,-1.72E-07
-11.75,-8.75,0,-9.66E-08
-11.75,-9.25,0,4.96E-08
-11.75,-9.75,0,-1.30E-08
-11.75,-10.25,0,-1.47E-07
-11.75,-10.75,0,-9.69E-08
-11.75,-11.25,0,-3.52E-08
-11.75,-11.75,0,-1.24E-08
-11.75,-12.25,0,-4.13E-09
-11.75,-12.75,0,-5.68E-10
-11.75,-13.25,0,-3.64E-09
-11.75,-13.75,0,-8.54E-10
-11.75,-14.25,0,-6.90E-10
-11.75,-14.75,0,4.41E-09
-11.25,14.75,0,4.44E-09
-11.25,14.25,0,-8.11E-10
-11.25,13.75,0,-2.70E-09
-11.25,13.25,0,-5.82E-11
-11.25,12.75,0,6.23E-09
-11.25,12.25,0,3.10E-08
-11.25,11.75,0,7.42E-08
-11.25,11.25,0,1.02E-07
-11.25,10.75,0,1.90E-07
-11.25,10.25,0,-5.77E-08
-11.25,9.75,0,-1.27E-09
-11.25,9.25,0,-1.12E-06
-11.25,8.75,0,-1.70E-06
-11.25,8.25,0,-1.24E-06
-11.25,7.75,0,-9.39E-07
-11.25,7.25,0,1.48E-06
-11.25,6.75,0,-4.19E-07
-11.25,6.25,0,3.21E-06
-11.25,5.75,0,6.70E-06
-11.25,5.25,0,6.18E-07
-11.25,4.75,0,1.06E-07
-11.25,4.25,0,-1.03E-07
-11.25,3.75,0,1.09E-06
-11.25,3.25,0,-1.02E-05
-11.25,2.75,0,4.23E-06
-11.25,2.25,0,-1.32E-06
-11.25,1.75,0,-4.91E-06
-11.25,1.25,0,-2.40E-07
-11.25,0.75,0,3.71E-06
-11.25,0.25,0,-1.53E-06
-11.25,-0.25,0,-6.90E-06
-11.25,-0.75,0,-5.05E-06
-11.25,-1.25,0,7.59E-07
-11.25,-1.75,0,-1.43E-06
-11.25,-2.25,0,-5.06E-06
-11.25,-2.75,0,-1.74E-06
-11.25,-3.25,0,-5.02E-07
-11.25,-3.75,0,1.52E-06
-11.25,-4.25,0,4.19E-06
-11.25,-4.75,0,3.82E-06
-11.25,-5.25,0,1.94E-06
-11.25,-5.75,0,2.59E-06
-11.25,-6.25,0,-4.28E-06
-11.25,-6.75,0,4.22E-06
-11.25,-7.25,0,7.83E-07
-11.25,-7.75,0,1.68E-06
-11.25,-8.25,0,-9.94E-08
-11.25,-8.75,0,1.01E-06
-11.25,-9.25,0,4.23E-07
-11.25,-9.75,0,6.01E-08
-11.25,-10.25,0,-1.39E-07
-11.25,-10.75,0,-1.66E-07
-11.25,-11.25,0,-8.29E-08
-11.25,-11.75,0,-1.97E-08
-11.25,-12.25,0,-7.32E-09
-11.25,-12.75,0,-2.59E-10
-11.25,-13.25,0,-3.13E-10
-11.25,-13.75,0,-1.16E-09
-11.25,-14.25,0,-9.23E-10
-11.25,-14.75,0,4.35E-09
-10.75,14.75,0,3.88E-09
-10.75,14.25,0,-3.31E-09
-10.75,13.75,0,1.35E-09
-10.75,13.25,0,2.08E-10
-10.75,12.75,0,1.32E-08
-10.75,12.25,0,2.62E-08
-10.75,11.75,0,5.77E-08
-10.75,11.25,0,-1.97E-08
-10.75,10.75,0,1.74E-08
-10.75,10.25,0,5.65E-07
-10.75,9.75,0,-7.78E-08
-10.75,9.25,0,-1.83E-07
-10.75,8.75,0,5.79E-06
-10.75,8.25,0,7.61E-06
-10.75,7.75,0,-1.83E-06
-10.75,7.25,0,1.94E-06
-10.75,6.75,0,-9.17E-08
-10.75,6.25,0,7.62E-06
-10.75,5.75,0,-1.32E-05
-10.75,5.25,0,4.18E-06
-10.75,4.75,0,-6.58E-06
-10.75,4.25,0,6.26E-06
-10.75,3.75,0,-1.56E-07
-10.75,3.25,0,2.64E-05
-10.75,2.75,0,5.25E-06
-10.75,2.25,0,-1.23E-05
-10.75,1.75,0,1.26E-05
-10.75,1.25,0,-5.53E-08
-10.75,0.75,0,-7.43E-06
-10.75,0.25,0,-1.39E-06
-10.75,-0.25,0,2.10E-05
-10.75,-0.75,0,-2.68E-07
-10.75,-1.25,0,9.27E-06
-10.75,-1.75,0,-1.14E-05
-10.75,-2.25,0,1.37E-05
-10.75,-2.75,0,1.18E-05
-10.75,-3.25,0,7.43E-06
-10.75,-3.75,0,-3.55E-06
-10.75,-4.25,0,-7.00E-06
-10.75,-4.75,0,-4.54E-06
-10.75,-5.25,0,1.11E-06
-10.75,-5.75,0,1.11E-05
-10.75,-6.25,0,8.39E-06
-10.75,-6.75,0,-4.61E-06
-10.75,-7.25,0,6.71E-07
-10.75,-7.75,0,9.18E-07
-10.75,-8.25,0,2.25E-06
-10.75,-8.75,0,-1.55E-06
-10.75,-9.25,0,-1.14E-07
-10.75,-9.75,0,1.07E-07
-10.75,-10.25,0,-1.93E-08
-10.75,-10.75,0,-6.84E-08
-10.75,-11.25,0,-9.32E-08
-10.75,-11.75,0,-3.58E-08
-10.75,-12.25,0,-4.34E-09
-10.75,-12.75,0,-1.36E-09
-10.75,-13.25,0,-2.34E-10
-10.75,-13.75,0,-3.06E-09
-10.75,-14.25,0,-1.74E-09
-10.75,-14.75,0,3.79E-09
-10.25,14.75,0,-1.11E-11
-10.25,14.25,0,-3.48E-09
-10.25,13.75,0,3.97E-10
-10.25,13.25,0,-1.48E-09
-10.25,12.75,0,1.86E-09
-10.25,12.25,0,-3.02E-08
-10.25,11.75,0,-1.18E-07
-10.25,11.25,0,-2.40E-07
-10.25,10.75,0,2.53E-07
-10.25,10.25,0,3.26E-07
-10.25,9.75,0,-3.32E-06
-10.25,9.25,0,1.07E-05
-10.25,8.75,0,-1.51E-06
-10.25,8.25,0,-9.07E-06
-10.25,7.75,0,2.34E-05
-10.25,7.25,0,3.07E-06
-10.25,6.75,0,-1.16E-06
-10.25,6.25,0,-5.91E-06
-10.25,5.75,0,-1.07E-05
-10.25,5.25,0,4.00E-05
-10.25,4.75,0,-3.48E-05
-10.25,4.25,0,7.42E-06
-10.25,3.75,0,-1.71E-06
-10.25,3.25,0,-1.67E-05
-10.25,2.75,0,4.98E-06
-10.25,2.25,0,4.55E-06
-10.25,1.75,0,-5.76E-06
-10.25,1.25,0,-3.21E-06
-10.25,0.75,0,1.10E-05
-10.25,0.25,0,2.15E-05
-10.25,-0.25,0,-4.47E-05
-10.25,-0.75,0,3.45E-05
-10.25,-1.25,0,-3.02E-05
-10.25,-1.75,0,4.27E-05
-10.25,-2.25,0,7.26E-08
-10.25,-2.75,0,5.94E-08
-10.25,-3.25,0,-7.69E-06
-10.25,-3.75,0,-9.67E-06
-10.25,-4.25,0,3.10E-05
-10.25,-4.75,0,-4.29E-06
-10.25,-5.25,0,-1.09E-05
-10.25,-5.75,0,-2.27E-05
-10.25,-6.25,0,8.24E-06
-10.25,-6.75,0,-1.32E-05
-10.25,-7.25,0,6.04E-06
-10.25,-7.75,0,-8.23E-08
-10.25,-8.25,0,1.83E-06
-10.25,-8.75,0,-1.83E-06
-10.25,-9.25,0,1.66E-06
-10.25,-9.75,0,9.75E-07
-10.25,-10.25,0,5.18E-08
-10.25,-10.75,0,3.79E-07
-10.25,-11.25,0,-2.91E-09
-10.25,-11.75,0,-2.10E-08
-10.25,-12.25,0,7.65E-09
-10.25,-12.75,0,2.80E-10
-10.25,-13.25,0,-3.76E-09
-10.25,-13.75,0,2.83E-09
-10.25,-14.25,0,-2.98E-09
-10.25,-14.75,0,2.38E-09
-9.75,14.75,0,-1.30E-09
-9.75,14.25,0,-1.04E-08
-9.75,13.75,0,-2.92E-09
-9.75,13.25,0,-9.65E-09
-9.75,12.75,0,-2.13E-08
-9.75,12.25,0,-7.66E-08
-9.75,11.75,0,-2.62E-07
-9.75,11.25,0,-2.82E-07
-9.75,10.75,0,1.16E-07
-9.75,10.25,0,4.12E-07
-9.75,9.75,0,3.75E-06
-9.75,9.25,0,-7.39E-06
-9.75,8.75,0,-1.27E-05
-9.75,8.25,0,-6.20E-06
-9.75,7.75,0,-5.68E-05
-9.75,7.25,0,-6.18E-06
-9.75,6.75,0,2.20E-05
-9.75,6.25,0,-6.68E-06
-9.75,5.75,0,2.42E-05
-9.75,5.25,0,-3.03E-05
-9.75,4.75,0,1.04E-04
-9.75,4.25,0,3.54E-05
-9.75,3.75,0,-1.10E-04
-9.75,3.25,0,5.99E-05
-9.75,2.75,0,-8.59E-05
-9.75,2.25,0,6.36E-05
-9.75,1.75,0,-9.52E-06
-9.75,1.25,0,8.35E-05
-9.75,0.75,0,-1.10E-04
-9.75,0.25,0,-6.60E-06
-9.75,-0.25,0,6.49E-05
-9.75,-0.75,0,-7.25E-05
-9.75,-1.25,0,8.59E-05
-9.75,-1.75,0,-7.18E-05
-9.75,-2.25,0,-8.07E-06
-9.75,-2.75,0,-7.84E-05
-9.75,-3.25,0,9.07E-05
-9.75,-3.75,0,-1.33E-05
-9.75,-4.25,0,-1.95E-05
-9.75,-4.75,0,2.14E-06
-9.75,-5.25,0,5.70E-05
-9.75,-5.75,0,-1.08E-05
-9.75,-6.25,0,4.33E-06
-9.75,-6.75,0,2.86E-06
-9.75,-7.25,0,-1.12E-05
-9.75,-7.75,0,-6.99E-06
-9.75,-8.25,0,-2.73E-06
-9.75,-8.75,0,-1.88E-06
-9.75,-9.25,0,6.63E-06
-9.75,-9.75,0,-1.81E-07
-9.75,-10.25,0,-4.12E-08
-9.75,-10.75,0,5.72E-07
-9.75,-11.25,0,-3.58E-08
-9.75,-11.75,0,-4.39E-08
-9.75,-12.25,0,1.12E-09
-9.75,-12.75,0,-1.86E-08
-9.75,-13.25,0,-2.95E-09
-9.75,-13.75,0,-1.26E-09
-9.75,-14.25,0,-3.09E-09
-9.75,-14.75,0,4.93E-10
-9.25,14.75,0,4.52E-09
-9.25,14.25,0,-1.10E-08
-9.25,13.75,0,-2.91E-09
-9.25,13.25,0,-1.21E-08
-9.25,12.75,0,2.49E-08
-9.25,12.25,0,2.33E-07
-9.25,11.75,0,2.22E-08
-9.25,11.25,0,1.36E-08
-9.25,10.75,0,3.48E-06
-9.25,10.25,0,1.04E-06
-9.25,9.75,0,5.23E-07
-9.25,9.25,0,-5.34E-07
-9.25,8.75,0,1.87E-06
-9.25,8.25,0,9.20E-06
-9.25,7.75,0,6.69E-05
-9.25,7.25,0,-2.42E-05
-9.25,6.75,0,-1.82E-04
-9.25,6.25,0,-3.58E-05
-9.25,5.75,0,-9.33E-05
-9.25,5.25,0,-0.000142358
-9.25,4.75,0,-4.99E-05
-9.25,4.25,0,-7.21E-05
-9.25,3.75,0,0.000255468
-9.25,3.25,0,-6.42E-05
-9.25,2.75,0,0.000142957
-9.25,2.25,0,-3.45E-05
-9.25,1.75,0,-4.20E-05
-9.25,1.25,0,-3.93E-05
-9.25,0.75,0,0.000152224
-9.25,0.25,0,8.11E-05
-9.25,-0.25,0,-0.000267351
-9.25,-0.75,0,0.000209221
-9.25,-1.25,0,-6.07E-05
-9.25,-1.75,0,0.000161716
-9.25,-2.25,0,-1.27E-05
-9.25,-2.75,0,1.12E-04
-9.25,-3.25,0,-1.42E-04
-9.25,-3.75,0,-1.09E-05
-9.25,-4.25,0,6.23E-06
-9.25,-4.75,0,-9.09E-05
-9.25,-5.25,0,-8.79E-05
-9.25,-5.75,0,1.27E-04
-9.25,-6.25,0,1.82E-05
-9.25,-6.75,0,1.09E-06
-9.25,-7.25,0,7.18E-05
-9.25,-7.75,0,-3.07E-05
-9.25,-8.25,0,3.80E-05
-9.25,-8.75,0,-8.01E-06
-9.25,-9.25,0,-7.56E-07
-9.25,-9.75,0,2.09E-06
-9.25,-10.25,0,1.22E-06
-9.25,-10.75,0,-1.22E-07
-9.25,-11.25,0,-1.28E-09
-9.25,-11.75,0,-3.76E-08
-9.25,-12.25,0,2.30E-08
-9.25,-12.75,0,-7.02E-09
-9.25,-13.25,0,-5.66E-09
-9.25,-13.75,0,-7.41E-09
-9.25,-14.25,0,-5.41E-09
-9.25,-14.75,0,2.01E-09
-8.75,14.75,0,6.41E-09
-8.75,14.25,0,-1.42E-08
-8.75,13.75,0,-1.31E-09
-8.75,13.25,0,-1.45E-08
-8.75,12.75,0,2.21E-07
-8.75,12.25,0,3.63E-07
-8.75,11.75,0,-5.29E-07
-8.75,11.25,0,1.23E-06
-8.75,10.75,0,-2.70E-06
-8.75,10.25,0,-4.07E-09
-8.75,9.75,0,-4.79E-06
-8.75,9.25,0,-7.76E-06
-8.75,8.75,0,-1.24E-05
-8.75,8.25,0,9.66E-05
-8.75,7.75,0,2.76E-05
-8.75,7.25,0,4.93E-05
-8.75,6.75,0,0.000532361
-8.75,6.25,0,4.13E-04
-8.75,5.75,0,-7.80E-06
-8.75,5.25,0,6.65E-04
-8.75,4.75,0,-0.000161778
-8.75,4.25,0,0.000497685
-8.75,3.75,0,-0.000343682
-8.75,3.25,0,3.41E-04
-8.75,2.75,0,0.000175451
-8.75,2.25,0,7.39E-05
-8.75,1.75,0,1.59E-06
-8.75,1.25,0,4.65E-04
-8.75,0.75,0,1.02E-04
-8.75,0.25,0,4.63E-05
-8.75,-0.25,0,0.000641853
-8.75,-0.75,0,-1.08E-04
-8.75,-1.25,0,9.30E-05
-8.75,-1.75,0,-4.61E-06
-8.75,-2.25,0,0.000484122
-8.75,-2.75,0,3.00E-05
-8.75,-3.25,0,4.17E-04
-8.75,-3.75,0,4.45E-04
-8.75,-4.25,0,-0.000278799
-8.75,-4.75,0,0.000421145
-8.75,-5.25,0,0.000459066
-8.75,-5.75,0,-0.000383698
-8.75,-6.25,0,2.37E-04
-8.75,-6.75,0,8.96E-05
-8.75,-7.25,0,-4.33E-05
-8.75,-7.75,0,1.27E-04
-8.75,-8.25,0,-1.56E-05
-8.75,-8.75,0,-1.56E-05
-8.75,-9.25,0,8.33E-06
-8.75,-9.75,0,-1.06E-05
-8.75,-10.25,0,3.00E-06
-8.75,-10.75,0,8.16E-07
-8.75,-11.25,0,5.18E-07
-8.75,-11.75,0,-6.35E-08
-8.75,-12.25,0,-3.89E-08
-8.75,-12.75,0,8.01E-08
-8.75,-13.25,0,1.25E-08
-8.75,-13.75,0,8.51E-09
-8.75,-14.25,0,-2.09E-08
-8.75,-14.75,0,8.08E-09
-8.25,14.75,0,-1.22E-09
-8.25,14.25,0,-1.78E-08
-8.25,13.75,0,-2.47E-09
-8.25,13.25,0,-2.81E-08
-8.25,12.75,0,1.38E-07
-8.25,12.25,0,3.37E-07
-8.25,11.75,0,-2.26E-06
-8.25,11.25,0,-5.21E-07
-8.25,10.75,0,-2.81E-06
-8.25,10.25,0,9.57E-06
-8.25,9.75,0,-7.22E-06
-8.25,9.25,0,1.29E-05
-8.25,8.75,0,-5.47E-05
-8.25,8.25,0,1.30E-04
-8.25,7.75,0,-0.00013953
-8.25,7.25,0,0.000332566
-8.25,6.75,0,-0.000255251
-8.25,6.25,0,-0.000383452
-8.25,5.75,0,7.77E-04
-8.25,5.25,0,-0.000160385
-8.25,4.75,0,0.000518852
-8.25,4.25,0,-0.001098842
-8.25,3.75,0,0.00130434
-8.25,3.25,0,-0.000584382
-8.25,2.75,0,3.38E-04
-8.25,2.25,0,0.000598159
-8.25,1.75,0,0.000848496
-8.25,1.25,0,-6.43E-05
-8.25,0.75,0,-0.000669991
-8.25,0.25,0,4.98E-04
-8.25,-0.25,0,-0.000915023
-8.25,-0.75,0,0.001207819
-8.25,-1.25,0,0.000308175
-8.25,-1.75,0,0.000134217
-8.25,-2.25,0,7.45E-05
-8.25,-2.75,0,-0.000483668
-8.25,-3.25,0,0.000229981
-8.25,-3.75,0,-0.000537038
-8.25,-4.25,0,0.001356629
-8.25,-4.75,0,-0.00023714
-8.25,-5.25,0,-0.000892318
-8.25,-5.75,0,0.001936006
-8.25,-6.25,0,0.000397661
-8.25,-6.75,0,-0.000261717
-8.25,-7.25,0,0.000531308
-8.25,-7.75,0,-1.17E-04
-8.25,-8.25,0,-2.10E-05
-8.25,-8.75,0,7.25E-05
-8.25,-9.25,0,-6.77E-06
-8.25,-9.75,0,-2.42E-06
-8.25,-10.25,0,7.05E-06
-8.25,-10.75,0,-7.56E-07
-8.25,-11.25,0,7.42E-07
-8.25,-11.75,0,-7.51E-08
-8.25,-12.25,0,-1.92E-07
-8.25,-12.75,0,1.60E-07
-8.25,-13.25,0,4.19E-08
-8.25,-13.75,0,3.73E-08
-8.25,-14.25,0,-1.82E-08
-8.25,-14.75,0,1.51E-08
-7.75,14.75,0,-3.60E-10
-7.75,14.25,0,-1.03E-08
-7.75,13.75,0,3.63E-09
-7.75,13.25,0,-2.88E-08
-7.75,12.75,0,-1.96E-09
-7.75,12.25,0,-4.39E-07
-7.75,11.75,0,1.12E-06
-7.75,11.25,0,-4.40E-08
-7.75,10.75,0,7.07E-06
-7.75,10.25,0,-3.51E-06
-7.75,9.75,0,-3.62E-05
-7.75,9.25,0,1.07E-04
-7.75,8.75,0,4.23E-05
-7.75,8.25,0,3.17E-05
-7.75,7.75,0,0.000307317
-7.75,7.25,0,-0.000794922
-7.75,6.75,0,0.004793701
-7.75,6.25,0,0.003171986
-7.75,5.75,0,0.000385771
-7.75,5.25,0,0.002011274
-7.75,4.75,0,0.004424864
-7.75,4.25,0,0.009984599
-7.75,3.75,0,-0.004028125
-7.75,3.25,0,0.010822355
-7.75,2.75,0,-0.000692797
-7.75,2.25,0,0.004133499
-7.75,1.75,0,0.001260421
-7.75,1.25,0,0.001640483
-7.75,0.75,0,0.010030835
-7.75,0.25,0,0.000326761
-7.75,-0.25,0,0.004453941
-7.75,-0.75,0,-0.002923203
-7.75,-1.25,0,0.001178828
-7.75,-1.75,0,0.005742609
-7.75,-2.25,0,0.002804522
-7.75,-2.75,0,0.007793042
-7.75,-3.25,0,0.002888415
-7.75,-3.75,0,0.00592912
-7.75,-4.25,0,0.002238247
-7.75,-4.75,0,0.002452342
-7.75,-5.25,0,0.008556343
-7.75,-5.75,0,-0.000414293
-7.75,-6.25,0,0.000308581
-7.75,-6.75,0,0.004332256
-7.75,-7.25,0,-0.00049663
-7.75,-7.75,0,0.00048592
-7.75,-8.25,0,5.90E-05
-7.75,-8.75,0,8.48E-05
-7.75,-9.25,0,-1.57E-05
-7.75,-9.75,0,-1.63E-05
-7.75,-10.25,0,1.21E-06
-7.75,-10.75,0,1.21E-06
-7.75,-11.25,0,7.14E-07
-7.75,-11.75,0,-1.03E-06
-7.75,-12.25,0,-6.73E-07
-7.75,-12.75,0,1.94E-07
-7.75,-13.25,0,3.97E-08
-7.75,-13.75,0,1.94E-08
-7.75,-14.25,0,-1.65E-08
-7.75,-14.75,0,1.14E-08
-7.25,14.75,0,4.64E-09
-7.25,14.25,0,-2.92E-08
-7.25,13.75,0,-6.52E-10
-7.25,13.25,0,-2.93E-08
-7.25,12.75,0,4.09E-08
-7.25,12.25,0,-7.98E-08
-7.25,11.75,0,7.92E-08
-7.25,11.25,0,1.49E-06
-7.25,10.75,0,-5.26E-06
-7.25,10.25,0,5.35E-06
-7.25,9.75,0,3.68E-05
-7.25,9.25,0,-5.93E-05
-7.25,8.75,0,-1.08E-04
-7.25,8.25,0,9.48E-04
-7.25,7.75,0,-3.76E-03
-7.25,7.25,0,0.018070547
-7.25,6.75,0,-0.016297529
-7.25,6.25,0,0.009288091
-7.25,5.75,0,0.016909876
-7.25,5.25,0,0.006523906
-7.25,4.75,0,-0.018271589
-7.25,4.25,0,-0.012553789
-7.25,3.75,0,0.024466724
-7.25,3.25,0,-0.015903098
-7.25,2.75,0,0.018232061
-7.25,2.25,0,0.001051297
-7.25,1.75,0,0.005834255
-7.25,1.25,0,0.005668385
-7.25,0.75,0,-0.007869509
-7.25,0.25,0,0.007234094
-7.25,-0.25,0,0.009699324
-7.25,-0.75,0,0.017564902
-7.25,-1.25,0,0.008905093
-7.25,-1.75,0,-0.007845103
-7.25,-2.25,0,0.008466262
-7.25,-2.75,0,-0.016597365
-7.25,-3.25,0,0.006262318
-7.25,-3.75,0,-0.006758205
-7.25,-4.25,0,0.008314457
-7.25,-4.75,0,0.005408547
-7.25,-5.25,0,-0.016485493
-7.25,-5.75,0,0.015270787
-7.25,-6.25,0,0.008233541
-7.25,-6.75,0,-0.007617424
-7.25,-7.25,0,0.007322802
-7.25,-7.75,0,0.000282508
-7.25,-8.25,0,-2.51E-04
-7.25,-8.75,0,7.85E-05
-7.25,-9.25,0,2.60E-07
-7.25,-9.75,0,3.21E-06
-7.25,-10.25,0,4.85E-06
-7.25,-10.75,0,-3.45E-07
-7.25,-11.25,0,2.87E-06
-7.25,-11.75,0,-1.85E-07
-7.25,-12.25,0,-1.38E-07
-7.25,-12.75,0,4.92E-07
-7.25,-13.25,0,-5.73E-08
-7.25,-13.75,0,9.06E-09
-7.25,-14.25,0,-1.20E-08
-7.25,-14.75,0,7.47E-09
-6.75,14.75,0,1.15E-08
-6.75,14.25,0,-2.26E-08
-6.75,13.75,0,2.79E-08
-6.75,13.25,0,-4.78E-08
-6.75,12.75,0,-1.38E-07
-6.75,12.25,0,-6.62E-09
-6.75,11.75,0,3.12E-07
-6.75,11.25,0,1.99E-06
-6.75,10.75,0,-1.49E-06
-6.75,10.25,0,3.46E-06
-6.75,9.75,0,-2.30E-05
-6.75,9.25,0,6.11E-05
-6.75,8.75,0,2.55E-04
-6.75,8.25,0,6.86E-05
-6.75,7.75,0,0.003975685
-6.75,7.25,0,-0.011322194
-6.75,6.75,0,0.392110583
-6.75,6.25,0,0.370007698
-6.75,5.75,0,0.349630438
-6.75,5.25,0,0.377477487
-6.75,4.75,0,0.449028242
-6.75,4.25,0,0.380449657
-6.75,3.75,0,0.363516162
-6.75,3.25,0,0.394364778
-6.75,2.75,0,0.345278654
-6.75,2.25,0,0.396884202
-6.75,1.75,0,0.387544772
-6.75,1.25,0,0.369033048
-6.75,0.75,0,0.396572845
-6.75,0.25,0,0.373010963
-6.75,-0.25,0,0.367419426
-6.75,-0.75,0,0.37994543
-6.75,-1.25,0,0.37260727
-6.75,-1.75,0,0.393224712
-6.75,-2.25,0,0.35936944
-6.75,-2.75,0,0.412986992
-6.75,-3.25,0,0.382087678
-6.75,-3.75,0,0.382103552
-6.75,-4.25,0,0.38885177
-6.75,-4.75,0,0.367439981
-6.75,-5.25,0,0.42603214
-6.75,-5.75,0,0.338585178
-6.75,-6.25,0,0.38450511
-6.75,-6.75,0,0.385430957
-6.75,-7.25,0,0.007266001
-6.75,-7.75,0,-0.000247934
-6.75,-8.25,0,0.000207914
-6.75,-8.75,0,1.87E-05
-6.75,-9.25,0,-1.67E-06
-6.75,-9.75,0,-1.68E-05
-6.75,-10.25,0,1.41E-05
-6.75,-10.75,0,-6.31E-06
-6.75,-11.25,0,3.81E-06
-6.75,-11.75,0,6.69E-07
-6.75,-12.25,0,-3.10E-07
-6.75,-12.75,0,2.18E-07
-6.75,-13.25,0,-5.11E-08
-6.75,-13.75,0,7.32E-08
-6.75,-14.25,0,-8.83E-09
-6.75,-14.75,0,1.95E-08
-6.25,14.75,0,3.78E-09
-6.25,14.25,0,-1.58E-08
-6.25,13.75,0,1.15E-07
-6.25,13.25,0,-3.25E-08
-6.25,12.75,0,3.12E-08
-6.25,12.25,0,-1.73E-07
-6.25,11.75,0,4.77E-07
-6.25,11.25,0,-7.71E-07
-6.25,10.75,0,7.83E-06
-6.25,10.25,0,-1.73E-06
-6.25,9.75,0,1.83E-05
-6.25,9.25,0,-8.44E-05
-6.25,8.75,0,5.62E-05
-6.25,8.25,0,0.000124373
-6.25,7.75,0,0.002591999
-6.25,7.25,0,0.004776219
-6.25,6.75,0,0.389512646
-6.25,6.25,0,0.367270435
-6.25,5.75,0,0.44130555
-6.25,5.25,0,0.362709984
-6.25,4.75,0,0.360345524
-6.25,4.25,0,0.392741708
-6.25,3.75,0,0.388872791
-6.25,3.25,0,0.375172063
-6.25,2.75,0,0.401078665
-6.25,2.25,0,0.361935807
-6.25,1.75,0,0.398758003
-6.25,1.25,0,0.387131866
-6.25,0.75,0,0.367586796
-6.25,0.25,0,0.397525638
-6.25,-0.25,0,0.38234582
-6.25,-0.75,0,0.391907913
-6.25,-1.25,0,0.410568494
-6.25,-1.75,0,0.381589915
-6.25,-2.25,0,0.396350827
-6.25,-2.75,0,0.377075157
-6.25,-3.25,0,0.38613211
-6.25,-3.75,0,0.391808971
-6.25,-4.25,0,0.38674602
-6.25,-4.75,0,0.387857765
-6.25,-5.25,0,0.36832302
-6.25,-5.75,0,0.397768149
-6.25,-6.25,0,0.377990844
-6.25,-6.75,0,0.366831654
-6.25,-7.25,0,0.016356954
-6.25,-7.75,0,-1.24E-03
-6.25,-8.25,0,0.000677634
-6.25,-8.75,0,0.000266368
-6.25,-9.25,0,1.70E-05
-6.25,-9.75,0,-2.52E-05
-6.25,-10.25,0,7.02E-06
-6.25,-10.75,0,-8.36E-06
-6.25,-11.25,0,2.53E-06
-6.25,-11.75,0,-4.97E-07
-6.25,-12.25,0,8.59E-07
-6.25,-12.75,0,-5.17E-08
-6.25,-13.25,0,-3.33E-08
-6.25,-13.75,0,1.58E-08
-6.25,-14.25,0,-2.19E-09
-6.25,-14.75,0,3.18E-09
-5.75,14.75,0,1.94E-08
-5.75,14.25,0,-2.47E-08
-5.75,13.75,0,1.16E-08
-5.75,13.25,0,2.55E-09
-5.75,12.75,0,2.83E-07
-5.75,12.25,0,-9.05E-07
-5.75,11.75,0,1.41E-07
-5.75,11.25,0,-1.83E-07
-5.75,10.75,0,4.01E-06
-5.75,10.25,0,-2.07E-05
-5.75,9.75,0,2.16E-05
-5.75,9.25,0,-1.30E-05
-5.75,8.75,0,2.90E-04
-5.75,8.25,0,-5.76E-05
-5.75,7.75,0,0.003669299
-5.75,7.25,0,0.000866591
-5.75,6.75,0,0.385744598
-5.75,6.25,0,0.390748682
-5.75,5.75,0,0.365887715
-5.75,5.25,0,0.390067527
-5.75,4.75,0,0.405946322
-5.75,4.25,0,0.395919039
-5.75,3.75,0,0.407986047
-5.75,3.25,0,0.390987291
-5.75,2.75,0,0.380534152
-5.75,2.25,0,0.387762696
-5.75,1.75,0,0.396743995
-5.75,1.25,0,0.390970499
-5.75,0.75,0,0.399421312
-5.75,0.25,0,0.378197041
-5.75,-0.25,0,0.403669837
-5.75,-0.75,0,0.403241999
-5.75,-1.25,0,0.368552845
-5.75,-1.75,0,0.398638935
-5.75,-2.25,0,0.373296044
-5.75,-2.75,0,0.399741368
-5.75,-3.25,0,0.381912031
-5.75,-3.75,0,0.414927574
-5.75,-4.25,0,0.364678125
-5.75,-4.75,0,0.402274999
-5.75,-5.25,0,0.393580658
-5.75,-5.75,0,0.412981453
-5.75,-6.25,0,0.36322394
-5.75,-6.75,0,0.406504893
-5.75,-7.25,0,0.000106528
-5.75,-7.75,0,0.002351796
-5.75,-8.25,0,-3.13E-04
-5.75,-8.75,0,2.49E-04
-5.75,-9.25,0,-7.24E-05
-5.75,-9.75,0,2.26E-05
-5.75,-10.25,0,-5.57E-06
-5.75,-10.75,0,-7.70E-07
-5.75,-11.25,0,9.02E-08
-5.75,-11.75,0,-5.12E-07
-5.75,-12.25,0,4.43E-07
-5.75,-12.75,0,-6.02E-09
-5.75,-13.25,0,-1.67E-07
-5.75,-13.75,0,2.21E-08
-5.75,-14.25,0,-2.21E-08
-5.75,-14.75,0,1.82E-08
-5.25,14.75,0,1.42E-08
-5.25,14.25,0,3.84E-09
-5.25,13.75,0,6.09E-09
-5.25,13.25,0,4.66E-08
-5.25,12.75,0,-1.17E-07
-5.25,12.25,0,-3.30E-07
-5.25,11.75,0,1.67E-07
-5.25,11.25,0,1.89E-06
-5.25,10.75,0,-4.61E-06
-5.25,10.25,0,1.42E-05
-5.25,9.75,0,2.52E-05
-5.25,9.25,0,2.08E-05
-5.25,8.75,0,9.60E-06
-5.25,8.25,0,0.000292278
-5.25,7.75,0,0.005677128
-5.25,7.25,0,-0.005787048
-5.25,6.75,0,0.374824389
-5.25,6.25,0,0.412655168
-5.25,5.75,0,0.377991165
-5.25,5.25,0,0.376694479
-5.25,4.75,0,0.381022323
-5.25,4.25,0,0.410170099
-5.25,3.75,0,0.372032041
-5.25,3.25,0,0.409388333
-5.25,2.75,0,0.389837678
-5.25,2.25,0,0.395040861
-5.25,1.75,0,0.404685749
-5.25,1.25,0,0.384197412
-5.25,0.75,0,0.392777099
-5.25,0.25,0,0.392416082
-5.25,-0.25,0,0.399594211
-5.25,-0.75,0,0.394863366
-5.25,-1.25,0,0.390940952
-5.25,-1.75,0,0.404764358
-5.25,-2.25,0,0.354029682
-5.25,-2.75,0,0.411701669
-5.25,-3.25,0,0.358889444
-5.25,-3.75,0,0.415547918
-5.25,-4.25,0,0.367986343
-5.25,-4.75,0,0.394241873
-5.25,-5.25,0,0.381079348
-5.25,-5.75,0,0.392310106
-5.25,-6.25,0,0.388906909
-5.25,-6.75,0,0.382842746
-5.25,-7.25,0,-0.003787589
-5.25,-7.75,0,0.004105722
-5.25,-8.25,0,0.000630568
-5.25,-8.75,0,8.31E-05
-5.25,-9.25,0,5.19E-05
-5.25,-9.75,0,-3.17E-05
-5.25,-10.25,0,-1.06E-05
-5.25,-10.75,0,2.84E-06
-5.25,-11.25,0,5.78E-07
-5.25,-11.75,0,-9.39E-07
-5.25,-12.25,0,-4.01E-08
-5.25,-12.75,0,2.45E-07
-5.25,-13.25,0,-2.21E-08
-5.25,-13.75,0,4.39E-08
-5.25,-14.25,0,7.60E-09
-5.25,-14.75,0,2.32E-08
-4.75,14.75,0,-8.61E-09
-4.75,14.25,0,-4.47E-09
-4.75,13.75,0,9.17E-09
-4.75,13.25,0,-2.78E-08
-4.75,12.75,0,3.23E-08
-4.75,12.25,0,1.86E-07
-4.75,11.75,0,3.57E-06
-4.75,11.25,0,9.36E-08
-4.75,10.75,0,-1.22E-05
-4.75,10.25,0,4.32E-05
-4.75,9.75,0,-2.41E-05
-4.75,9.25,0,-8.46E-06
-4.75,8.75,0,0.000136794
-4.75,8.25,0,0.000106517
-4.75,7.75,0,0.003885648
-4.75,7.25,0,0.005864892
-4.75,6.75,0,0.387370065
-4.75,6.25,0,0.355726093
-4.75,5.75,0,0.415645879
-4.75,5.25,0,0.392396621
-4.75,4.75,0,0.573950733
-4.75,4.25,0,0.586772207
-4.75,3.75,0,0.568509575
-4.75,3.25,0,0.584095429
-4.75,2.75,0,0.560876688
-4.75,2.25,0,0.5858538
-4.75,1.75,0,0.56941046
-4.75,1.25,0,0.580352095
-4.75,0.75,0,0.573487518
-4.75,0.25,0,0.588302279
-4.75,-0.25,0,0.527039465
-4.75,-0.75,0,0.605436946
-4.75,-1.25,0,0.578613353
-4.75,-1.75,0,0.554870244
-4.75,-2.25,0,0.591340434
-4.75,-2.75,0,0.582424495
-4.75,-3.25,0,0.599180084
-4.75,-3.75,0,0.550382542
-4.75,-4.25,0,0.590417592
-4.75,-4.75,0,0.599365805
-4.75,-5.25,0,0.420504396
-4.75,-5.75,0,0.39207143
-4.75,-6.25,0,0.357884668
-4.75,-6.75,0,0.388381166
-4.75,-7.25,0,0.018753832
-4.75,-7.75,0,-0.002596805
-4.75,-8.25,0,6.02E-04
-4.75,-8.75,0,0.000125035
-4.75,-9.25,0,0.000183508
-4.75,-9.75,0,-4.28E-05
-4.75,-10.25,0,8.71E-06
-4.75,-10.75,0,-1.68E-06
-4.75,-11.25,0,-4.28E-06
-4.75,-11.75,0,-2.34E-07
-4.75,-12.25,0,1.29E-06
-4.75,-12.75,0,4.57E-07
-4.75,-13.25,0,-1.77E-07
-4.75,-13.75,0,-3.94E-08
-4.75,-14.25,0,-6.28E-09
-4.75,-14.75,0,-1.19E-08
-4.25,14.75,0,-7.98E-09
-4.25,14.25,0,-1.30E-08
-4.25,13.75,0,2.23E-08
-4.25,13.25,0,4.18E-08
-4.25,12.75,0,6.85E-08
-4.25,12.25,0,1.37E-07
-4.25,11.75,0,2.26E-06
-4.25,11.25,0,-1.13E-05
-4.25,10.75,0,4.01E-06
-4.25,10.25,0,-2.87E-05
-4.25,9.75,0,1.55E-04
-4.25,9.25,0,-0.000158404
-4.25,8.75,0,3.29E-04
-4.25,8.25,0,0.000676917
-4.25,7.75,0,0.002159369
-4.25,7.25,0,0.000501477
-4.25,6.75,0,0.377598512
-4.25,6.25,0,0.400610125
-4.25,5.75,0,0.368526134
-4.25,5.25,0,0.398151054
-4.25,4.75,0,0.580720871
-4.25,4.25,0,0.56985429
-4.25,3.75,0,0.595012122
-4.25,3.25,0,0.612117912
-4.25,2.75,0,0.580822605
-4.25,2.25,0,0.552721981
-4.25,1.75,0,0.59606757
-4.25,1.25,0,0.548691145
-4.25,0.75,0,0.573620355
-4.25,0.25,0,0.580178934
-4.25,-0.25,0,0.61205608
-4.25,-0.75,0,0.556215736
-4.25,-1.25,0,0.56068283
-4.25,-1.75,0,0.630296863
-4.25,-2.25,0,0.600053245
-4.25,-2.75,0,0.575705583
-4.25,-3.25,0,0.578100369
-4.25,-3.75,0,0.60692694
-4.25,-4.25,0,0.577180719
-4.25,-4.75,0,0.5686444
-4.25,-5.25,0,0.363295432
-4.25,-5.75,0,0.380020405
-4.25,-6.25,0,0.403287146
-4.25,-6.75,0,0.392903278
-4.25,-7.25,0,-0.015245443
-4.25,-7.75,0,0.007936915
-4.25,-8.25,0,-0.000402768
-4.25,-8.75,0,5.00E-05
-4.25,-9.25,0,7.19E-05
-4.25,-9.75,0,1.09E-05
-4.25,-10.25,0,-8.01E-06
-4.25,-10.75,0,2.18E-05
-4.25,-11.25,0,-1.31E-06
-4.25,-11.75,0,-3.59E-06
-4.25,-12.25,0,2.15E-06
-4.25,-12.75,0,5.37E-07
-4.25,-13.25,0,-4.25E-07
-4.25,-13.75,0,-5.25E-09
-4.25,-14.25,0,-7.76E-09
-4.25,-14.75,0,-1.43E-08
-3.75,14.75,0,-3.46E-08
-3.75,14.25,0,-4.07E-08
-3.75,13.75,0,2.28E-08
-3.75,13.25,0,1.36E-07
-3.75,12.75,0,9.46E-08
-3.75,12.25,0,1.06E-07
-3.75,11.75,0,3.26E-06
-3.75,11.25,0,1.42E-07
-3.75,10.75,0,3.85E-06
-3.75,10.25,0,-2.68E-05
-3.75,9.75,0,5.20E-05
-3.75,9.25,0,-5.63E-05
-3.75,8.75,0,1.59E-04
-3.75,8.25,0,-7.80E-05
-3.75,7.75,0,0.004236735
-3.75,7.25,0,0.006424664
-3.75,6.75,0,0.382891376
-3.75,6.25,0,0.385180921
-3.75,5.75,0,0.405179813
-3.75,5.25,0,0.36533745
-3.75,4.75,0,0.595285671
-3.75,4.25,0,0.577425866
-3.75,3.75,0,0.575378488
-3.75,3.25,0,0.580639584
-3.75,2.75,0,0.551728629
-3.75,2.25,0,0.631100946
-3.75,1.75,0,0.556831948
-3.75,1.25,0,0.626541498
-3.75,0.75,0,0.613559942
-3.75,0.25,0,0.534265122
-3.75,-0.25,0,0.601619907
-3.75,-0.75,0,0.560733796
-3.75,-1.25,0,0.615190093
-3.75,-1.75,0,0.530908111
-3.75,-2.25,0,0.551471953
-3.75,-2.75,0,0.609509087
-3.75,-3.25,0,0.534001413
-3.75,-3.75,0,0.598286014
-3.75,-4.25,0,0.573522965
-3.75,-4.75,0,0.604285247
-3.75,-5.25,0,0.427583659
-3.75,-5.75,0,0.371650854
-3.75,-6.25,0,0.393338636
-3.75,-6.75,0,0.376750518
-3.75,-7.25,0,2.86E-03
-3.75,-7.75,0,0.004101664
-3.75,-8.25,0,-0.000843828
-3.75,-8.75,0,0.000587732
-3.75,-9.25,0,-8.18E-05
-3.75,-9.75,0,7.18E-05
-3.75,-10.25,0,-6.50E-06
-3.75,-10.75,0,-3.88E-06
-3.75,-11.25,0,9.48E-06
-3.75,-11.75,0,-3.15E-06
-3.75,-12.25,0,-5.87E-08
-3.75,-12.75,0,3.46E-07
-3.75,-13.25,0,-2.85E-07
-3.75,-13.75,0,1.37E-07
-3.75,-14.25,0,-5.48E-08
-3.75,-14.75,0,-4.96E-08
-3.25,14.75,0,-6.24E-08
-3.25,14.25,0,-8.60E-08
-3.25,13.75,0,3.87E-08
-3.25,13.25,0,1.64E-07
-3.25,12.75,0,-1.74E-07
-3.25,12.25,0,4.31E-08
-3.25,11.75,0,-3.91E-08
-3.25,11.25,0,-6.89E-07
-3.25,10.75,0,3.58E-06
-3.25,10.25,0,3.23E-05
-3.25,9.75,0,-3.71E-05
-3.25,9.25,0,5.11E-05
-3.25,8.75,0,0.000268575
-3.25,8.25,0,-0.000183248
-3.25,7.75,0,0.004803378
-3.25,7.25,0,-0.010774273
-3.25,6.75,0,0.408998988
-3.25,6.25,0,0.364433263
-3.25,5.75,0,0.383631548
-3.25,5.25,0,0.388026127
-3.25,4.75,0,0.595009096
-3.25,4.25,0,0.580956167
-3.25,3.75,0,0.579445719
-3.25,3.25,0,0.544431233
-3.25,2.75,0,0.628175526
-3.25,2.25,0,0.546485448
-3.25,1.75,0,0.58798352
-3.25,1.25,0,0.571380755
-3.25,0.75,0,0.662389623
-3.25,0.25,0,0.567680929
-3.25,-0.25,0,0.604743512
-3.25,-0.75,0,0.571936221
-3.25,-1.25,0,0.599391934
-3.25,-1.75,0,0.631111109
-3.25,-2.25,0,0.569593089
-3.25,-2.75,0,0.594429406
-3.25,-3.25,0,0.56957189
-3.25,-3.75,0,0.572584568
-3.25,-4.25,0,0.580155093
-3.25,-4.75,0,0.545568926
-3.25,-5.25,0,0.38298838
-3.25,-5.75,0,0.403969978
-3.25,-6.25,0,0.365735992
-3.25,-6.75,0,0.402662096
-3.25,-7.25,0,-0.005467649
-3.25,-7.75,0,0.005901923
-3.25,-8.25,0,-1.10E-06
-3.25,-8.75,0,3.77E-05
-3.25,-9.25,0,-2.46E-05
-3.25,-9.75,0,1.03E-05
-3.25,-10.25,0,-2.79E-06
-3.25,-10.75,0,1.43E-05
-3.25,-11.25,0,-9.43E-07
-3.25,-11.75,0,1.09E-06
-3.25,-12.25,0,-8.38E-07
-3.25,-12.75,0,2.64E-07
-3.25,-13.25,0,4.07E-08
-3.25,-13.75,0,1.56E-07
-3.25,-14.25,0,-1.70E-07
-3.25,-14.75,0,-7.95E-08
-2.75,14.75,0,-6.25E-08
-2.75,14.25,0,-7.95E-08
-2.75,13.75,0,8.94E-08
-2.75,13.25,0,-1.81E-07
-2.75,12.75,0,1.77E-07
-2.75,12.25,0,-1.28E-06
-2.75,11.75,0,-1.87E-06
-2.75,11.25,0,6.32E-06
-2.75,10.75,0,-7.83E-06
-2.75,10.25,0,9.55E-06
-2.75,9.75,0,-8.54E-06
-2.75,9.25,0,-7.47E-05
-2.75,8.75,0,0.000312774
-2.75,8.25,0,6.20E-04
-2.75,7.75,0,-0.001770935
-2.75,7.25,0,0.026775293
-2.75,6.75,0,0.356858289
-2.75,6.25,0,0.40783055
-2.75,5.75,0,0.404370676
-2.75,5.25,0,0.367360167
-2.75,4.75,0,0.578679135
-2.75,4.25,0,0.582120603
-2.75,3.75,0,0.607737178
-2.75,3.25,0,0.608291299
-2.75,2.75,0,0.757997546
-2.75,2.25,0,0.832899535
-2.75,1.75,0,0.784514826
-2.75,1.25,0,0.707373739
-2.75,0.75,0,0.777380678
-2.75,0.25,0,0.764822636
-2.75,-0.25,0,0.809107021
-2.75,-0.75,0,0.798747873
-2.75,-1.25,0,0.733950419
-2.75,-1.75,0,0.782752325
-2.75,-2.25,0,0.77786843
-2.75,-2.75,0,0.767957549
-2.75,-3.25,0,0.584689177
-2.75,-3.75,0,0.595154691
-2.75,-4.25,0,0.607142789
-2.75,-4.75,0,0.589596142
-2.75,-5.25,0,0.431972034
-2.75,-5.75,0,0.366734092
-2.75,-6.25,0,0.386425285
-2.75,-6.75,0,0.388539887
-2.75,-7.25,0,0.002811064
-2.75,-7.75,0,0.002895113
-2.75,-8.25,0,0.000122088
-2.75,-8.75,0,0.000233413
-2.75,-9.25,0,-2.25E-05
-2.75,-9.75,0,8.06E-05
-2.75,-10.25,0,-1.43E-05
-2.75,-10.75,0,-3.60E-06
-2.75,-11.25,0,6.62E-06
-2.75,-11.75,0,-1.68E-06
-2.75,-12.25,0,-1.60E-06
-2.75,-12.75,0,1.68E-06
-2.75,-13.25,0,-3.06E-07
-2.75,-13.75,0,2.19E-07
-2.75,-14.25,0,-1.43E-07
-2.75,-14.75,0,-6.53E-08
-2.25,14.75,0,-5.40E-08
-2.25,14.25,0,-3.47E-08
-2.25,13.75,0,8.73E-08
-2.25,13.25,0,-6.41E-08
-2.25,12.75,0,-2.00E-08
-2.25,12.25,0,2.73E-07
-2.25,11.75,0,3.15E-07
-2.25,11.25,0,-1.05E-06
-2.25,10.75,0,1.12E-05
-2.25,10.25,0,-1.33E-05
-2.25,9.75,0,-1.05E-05
-2.25,9.25,0,3.96E-05
-2.25,8.75,0,7.36E-05
-2.25,8.25,0,0.000334746
-2.25,7.75,0,-0.000768833
-2.25,7.25,0,0.001984495
-2.25,6.75,0,0.401385688
-2.25,6.25,0,0.359692826
-2.25,5.75,0,0.401979303
-2.25,5.25,0,0.370988827
-2.25,4.75,0,0.585381207
-2.25,4.25,0,0.550181446
-2.25,3.75,0,0.580072088
-2.25,3.25,0,0.557319442
-2.25,2.75,0,0.803786305
-2.25,2.25,0,0.739027868
-2.25,1.75,0,0.806976049
-2.25,1.25,0,0.779832141
-2.25,0.75,0,0.745960052
-2.25,0.25,0,0.795925733
-2.25,-0.25,0,0.724179336
-2.25,-0.75,0,0.72692835
-2.25,-1.25,0,0.782652052
-2.25,-1.75,0,0.79019388
-2.25,-2.25,0,0.815786771
-2.25,-2.75,0,0.767740957
-2.25,-3.25,0,0.586077108
-2.25,-3.75,0,0.55609121
-2.25,-4.25,0,0.563057573
-2.25,-4.75,0,0.546362849
-2.25,-5.25,0,0.378485441
-2.25,-5.75,0,0.378813621
-2.25,-6.25,0,0.389699583
-2.25,-6.75,0,0.372392176
-2.25,-7.25,0,0.007395109
-2.25,-7.75,0,0.001342728
-2.25,-8.25,0,0.000488007
-2.25,-8.75,0,0.000111352
-2.25,-9.25,0,-2.25E-05
-2.25,-9.75,0,-3.15E-05
-2.25,-10.25,0,2.71E-05
-2.25,-10.75,0,-1.10E-05
-2.25,-11.25,0,1.48E-08
-2.25,-11.75,0,1.53E-06
-2.25,-12.25,0,7.18E-07
-2.25,-12.75,0,-1.56E-07
-2.25,-13.25,0,-3.83E-07
-2.25,-13.75,0,1.82E-07
-2.25,-14.25,0,1.30E-08
-2.25,-14.75,0,-3.37E-08
-1.75,14.75,0,-3.41E-08
-1.75,14.25,0,2.72E-08
-1.75,13.75,0,-4.20E-08
-1.75,13.25,0,-1.50E-07
-1.75,12.75,0,-1.61E-07
-1.75,12.25,0,8.07E-07
-1.75,11.75,0,-8.82E-07
-1.75,11.25,0,7.37E-06
-1.75,10.75,0,-1.22E-05
-1.75,10.25,0,-1.07E-05
-1.75,9.75,0,1.76E-05
-1.75,9.25,0,7.58E-05
-1.75,8.75,0,-1.19E-04
-1.75,8.25,0,0.00126695
-1.75,7.75,0,0.002215488
-1.75,7.25,0,-0.000198694
-1.75,6.75,0,0.377744067
-1.75,6.25,0,0.398300683
-1.75,5.75,0,0.394720761
-1.75,5.25,0,0.409442676
-1.75,4.75,0,0.536666418
-1.75,4.25,0,0.629731412
-1.75,3.75,0,0.582615683
-1.75,3.25,0,0.548016616
-1.75,2.75,0,0.775431021
-1.75,2.25,0,0.804566773
-1.75,1.75,0,0.711967826
-1.75,1.25,0,0.848353179
-1.75,0.75,0,0.714409628
-1.75,0.25,0,0.863041304
-1.75,-0.25,0,0.758025636
-1.75,-0.75,0,0.833218773
-1.75,-1.25,0,0.745137506
-1.75,-1.75,0,0.808336683
-1.75,-2.25,0,0.745415033
-1.75,-2.75,0,0.78188745
-1.75,-3.25,0,0.540713127
-1.75,-3.75,0,0.613665161
-1.75,-4.25,0,0.593203076
-1.75,-4.75,0,0.635273386
-1.75,-5.25,0,0.390842741
-1.75,-5.75,0,0.382458737
-1.75,-6.25,0,0.381327629
-1.75,-6.75,0,0.40608346
-1.75,-7.25,0,-0.014374268
-1.75,-7.75,0,0.008526835
-1.75,-8.25,0,-0.001195819
-1.75,-8.75,0,0.000847468
-1.75,-9.25,0,-4.91E-05
-1.75,-9.75,0,3.76E-05
-1.75,-10.25,0,8.78E-08
-1.75,-10.75,0,-1.24E-05
-1.75,-11.25,0,3.17E-06
-1.75,-11.75,0,7.76E-07
-1.75,-12.25,0,6.71E-07
-1.75,-12.75,0,-1.81E-07
-1.75,-13.25,0,-1.27E-07
-1.75,-13.75,0,-1.73E-08
-1.75,-14.25,0,6.97E-08
-1.75,-14.75,0,1.25E-08
-1.25,14.75,0,-2.11E-08
-1.25,14.25,0,4.74E-08
-1.25,13.75,0,4.07E-09
-1.25,13.25,0,-1.76E-07
-1.25,12.75,0,-9.07E-08
-1.25,12.25,0,6.35E-08
-1.25,11.75,0,-1.29E-07
-1.25,11.25,0,6.28E-07
-1.25,10.75,0,-5.55E-06
-1.25,10.25,0,2.58E-05
-1.25,9.75,0,-4.40E-05
-1.25,9.25,0,2.82E-05
-1.25,8.75,0,1.06E-04
-1.25,8.25,0,-7.76E-05
-1.25,7.75,0,0.003280339
-1.25,7.25,0,0.00612175
-1.25,6.75,0,0.391090528
-1.25,6.25,0,0.384001919
-1.25,5.75,0,0.394920381
-1.25,5.25,0,0.355326505
-1.25,4.75,0,0.639583483
-1.25,4.25,0,0.558500017
-1.25,3.75,0,0.568135048
-1.25,3.25,0,0.636030232
-1.25,2.75,0,0.771804369
-1.25,2.25,0,0.751266482
-1.25,1.75,0,0.84814164
-1.25,1.25,0,0.750416766
-1.25,0.75,0,0.785829886
-1.25,0.25,0,0.692624382
-1.25,-0.25,0,0.792674984
-1.25,-0.75,0,0.76320708
-1.25,-1.25,0,0.757726694
-1.25,-1.75,0,0.784592575
-1.25,-2.25,0,0.767707896
-1.25,-2.75,0,0.742583918
-1.25,-3.25,0,0.628997345
-1.25,-3.75,0,0.559431585
-1.25,-4.25,0,0.551152803
-1.25,-4.75,0,0.561699917
-1.25,-5.25,0,0.39120049
-1.25,-5.75,0,0.393202975
-1.25,-6.25,0,0.382542285
-1.25,-6.75,0,0.376286061
-1.25,-7.25,0,0.007205211
-1.25,-7.75,0,0.001643575
-1.25,-8.25,0,0.001269768
-1.25,-8.75,0,-4.62E-04
-1.25,-9.25,0,6.87E-05
-1.25,-9.75,0,-2.52E-06
-1.25,-10.25,0,6.28E-06
-1.25,-10.75,0,-5.27E-07
-1.25,-11.25,0,2.96E-06
-1.25,-11.75,0,-1.02E-06
-1.25,-12.25,0,8.88E-07
-1.25,-12.75,0,-4.35E-07
-1.25,-13.25,0,-1.60E-07
-1.25,-13.75,0,2.21E-08
-1.25,-14.25,0,1.20E-10
-1.25,-14.75,0,2.21E-08
-0.75,14.75,0,-1.41E-08
-0.75,14.25,0,5.44E-08
-0.75,13.75,0,8.38E-08
-0.75,13.25,0,-3.64E-07
-0.75,12.75,0,-1.44E-07
-0.75,12.25,0,3.49E-07
-0.75,11.75,0,6.72E-07
-0.75,11.25,0,5.10E-06
-0.75,10.75,0,-1.35E-05
-0.75,10.25,0,-2.80E-07
-0.75,9.75,0,4.77E-05
-0.75,9.25,0,4.90E-07
-0.75,8.75,0,3.18E-04
-0.75,8.25,0,0.000768859
-0.75,7.75,0,0.004560781
-0.75,7.25,0,-0.0047003
-0.75,6.75,0,0.36372913
-0.75,6.25,0,0.38346708
-0.75,5.75,0,0.403594845
-0.75,5.25,0,0.393230807
-0.75,4.75,0,0.57643738
-0.75,4.25,0,0.58879613
-0.75,3.75,0,0.594729861
-0.75,3.25,0,0.60076312
-0.75,2.75,0,0.763194572
-0.75,2.25,0,0.774834164
-0.75,1.75,0,0.740943486
-0.75,1.25,0,0.744758322
-0.75,0.75,0,1.025630573
-0.75,0.25,0,0.970147277
-0.75,-0.25,0,0.984390161
-0.75,-0.75,0,0.978884502
-0.75,-1.25,0,0.812571368
-0.75,-1.75,0,0.787224181
-0.75,-2.25,0,0.772209563
-0.75,-2.75,0,0.787112423
-0.75,-3.25,0,0.559730529
-0.75,-3.75,0,0.613119325
-0.75,-4.25,0,0.56937325
-0.75,-4.75,0,0.585629635
-0.75,-5.25,0,0.401912071
-0.75,-5.75,0,0.373446311
-0.75,-6.25,0,0.391421414
-0.75,-6.75,0,0.378419287
-0.75,-7.25,0,0.016517085
-0.75,-7.75,0,-0.000524944
-0.75,-8.25,0,1.34E-04
-0.75,-8.75,0,2.17E-04
-0.75,-9.25,0,-0.000105559
-0.75,-9.75,0,6.65E-05
-0.75,-10.25,0,1.31E-05
-0.75,-10.75,0,-2.67E-05
-0.75,-11.25,0,9.32E-06
-0.75,-11.75,0,5.95E-07
-0.75,-12.25,0,5.13E-07
-0.75,-12.75,0,-1.65E-08
-0.75,-13.25,0,-2.29E-08
-0.75,-13.75,0,-1.44E-08
-0.75,-14.25,0,-1.77E-08
-0.75,-14.75,0,1.83E-08
-0.25,14.75,0,-1.18E-08
-0.25,14.25,0,4.39E-08
-0.25,13.75,0,9.19E-08
-0.25,13.25,0,-3.11E-07
-0.25,12.75,0,5.88E-07
-0.25,12.25,0,-4.18E-07
-0.25,11.75,0,-3.71E-08
-0.25,11.25,0,5.04E-07
-0.25,10.75,0,-4.35E-07
-0.25,10.25,0,1.34E-05
-0.25,9.75,0,-7.81E-06
-0.25,9.25,0,-1.54E-05
-0.25,8.75,0,7.92E-05
-0.25,8.25,0,5.05E-05
-0.25,7.75,0,-0.002394836
-0.25,7.25,0,0.013467954
-0.25,6.75,0,0.400136957
-0.25,6.25,0,0.393031164
-0.25,5.75,0,0.3740042
-0.25,5.25,0,0.406910152
-0.25,4.75,0,0.566890855
-0.25,4.25,0,0.574396945
-0.25,3.75,0,0.570505496
-0.25,3.25,0,0.627268812
-0.25,2.75,0,0.767025735
-0.25,2.25,0,0.785768139
-0.25,1.75,0,0.759031099
-0.25,1.25,0,0.847790005
-0.25,0.75,0,0.883117626
-0.25,0.25,0,0.987946672
-0.25,-0.25,0,0.975316795
-0.25,-0.75,0,0.962063621
-0.25,-1.25,0,0.750877608
-0.25,-1.75,0,0.785682667
-0.25,-2.25,0,0.783445371
-0.25,-2.75,0,0.738883525
-0.25,-3.25,0,0.584236686
-0.25,-3.75,0,0.573095101
-0.25,-4.25,0,0.624357539
-0.25,-4.75,0,0.590033602
-0.25,-5.25,0,0.391656578
-0.25,-5.75,0,0.376972051
-0.25,-6.25,0,0.388642575
-0.25,-6.75,0,0.400567435
-0.25,-7.25,0,-0.012150325
-0.25,-7.75,0,0.006135075
-0.25,-8.25,0,-0.000367444
-0.25,-8.75,0,-6.18E-06
-0.25,-9.25,0,0.000225671
-0.25,-9.75,0,-3.03E-05
-0.25,-10.25,0,1.63E-07
-0.25,-10.75,0,2.30E-06
-0.25,-11.25,0,-7.93E-07
-0.25,-11.75,0,-1.09E-06
-0.25,-12.25,0,9.30E-07
-0.25,-12.75,0,-1.21E-06
-0.25,-13.25,0,5.89E-07
-0.25,-13.75,0,3.06E-09
-0.25,-14.25,0,1.51E-08
-0.25,-14.75,0,1.84E-08
0.25,14.75,0,-1.85E-08
0.25,14.25,0,2.45E-08
0.25,13.75,0,1.24E-07
0.25,13.25,0,-2.49E-07
0.25,12.75,0,7.98E-07
0.25,12.25,0,2.69E-06
0.25,11.75,0,-3.69E-06
0.25,11.25,0,-5.35E-07
0.25,10.75,0,-1.69E-06
0.25,10.25,0,3.61E-06
0.25,9.75,0,-2.21E-05
0.25,9.25,0,0.00016798
0.25,8.75,0,1.57E-04
0.25,8.25,0,-0.000187285
0.25,7.75,0,0.004554804
0.25,7.25,0,0.008769709
0.25,6.75,0,0.368897092
0.25,6.25,0,0.366933515
0.25,5.75,0,0.40598372
0.25,5.25,0,0.381439244
0.25,4.75,0,0.596475134
0.25,4.25,0,0.594184746
0.25,3.75,0,0.582680192
0.25,3.25,0,0.565769327
0.25,2.75,0,0.776133344
0.25,2.25,0,0.772813904
0.25,1.75,0,0.759749362
0.25,1.25,0,0.772982406
0.25,0.75,0,1.00229197
0.25,0.25,0,0.941034742
0.25,-0.25,0,0.993419583
0.25,-0.75,0,0.948092745
0.25,-1.25,0,0.764615549
0.25,-1.75,0,0.795664775
0.25,-2.25,0,0.778585127
0.25,-2.75,0,0.848905868
0.25,-3.25,0,0.560129924
0.25,-3.75,0,0.622645067
0.25,-4.25,0,0.525040379
0.25,-4.75,0,0.587100119
0.25,-5.25,0,0.382867183
0.25,-5.75,0,0.399173804
0.25,-6.25,0,0.365824817
0.25,-6.75,0,0.384788327
0.25,-7.25,0,0.007379868
0.25,-7.75,0,0.003295209
0.25,-8.25,0,0.000302253
0.25,-8.75,0,4.43E-05
0.25,-9.25,0,0.000130062
0.25,-9.75,0,-3.08E-05
0.25,-10.25,0,9.68E-06
0.25,-10.75,0,-6.16E-06
0.25,-11.25,0,8.94E-06
0.25,-11.75,0,-1.97E-06
0.25,-12.25,0,-8.49E-07
0.25,-12.75,0,-9.48E-07
0.25,-13.25,0,7.81E-07
0.25,-13.75,0,5.48E-08
0.25,-14.25,0,3.48E-08
0.25,-14.75,0,2.02E-08
0.75,14.75,0,-3.54E-08
0.75,14.25,0,4.03E-08
0.75,13.75,0,1.17E-07
0.75,13.25,0,-2.42E-07
0.75,12.75,0,1.81E-07
0.75,12.25,0,3.27E-06
0.75,11.75,0,-1.52E-06
0.75,11.25,0,-3.90E-06
0.75,10.75,0,-5.53E-06
0.75,10.25,0,1.59E-05
0.75,9.75,0,1.63E-05
0.75,9.25,0,-5.30E-05
0.75,8.75,0,3.02E-04
0.75,8.25,0,-0.000310159
0.75,7.75,0,0.002322119
0.75,7.25,0,-0.00481741
0.75,6.75,0,0.406200661
0.75,6.25,0,0.390902807
0.75,5.75,0,0.373773247
0.75,5.25,0,0.412108574
0.75,4.75,0,0.54189151
0.75,4.25,0,0.623715442
0.75,3.75,0,0.568396224
0.75,3.25,0,0.591412521
0.75,2.75,0,0.783087638
0.75,2.25,0,0.762192456
0.75,1.75,0,0.815373159
0.75,1.25,0,0.758451975
0.75,0.75,0,0.930906794
0.75,0.25,0,0.961517355
0.75,-0.25,0,0.993386979
0.75,-0.75,0,0.97122433
0.75,-1.25,0,0.794048292
0.75,-1.75,0,0.78317309
0.75,-2.25,0,0.71696953
0.75,-2.75,0,0.773528965
0.75,-3.25,0,0.53446336
0.75,-3.75,0,0.583453651
0.75,-4.25,0,0.64106881
0.75,-4.75,0,0.572660506
0.75,-5.25,0,0.390213663
0.75,-5.75,0,0.403039219
0.75,-6.25,0,0.401900914
0.75,-6.75,0,0.383668187
0.75,-7.25,0,0.003997735
0.75,-7.75,0,0.000981116
0.75,-8.25,0,0.000193844
0.75,-8.75,0,1.44E-04
0.75,-9.25,0,-7.47E-05
0.75,-9.75,0,-2.25E-06
0.75,-10.25,0,4.59E-05
0.75,-10.75,0,-2.14E-05
0.75,-11.25,0,2.60E-06
0.75,-11.75,0,2.48E-07
0.75,-12.25,0,1.33E-06
0.75,-12.75,0,1.21E-07
0.75,-13.25,0,-2.05E-07
0.75,-13.75,0,8.69E-08
0.75,-14.25,0,5.48E-08
0.75,-14.75,0,1.63E-08
1.25,14.75,0,-5.14E-08
1.25,14.25,0,4.20E-08
1.25,13.75,0,7.90E-08
1.25,13.25,0,-2.36E-07
1.25,12.75,0,-1.33E-07
1.25,12.25,0,-3.83E-08
1.25,11.75,0,-9.64E-08
1.25,11.25,0,1.62E-06
1.25,10.75,0,1.61E-06
1.25,10.25,0,3.00E-07
1.25,9.75,0,-1.65E-05
1.25,9.25,0,1.46E-06
1.25,8.75,0,0.000153234
1.25,8.25,0,0.000755082
1.25,7.75,0,0.001010761
1.25,7.25,0,0.013028096
1.25,6.75,0,0.378020744
1.25,6.25,0,0.395092895
1.25,5.75,0,0.401715433
1.25,5.25,0,0.371815121
1.25,4.75,0,0.595202959
1.25,4.25,0,0.552442037
1.25,3.75,0,0.563259262
1.25,3.25,0,0.620869928
1.25,2.75,0,0.780516827
1.25,2.25,0,0.765206096
1.25,1.75,0,0.768067195
1.25,1.25,0,0.773753971
1.25,0.75,0,0.825611118
1.25,0.25,0,0.77631479
1.25,-0.25,0,0.798890303
1.25,-0.75,0,0.781058689
1.25,-1.25,0,0.75306542
1.25,-1.75,0,0.819068364
1.25,-2.25,0,0.773327124
1.25,-2.75,0,0.757029876
1.25,-3.25,0,0.59222124
1.25,-3.75,0,0.614021642
1.25,-4.25,0,0.550558063
1.25,-4.75,0,0.568187323
1.25,-5.25,0,0.389128516
1.25,-5.75,0,0.366154603
1.25,-6.25,0,0.369018568
1.25,-6.75,0,0.376438618
1.25,-7.25,0,0.009349247
1.25,-7.75,0,0.001643668
1.25,-8.25,0,0.00049121
1.25,-8.75,0,-6.42E-05
1.25,-9.25,0,0.000219293
1.25,-9.75,0,-8.27E-05
1.25,-10.25,0,4.57E-07
1.25,-10.75,0,8.99E-06
1.25,-11.25,0,-1.81E-06
1.25,-11.75,0,4.10E-07
1.25,-12.25,0,2.35E-07
1.25,-12.75,0,-1.62E-07
1.25,-13.25,0,-1.61E-07
1.25,-13.75,0,1.15E-07
1.25,-14.25,0,5.76E-08
1.25,-14.75,0,1.42E-08
1.75,14.75,0,-6.96E-08
1.75,14.25,0,-3.60E-08
1.75,13.75,0,1.82E-07
1.75,13.25,0,-3.98E-07
1.75,12.75,0,-1.54E-07
1.75,12.25,0,2.00E-06
1.75,11.75,0,-1.11E-06
1.75,11.25,0,3.82E-06
1.75,10.75,0,-1.39E-05
1.75,10.25,0,2.49E-06
1.75,9.75,0,-5.59E-07
1.75,9.25,0,0.000217709
1.75,8.75,0,-0.00020411
1.75,8.25,0,0.000648912
1.75,7.75,0,0.000762273
1.75,7.25,0,0.011321011
1.75,6.75,0,0.353151639
1.75,6.25,0,0.397126461
1.75,5.75,0,0.355966244
1.75,5.25,0,0.410504287
1.75,4.75,0,0.593620894
1.75,4.25,0,0.583415544
1.75,3.75,0,0.612494683
1.75,3.25,0,0.491762425
1.75,2.75,0,0.834408122
1.75,2.25,0,0.768881592
1.75,1.75,0,0.823484019
1.75,1.25,0,0.741461209
1.75,0.75,0,0.761514568
1.75,0.25,0,0.800009982
1.75,-0.25,0,0.787354484
1.75,-0.75,0,0.707608358
1.75,-1.25,0,0.842692843
1.75,-1.75,0,0.751905182
1.75,-2.25,0,0.770880245
1.75,-2.75,0,0.833780622
1.75,-3.25,0,0.604450488
1.75,-3.75,0,0.556369803
1.75,-4.25,0,0.597662224
1.75,-4.75,0,0.571658915
1.75,-5.25,0,0.405480003
1.75,-5.75,0,0.383315167
1.75,-6.25,0,0.407093851
1.75,-6.75,0,0.40487529
1.75,-7.25,0,-0.004574984
1.75,-7.75,0,0.004412377
1.75,-8.25,0,-0.00044916
1.75,-8.75,0,0.000317547
1.75,-9.25,0,1.76E-05
1.75,-9.75,0,3.06E-05
1.75,-10.25,0,-3.89E-07
1.75,-10.75,0,3.03E-06
1.75,-11.25,0,-7.08E-06
1.75,-11.75,0,9.04E-07
1.75,-12.25,0,3.88E-07
1.75,-12.75,0,-3.91E-07
1.75,-13.25,0,8.01E-08
1.75,-13.75,0,6.71E-08
1.75,-14.25,0,6.08E-08
1.75,-14.75,0,1.10E-08
2.25,14.75,0,-7.82E-08
2.25,14.25,0,-9.85E-08
2.25,13.75,0,2.37E-07
2.25,13.25,0,-2.34E-07
2.25,12.75,0,-2.54E-07
2.25,12.25,0,3.77E-07
2.25,11.75,0,2.43E-07
2.25,11.25,0,1.02E-06
2.25,10.75,0,-7.77E-06
2.25,10.25,0,1.71E-05
2.25,9.75,0,4.36E-06
2.25,9.25,0,-2.98E-04
2.25,8.75,0,0.000570997
2.25,8.25,0,2.37E-05
2.25,7.75,0,5.27E-05
2.25,7.25,0,0.00847241
2.25,6.75,0,0.388237053
2.25,6.25,0,0.380631891
2.25,5.75,0,0.419138794
2.25,5.25,0,0.398578124
2.25,4.75,0,0.552366231
2.25,4.25,0,0.566377083
2.25,3.75,0,0.569456583
2.25,3.25,0,0.616985292
2.25,2.75,0,0.750042566
2.25,2.25,0,0.791216019
2.25,1.75,0,0.749592861
2.25,1.25,0,0.831093849
2.25,0.75,0,0.770628599
2.25,0.25,0,0.76412182
2.25,-0.25,0,0.780261729
2.25,-0.75,0,0.773276726
2.25,-1.25,0,0.793553496
2.25,-1.75,0,0.761571834
2.25,-2.25,0,0.781279987
2.25,-2.75,0,0.771193592
2.25,-3.25,0,0.562282856
2.25,-3.75,0,0.610529954
2.25,-4.25,0,0.554331949
2.25,-4.75,0,0.596022871
2.25,-5.25,0,0.406846669
2.25,-5.75,0,0.377022878
2.25,-6.25,0,0.39486214
2.25,-6.75,0,0.378761679
2.25,-7.25,0,0.002050678
2.25,-7.75,0,0.002423716
2.25,-8.25,0,0.000494952
2.25,-8.75,0,5.97E-05
2.25,-9.25,0,3.88E-05
2.25,-9.75,0,-3.03E-05
2.25,-10.25,0,3.67E-05
2.25,-10.75,0,-1.98E-05
2.25,-11.25,0,6.28E-06
2.25,-11.75,0,1.14E-06
2.25,-12.25,0,6.40E-07
2.25,-12.75,0,-4.42E-07
2.25,-13.25,0,-5.55E-08
2.25,-13.75,0,2.22E-07
2.25,-14.25,0,3.88E-08
2.25,-14.75,0,-1.59E-08
2.75,14.75,0,-8.12E-08
2.75,14.25,0,-1.40E-07
2.75,13.75,0,2.33E-07
2.75,13.25,0,-1.61E-07
2.75,12.75,0,5.15E-07
2.75,12.25,0,-1.10E-06
2.75,11.75,0,1.77E-06
2.75,11.25,0,-5.29E-07
2.75,10.75,0,-3.86E-06
2.75,10.25,0,5.65E-06
2.75,9.75,0,3.76E-05
2.75,9.25,0,3.59E-05
2.75,8.75,0,0.000245717
2.75,8.25,0,-0.00034917
2.75,7.75,0,0.003943123
2.75,7.25,0,0.006399367
2.75,6.75,0,0.387244626
2.75,6.25,0,0.377681287
2.75,5.75,0,0.388833959
2.75,5.25,0,0.369372036
2.75,4.75,0,0.601317021
2.75,4.25,0,0.599746758
2.75,3.75,0,0.587386434
2.75,3.25,0,0.583710657
2.75,2.75,0,0.775968925
2.75,2.25,0,0.772159052
2.75,1.75,0,0.764369527
2.75,1.25,0,0.779568582
2.75,0.75,0,0.74197066
2.75,0.25,0,0.83668815
2.75,-0.25,0,0.743055613
2.75,-0.75,0,0.814011845
2.75,-1.25,0,0.726035209
2.75,-1.75,0,0.786079541
2.75,-2.25,0,0.744452642
2.75,-2.75,0,0.756186355
2.75,-3.25,0,0.592683792
2.75,-3.75,0,0.56451518
2.75,-4.25,0,0.598190573
2.75,-4.75,0,0.574329731
2.75,-5.25,0,0.372252698
2.75,-5.75,0,0.376532069
2.75,-6.25,0,0.400988045
2.75,-6.75,0,0.359504125
2.75,-7.25,0,0.004759666
2.75,-7.75,0,0.003901661
2.75,-8.25,0,-1.86E-04
2.75,-8.75,0,0.00026183
2.75,-9.25,0,-1.41E-05
2.75,-9.75,0,-6.41E-06
2.75,-10.25,0,4.19E-06
2.75,-10.75,0,1.45E-06
2.75,-11.25,0,-1.04E-07
2.75,-11.75,0,1.71E-06
2.75,-12.25,0,-1.05E-06
2.75,-12.75,0,-3.86E-07
2.75,-13.25,0,2.38E-07
2.75,-13.75,0,4.10E-08
2.75,-14.25,0,-1.17E-07
2.75,-14.75,0,-4.42E-08
3.25,14.75,0,-8.31E-08
3.25,14.25,0,-1.41E-07
3.25,13.75,0,2.60E-07
3.25,13.25,0,1.16E-08
3.25,12.75,0,-1.48E-07
3.25,12.25,0,2.32E-07
3.25,11.75,0,4.08E-07
3.25,11.25,0,1.96E-06
3.25,10.75,0,6.09E-07
3.25,10.25,0,1.03E-05
3.25,9.75,0,-4.55E-05
3.25,9.25,0,0.000249574
3.25,8.75,0,-9.05E-05
3.25,8.25,0,3.33E-04
3.25,7.75,0,0.002290211
3.25,7.25,0,0.002872915
3.25,6.75,0,0.372054238
3.25,6.25,0,0.392452864
3.25,5.75,0,0.400877386
3.25,5.25,0,0.376225785
3.25,4.75,0,0.576128954
3.25,4.25,0,0.570282228
3.25,3.75,0,0.578449038
3.25,3.25,0,0.594507588
3.25,2.75,0,0.569315687
3.25,2.25,0,0.632333515
3.25,1.75,0,0.557869286
3.25,1.25,0,0.539249527
3.25,0.75,0,0.648182741
3.25,0.25,0,0.522395609
3.25,-0.25,0,0.618740541
3.25,-0.75,0,0.551174137
3.25,-1.25,0,0.610836502
3.25,-1.75,0,0.596022474
3.25,-2.25,0,0.594721314
3.25,-2.75,0,0.611328548
3.25,-3.25,0,0.572864453
3.25,-3.75,0,0.565714618
3.25,-4.25,0,0.6194628
3.25,-4.75,0,0.564361605
3.25,-5.25,0,0.400584032
3.25,-5.75,0,0.426974913
3.25,-6.25,0,0.361742708
3.25,-6.75,0,0.413068918
3.25,-7.25,0,0.00176026
3.25,-7.75,0,0.003487023
3.25,-8.25,0,0.000180827
3.25,-8.75,0,-1.04E-04
3.25,-9.25,0,9.08E-05
3.25,-9.75,0,-2.22E-05
3.25,-10.25,0,1.61E-05
3.25,-10.75,0,9.15E-06
3.25,-11.25,0,-1.02E-05
3.25,-11.75,0,2.00E-06
3.25,-12.25,0,1.46E-06
3.25,-12.75,0,-3.05E-07
3.25,-13.25,0,2.59E-07
3.25,-13.75,0,-1.99E-07
3.25,-14.25,0,-1.70E-07
3.25,-14.75,0,-4.24E-08
3.75,14.75,0,-5.67E-08
3.75,14.25,0,-8.58E-08
3.75,13.75,0,2.36E-07
3.75,13.25,0,7.71E-09
3.75,12.75,0,-1.58E-07
3.75,12.25,0,-6.37E-07
3.75,11.75,0,-6.94E-07
3.75,11.25,0,8.99E-06
3.75,10.75,0,-1.34E-05
3.75,10.25,0,1.43E-06
3.75,9.75,0,-2.33E-06
3.75,9.25,0,-0.000159433
3.75,8.75,0,5.54E-04
3.75,8.25,0,-0.000436548
3.75,7.75,0,0.00403709
3.75,7.25,0,0.000896969
3.75,6.75,0,0.388013155
3.75,6.25,0,0.396325171
3.75,5.75,0,0.372367977
3.75,5.25,0,0.373262608
3.75,4.75,0,0.638372456
3.75,4.25,0,0.560244724
3.75,3.75,0,0.604799536
3.75,3.25,0,0.565061032
3.75,2.75,0,0.607251264
3.75,2.25,0,0.539214085
3.75,1.75,0,0.61150006
3.75,1.25,0,0.56579831
3.75,0.75,0,0.579337216
3.75,0.25,0,0.6176225
3.75,-0.25,0,0.59058543
3.75,-0.75,0,0.604122652
3.75,-1.25,0,0.595274211
3.75,-1.75,0,0.602143667
3.75,-2.25,0,0.560673875
3.75,-2.75,0,0.572509446
3.75,-3.25,0,0.604392266
3.75,-3.75,0,0.566768317
3.75,-4.25,0,0.59390341
3.75,-4.75,0,0.563099312
3.75,-5.25,0,0.400552478
3.75,-5.75,0,0.380745973
3.75,-6.25,0,0.395972069
3.75,-6.75,0,0.380795591
3.75,-7.25,0,5.80E-04
3.75,-7.75,0,0.002871589
3.75,-8.25,0,4.74E-05
3.75,-8.75,0,1.57E-04
3.75,-9.25,0,-5.28E-05
3.75,-9.75,0,4.71E-05
3.75,-10.25,0,-2.97E-05
3.75,-10.75,0,1.74E-05
3.75,-11.25,0,-9.89E-07
3.75,-11.75,0,4.97E-07
3.75,-12.25,0,-2.70E-07
3.75,-12.75,0,-5.66E-07
3.75,-13.25,0,2.42E-07
3.75,-13.75,0,-1.13E-07
3.75,-14.25,0,-1.12E-07
3.75,-14.75,0,-3.08E-08
4.25,14.75,0,-1.25E-10
4.25,14.25,0,-1.82E-08
4.25,13.75,0,1.41E-07
4.25,13.25,0,-1.10E-07
4.25,12.75,0,-2.49E-07
4.25,12.25,0,1.30E-08
4.25,11.75,0,2.80E-06
4.25,11.25,0,-2.05E-06
4.25,10.75,0,-3.55E-06
4.25,10.25,0,1.89E-05
4.25,9.75,0,-4.67E-05
4.25,9.25,0,0.000214298
4.25,8.75,0,-0.000463312
4.25,8.25,0,0.001491621
4.25,7.75,0,0.00151935
4.25,7.25,0,0.003918836
4.25,6.75,0,0.388170383
4.25,6.25,0,0.352447458
4.25,5.75,0,0.421851603
4.25,5.25,0,0.375277707
4.25,4.75,0,0.559857829
4.25,4.25,0,0.56142838
4.25,3.75,0,0.594611186
4.25,3.25,0,0.576478836
4.25,2.75,0,0.567601508
4.25,2.25,0,0.580736796
4.25,1.75,0,0.558206597
4.25,1.25,0,0.592451827
4.25,0.75,0,0.591247943
4.25,0.25,0,0.571556749
4.25,-0.25,0,0.574307608
4.25,-0.75,0,0.569917542
4.25,-1.25,0,0.536955656
4.25,-1.75,0,0.605362523
4.25,-2.25,0,0.560136142
4.25,-2.75,0,0.606874888
4.25,-3.25,0,0.574892516
4.25,-3.75,0,0.569841876
4.25,-4.25,0,0.611237897
4.25,-4.75,0,0.587060445
4.25,-5.25,0,0.372306994
4.25,-5.75,0,0.383323136
4.25,-6.25,0,0.379685111
4.25,-6.75,0,0.384610354
4.25,-7.25,0,0.000508259
4.25,-7.75,0,0.005096308
4.25,-8.25,0,-0.000421509
4.25,-8.75,0,0.000150821
4.25,-9.25,0,0.000147867
4.25,-9.75,0,-3.90E-05
4.25,-10.25,0,1.82E-05
4.25,-10.75,0,-9.94E-06
4.25,-11.25,0,7.36E-06
4.25,-11.75,0,-2.12E-06
4.25,-12.25,0,4.76E-08
4.25,-12.75,0,-1.18E-07
4.25,-13.25,0,1.26E-07
4.25,-13.75,0,-1.02E-09
4.25,-14.25,0,-2.00E-08
4.25,-14.75,0,-1.12E-08
4.75,14.75,0,-1.04E-08
4.75,14.25,0,-3.93E-09
4.75,13.75,0,7.50E-08
4.75,13.25,0,-1.17E-07
4.75,12.75,0,-1.62E-08
4.75,12.25,0,8.81E-08
4.75,11.75,0,7.63E-07
4.75,11.25,0,-1.58E-06
4.75,10.75,0,8.95E-06
4.75,10.25,0,-6.49E-06
4.75,9.75,0,5.16E-05
4.75,9.25,0,-0.000221774
4.75,8.75,0,5.22E-04
4.75,8.25,0,-0.000447197
4.75,7.75,0,0.000947227
4.75,7.25,0,0.005313601
4.75,6.75,0,0.406266623
4.75,6.25,0,0.391656607
4.75,5.75,0,0.399358134
4.75,5.25,0,0.377342178
4.75,4.75,0,0.603911541
4.75,4.25,0,0.63405527
4.75,3.75,0,0.540675229
4.75,3.25,0,0.619619503
4.75,2.75,0,0.571490259
4.75,2.25,0,0.616341996
4.75,1.75,0,0.580606066
4.75,1.25,0,0.559105988
4.75,0.75,0,0.606167187
4.75,0.25,0,0.571484259
4.75,-0.25,0,0.587234677
4.75,-0.75,0,0.616224081
4.75,-1.25,0,0.569263728
4.75,-1.75,0,0.586719827
4.75,-2.25,0,0.607265271
4.75,-2.75,0,0.520663982
4.75,-3.25,0,0.608153764
4.75,-3.75,0,0.595364272
4.75,-4.25,0,0.57227691
4.75,-4.75,0,0.588642655
4.75,-5.25,0,0.362536302
4.75,-5.75,0,0.415516106
4.75,-6.25,0,0.371254274
4.75,-6.75,0,0.369559579
4.75,-7.25,0,0.009165438
4.75,-7.75,0,0.001743511
4.75,-8.25,0,0.000680064
4.75,-8.75,0,5.79E-05
4.75,-9.25,0,6.36E-05
4.75,-9.75,0,-2.50E-05
4.75,-10.25,0,2.29E-06
4.75,-10.75,0,1.73E-06
4.75,-11.25,0,-1.21E-06
4.75,-11.75,0,-1.90E-06
4.75,-12.25,0,-1.29E-07
4.75,-12.75,0,4.90E-08
4.75,-13.25,0,-5.45E-08
4.75,-13.75,0,3.14E-10
4.75,-14.25,0,-2.81E-08
4.75,-14.75,0,7.86E-09
5.25,14.75,0,-8.22E-09
5.25,14.25,0,1.00E-08
5.25,13.75,0,4.06E-08
5.25,13.25,0,2.09E-08
5.25,12.75,0,-3.39E-07
5.25,12.25,0,3.04E-07
5.25,11.75,0,1.98E-06
5.25,11.25,0,-4.82E-06
5.25,10.75,0,-4.31E-06
5.25,10.25,0,-2.15E-07
5.25,9.75,0,-2.29E-05
5.25,9.25,0,0.000114067
5.25,8.75,0,3.49E-06
5.25,8.25,0,0.000259304
5.25,7.75,0,0.002277475
5.25,7.25,0,0.009054321
5.25,6.75,0,0.362069612
5.25,6.25,0,0.366920183
5.25,5.75,0,0.391523174
5.25,5.25,0,0.393519232
5.25,4.75,0,0.391556955
5.25,4.25,0,0.373023935
5.25,3.75,0,0.407794804
5.25,3.25,0,0.370519545
5.25,2.75,0,0.39733265
5.25,2.25,0,0.35896969
5.25,1.75,0,0.411857071
5.25,1.25,0,0.372491346
5.25,0.75,0,0.384527565
5.25,0.25,0,0.403320522
5.25,-0.25,0,0.368607278
5.25,-0.75,0,0.371277389
5.25,-1.25,0,0.415274945
5.25,-1.75,0,0.396324061
5.25,-2.25,0,0.385242412
5.25,-2.75,0,0.433198973
5.25,-3.25,0,0.340887093
5.25,-3.75,0,0.402548455
5.25,-4.25,0,0.369878013
5.25,-4.75,0,0.391856913
5.25,-5.25,0,0.392185909
5.25,-5.75,0,0.426733361
5.25,-6.25,0,0.382693048
5.25,-6.75,0,0.383867373
5.25,-7.25,0,-0.002369299
5.25,-7.75,0,0.004068185
5.25,-8.25,0,-0.00017857
5.25,-8.75,0,0.000288194
5.25,-9.25,0,-9.96E-05
5.25,-9.75,0,4.32E-05
5.25,-10.25,0,-7.23E-06
5.25,-10.75,0,9.89E-06
5.25,-11.25,0,-3.13E-07
5.25,-11.75,0,6.54E-07
5.25,-12.25,0,1.60E-06
5.25,-12.75,0,2.26E-08
5.25,-13.25,0,-3.06E-07
5.25,-13.75,0,4.17E-08
5.25,-14.25,0,1.13E-09
5.25,-14.75,0,1.65E-10
5.75,14.75,0,1.85E-08
5.75,14.25,0,-2.38E-09
5.75,13.75,0,2.43E-08
5.75,13.25,0,-9.82E-08
5.75,12.75,0,5.15E-08
5.75,12.25,0,-1.36E-07
5.75,11.75,0,-6.85E-07
5.75,11.25,0,2.20E-06
5.75,10.75,0,1.62E-05
5.75,10.25,0,-1.75E-05
5.75,9.75,0,6.11E-06
5.75,9.25,0,-5.80E-05
5.75,8.75,0,2.65E-04
5.75,8.25,0,0.000404353
5.75,7.75,0,0.001179311
5.75,7.25,0,0.004324765
5.75,6.75,0,0.391409694
5.75,6.25,0,0.399582886
5.75,5.75,0,0.400643386
5.75,5.25,0,0.371869842
5.75,4.75,0,0.39729729
5.75,4.25,0,0.398891636
5.75,3.75,0,0.394578345
5.75,3.25,0,0.396928751
5.75,2.75,0,0.401782208
5.75,2.25,0,0.363112652
5.75,1.75,0,0.389395104
5.75,1.25,0,0.386949553
5.75,0.75,0,0.388079217
5.75,0.25,0,0.374096168
5.75,-0.25,0,0.398714135
5.75,-0.75,0,0.404909845
5.75,-1.25,0,0.382724821
5.75,-1.75,0,0.382603801
5.75,-2.25,0,0.3808589
5.75,-2.75,0,0.371233098
5.75,-3.25,0,0.41212089
5.75,-3.75,0,0.389547704
5.75,-4.25,0,0.395428965
5.75,-4.75,0,0.403431802
5.75,-5.25,0,0.370926607
5.75,-5.75,0,0.365511951
5.75,-6.25,0,0.384056358
5.75,-6.75,0,0.405129328
5.75,-7.25,0,0.00985888
5.75,-7.75,0,0.000258274
5.75,-8.25,0,0.000392026
5.75,-8.75,0,0.000127706
5.75,-9.25,0,3.02E-05
5.75,-9.75,0,-2.28E-06
5.75,-10.25,0,-1.06E-05
5.75,-10.75,0,1.68E-05
5.75,-11.25,0,-3.37E-06
5.75,-11.75,0,-9.83E-08
5.75,-12.25,0,8.25E-07
5.75,-12.75,0,4.63E-07
5.75,-13.25,0,-2.23E-07
5.75,-13.75,0,3.20E-09
5.75,-14.25,0,-2.13E-09
5.75,-14.75,0,4.06E-08
6.25,14.75,0,9.57E-09
6.25,14.25,0,5.23E-09
6.25,13.75,0,1.26E-07
6.25,13.25,0,-1.33E-07
6.25,12.75,0,-6.46E-08
6.25,12.25,0,1.67E-08
6.25,11.75,0,2.20E-07
6.25,11.25,0,-7.67E-07
6.25,10.75,0,3.00E-06
6.25,10.25,0,5.89E-06
6.25,9.75,0,1.53E-05
6.25,9.25,0,-2.88E-05
6.25,8.75,0,1.45E-04
6.25,8.25,0,-0.000237373
6.25,7.75,0,0.003315616
6.25,7.25,0,0.006265008
6.25,6.75,0,0.37163591
6.25,6.25,0,0.409375197
6.25,5.75,0,0.381131509
6.25,5.25,0,0.37006413
6.25,4.75,0,0.405451414
6.25,4.25,0,0.370873635
6.25,3.75,0,0.385878194
6.25,3.25,0,0.391091796
6.25,2.75,0,0.376484698
6.25,2.25,0,0.41399474
6.25,1.75,0,0.39281072
6.25,1.25,0,0.420732285
6.25,0.75,0,0.37333324
6.25,0.25,0,0.405943197
6.25,-0.25,0,0.382034348
6.25,-0.75,0,0.389379896
6.25,-1.25,0,0.369847256
6.25,-1.75,0,0.410020821
6.25,-2.25,0,0.377836184
6.25,-2.75,0,0.39077281
6.25,-3.25,0,0.379512104
6.25,-3.75,0,0.403776038
6.25,-4.25,0,0.403784999
6.25,-4.75,0,0.390810507
6.25,-5.25,0,0.37208003
6.25,-5.75,0,0.425754406
6.25,-6.25,0,0.35655391
6.25,-6.75,0,0.392575753
6.25,-7.25,0,-0.027109339
6.25,-7.75,0,0.011932117
6.25,-8.25,0,-0.001598574
6.25,-8.75,0,4.58E-04
6.25,-9.25,0,-5.34E-05
6.25,-9.75,0,1.26E-06
6.25,-10.25,0,1.04E-05
6.25,-10.75,0,8.18E-06
6.25,-11.25,0,-4.60E-06
6.25,-11.75,0,-9.82E-07
6.25,-12.25,0,2.34E-07
6.25,-12.75,0,6.46E-08
6.25,-13.25,0,-2.19E-07
6.25,-13.75,0,1.65E-08
6.25,-14.25,0,-5.14E-12
6.25,-14.75,0,3.76E-08
6.75,14.75,0,1.63E-08
6.75,14.25,0,8.43E-09
6.75,13.75,0,6.64E-09
6.75,13.25,0,-1.14E-07
6.75,12.75,0,5.70E-07
6.75,12.25,0,-1.60E-07
6.75,11.75,0,-3.46E-07
6.75,11.25,0,1.31E-07
6.75,10.75,0,9.84E-06
6.75,10.25,0,-6.33E-06
6.75,9.75,0,-2.77E-05
6.75,9.25,0,3.33E-05
6.75,8.75,0,2.54E-04
6.75,8.25,0,-0.000627842
6.75,7.75,0,0.004153288
6.75,7.25,0,-0.01005106
6.75,6.75,0,0.381942817
6.75,6.25,0,0.362042301
6.75,5.75,0,0.395989992
6.75,5.25,0,0.375023571
6.75,4.75,0,0.382286988
6.75,4.25,0,0.393191409
6.75,3.75,0,0.376500265
6.75,3.25,0,0.387901306
6.75,2.75,0,0.387979884
6.75,2.25,0,0.357627383
6.75,1.75,0,0.395634359
6.75,1.25,0,0.378149988
6.75,0.75,0,0.386015905
6.75,0.25,0,0.370601046
6.75,-0.25,0,0.381700862
6.75,-0.75,0,0.393212535
6.75,-1.25,0,0.381981397
6.75,-1.75,0,0.366854611
6.75,-2.25,0,0.397071497
6.75,-2.75,0,0.375433292
6.75,-3.25,0,0.393478266
6.75,-3.75,0,0.372346154
6.75,-4.25,0,0.360406342
6.75,-4.75,0,0.373028774
6.75,-5.25,0,0.393171003
6.75,-5.75,0,0.391826374
6.75,-6.25,0,0.384081425
6.75,-6.75,0,0.398785533
6.75,-7.25,0,-0.00094559
6.75,-7.75,0,-0.000137369
6.75,-8.25,0,0.00104104
6.75,-8.75,0,-5.29E-05
6.75,-9.25,0,3.78E-05
6.75,-9.75,0,4.59E-05
6.75,-10.25,0,-1.24E-05
6.75,-10.75,0,-6.15E-06
6.75,-11.25,0,4.12E-06
6.75,-11.75,0,-5.29E-07
6.75,-12.25,0,4.95E-08
6.75,-12.75,0,-1.95E-08
6.75,-13.25,0,-7.08E-08
6.75,-13.75,0,2.07E-09
6.75,-14.25,0,1.27E-09
6.75,-14.75,0,-2.19E-09
7.25,14.75,0,-8.30E-10
7.25,14.25,0,8.45E-09
7.25,13.75,0,1.98E-08
7.25,13.25,0,-1.01E-07
7.25,12.75,0,3.68E-07
7.25,12.25,0,-3.16E-07
7.25,11.75,0,-3.06E-07
7.25,11.25,0,-9.02E-07
7.25,10.75,0,1.73E-06
7.25,10.25,0,6.29E-06
7.25,9.75,0,-8.18E-06
7.25,9.25,0,3.19E-05
7.25,8.75,0,-7.77E-05
7.25,8.25,0,0.000440004
7.25,7.75,0,-0.000754969
7.25,7.25,0,0.012364811
7.25,6.75,0,0.003711881
7.25,6.25,0,0.009169577
7.25,5.75,0,0.001067512
7.25,5.25,0,0.010173091
7.25,4.75,0,0.008118481
7.25,4.25,0,-0.010990175
7.25,3.75,0,0.009683647
7.25,3.25,0,-0.005096316
7.25,2.75,0,0.002320325
7.25,2.25,0,0.011153951
7.25,1.75,0,0.003151101
7.25,1.25,0,-0.006543753
7.25,0.75,0,0.005110188
7.25,0.25,0,0.008001857
7.25,-0.25,0,0.009148755
7.25,-0.75,0,0.006847488
7.25,-1.25,0,0.004839138
7.25,-1.75,0,0.029098713
7.25,-2.25,0,-0.006015818
7.25,-2.75,0,0.003858623
7.25,-3.25,0,-0.000432818
7.25,-3.75,0,0.01100842
7.25,-4.25,0,0.020883197
7.25,-4.75,0,-0.001811559
7.25,-5.25,0,-0.004377863
7.25,-5.75,0,-0.004734612
7.25,-6.25,0,-0.011310919
7.25,-6.75,0,0.001252232
7.25,-7.25,0,0.005033303
7.25,-7.75,0,0.000809477
7.25,-8.25,0,-1.43E-06
7.25,-8.75,0,3.18E-08
7.25,-9.25,0,-1.98E-05
7.25,-9.75,0,-4.45E-05
7.25,-10.25,0,2.74E-05
7.25,-10.75,0,-8.63E-06
7.25,-11.25,0,7.51E-06
7.25,-11.75,0,-3.24E-06
7.25,-12.25,0,1.17E-06
7.25,-12.75,0,-1.43E-08
7.25,-13.25,0,-6.74E-08
7.25,-13.75,0,-3.91E-09
7.25,-14.25,0,-1.24E-09
7.25,-14.75,0,-1.42E-09
7.75,14.75,0,6.83E-09
7.75,14.25,0,2.14E-09
7.75,13.75,0,7.76E-09
7.75,13.25,0,-6.67E-08
7.75,12.75,0,1.05E-07
7.75,12.25,0,-2.12E-07
7.75,11.75,0,-3.24E-07
7.75,11.25,0,-1.29E-07
7.75,10.75,0,5.47E-06
7.75,10.25,0,-4.42E-06
7.75,9.75,0,7.88E-07
7.75,9.25,0,4.24E-06
7.75,8.75,0,8.63E-05
7.75,8.25,0,1.28E-04
7.75,7.75,0,3.10E-04
7.75,7.25,0,-0.001526728
7.75,6.75,0,0.001761147
7.75,6.25,0,0.000184633
7.75,5.75,0,0.003944758
7.75,5.25,0,0.000150714
7.75,4.75,0,0.001378146
7.75,4.25,0,0.005840139
7.75,3.75,0,0.001997296
7.75,3.25,0,0.003696195
7.75,2.75,0,0.005367601
7.75,2.25,0,-0.000153494
7.75,1.75,0,0.004020487
7.75,1.25,0,0.005188734
7.75,0.75,0,0.002986002
7.75,0.25,0,0.001608351
7.75,-0.25,0,-0.001093772
7.75,-0.75,0,0.00291967
7.75,-1.25,0,0.000240239
7.75,-1.75,0,-0.004210627
7.75,-2.25,0,0.002573448
7.75,-2.75,0,0.003830225
7.75,-3.25,0,0.003620011
7.75,-3.75,0,0.000112058
7.75,-4.25,0,0.000410384
7.75,-4.75,0,0.00387663
7.75,-5.25,0,0.005276964
7.75,-5.75,0,0.00647042
7.75,-6.25,0,0.006367264
7.75,-6.75,0,0.00054213
7.75,-7.25,0,-0.000391789
7.75,-7.75,0,-1.17E-04
7.75,-8.25,0,4.92E-04
7.75,-8.75,0,-5.99E-05
7.75,-9.25,0,1.07E-04
7.75,-9.75,0,-1.15E-06
7.75,-10.25,0,-5.13E-06
7.75,-10.75,0,3.39E-07
7.75,-11.25,0,8.39E-07
7.75,-11.75,0,-7.61E-07
7.75,-12.25,0,3.17E-07
7.75,-12.75,0,-6.01E-08
7.75,-13.25,0,-5.37E-08
7.75,-13.75,0,-4.57E-09
7.75,-14.25,0,3.89E-09
7.75,-14.75,0,-1.18E-09
8.25,14.75,0,-8.67E-09
8.25,14.25,0,2.08E-09
8.25,13.75,0,2.00E-08
8.25,13.25,0,-9.42E-09
8.25,12.75,0,2.49E-08
8.25,12.25,0,-4.23E-08
8.25,11.75,0,-1.64E-07
8.25,11.25,0,-2.83E-07
8.25,10.75,0,1.72E-06
8.25,10.25,0,1.73E-06
8.25,9.75,0,-4.93E-06
8.25,9.25,0,-1.57E-05
8.25,8.75,0,9.52E-05
8.25,8.25,0,-1.28E-04
8.25,7.75,0,2.39E-05
8.25,7.25,0,3.50E-04
8.25,6.75,0,-2.15E-04
8.25,6.25,0,0.000326081
8.25,5.75,0,0.000298009
8.25,5.25,0,0.000187659
8.25,4.75,0,0.000462278
8.25,4.25,0,0.000932875
8.25,3.75,0,-0.000255922
8.25,3.25,0,0.001102977
8.25,2.75,0,-0.001272194
8.25,2.25,0,1.08E-03
8.25,1.75,0,-0.000402333
8.25,1.25,0,-4.58E-04
8.25,0.75,0,-2.18E-05
8.25,0.25,0,8.27E-05
8.25,-0.25,0,0.0012244
8.25,-0.75,0,-0.000584047
8.25,-1.25,0,0.001291695
8.25,-1.75,0,8.49E-04
8.25,-2.25,0,-2.04E-04
8.25,-2.75,0,-7.75E-05
8.25,-3.25,0,0.001047873
8.25,-3.75,0,0.000634283
8.25,-4.25,0,0.000344466
8.25,-4.75,0,-3.97E-05
8.25,-5.25,0,-6.89E-04
8.25,-5.75,0,-6.90E-05
8.25,-6.25,0,-0.00056532
8.25,-6.75,0,0.000671849
8.25,-7.25,0,0.000951222
8.25,-7.75,0,9.28E-05
8.25,-8.25,0,-1.25E-04
8.25,-8.75,0,8.40E-05
8.25,-9.25,0,-1.62E-05
8.25,-9.75,0,-2.40E-05
8.25,-10.25,0,1.51E-05
8.25,-10.75,0,-3.20E-06
8.25,-11.25,0,4.47E-07
8.25,-11.75,0,-6.85E-07
8.25,-12.25,0,1.57E-07
8.25,-12.75,0,-9.10E-08
8.25,-13.25,0,-4.32E-08
8.25,-13.75,0,3.75E-09
8.25,-14.25,0,3.36E-09
8.25,-14.75,0,-1.53E-09
8.75,14.75,0,-2.42E-09
8.75,14.25,0,5.07E-09
8.75,13.75,0,8.05E-10
8.75,13.25,0,-1.87E-08
8.75,12.75,0,5.25E-08
8.75,12.25,0,1.30E-08
8.75,11.75,0,-2.99E-07
8.75,11.25,0,-7.48E-07
8.75,10.75,0,4.26E-06
8.75,10.25,0,1.78E-06
8.75,9.75,0,-1.61E-05
8.75,9.25,0,1.42E-05
8.75,8.75,0,-2.82E-05
8.75,8.25,0,3.07E-05
8.75,7.75,0,3.50E-05
8.75,7.25,0,-7.55E-06
8.75,6.75,0,0.00034136
8.75,6.25,0,9.13E-05
8.75,5.75,0,-0.000226682
8.75,5.25,0,0.000224122
8.75,4.75,0,3.46E-04
8.75,4.25,0,-0.000193735
8.75,3.75,0,3.34E-04
8.75,3.25,0,-1.63E-04
8.75,2.75,0,0.000609763
8.75,2.25,0,0.000102471
8.75,1.75,0,-0.00012853
8.75,1.25,0,0.000345454
8.75,0.75,0,0.000446088
8.75,0.25,0,9.94E-05
8.75,-0.25,0,-1.09E-04
8.75,-0.75,0,1.15E-04
8.75,-1.25,0,-3.47E-04
8.75,-1.75,0,0.000219789
8.75,-2.25,0,-9.19E-05
8.75,-2.75,0,0.000109159
8.75,-3.25,0,-1.73E-04
8.75,-3.75,0,-0.000542781
8.75,-4.25,0,4.86E-04
8.75,-4.75,0,3.70E-04
8.75,-5.25,0,0.000138772
8.75,-5.75,0,5.52E-04
8.75,-6.25,0,1.13E-04
8.75,-6.75,0,1.58E-04
8.75,-7.25,0,-3.80E-04
8.75,-7.75,0,2.80E-04
8.75,-8.25,0,-4.04E-05
8.75,-8.75,0,-3.75E-05
8.75,-9.25,0,1.06E-05
8.75,-9.75,0,-5.08E-06
8.75,-10.25,0,-9.36E-06
8.75,-10.75,0,4.73E-06
8.75,-11.25,0,-2.22E-07
8.75,-11.75,0,-1.46E-07
8.75,-12.25,0,-1.39E-07
8.75,-12.75,0,-4.98E-08
8.75,-13.25,0,-1.26E-08
8.75,-13.75,0,7.86E-09
8.75,-14.25,0,4.01E-09
8.75,-14.75,0,-7.86E-10
9.25,14.75,0,-2.54E-09
9.25,14.25,0,3.85E-09
9.25,13.75,0,1.98E-09
9.25,13.25,0,-5.27E-09
9.25,12.75,0,-2.83E-11
9.25,12.25,0,6.11E-09
9.25,11.75,0,6.83E-08
9.25,11.25,0,1.15E-07
9.25,10.75,0,3.15E-07
9.25,10.25,0,-5.69E-07
9.25,9.75,0,3.73E-06
9.25,9.25,0,1.18E-06
9.25,8.75,0,1.47E-05
9.25,8.25,0,-1.04E-05
9.25,7.75,0,8.12E-05
9.25,7.25,0,-1.89E-05
9.25,6.75,0,-4.89E-05
9.25,6.25,0,8.20E-05
9.25,5.75,0,1.18E-07
9.25,5.25,0,9.54E-05
9.25,4.75,0,-0.000143357
9.25,4.25,0,0.000127955
9.25,3.75,0,2.95E-05
9.25,3.25,0,-5.43E-05
9.25,2.75,0,-2.48E-05
9.25,2.25,0,1.49E-04
9.25,1.75,0,0.000217197
9.25,1.25,0,2.06E-05
9.25,0.75,0,-1.55E-04
9.25,0.25,0,4.92E-05
9.25,-0.25,0,0.000110103
9.25,-0.75,0,0.000258184
9.25,-1.25,0,-6.01E-05
9.25,-1.75,0,0.000119142
9.25,-2.25,0,0.000162903
9.25,-2.75,0,-6.31E-05
9.25,-3.25,0,2.29E-04
9.25,-3.75,0,0.000103925
9.25,-4.25,0,-8.20E-05
9.25,-4.75,0,-6.16E-06
9.25,-5.25,0,7.02E-05
9.25,-5.75,0,-2.20E-04
9.25,-6.25,0,7.78E-05
9.25,-6.75,0,-1.72E-04
9.25,-7.25,0,1.87E-04
9.25,-7.75,0,-1.39E-04
9.25,-8.25,0,7.52E-05
9.25,-8.75,0,8.03E-06
9.25,-9.25,0,-6.26E-06
9.25,-9.75,0,1.27E-05
9.25,-10.25,0,4.20E-06
9.25,-10.75,0,-1.16E-06
9.25,-11.25,0,1.52E-09
9.25,-11.75,0,-6.40E-08
9.25,-12.25,0,-1.83E-08
9.25,-12.75,0,-1.69E-09
9.25,-13.25,0,-1.59E-10
9.25,-13.75,0,6.86E-09
9.25,-14.25,0,2.52E-09
9.25,-14.75,0,-4.62E-10
9.75,14.75,0,-5.22E-10
9.75,14.25,0,-4.72E-09
9.75,13.75,0,4.70E-09
9.75,13.25,0,-4.50E-09
9.75,12.75,0,-1.84E-09
9.75,12.25,0,-4.48E-08
9.75,11.75,0,-5.21E-08
9.75,11.25,0,3.18E-07
9.75,10.75,0,1.14E-07
9.75,10.25,0,-7.68E-07
9.75,9.75,0,2.30E-06
9.75,9.25,0,-7.58E-06
9.75,8.75,0,5.34E-06
9.75,8.25,0,-7.90E-07
9.75,7.75,0,-2.11E-05
9.75,7.25,0,-4.19E-07
9.75,6.75,0,1.22E-05
9.75,6.25,0,-1.11E-05
9.75,5.75,0,4.99E-06
9.75,5.25,0,-2.04E-05
9.75,4.75,0,8.67E-05
9.75,4.25,0,-1.78E-05
9.75,3.75,0,2.23E-06
9.75,3.25,0,-5.29E-06
9.75,2.75,0,4.60E-05
9.75,2.25,0,-7.76E-05
9.75,1.75,0,-9.81E-05
9.75,1.25,0,6.71E-05
9.75,0.75,0,8.86E-05
9.75,0.25,0,1.84E-05
9.75,-0.25,0,-1.61E-06
9.75,-0.75,0,-1.51E-04
9.75,-1.25,0,9.73E-05
9.75,-1.75,0,-4.55E-05
9.75,-2.25,0,-2.90E-05
9.75,-2.75,0,-2.38E-05
9.75,-3.25,0,-3.25E-05
9.75,-3.75,0,-4.31E-05
9.75,-4.25,0,4.48E-05
9.75,-4.75,0,2.28E-05
9.75,-5.25,0,4.14E-06
9.75,-5.75,0,2.12E-05
9.75,-6.25,0,-1.06E-05
9.75,-6.75,0,1.12E-04
9.75,-7.25,0,-2.79E-05
9.75,-7.75,0,4.68E-05
9.75,-8.25,0,-3.48E-05
9.75,-8.75,0,-1.16E-06
9.75,-9.25,0,-2.02E-07
9.75,-9.75,0,-3.39E-06
9.75,-10.25,0,-2.78E-06
9.75,-10.75,0,5.13E-07
9.75,-11.25,0,2.75E-07
9.75,-11.75,0,-1.92E-07
9.75,-12.25,0,-2.49E-08
9.75,-12.75,0,-1.36E-08
9.75,-13.25,0,3.51E-10
9.75,-13.75,0,3.32E-09
9.75,-14.25,0,-3.64E-09
9.75,-14.75,0,9.27E-09
10.25,14.75,0,-4.10E-10
10.25,14.25,0,3.50E-09
10.25,13.75,0,2.12E-09
10.25,13.25,0,-7.14E-10
10.25,12.75,0,-5.48E-09
10.25,12.25,0,-2.81E-08
10.25,11.75,0,-1.31E-07
10.25,11.25,0,-3.53E-08
10.25,10.75,0,-3.65E-08
10.25,10.25,0,7.60E-07
10.25,9.75,0,2.43E-06
10.25,9.25,0,1.02E-06
10.25,8.75,0,-1.86E-06
10.25,8.25,0,6.69E-06
10.25,7.75,0,7.10E-06
10.25,7.25,0,-1.69E-06
10.25,6.75,0,-1.29E-06
10.25,6.25,0,-8.01E-06
10.25,5.75,0,1.61E-05
10.25,5.25,0,2.07E-05
10.25,4.75,0,-4.68E-05
10.25,4.25,0,-5.24E-06
10.25,3.75,0,4.42E-06
10.25,3.25,0,3.26E-05
10.25,2.75,0,-4.52E-05
10.25,2.25,0,1.42E-05
10.25,1.75,0,3.49E-05
10.25,1.25,0,-2.82E-05
10.25,0.75,0,-2.98E-05
10.25,0.25,0,-1.90E-05
10.25,-0.25,0,2.28E-05
10.25,-0.75,0,4.40E-05
10.25,-1.25,0,-3.05E-05
10.25,-1.75,0,-8.57E-06
10.25,-2.25,0,3.40E-06
10.25,-2.75,0,4.08E-05
10.25,-3.25,0,-2.90E-05
10.25,-3.75,0,4.41E-05
10.25,-4.25,0,-2.55E-05
10.25,-4.75,0,-2.62E-05
10.25,-5.25,0,-2.15E-05
10.25,-5.75,0,1.72E-05
10.25,-6.25,0,-8.35E-07
10.25,-6.75,0,-3.11E-05
10.25,-7.25,0,-1.72E-05
10.25,-7.75,0,-1.34E-05
10.25,-8.25,0,-6.93E-07
10.25,-8.75,0,3.27E-06
10.25,-9.25,0,-1.91E-06
10.25,-9.75,0,1.58E-06
10.25,-10.25,0,2.30E-07
10.25,-10.75,0,-2.18E-08
10.25,-11.25,0,-3.69E-07
10.25,-11.75,0,-4.65E-08
10.25,-12.25,0,-1.18E-08
10.25,-12.75,0,4.89E-09
10.25,-13.25,0,-2.93E-09
10.25,-13.75,0,1.73E-09
10.25,-14.25,0,1.07E-09
10.25,-14.75,0,5.83E-09
10.75,14.75,0,4.72E-10
10.75,14.25,0,-2.60E-09
10.75,13.75,0,3.92E-11
10.75,13.25,0,-2.83E-09
10.75,12.75,0,-3.35E-09
10.75,12.25,0,-2.01E-08
10.75,11.75,0,-8.73E-08
10.75,11.25,0,-1.40E-07
10.75,10.75,0,1.92E-07
10.75,10.25,0,-3.25E-07
10.75,9.75,0,-6.53E-08
10.75,9.25,0,7.69E-07
10.75,8.75,0,4.20E-07
10.75,8.25,0,-3.98E-07
10.75,7.75,0,1.92E-08
10.75,7.25,0,4.79E-06
10.75,6.75,0,5.52E-06
10.75,6.25,0,-2.21E-06
10.75,5.75,0,-5.36E-06
10.75,5.25,0,1.18E-05
10.75,4.75,0,7.09E-06
10.75,4.25,0,1.44E-05
10.75,3.75,0,-8.71E-06
10.75,3.25,0,-1.47E-05
10.75,2.75,0,2.15E-05
10.75,2.25,0,4.01E-06
10.75,1.75,0,-1.85E-05
10.75,1.25,0,1.46E-06
10.75,0.75,0,1.57E-05
10.75,0.25,0,6.13E-06
10.75,-0.25,0,-1.22E-05
10.75,-0.75,0,-2.04E-05
10.75,-1.25,0,1.34E-05
10.75,-1.75,0,2.09E-05
10.75,-2.25,0,-1.33E-05
10.75,-2.75,0,-1.23E-06
10.75,-3.25,0,2.76E-05
10.75,-3.75,0,-1.35E-05
10.75,-4.25,0,1.36E-05
10.75,-4.75,0,-1.17E-06
10.75,-5.25,0,2.25E-05
10.75,-5.75,0,-8.52E-06
10.75,-6.25,0,-1.00E-05
10.75,-6.75,0,7.43E-06
10.75,-7.25,0,1.64E-05
10.75,-7.75,0,-2.33E-06
10.75,-8.25,0,1.65E-06
10.75,-8.75,0,1.64E-06
10.75,-9.25,0,3.45E-06
10.75,-9.75,0,-3.22E-07
10.75,-10.25,0,8.33E-07
10.75,-10.75,0,-1.94E-07
10.75,-11.25,0,-8.63E-09
10.75,-11.75,0,5.41E-08
10.75,-12.25,0,2.64E-08
10.75,-12.75,0,1.07E-08
10.75,-13.25,0,1.25E-09
10.75,-13.75,0,9.49E-10
10.75,-14.25,0,-1.13E-09
10.75,-14.75,0,5.79E-09
11.25,14.75,0,8.30E-10
11.25,14.25,0,-1.00E-09
11.25,13.75,0,-3.34E-09
11.25,13.25,0,-1.48E-09
11.25,12.75,0,-3.81E-09
11.25,12.25,0,-1.27E-08
11.25,11.75,0,-3.74E-08
11.25,11.25,0,-6.27E-08
11.25,10.75,0,1.76E-08
11.25,10.25,0,5.61E-09
11.25,9.75,0,9.52E-09
11.25,9.25,0,-1.87E-08
11.25,8.75,0,7.59E-07
11.25,8.25,0,1.64E-07
11.25,7.75,0,1.40E-06
11.25,7.25,0,2.28E-06
11.25,6.75,0,-6.07E-07
11.25,6.25,0,6.22E-06
11.25,5.75,0,1.18E-07
11.25,5.25,0,-7.47E-06
11.25,4.75,0,-1.12E-07
11.25,4.25,0,-3.47E-06
11.25,3.75,0,1.23E-06
11.25,3.25,0,8.95E-06
11.25,2.75,0,-2.54E-06
11.25,2.25,0,-2.47E-06
11.25,1.75,0,3.15E-06
11.25,1.25,0,-6.72E-07
11.25,0.75,0,-1.29E-05
11.25,0.25,0,5.23E-07
11.25,-0.25,0,4.38E-06
11.25,-0.75,0,2.39E-06
11.25,-1.25,0,-1.41E-07
11.25,-1.75,0,-1.06E-05
11.25,-2.25,0,2.02E-06
11.25,-2.75,0,-8.43E-06
11.25,-3.25,0,-5.02E-06
11.25,-3.75,0,-1.00E-06
11.25,-4.25,0,-2.16E-06
11.25,-4.75,0,-2.38E-07
11.25,-5.25,0,3.56E-06
11.25,-5.75,0,3.95E-07
11.25,-6.25,0,8.09E-06
11.25,-6.75,0,8.72E-07
11.25,-7.25,0,-6.87E-06
11.25,-7.75,0,3.24E-06
11.25,-8.25,0,8.34E-07
11.25,-8.75,0,-3.77E-07
11.25,-9.25,0,-5.48E-07
11.25,-9.75,0,2.41E-07
11.25,-10.25,0,-2.39E-07
11.25,-10.75,0,6.58E-09
11.25,-11.25,0,1.04E-07
11.25,-11.75,0,4.92E-08
11.25,-12.25,0,2.04E-08
11.25,-12.75,0,6.01E-09
11.25,-13.25,0,1.72E-09
11.25,-13.75,0,2.29E-09
11.25,-14.25,0,-3.81E-10
11.25,-14.75,0,6.41E-09
11.75,14.75,0,3.02E-09
11.75,14.25,0,-2.63E-10
11.75,13.75,0,-9.47E-10
11.75,13.25,0,-6.37E-09
11.75,12.75,0,-2.62E-09
11.75,12.25,0,-7.84E-09
11.75,11.75,0,-1.64E-08
11.75,11.25,0,-2.70E-08
11.75,10.75,0,-2.02E-08
11.75,10.25,0,1.31E-08
11.75,9.75,0,2.77E-08
11.75,9.25,0,1.87E-08
11.75,8.75,0,-4.87E-07
11.75,8.25,0,-5.48E-07
11.75,7.75,0,-9.56E-07
11.75,7.25,0,-1.08E-06
11.75,6.75,0,-6.21E-07
11.75,6.25,0,-7.68E-07
11.75,5.75,0,1.21E-08
11.75,5.25,0,2.42E-06
11.75,4.75,0,9.75E-07
11.75,4.25,0,1.07E-06
11.75,3.75,0,-2.18E-06
11.75,3.25,0,-5.69E-07
11.75,2.75,0,-7.13E-07
11.75,2.25,0,3.42E-06
11.75,1.75,0,-1.09E-06
11.75,1.25,0,5.80E-07
11.75,0.75,0,7.19E-06
11.75,0.25,0,2.59E-07
11.75,-0.25,0,2.12E-06
11.75,-0.75,0,-2.55E-07
11.75,-1.25,0,1.22E-06
11.75,-1.75,0,3.95E-07
11.75,-2.25,0,1.65E-06
11.75,-2.75,0,1.80E-06
11.75,-3.25,0,2.49E-06
11.75,-3.75,0,1.44E-06
11.75,-4.25,0,-6.72E-07
11.75,-4.75,0,2.65E-06
11.75,-5.25,0,-2.07E-06
11.75,-5.75,0,-1.08E-06
11.75,-6.25,0,-1.82E-06
11.75,-6.75,0,-3.74E-07
11.75,-7.25,0,-1.33E-07
11.75,-7.75,0,1.42E-07
11.75,-8.25,0,-8.19E-07
11.75,-8.75,0,-4.50E-07
11.75,-9.25,0,-8.92E-08
11.75,-9.75,0,-2.13E-07
11.75,-10.25,0,-1.45E-07
11.75,-10.75,0,5.39E-08
11.75,-11.25,0,4.61E-08
11.75,-11.75,0,1.84E-08
11.75,-12.25,0,9.18E-09
11.75,-12.75,0,2.26E-09
11.75,-13.25,0,9.42E-10
11.75,-13.75,0,-5.13E-10
11.75,-14.25,0,-5.71E-10
11.75,-14.75,0,6.05E-09
12.25,14.75,0,3.94E-09
12.25,14.25,0,-9.06E-11
12.25,13.75,0,-2.75E-10
12.25,13.25,0,-1.81E-09
12.25,12.75,0,-7.92E-09
12.25,12.25,0,-1.64E-09
12.25,11.75,0,-4.04E-09
12.25,11.25,0,-6.90E-09
12.25,10.75,0,-7.57E-09
12.25,10.25,0,-3.51E-09
12.25,9.75,0,-1.35E-08
12.25,9.25,0,8.52E-09
12.25,8.75,0,2.48E-08
12.25,8.25,0,3.12E-08
12.25,7.75,0,3.63E-07
12.25,7.25,0,6.26E-08
12.25,6.75,0,8.05E-08
12.25,6.25,0,3.32E-08
12.25,5.75,0,3.59E-07
12.25,5.25,0,-2.21E-07
12.25,4.75,0,-1.49E-07
12.25,4.25,0,-9.44E-08
12.25,3.75,0,1.23E-06
12.25,3.25,0,9.70E-07
12.25,2.75,0,2.69E-07
12.25,2.25,0,-6.02E-07
12.25,1.75,0,-8.80E-07
12.25,1.25,0,1.08E-06
12.25,0.75,0,-1.30E-07
12.25,0.25,0,7.54E-07
12.25,-0.25,0,-1.32E-06
12.25,-0.75,0,8.76E-08
12.25,-1.25,0,-2.18E-07
12.25,-1.75,0,5.62E-07
12.25,-2.25,0,2.02E-07
12.25,-2.75,0,9.78E-07
12.25,-3.25,0,-1.62E-06
12.25,-3.75,0,6.01E-07
12.25,-4.25,0,1.17E-07
12.25,-4.75,0,-3.81E-08
12.25,-5.25,0,-3.99E-07
12.25,-5.75,0,3.71E-07
12.25,-6.25,0,2.42E-07
12.25,-6.75,0,2.92E-07
12.25,-7.25,0,2.45E-07
12.25,-7.75,0,1.13E-07
12.25,-8.25,0,-3.88E-08
12.25,-8.75,0,1.90E-08
12.25,-9.25,0,1.56E-08
12.25,-9.75,0,-1.04E-08
12.25,-10.25,0,4.88E-08
12.25,-10.75,0,5.23E-08
12.25,-11.25,0,3.18E-08
12.25,-11.75,0,6.82E-09
12.25,-12.25,0,1.28E-09
12.25,-12.75,0,1.54E-09
12.25,-13.25,0,-1.70E-09
12.25,-13.75,0,4.32E-10
12.25,-14.25,0,-6.43E-10
12.25,-14.75,0,6.15E-09
12.75,14.75,0,4.07E-09
12.75,14.25,0,-2.87E-10
12.75,13.75,0,7.61E-10
12.75,13.25,0,-7.90E-10
12.75,12.75,0,-2.00E-09
12.75,12.25,0,-3.49E-09
12.75,11.75,0,1.79E-09
12.75,11.25,0,1.38E-10
12.75,10.75,0,-1.31E-09
12.75,10.25,0,-5.75E-09
12.75,9.75,0,-4.72E-09
12.75,9.25,0,8.02E-08
12.75,8.75,0,8.83E-08
12.75,8.25,0,1.97E-09
12.75,7.75,0,3.45E-08
12.75,7.25,0,1.96E-07
12.75,6.75,0,-7.35E-09
12.75,6.25,0,9.74E-08
12.75,5.75,0,3.80E-07
12.75,5.25,0,1.60E-07
12.75,4.75,0,3.41E-07
12.75,4.25,0,-4.01E-08
12.75,3.75,0,-2.64E-07
12.75,3.25,0,-2.48E-07
12.75,2.75,0,-1.51E-08
12.75,2.25,0,-1.51E-07
12.75,1.75,0,7.96E-08
12.75,1.25,0,-1.11E-06
12.75,0.75,0,-4.29E-07
12.75,0.25,0,3.15E-07
12.75,-0.25,0,5.18E-07
12.75,-0.75,0,-1.38E-07
12.75,-1.25,0,-3.37E-08
12.75,-1.75,0,-1.69E-07
12.75,-2.25,0,3.94E-08
12.75,-2.75,0,2.74E-07
12.75,-3.25,0,3.01E-07
12.75,-3.75,0,-5.84E-08
12.75,-4.25,0,-1.26E-07
12.75,-4.75,0,-2.69E-07
12.75,-5.25,0,-9.62E-08
12.75,-5.75,0,5.58E-08
12.75,-6.25,0,3.05E-08
12.75,-6.75,0,2.22E-08
12.75,-7.25,0,6.61E-08
12.75,-7.75,0,-7.16E-08
12.75,-8.25,0,-1.36E-07
12.75,-8.75,0,-7.44E-08
12.75,-9.25,0,-2.27E-08
12.75,-9.75,0,7.28E-10
12.75,-10.25,0,9.19E-09
12.75,-10.75,0,1.59E-08
12.75,-11.25,0,6.59E-09
12.75,-11.75,0,2.19E-09
12.75,-12.25,0,1.36E-09
12.75,-12.75,0,2.58E-09
12.75,-13.25,0,1.11E-09
12.75,-13.75,0,6.00E-10
12.75,-14.25,0,-3.99E-10
12.75,-14.75,0,6.80E-09
13.25,14.75,0,4.49E-09
13.25,14.25,0,-2.53E-10
13.25,13.75,0,3.36E-10
13.25,13.25,0,8.31E-11
13.25,12.75,0,-3.95E-10
13.25,12.25,0,-3.71E-09
13.25,11.75,0,-4.88E-09
13.25,11.25,0,-8.97E-09
13.25,10.75,0,1.80E-09
13.25,10.25,0,-7.20E-11
13.25,9.75,0,-1.20E-09
13.25,9.25,0,-1.03E-09
13.25,8.75,0,5.09E-09
13.25,8.25,0,-7.44E-08
13.25,7.75,0,-5.22E-08
13.25,7.25,0,-1.47E-07
13.25,6.75,0,-1.49E-07
13.25,6.25,0,-1.84E-07
13.25,5.75,0,-3.13E-07
13.25,5.25,0,-2.10E-07
13.25,4.75,0,-1.39E-07
13.25,4.25,0,-6.67E-08
13.25,3.75,0,-1.75E-08
13.25,3.25,0,-2.05E-08
13.25,2.75,0,-1.85E-07
13.25,2.25,0,-8.70E-08
13.25,1.75,0,-6.46E-08
13.25,1.25,0,1.03E-07
13.25,0.75,0,-1.15E-07
13.25,0.25,0,-2.15E-07
13.25,-0.25,0,-2.38E-07
13.25,-0.75,0,-1.27E-07
13.25,-1.25,0,-1.92E-07
13.25,-1.75,0,-1.62E-07
13.25,-2.25,0,-4.20E-08
13.25,-2.75,0,8.86E-08
13.25,-3.25,0,-1.54E-07
13.25,-3.75,0,-1.84E-07
13.25,-4.25,0,-1.26E-07
13.25,-4.75,0,1.31E-08
13.25,-5.25,0,-1.64E-07
13.25,-5.75,0,-6.57E-10
13.25,-6.25,0,-1.52E-07
13.25,-6.75,0,-2.55E-08
13.25,-7.25,0,-5.68E-08
13.25,-7.75,0,-3.78E-08
13.25,-8.25,0,-2.22E-08
13.25,-8.75,0,-2.50E-08
13.25,-9.25,0,-2.35E-08
13.25,-9.75,0,-1.31E-08
13.25,-10.25,0,-9.21E-09
13.25,-10.75,0,-2.95E-09
13.25,-11.25,0,1.14E-09
13.25,-11.75,0,3.89E-10
13.25,-12.25,0,1.66E-09
13.25,-12.75,0,1.29E-09
13.25,-13.25,0,5.22E-10
13.25,-13.75,0,4.23E-10
13.25,-14.25,0,-3.32E-10
13.25,-14.75,0,8.49E-09
13.75,14.75,0,4.85E-09
13.75,14.25,0,-4.54E-10
13.75,13.75,0,-1.99E-10
13.75,13.25,0,3.45E-10
13.75,12.75,0,5.18E-10
13.75,12.25,0,-1.61E-10
13.75,11.75,0,-9.20E-10
13.75,11.25,0,-4.17E-09
13.75,10.75,0,9.88E-10
13.75,10.25,0,-7.43E-09
13.75,9.75,0,2.35E-09
13.75,9.25,0,2.60E-09
13.75,8.75,0,9.17E-09
13.75,8.25,0,8.46E-09
13.75,7.75,0,1.17E-08
13.75,7.25,0,1.57E-08
13.75,6.75,0,1.21E-08
13.75,6.25,0,1.45E-07
13.75,5.75,0,5.22E-08
13.75,5.25,0,7.96E-08
13.75,4.75,0,4.33E-09
13.75,4.25,0,6.74E-09
13.75,3.75,0,1.62E-07
13.75,3.25,0,2.36E-07
13.75,2.75,0,3.09E-07
13.75,2.25,0,2.81E-07
13.75,1.75,0,5.85E-08
13.75,1.25,0,6.37E-08
13.75,0.75,0,6.71E-08
13.75,0.25,0,8.14E-08
13.75,-0.25,0,8.66E-08
13.75,-0.75,0,8.58E-08
13.75,-1.25,0,1.33E-07
13.75,-1.75,0,9.28E-08
13.75,-2.25,0,1.23E-07
13.75,-2.75,0,-4.24E-08
13.75,-3.25,0,1.48E-07
13.75,-3.75,0,1.76E-07
13.75,-4.25,0,2.07E-08
13.75,-4.75,0,7.69E-09
13.75,-5.25,0,7.12E-08
13.75,-5.75,0,2.80E-08
13.75,-6.25,0,2.15E-08
13.75,-6.75,0,-2.63E-09
13.75,-7.25,0,-1.05E-08
13.75,-7.75,0,-1.22E-09
13.75,-8.25,0,-1.11E-08
13.75,-8.75,0,-1.51E-09
13.75,-9.25,0,-1.51E-09
13.75,-9.75,0,-6.12E-10
13.75,-10.25,0,-1.91E-10
13.75,-10.75,0,9.64E-10
13.75,-11.25,0,6.94E-10
13.75,-11.75,0,1.14E-09
13.75,-12.25,0,7.94E-10
13.75,-12.75,0,3.25E-10
13.75,-13.25,0,2.70E-10
13.75,-13.75,0,1.48E-11
13.75,-14.25,0,-4.17E-10
13.75,-14.75,0,9.23E-09
14.25,14.75,0,6.88E-09
14.25,14.25,0,-1.33E-09
14.25,13.75,0,-4.05E-10
14.25,13.25,0,-1.73E-10
14.25,12.75,0,-2.80E-10
14.25,12.25,0,-4.06E-10
14.25,11.75,0,-9.32E-10
14.25,11.25,0,-1.02E-09
14.25,10.75,0,-7.55E-10
14.25,10.25,0,-2.02E-09
14.25,9.75,0,-4.55E-09
14.25,9.25,0,-5.54E-09
14.25,8.75,0,-1.06E-08
14.25,8.25,0,-1.03E-08
14.25,7.75,0,-1.13E-08
14.25,7.25,0,-5.96E-09
14.25,6.75,0,-1.50E-09
14.25,6.25,0,-2.40E-08
14.25,5.75,0,2.18E-08
14.25,5.25,0,2.18E-08
14.25,4.75,0,-2.85E-09
14.25,4.25,0,3.12E-09
14.25,3.75,0,-6.58E-08
14.25,3.25,0,-1.87E-07
14.25,2.75,0,-2.10E-07
14.25,2.25,0,3.21E-09
14.25,1.75,0,4.06E-08
14.25,1.25,0,2.43E-08
14.25,0.75,0,4.33E-08
14.25,0.25,0,5.39E-08
14.25,-0.25,0,6.87E-08
14.25,-0.75,0,6.63E-08
14.25,-1.25,0,2.92E-08
14.25,-1.75,0,5.47E-08
14.25,-2.25,0,-1.13E-07
14.25,-2.75,0,-2.01E-07
14.25,-3.25,0,-1.14E-07
14.25,-3.75,0,-3.42E-08
14.25,-4.25,0,-2.61E-10
14.25,-4.75,0,-8.39E-09
14.25,-5.25,0,-4.27E-09
14.25,-5.75,0,-4.97E-09
14.25,-6.25,0,-7.36E-09
14.25,-6.75,0,-2.91E-09
14.25,-7.25,0,-6.89E-09
14.25,-7.75,0,-1.10E-09
14.25,-8.25,0,-1.62E-09
14.25,-8.75,0,-5.12E-10
14.25,-9.25,0,-1.18E-08
14.25,-9.75,0,-2.00E-09
14.25,-10.25,0,-7.38E-09
14.25,-10.75,0,-4.50E-09
14.25,-11.25,0,-1.30E-09
14.25,-11.75,0,-3.03E-10
14.25,-12.25,0,-5.89E-10
14.25,-12.75,0,-8.63E-10
14.25,-13.25,0,-7.76E-10
14.25,-13.75,0,-6.25E-10
14.25,-14.25,0,-4.38E-10
14.25,-14.75,0,1.06E-08
14.75,14.75,0,2.18E-08
14.75,14.25,0,7.62E-09
14.75,13.75,0,6.67E-09
14.75,13.25,0,6.75E-09
14.75,12.75,0,6.12E-09
14.75,12.25,0,5.20E-09
14.75,11.75,0,4.39E-09
14.75,11.25,0,3.41E-09
14.75,10.75,0,3.80E-09
14.75,10.25,0,1.55E-09
14.75,9.75,0,3.33E-09
14.75,9.25,0,7.85E-09
14.75,8.75,0,1.42E-08
14.75,8.25,0,1.38E-08
14.75,7.75,0,1.27E-08
14.75,7.25,0,1.06E-08
14.75,6.75,0,2.20E-08
14.75,6.25,0,3.20E-08
14.75,5.75,0,-1.31E-08
14.75,5.25,0,-2.66E-08
14.75,4.75,0,1.95E-09
14.75,4.25,0,-2.05E-08
14.75,3.75,0,-6.19E-08
14.75,3.25,0,-9.03E-08
14.75,2.75,0,-8.26E-08
14.75,2.25,0,-2.89E-08
14.75,1.75,0,2.09E-08
14.75,1.25,0,3.65E-08
14.75,0.75,0,1.09E-08
14.75,0.25,0,1.31E-08
14.75,-0.25,0,1.73E-08
14.75,-0.75,0,1.95E-08
14.75,-1.25,0,5.14E-09
14.75,-1.75,0,-4.46E-09
14.75,-2.25,0,-3.24E-08
14.75,-2.75,0,-2.37E-08
14.75,-3.25,0,-2.52E-08
14.75,-3.75,0,-2.71E-08
14.75,-4.25,0,-1.72E-08
14.75,-4.75,0,-4.14E-09
14.75,-5.25,0,-3.41E-09
14.75,-5.75,0,-7.50E-09
14.75,-6.25,0,-2.39E-09
14.75,-6.75,0,5.32E-09
14.75,-7.25,0,-1.20E-10
14.75,-7.75,0,-4.28E-09
14.75,-8.25,0,-5.08E-09
14.75,-8.75,0,-4.21E-09
14.75,-9.25,0,-1.79E-09
14.75,-9.75,0,2.96E-09
14.75,-10.25,0,2.01E-09
14.75,-10.75,0,4.08E-09
14.75,-11.25,0,4.02E-09
14.75,-11.75,0,5.54E-09
14.75,-12.25,0,5.81E-09
14.75,-12.75,0,5.48E-09
14.75,-13.25,0,5.20E-09
14.75,-13.75,0,6.56E-09
14.75,-14.25,0,9.61E-09
14.75,-14.75,0,2.14E-08
