-14.75,14.75,0,603216.9461
-14.75,14.25,0,748074.69
-14.75,13.75,0,1032165.769
-14.75,13.25,0,1254168.436
-14.75,12.75,0,1243453.812
-14.75,12.25,0,971039.8368
-14.75,11.75,0,679046.312
-14.75,11.25,0,414060.8054
-14.75,10.75,0,329318.0627
-14.75,10.25,0,192671.6311
-14.75,9.75,0,112152.7371
-14.75,9.25,0,131293.6028
-14.75,8.75,0,65169.27513
-14.75,8.25,0,87980.83493
-14.75,7.75,0,117971.2848
-14.75,7.25,0,85389.14743
-14.75,6.75,0,33766.96205
-14.75,6.25,0,27389.8586
-14.75,5.75,0,99669.44249
-14.75,5.25,0,12765.45192
-14.75,4.75,0,26783.12699
-14.75,4.25,0,24716.45627
-14.75,3.75,0,45634.6388
-14.75,3.25,0,16675.36167
-14.75,2.75,0,21356.37766
-14.75,2.25,0,18793.85553
-14.75,1.75,0,109506.2405
-14.75,1.25,0,38938.85238
-14.75,0.75,0,-29255.05473
-14.75,0.25,0,-42859.1058
-14.75,-0.25,0,-58582.30672
-14.75,-0.75,0,74585.99494
-14.75,-1.25,0,-28451.76621
-14.75,-1.75,0,41259.80591
-14.75,-2.25,0,23316.49719
-14.75,-2.75,0,-56523.35362
-14.75,-3.25,0,80408.11912
-14.75,-3.75,0,23398.15795
-14.75,-4.25,0,72193.30409
-14.75,-4.75,0,14935.17504
-14.75,-5.25,0,8470.206343
-14.75,-5.75,0,-38004.2684
-14.75,-6.25,0,2687.462534
-14.75,-6.75,0,6402.658579
-14.75,-7.25,0,-57791.12835
-14.75,-7.75,0,116.2419139
-14.75,-8.25,0,7035.78803
-14.75,-8.75,0,-27254.8039
-14.75,-9.25,0,16355.60319
-14.75,-9.75,0,-46481.12853
-14.75,-10.25,0,-21918.19986
-14.75,-10.75,0,4190.750609
-14.75,-11.25,0,-23400.48277
-14.75,-11.75,0,16114.18688
-14.75,-12.25,0,-14393.72903
-14.75,-12.75,0,-34403.5456
-14.75,-13.25,0,35008.15968
-14.75,-13.75,0,21640.93454
-14.75,-14.25,0,19598.98018
-14.75,-14.75,0,22348.8832
-14.25,14.75,0,892907.4244
-14.25,14.25,0,1344310.153
-14.25,13.75,0,2073636.142
-14.25,13.25,0,2828874.607
-14.25,12.75,0,2839360.11
-14.25,12.25,0,2154517.363
-14.25,11.75,0,1246421.908
-14.25,11.25,0,723129.6049
-14.25,10.75,0,476686.7655
-14.25,10.25,0,309137.652
-14.25,9.75,0,175266.3301
-14.25,9.25,0,143644.9056
-14.25,8.75,0,119592.6585
-14.25,8.25,0,95686.2702
-14.25,7.75,0,-4624.839083
-14.25,7.25,0,57076.15958
-14.25,6.75,0,68827.91935
-14.25,6.25,0,136916.6172
-14.25,5.75,0,-26478.33885
-14.25,5.25,0,-3855.387851
-14.25,4.75,0,-827.2255891
-14.25,4.25,0,-26692.80766
-14.25,3.75,0,-19107.06766
-14.25,3.25,0,-69166.04941
-14.25,2.75,0,-232.6945712
-14.25,2.25,0,-16646.10836
-14.25,1.75,0,23588.29604
-14.25,1.25,0,4778.725961
-14.25,0.75,0,43465.96673
-14.25,0.25,0,64691.10945
-14.25,-0.25,0,6570.016261
-14.25,-0.75,0,-46124.28119
-14.25,-1.25,0,10992.5742
-14.25,-1.75,0,55450.56093
-14.25,-2.25,0,-2393.95193
-14.25,-2.75,0,16159.39355
-14.25,-3.25,0,-36256.88633
-14.25,-3.75,0,59295.82252
-14.25,-4.25,0,16494.91719
-14.25,-4.75,0,-15500.07309
-14.25,-5.25,0,-63948.06478
-14.25,-5.75,0,-25905.06548
-14.25,-6.25,0,-39093.40263
-14.25,-6.75,0,-18505.14504
-14.25,-7.25,0,13864.50877
-14.25,-7.75,0,32447.13207
-14.25,-8.25,0,6359.530751
-14.25,-8.75,0,3522.298497
-14.25,-9.25,0,14706.17077
-14.25,-9.75,0,102688.2245
-14.25,-10.25,0,12969.48603
-14.25,-10.75,0,5490.058726
-14.25,-11.25,0,60941.29703
-14.25,-11.75,0,3353.264825
-14.25,-12.25,0,-26222.66316
-14.25,-12.75,0,35625.00852
-14.25,-13.25,0,-14471.77793
-14.25,-13.75,0,6708.219166
-14.25,-14.25,0,31874.88949
-14.25,-14.75,0,27581.5008
-13.75,14.75,0,1210979.583
-13.75,14.25,0,2287496.639
-13.75,13.75,0,4579281.468
-13.75,13.25,0,8079289.144
-13.75,12.75,0,8164305.002
-13.75,12.25,0,4780259.566
-13.75,11.75,0,2361583.171
-13.75,11.25,0,1289015.295
-13.75,10.75,0,720326.436
-13.75,10.25,0,474142.9838
-13.75,9.75,0,255730.0701
-13.75,9.25,0,267983.6838
-13.75,8.75,0,239791.3152
-13.75,8.25,0,175189.5625
-13.75,7.75,0,176480.1468
-13.75,7.25,0,120279.5939
-13.75,6.75,0,142576.5365
-13.75,6.25,0,54927.69476
-13.75,5.75,0,101254.2314
-13.75,5.25,0,30255.7742
-13.75,4.75,0,53939.04946
-13.75,4.25,0,99759.35666
-13.75,3.75,0,9555.270057
-13.75,3.25,0,62159.15888
-13.75,2.75,0,-38455.78053
-13.75,2.25,0,72638.38544
-13.75,1.75,0,-44978.50962
-13.75,1.25,0,-1097.152445
-13.75,0.75,0,-11392.40131
-13.75,0.25,0,-43321.21242
-13.75,-0.25,0,-49573.22523
-13.75,-0.75,0,25835.87035
-13.75,-1.25,0,-52898.08974
-13.75,-1.75,0,-51101.55708
-13.75,-2.25,0,44248.48819
-13.75,-2.75,0,637.5480649
-13.75,-3.25,0,15186.21003
-13.75,-3.75,0,-34360.51817
-13.75,-4.25,0,-7182.163624
-13.75,-4.75,0,12237.20349
-13.75,-5.25,0,6812.39006
-13.75,-5.75,0,69393.04622
-13.75,-6.25,0,-23839.44693
-13.75,-6.75,0,-5549.384708
-13.75,-7.25,0,32368.25922
-13.75,-7.75,0,36817.82564
-13.75,-8.25,0,-76101.04565
-13.75,-8.75,0,-15008.36246
-13.75,-9.25,0,-26039.9323
-13.75,-9.75,0,-539.8257371
-13.75,-10.25,0,19955.96275
-13.75,-10.75,0,17205.62633
-13.75,-11.25,0,44061.93386
-13.75,-11.75,0,17228.44988
-13.75,-12.25,0,12046.71327
-13.75,-12.75,0,36273.67766
-13.75,-13.25,0,16084.18408
-13.75,-13.75,0,-52086.46465
-13.75,-14.25,0,2469.002528
-13.75,-14.75,0,-67412.30462
-13.25,14.75,0,1830300.355
-13.25,14.25,0,3612921.79
-13.25,13.75,0,8980443.933
-13.25,13.25,0,2.46E+07
-13.25,12.75,0,2.50E+07
-13.25,12.25,0,9425590.307
-13.25,11.75,0,3837205.077
-13.25,11.25,0,1927381.548
-13.25,10.75,0,1173666.441
-13.25,10.25,0,752516.3066
-13.25,9.75,0,657456.3965
-13.25,9.25,0,564866.7814
-13.25,8.75,0,487772.5463
-13.25,8.25,0,423992.6058
-13.25,7.75,0,337950.9472
-13.25,7.25,0,236330.9471
-13.25,6.75,0,211967.1038
-13.25,6.25,0,184090.5714
-13.25,5.75,0,69037.65698
-13.25,5.25,0,117672.2269
-13.25,4.75,0,-2652.171142
-13.25,4.25,0,100003.9286
-13.25,3.75,0,-17336.21125
-13.25,3.25,0,9091.803228
-13.25,2.75,0,58551.65764
-13.25,2.25,0,49651.67173
-13.25,1.75,0,-27844.60488
-13.25,1.25,0,29643.23385
-13.25,0.75,0,-42150.06938
-13.25,0.25,0,-65143.19607
-13.25,-0.25,0,26198.5785
-13.25,-0.75,0,-66269.32882
-13.25,-1.25,0,-82128.042
-13.25,-1.75,0,-1908.946696
-13.25,-2.25,0,53891.98476
-13.25,-2.75,0,47358.00514
-13.25,-3.25,0,-57501.06246
-13.25,-3.75,0,1671.386469
-13.25,-4.25,0,31223.56769
-13.25,-4.75,0,37806.83475
-13.25,-5.25,0,60463.21788
-13.25,-5.75,0,61431.26916
-13.25,-6.25,0,33211.51122
-13.25,-6.75,0,-54925.99755
-13.25,-7.25,0,1632.402679
-13.25,-7.75,0,-53230.7566
-13.25,-8.25,0,47715.58244
-13.25,-8.75,0,67369.68506
-13.25,-9.25,0,-77284.38104
-13.25,-9.75,0,32316.40374
-13.25,-10.25,0,-13224.78421
-13.25,-10.75,0,-18463.23876
-13.25,-11.25,0,-34370.52478
-13.25,-11.75,0,48765.01675
-13.25,-12.25,0,14699.55071
-13.25,-12.75,0,-4800.985154
-13.25,-13.25,0,15709.05124
-13.25,-13.75,0,38312.42646
-13.25,-14.25,0,-35320.80018
-13.25,-14.75,0,-34219.78283
-12.75,14.75,0,2272609.016
-12.75,14.25,0,4768661.343
-12.75,13.75,0,1.18E+07
-12.75,13.25,0,3.05E+07
-12.75,12.75,0,3.03E+07
-12.75,12.25,0,1.21E+07
-12.75,11.75,0,5286464.168
-12.75,11.25,0,2963866.979
-12.75,10.75,0,1889291.938
-12.75,10.25,0,1493391.218
-12.75,9.75,0,1294921.417
-12.75,9.25,0,1088407.194
-12.75,8.75,0,1136634.211
-12.75,8.25,0,1069861.466
-12.75,7.75,0,854336.011
-12.75,7.25,0,717798.2508
-12.75,6.75,0,457661.6091
-12.75,6.25,0,335415.6833
-12.75,5.75,0,266101.2447
-12.75,5.25,0,151460.9487
-12.75,4.75,0,26235.0482
-12.75,4.25,0,-12207.69843
-12.75,3.75,0,16042.76311
-12.75,3.25,0,-1755.924654
-12.75,2.75,0,1772.988368
-12.75,2.25,0,51726.9276
-12.75,1.75,0,10363.60384
-12.75,1.25,0,65674.38082
-12.75,0.75,0,-551.8875255
-12.75,0.25,0,-4236.417982
-12.75,-0.25,0,31395.59396
-12.75,-0.75,0,17075.69155
-12.75,-1.25,0,-7627.036785
-12.75,-1.75,0,-60983.73306
-12.75,-2.25,0,-42839.72914
-12.75,-2.75,0,24061.98928
-12.75,-3.25,0,21176.61332
-12.75,-3.75,0,-56574.1306
-12.75,-4.25,0,4747.863358
-12.75,-4.75,0,20548.28449
-12.75,-5.25,0,-45327.21245
-12.75,-5.75,0,-38499.02192
-12.75,-6.25,0,46194.79673
-12.75,-6.75,0,-67705.45879
-12.75,-7.25,0,17298.34644
-12.75,-7.75,0,37828.88546
-12.75,-8.25,0,-69175.99406
-12.75,-8.75,0,-5002.703607
-12.75,-9.25,0,-45386.60582
-12.75,-9.75,0,3491.06747
-12.75,-10.25,0,-16303.70999
-12.75,-10.75,0,-63790.1306
-12.75,-11.25,0,23859.13592
-12.75,-11.75,0,22990.81541
-12.75,-12.25,0,-23986.24046
-12.75,-12.75,0,20206.44201
-12.75,-13.25,0,-52334.56549
-12.75,-13.75,0,-48535.20634
-12.75,-14.25,0,-46319.73631
-12.75,-14.75,0,-7866.538244
-12.25,14.75,0,2574587.405
-12.25,14.25,0,5472741.315
-12.25,13.75,0,1.28E+07
-12.25,13.25,0,3.24E+07
-12.25,12.75,0,3.26E+07
-12.25,12.25,0,1.43E+07
-12.25,11.75,0,7027330.279
-12.25,11.25,0,4472336.031
-12.25,10.75,0,3310452.498
-12.25,10.25,0,2944306.261
-12.25,9.75,0,2689464.796
-12.25,9.25,0,2493872.252
-12.25,8.75,0,2461699.258
-12.25,8.25,0,2284182.723
-12.25,7.75,0,2005248.017
-12.25,7.25,0,1500716.78
-12.25,6.75,0,1108886.597
-12.25,6.25,0,632203.1232
-12.25,5.75,0,277115.8252
-12.25,5.25,0,142297.8591
-12.25,4.75,0,121094.0336
-12.25,4.25,0,110964.6811
-12.25,3.75,0,-24901.61204
-12.25,3.25,0,6650.038767
-12.25,2.75,0,-19061.78256
-12.25,2.25,0,76747.44721
-12.25,1.75,0,-31609.29274
-12.25,1.25,0,53835.24167
-12.25,0.75,0,-22169.91582
-12.25,0.25,0,31625.83693
-12.25,-0.25,0,-49860.39052
-12.25,-0.75,0,59000.07678
-12.25,-1.25,0,-84336.52924
-12.25,-1.75,0,13033.79007
-12.25,-2.25,0,16672.11095
-12.25,-2.75,0,-31427.09854
-12.25,-3.25,0,-37146.61099
-12.25,-3.75,0,23677.51605
-12.25,-4.25,0,-39942.64375
-12.25,-4.75,0,-1023.554117
-12.25,-5.25,0,-108897.8161
-12.25,-5.75,0,-80366.86594
-12.25,-6.25,0,-1697.553334
-12.25,-6.75,0,43220.96245
-12.25,-7.25,0,-63710.54588
-12.25,-7.75,0,26240.37349
-12.25,-8.25,0,19114.76492
-12.25,-8.75,0,-22724.44529
-12.25,-9.25,0,-914.9049916
-12.25,-9.75,0,84672.4207
-12.25,-10.25,0,-54113.45412
-12.25,-10.75,0,18544.09693
-12.25,-11.25,0,8001.452505
-12.25,-11.75,0,12403.94281
-12.25,-12.25,0,-315.0803894
-12.25,-12.75,0,10685.77937
-12.25,-13.25,0,-10107.52674
-12.25,-13.75,0,-66282.6177
-12.25,-14.25,0,-24396.90857
-12.25,-14.75,0,5235.088963
-11.75,14.75,0,2814442.795
-11.75,14.25,0,5859996.825
-11.75,13.75,0,1.39E+07
-11.75,13.25,0,3.33E+07
-11.75,12.75,0,3.45E+07
-11.75,12.25,0,1.65E+07
-11.75,11.75,0,9859139.239
-11.75,11.25,0,7380550.892
-11.75,10.75,0,6431610.676
-11.75,10.25,0,6010121.39
-11.75,9.75,0,5773757.16
-11.75,9.25,0,5529958.259
-11.75,8.75,0,5431661.244
-11.75,8.25,0,5088579.95
-11.75,7.75,0,4550323.956
-11.75,7.25,0,3392804.566
-11.75,6.75,0,2157169.536
-11.75,6.25,0,1115400.164
-11.75,5.75,0,574148.6076
-11.75,5.25,0,309317.6982
-11.75,4.75,0,108345.5248
-11.75,4.25,0,40060.05677
-11.75,3.75,0,18447.79598
-11.75,3.25,0,10080.95302
-11.75,2.75,0,49670.09994
-11.75,2.25,0,7813.287467
-11.75,1.75,0,-12955.60339
-11.75,1.25,0,29278.23398
-11.75,0.75,0,-48709.61329
-11.75,0.25,0,26473.55565
-11.75,-0.25,0,-5291.824723
-11.75,-0.75,0,84734.34732
-11.75,-1.25,0,-23534.70094
-11.75,-1.75,0,17452.32231
-11.75,-2.25,0,5290.167732
-11.75,-2.75,0,-41277.05776
-11.75,-3.25,0,34134.81128
-11.75,-3.75,0,-85827.16401
-11.75,-4.25,0,-75074.74868
-11.75,-4.75,0,-50525.95968
-11.75,-5.25,0,50492.13087
-11.75,-5.75,0,38048.35485
-11.75,-6.25,0,-48329.22356
-11.75,-6.75,0,-6929.836212
-11.75,-7.25,0,-28711.5331
-11.75,-7.75,0,9021.149996
-11.75,-8.25,0,81197.7287
-11.75,-8.75,0,-33866.35192
-11.75,-9.25,0,75299.92135
-11.75,-9.75,0,-17975.18381
-11.75,-10.25,0,-25189.88138
-11.75,-10.75,0,23547.18952
-11.75,-11.25,0,27380.38045
-11.75,-11.75,0,10769.55885
-11.75,-12.25,0,-56786.95462
-11.75,-12.75,0,-26903.34763
-11.75,-13.25,0,-33949.73087
-11.75,-13.75,0,-20698.81155
-11.75,-14.25,0,-32157.95782
-11.75,-14.75,0,12413.42418
-11.25,14.75,0,2970978.392
-11.25,14.25,0,6013043.272
-11.25,13.75,0,1.45E+07
-11.25,13.25,0,3.45E+07
-11.25,12.75,0,3.70E+07
-11.25,12.25,0,2.21E+07
-11.25,11.75,0,1.69E+07
-11.25,11.25,0,1.51E+07
-11.25,10.75,0,1.41E+07
-11.25,10.25,0,1.35E+07
-11.25,9.75,0,1.34E+07
-11.25,9.25,0,1.33E+07
-11.25,8.75,0,1.31E+07
-11.25,8.25,0,1.27E+07
-11.25,7.75,0,1.14E+07
-11.25,7.25,0,9027374.308
-11.25,6.75,0,4629590.096
-11.25,6.25,0,1982832.596
-11.25,5.75,0,879502.7108
-11.25,5.25,0,313321.2973
-11.25,4.75,0,189040.8034
-11.25,4.25,0,98682.07623
-11.25,3.75,0,41800.95212
-11.25,3.25,0,11152.45481
-11.25,2.75,0,532.2196043
-11.25,2.25,0,-52278.4594
-11.25,1.75,0,53855.12504
-11.25,1.25,0,34611.36131
-11.25,0.75,0,-33370.46146
-11.25,0.25,0,-49876.62882
-11.25,-0.25,0,-9114.328414
-11.25,-0.75,0,30700.69235
-11.25,-1.25,0,35360.78611
-11.25,-1.75,0,22847.67058
-11.25,-2.25,0,31107.70894
-11.25,-2.75,0,68713.14646
-11.25,-3.25,0,-65298.23315
-11.25,-3.75,0,18466.95488
-11.25,-4.25,0,-1910.067941
-11.25,-4.75,0,-28827.37573
-11.25,-5.25,0,27754.33608
-11.25,-5.75,0,-178.3974824
-11.25,-6.25,0,46389.51968
-11.25,-6.75,0,-39939.32268
-11.25,-7.25,0,-32739.75205
-11.25,-7.75,0,16751.70521
-11.25,-8.25,0,-34287.73689
-11.25,-8.75,0,4686.691949
-11.25,-9.25,0,-15527.14012
-11.25,-9.75,0,42372.45165
-11.25,-10.25,0,16868.95406
-11.25,-10.75,0,-15733.98826
-11.25,-11.25,0,-24696.54673
-11.25,-11.75,0,-15686.02188
-11.25,-12.25,0,92400.00923
-11.25,-12.75,0,-2117.970878
-11.25,-13.25,0,-8264.832254
-11.25,-13.75,0,-8582.440874
-11.25,-14.25,0,56523.008
-11.25,-14.75,0,-71245.08213
-10.75,14.75,0,3038371.69
-10.75,14.25,0,6117522.962
-10.75,13.75,0,1.45E+07
-10.75,13.25,0,3.54E+07
-10.75,12.75,0,4.05E+07
-10.75,12.25,0,3.80E+07
-10.75,11.75,0,3.56E+07
-10.75,11.25,0,3.40E+07
-10.75,10.75,0,3.30E+07
-10.75,10.25,0,3.31E+07
-10.75,9.75,0,3.30E+07
-10.75,9.25,0,3.26E+07
-10.75,8.75,0,3.20E+07
-10.75,8.25,0,3.17E+07
-10.75,7.75,0,3.00E+07
-10.75,7.25,0,2.48E+07
-10.75,6.75,0,7937261.928
-10.75,6.25,0,2746376.624
-10.75,5.75,0,1111977.758
-10.75,5.25,0,523756.8446
-10.75,4.75,0,151485.8502
-10.75,4.25,0,90074.05023
-10.75,3.75,0,76131.04766
-10.75,3.25,0,36604.8445
-10.75,2.75,0,110117.9007
-10.75,2.25,0,13091.72058
-10.75,1.75,0,-66789.1673
-10.75,1.25,0,50004.68669
-10.75,0.75,0,-35146.90483
-10.75,0.25,0,66612.69413
-10.75,-0.25,0,28147.48709
-10.75,-0.75,0,-3918.80796
-10.75,-1.25,0,-31213.84867
-10.75,-1.75,0,76210.10958
-10.75,-2.25,0,14791.80723
-10.75,-2.75,0,-17167.63288
-10.75,-3.25,0,-25833.45656
-10.75,-3.75,0,-6392.614625
-10.75,-4.25,0,48858.69297
-10.75,-4.75,0,73997.57047
-10.75,-5.25,0,1143.447743
-10.75,-5.75,0,16552.20072
-10.75,-6.25,0,12519.93535
-10.75,-6.75,0,-63697.97498
-10.75,-7.25,0,5429.772158
-10.75,-7.75,0,-19238.83758
-10.75,-8.25,0,-16525.62685
-10.75,-8.75,0,-5828.157556
-10.75,-9.25,0,-111693.0247
-10.75,-9.75,0,-28382.01119
-10.75,-10.25,0,29214.24976
-10.75,-10.75,0,4657.900784
-10.75,-11.25,0,-19953.6711
-10.75,-11.75,0,-13214.89851
-10.75,-12.25,0,-41826.14564
-10.75,-12.75,0,-27159.24674
-10.75,-13.25,0,-22991.28616
-10.75,-13.75,0,-8210.203138
-10.75,-14.25,0,20518.25201
-10.75,-14.75,0,-5412.286914
-10.25,14.75,0,2996304.197
-10.25,14.25,0,6124924.499
-10.25,13.75,0,1.45E+07
-10.25,13.25,0,3.54E+07
-10.25,12.75,0,4.06E+07
-10.25,12.25,0,3.81E+07
-10.25,11.75,0,3.56E+07
-10.25,11.25,0,3.41E+07
-10.25,10.75,0,3.33E+07
-10.25,10.25,0,3.29E+07
-10.25,9.75,0,3.27E+07
-10.25,9.25,0,3.24E+07
-10.25,8.75,0,3.24E+07
-10.25,8.25,0,3.17E+07
-10.25,7.75,0,2.98E+07
-10.25,7.25,0,2.47E+07
-10.25,6.75,0,8118040.786
-10.25,6.25,0,2762493.212
-10.25,5.75,0,1104015.727
-10.25,5.25,0,525426.992
-10.25,4.75,0,238517.9838
-10.25,4.25,0,103686.3077
-10.25,3.75,0,157059.7582
-10.25,3.25,0,106954.8032
-10.25,2.75,0,120214.4449
-10.25,2.25,0,56474.43394
-10.25,1.75,0,126845.6124
-10.25,1.25,0,83530.42576
-10.25,0.75,0,-28043.43176
-10.25,0.25,0,-14038.4817
-10.25,-0.25,0,49819.0561
-10.25,-0.75,0,15660.11066
-10.25,-1.25,0,8235.056255
-10.25,-1.75,0,50477.06832
-10.25,-2.25,0,71268.96438
-10.25,-2.75,0,18356.93908
-10.25,-3.25,0,6750.278399
-10.25,-3.75,0,87978.98015
-10.25,-4.25,0,129.3269192
-10.25,-4.75,0,-17124.61367
-10.25,-5.25,0,-22845.1414
-10.25,-5.75,0,-28350.40058
-10.25,-6.25,0,3193.400777
-10.25,-6.75,0,-33243.01021
-10.25,-7.25,0,-71795.18425
-10.25,-7.75,0,-49640.42981
-10.25,-8.25,0,16855.52649
-10.25,-8.75,0,42164.7627
-10.25,-9.25,0,46464.81308
-10.25,-9.75,0,89360.94923
-10.25,-10.25,0,-41886.60405
-10.25,-10.75,0,52711.8519
-10.25,-11.25,0,3134.003622
-10.25,-11.75,0,-18121.97425
-10.25,-12.25,0,-16578.2156
-10.25,-12.75,0,34145.1354
-10.25,-13.25,0,24611.31259
-10.25,-13.75,0,-70879.25538
-10.25,-14.25,0,37240.42352
-10.25,-14.75,0,26943.28437
-9.75,14.75,0,2925628.243
-9.75,14.25,0,5990597.239
-9.75,13.75,0,1.42E+07
-9.75,13.25,0,3.45E+07
-9.75,12.75,0,3.71E+07
-9.75,12.25,0,2.22E+07
-9.75,11.75,0,1.70E+07
-9.75,11.25,0,1.51E+07
-9.75,10.75,0,1.42E+07
-9.75,10.25,0,1.36E+07
-9.75,9.75,0,1.37E+07
-9.75,9.25,0,1.34E+07
-9.75,8.75,0,1.30E+07
-9.75,8.25,0,1.27E+07
-9.75,7.75,0,1.14E+07
-9.75,7.25,0,8921026.729
-9.75,6.75,0,4628682.146
-9.75,6.25,0,2038920.77
-9.75,5.75,0,983655.0969
-9.75,5.25,0,476811.9073
-9.75,4.75,0,273214.9866
-9.75,4.25,0,161587.2923
-9.75,3.75,0,200160.8995
-9.75,3.25,0,178425.9259
-9.75,2.75,0,157195.048
-9.75,2.25,0,145116.6369
-9.75,1.75,0,144613.8319
-9.75,1.25,0,133849.2439
-9.75,0.75,0,108241.3283
-9.75,0.25,0,101310.8554
-9.75,-0.25,0,32133.19662
-9.75,-0.75,0,43486.21663
-9.75,-1.25,0,49489.45549
-9.75,-1.75,0,-10398.03223
-9.75,-2.25,0,10448.94013
-9.75,-2.75,0,-1342.800661
-9.75,-3.25,0,51190.0047
-9.75,-3.75,0,19969.91111
-9.75,-4.25,0,43176.50641
-9.75,-4.75,0,24509.91738
-9.75,-5.25,0,39219.8885
-9.75,-5.75,0,-3540.670984
-9.75,-6.25,0,4502.253841
-9.75,-6.75,0,-24245.53853
-9.75,-7.25,0,14985.81266
-9.75,-7.75,0,118786.2147
-9.75,-8.25,0,3771.862444
-9.75,-8.75,0,-1761.824227
-9.75,-9.25,0,33159.48627
-9.75,-9.75,0,-60416.64907
-9.75,-10.25,0,43586.44804
-9.75,-10.75,0,-32758.93183
-9.75,-11.25,0,21903.23975
-9.75,-11.75,0,10635.68124
-9.75,-12.25,0,-2701.878795
-9.75,-12.75,0,-27958.82688
-9.75,-13.25,0,15593.85283
-9.75,-13.75,0,42269.88626
-9.75,-14.25,0,23845.6667
-9.75,-14.75,0,48653.06334
-9.25,14.75,0,2751825.754
-9.25,14.25,0,5764818.789
-9.25,13.75,0,1.37E+07
-9.25,13.25,0,3.34E+07
-9.25,12.75,0,3.45E+07
-9.25,12.25,0,1.66E+07
-9.25,11.75,0,9906345.23
-9.25,11.25,0,7415279.473
-9.25,10.75,0,6427081.705
-9.25,10.25,0,5943254.998
-9.25,9.75,0,5739775.281
-9.25,9.25,0,5554310.172
-9.25,8.75,0,5396131.84
-9.25,8.25,0,5146577.581
-9.25,7.75,0,4444150.914
-9.25,7.25,0,3518433.345
-9.25,6.75,0,2271726.196
-9.25,6.25,0,1338716.832
-9.25,5.75,0,695831.9982
-9.25,5.25,0,544845.3315
-9.25,4.75,0,392362.0425
-9.25,4.25,0,292653.9368
-9.25,3.75,0,255945.9698
-9.25,3.25,0,241088.7452
-9.25,2.75,0,272596.6326
-9.25,2.25,0,193273.664
-9.25,1.75,0,274300.2205
-9.25,1.25,0,234688.9536
-9.25,0.75,0,196892.1178
-9.25,0.25,0,196388.2308
-9.25,-0.25,0,142016.2447
-9.25,-0.75,0,75709.81209
-9.25,-1.25,0,57973.14195
-9.25,-1.75,0,28725.71921
-9.25,-2.25,0,-4988.333697
-9.25,-2.75,0,53324.80912
-9.25,-3.25,0,51910.82752
-9.25,-3.75,0,5593.924757
-9.25,-4.25,0,-38264.61093
-9.25,-4.75,0,-44628.18948
-9.25,-5.25,0,10035.5317
-9.25,-5.75,0,-10064.50713
-9.25,-6.25,0,-31345.81876
-9.25,-6.75,0,5133.366779
-9.25,-7.25,0,-45758.66901
-9.25,-7.75,0,13157.16111
-9.25,-8.25,0,-61513.95881
-9.25,-8.75,0,-94808.31834
-9.25,-9.25,0,-8043.657004
-9.25,-9.75,0,-37942.81707
-9.25,-10.25,0,59152.04481
-9.25,-10.75,0,53023.93809
-9.25,-11.25,0,-23676.23589
-9.25,-11.75,0,-37407.22003
-9.25,-12.25,0,-8481.672725
-9.25,-12.75,0,-12475.75844
-9.25,-13.25,0,52953.23221
-9.25,-13.75,0,-14708.70936
-9.25,-14.25,0,43869.13543
-9.25,-14.75,0,42119.27761
-8.75,14.75,0,2670194.218
-8.75,14.25,0,5367970.78
-8.75,13.75,0,1.32E+07
-8.75,13.25,0,3.23E+07
-8.75,12.75,0,3.27E+07
-8.75,12.25,0,1.40E+07
-8.75,11.75,0,7006416.532
-8.75,11.25,0,4438848.842
-8.75,10.75,0,3342892.352
-8.75,10.25,0,2861559.124
-8.75,9.75,0,2631618.971
-8.75,9.25,0,2645097.21
-8.75,8.75,0,2469763.303
-8.75,8.25,0,2309494.244
-8.75,7.75,0,2128890.046
-8.75,7.25,0,1836937.175
-8.75,6.75,0,1371288.078
-8.75,6.25,0,1093990.913
-8.75,5.75,0,854223.6171
-8.75,5.25,0,810785.9269
-8.75,4.75,0,688096.0267
-8.75,4.25,0,609535.3907
-8.75,3.75,0,632406.8716
-8.75,3.25,0,647187.1986
-8.75,2.75,0,699751.6379
-8.75,2.25,0,602765.4043
-8.75,1.75,0,599253.6907
-8.75,1.25,0,583004.1493
-8.75,0.75,0,490562.2237
-8.75,0.25,0,349160.6707
-8.75,-0.25,0,273091.8795
-8.75,-0.75,0,158902.0854
-8.75,-1.25,0,138487.5387
-8.75,-1.75,0,122356.6527
-8.75,-2.25,0,33314.8506
-8.75,-2.75,0,58249.77565
-8.75,-3.25,0,-18052.55728
-8.75,-3.75,0,10541.51839
-8.75,-4.25,0,-4689.051398
-8.75,-4.75,0,64007.90263
-8.75,-5.25,0,11838.29149
-8.75,-5.75,0,29883.66006
-8.75,-6.25,0,-13085.62811
-8.75,-6.75,0,-24433.48712
-8.75,-7.25,0,15263.35059
-8.75,-7.75,0,-31620.62584
-8.75,-8.25,0,-52616.48173
-8.75,-8.75,0,-11677.41434
-8.75,-9.25,0,61782.91387
-8.75,-9.75,0,-15163.95386
-8.75,-10.25,0,8524.1597
-8.75,-10.75,0,-22953.94721
-8.75,-11.25,0,-79250.06325
-8.75,-11.75,0,-43.3676711
-8.75,-12.25,0,65307.60411
-8.75,-12.75,0,-13091.5089
-8.75,-13.25,0,-45054.06168
-8.75,-13.75,0,-39631.95305
-8.75,-14.25,0,11160.01337
-8.75,-14.75,0,-22337.91506
-8.25,14.75,0,2266767.075
-8.25,14.25,0,4665716.125
-8.25,13.75,0,1.16E+07
-8.25,13.25,0,2.99E+07
-8.25,12.75,0,3.04E+07
-8.25,12.25,0,1.22E+07
-8.25,11.75,0,5423509.115
-8.25,11.25,0,2941558.568
-8.25,10.75,0,1943332.606
-8.25,10.25,0,1556235.747
-8.25,9.75,0,1363551.868
-8.25,9.25,0,1227342.343
-8.25,8.75,0,1181425.715
-8.25,8.25,0,1188082.939
-8.25,7.75,0,1249947.509
-8.25,7.25,0,1321780.618
-8.25,6.75,0,1331573.917
-8.25,6.25,0,1439856.584
-8.25,5.75,0,1365998.256
-8.25,5.25,0,1370525.73
-8.25,4.75,0,1375030.848
-8.25,4.25,0,1358812.51
-8.25,3.75,0,1417433.698
-8.25,3.25,0,1372324.126
-8.25,2.75,0,1433747.044
-8.25,2.25,0,1341899.417
-8.25,1.75,0,1363243.895
-8.25,1.25,0,1115959.698
-8.25,0.75,0,1089208.072
-8.25,0.25,0,870582.7738
-8.25,-0.25,0,677242.9067
-8.25,-0.75,0,383773.1226
-8.25,-1.25,0,279014.7587
-8.25,-1.75,0,184338.6313
-8.25,-2.25,0,32503.63167
-8.25,-2.75,0,-18006.14168
-8.25,-3.25,0,46728.74082
-8.25,-3.75,0,-24989.48113
-8.25,-4.25,0,-2993.253394
-8.25,-4.75,0,-20643.726
-8.25,-5.25,0,4545.37031
-8.25,-5.75,0,23329.78267
-8.25,-6.25,0,27634.14553
-8.25,-6.75,0,5280.855471
-8.25,-7.25,0,-36579.55046
-8.25,-7.75,0,-32729.74445
-8.25,-8.25,0,11282.8705
-8.25,-8.75,0,-84406.78927
-8.25,-9.25,0,-45387.7752
-8.25,-9.75,0,-60507.04857
-8.25,-10.25,0,-12682.39086
-8.25,-10.75,0,18730.64819
-8.25,-11.25,0,91335.95047
-8.25,-11.75,0,-225.1595565
-8.25,-12.25,0,-41390.77017
-8.25,-12.75,0,-17827.90875
-8.25,-13.25,0,17038.84002
-8.25,-13.75,0,38036.15494
-8.25,-14.25,0,-20891.41413
-8.25,-14.75,0,-6755.102333
-7.75,14.75,0,1812001.406
-7.75,14.25,0,3643666.878
-7.75,13.75,0,9148302.703
-7.75,13.25,0,2.51E+07
-7.75,12.75,0,2.49E+07
-7.75,12.25,0,9473695.709
-7.75,11.75,0,3802860.14
-7.75,11.25,0,1948108.091
-7.75,10.75,0,1111224.068
-7.75,10.25,0,838144.0135
-7.75,9.75,0,683652.4652
-7.75,9.25,0,655223.0297
-7.75,8.75,0,676553.9256
-7.75,8.25,0,782333.7047
-7.75,7.75,0,1090438.634
-7.75,7.25,0,1536839.092
-7.75,6.75,0,2178798.471
-7.75,6.25,0,2726111.913
-7.75,5.75,0,2936382.213
-7.75,5.25,0,2978325.129
-7.75,4.75,0,3016661.931
-7.75,4.25,0,3079920.2
-7.75,3.75,0,3062931
-7.75,3.25,0,3103300.402
-7.75,2.75,0,3072211.49
-7.75,2.25,0,2929627.521
-7.75,1.75,0,2893012.905
-7.75,1.25,0,2757329.183
-7.75,0.75,0,2482321.663
-7.75,0.25,0,1926521.17
-7.75,-0.25,0,1333719.763
-7.75,-0.75,0,750145.6102
-7.75,-1.25,0,337414.1417
-7.75,-1.75,0,143070.6876
-7.75,-2.25,0,104866.7034
-7.75,-2.75,0,15272.67195
-7.75,-3.25,0,-26667.47947
-7.75,-3.75,0,-451.6362102
-7.75,-4.25,0,-28463.88745
-7.75,-4.75,0,34718.14082
-7.75,-5.25,0,89943.13299
-7.75,-5.75,0,-65381.21731
-7.75,-6.25,0,32477.74826
-7.75,-6.75,0,16344.59564
-7.75,-7.25,0,-32570.06346
-7.75,-7.75,0,37127.13641
-7.75,-8.25,0,-34354.30817
-7.75,-8.75,0,-72751.59463
-7.75,-9.25,0,-43423.8846
-7.75,-9.75,0,22320.15473
-7.75,-10.25,0,15835.52928
-7.75,-10.75,0,38717.80249
-7.75,-11.25,0,18925.76827
-7.75,-11.75,0,48624.63951
-7.75,-12.25,0,-77612.63227
-7.75,-12.75,0,-12094.17177
-7.75,-13.25,0,-14747.76014
-7.75,-13.75,0,-3810.324221
-7.75,-14.25,0,37852.33688
-7.75,-14.75,0,-33216.15854
-7.25,14.75,0,1250692.588
-7.25,14.25,0,2233480.932
-7.25,13.75,0,4708726.614
-7.25,13.25,0,8297609.515
-7.25,12.75,0,7945132.586
-7.25,12.25,0,4706697.425
-7.25,11.75,0,2357764.56
-7.25,11.25,0,1240931.022
-7.25,10.75,0,658676.9361
-7.25,10.25,0,498057.8127
-7.25,9.75,0,382983.8461
-7.25,9.25,0,441836.7244
-7.25,8.75,0,486025.7657
-7.25,8.25,0,771636.8126
-7.25,7.75,0,1400985.524
-7.25,7.25,0,2965828.364
-7.25,6.75,0,5035006.638
-7.25,6.25,0,6347825.372
-7.25,5.75,0,7005873.803
-7.25,5.25,0,7089209.322
-7.25,4.75,0,7085572.412
-7.25,4.25,0,7263496.794
-7.25,3.75,0,7492776.324
-7.25,3.25,0,7326267.047
-7.25,2.75,0,7254347.351
-7.25,2.25,0,7097143.1
-7.25,1.75,0,7113553.571
-7.25,1.25,0,6816740.262
-7.25,0.75,0,6436584.057
-7.25,0.25,0,4967299.874
-7.25,-0.25,0,2792679.696
-7.25,-0.75,0,1289613.519
-7.25,-1.25,0,588717.6088
-7.25,-1.75,0,215328.9181
-7.25,-2.25,0,117068.5902
-7.25,-2.75,0,55438.35663
-7.25,-3.25,0,30537.76489
-7.25,-3.75,0,-4881.830703
-7.25,-4.25,0,41161.12933
-7.25,-4.75,0,62909.06149
-7.25,-5.25,0,49015.17097
-7.25,-5.75,0,-8563.736881
-7.25,-6.25,0,13041.59489
-7.25,-6.75,0,15678.3034
-7.25,-7.25,0,-24100.04334
-7.25,-7.75,0,-524.6633394
-7.25,-8.25,0,-22857.89355
-7.25,-8.75,0,2596.596029
-7.25,-9.25,0,62160.54691
-7.25,-9.75,0,-7263.028441
-7.25,-10.25,0,-28265.12775
-7.25,-10.75,0,53189.32388
-7.25,-11.25,0,33688.89591
-7.25,-11.75,0,-20380.69216
-7.25,-12.25,0,-28642.07385
-7.25,-12.75,0,54158.19818
-7.25,-13.25,0,440.5969732
-7.25,-13.75,0,5462.811968
-7.25,-14.25,0,9855.647029
-7.25,-14.75,0,-31929.06896
-6.75,14.75,0,826654.0076
-6.75,14.25,0,1351817.282
-6.75,13.75,0,1943416.694
-6.75,13.25,0,2786007.607
-6.75,12.75,0,2874736.47
-6.75,12.25,0,2007462.97
-6.75,11.75,0,1254808.116
-6.75,11.25,0,717340.0739
-6.75,10.75,0,394684.451
-6.75,10.25,0,308987.3483
-6.75,9.75,0,294130.3452
-6.75,9.25,0,308994.5662
-6.75,8.75,0,500866.4864
-6.75,8.25,0,923709.2367
-6.75,7.75,0,2072093.066
-6.75,7.25,0,5040938.909
-6.75,6.75,0,1.37E+07
-6.75,6.25,0,1.64E+07
-6.75,5.75,0,1.70E+07
-6.75,5.25,0,1.70E+07
-6.75,4.75,0,1.71E+07
-6.75,4.25,0,1.74E+07
-6.75,3.75,0,1.78E+07
-6.75,3.25,0,1.78E+07
-6.75,2.75,0,1.71E+07
-6.75,2.25,0,1.72E+07
-6.75,1.75,0,1.69E+07
-6.75,1.25,0,1.70E+07
-6.75,0.75,0,1.64E+07
-6.75,0.25,0,1.37E+07
-6.75,-0.25,0,5029151.751
-6.75,-0.75,0,2015618.418
-6.75,-1.25,0,839146.4029
-6.75,-1.75,0,421524.3209
-6.75,-2.25,0,213962.3731
-6.75,-2.75,0,54569.71982
-6.75,-3.25,0,49975.83031
-6.75,-3.75,0,19700.15825
-6.75,-4.25,0,88114.8521
-6.75,-4.75,0,-35750.49726
-6.75,-5.25,0,-60262.72572
-6.75,-5.75,0,12233.15185
-6.75,-6.25,0,-37544.98933
-6.75,-6.75,0,-22956.42233
-6.75,-7.25,0,12590.07231
-6.75,-7.75,0,-50352.66481
-6.75,-8.25,0,41239.75051
-6.75,-8.75,0,16149.64492
-6.75,-9.25,0,54858.60403
-6.75,-9.75,0,-12122.37309
-6.75,-10.25,0,35221.57368
-6.75,-10.75,0,-43280.05279
-6.75,-11.25,0,9248.379261
-6.75,-11.75,0,43313.76264
-6.75,-12.25,0,-25227.48109
-6.75,-12.75,0,2990.074961
-6.75,-13.25,0,62322.57873
-6.75,-13.75,0,-32135.11975
-6.75,-14.25,0,-46852.5407
-6.75,-14.75,0,27851.63242
-6.25,14.75,0,463396.0023
-6.25,14.25,0,596875.6995
-6.25,13.75,0,871970.7053
-6.25,13.25,0,1123114.519
-6.25,12.75,0,1111340.113
-6.25,12.25,0,878832.6808
-6.25,11.75,0,607957.4865
-6.25,11.25,0,401389.9087
-6.25,10.75,0,211862.4636
-6.25,10.25,0,166245.0194
-6.25,9.75,0,153886.4102
-6.25,9.25,0,322177.7106
-6.25,8.75,0,464513.6154
-6.25,8.25,0,1160025.045
-6.25,7.75,0,2469302.288
-6.25,7.25,0,6323357.632
-6.25,6.75,0,1.64E+07
-6.25,6.25,0,1.91E+07
-6.25,5.75,0,1.84E+07
-6.25,5.25,0,1.78E+07
-6.25,4.75,0,1.77E+07
-6.25,4.25,0,1.89E+07
-6.25,3.75,0,2.04E+07
-6.25,3.25,0,2.05E+07
-6.25,2.75,0,1.89E+07
-6.25,2.25,0,1.78E+07
-6.25,1.75,0,1.78E+07
-6.25,1.25,0,1.82E+07
-6.25,0.75,0,1.90E+07
-6.25,0.25,0,1.63E+07
-6.25,-0.25,0,6210990.327
-6.25,-0.75,0,2457163.06
-6.25,-1.25,0,983301.5242
-6.25,-1.75,0,447354.0052
-6.25,-2.25,0,172841.2288
-6.25,-2.75,0,85618.0788
-6.25,-3.25,0,53856.26514
-6.25,-3.75,0,48937.15275
-6.25,-4.25,0,1467.014179
-6.25,-4.75,0,4135.967162
-6.25,-5.25,0,39801.42691
-6.25,-5.75,0,49937.32444
-6.25,-6.25,0,7923.981214
-6.25,-6.75,0,32713.28366
-6.25,-7.25,0,-28737.19976
-6.25,-7.75,0,60801.96755
-6.25,-8.25,0,-25982.54752
-6.25,-8.75,0,-29942.16384
-6.25,-9.25,0,20581.65154
-6.25,-9.75,0,-2673.168049
-6.25,-10.25,0,-61403.08813
-6.25,-10.75,0,41549.72161
-6.25,-11.25,0,26782.36579
-6.25,-11.75,0,63549.4505
-6.25,-12.25,0,11190.26527
-6.25,-12.75,0,26813.63964
-6.25,-13.25,0,-45393.49824
-6.25,-13.75,0,69880.51648
-6.25,-14.25,0,87346.09936
-6.25,-14.75,0,-23619.06348
-5.75,14.75,0,245605.0127
-5.75,14.25,0,357998.6665
-5.75,13.75,0,357410.1081
-5.75,13.25,0,467764.1341
-5.75,12.75,0,453534.6101
-5.75,12.25,0,419610.665
-5.75,11.75,0,211675.4364
-5.75,11.25,0,202938.6186
-5.75,10.75,0,147129.49
-5.75,10.25,0,50897.93208
-5.75,9.75,0,143680.3839
-5.75,9.25,0,287193.9307
-5.75,8.75,0,496640.2353
-5.75,8.25,0,1190867.61
-5.75,7.75,0,2743178.24
-5.75,7.25,0,6696253.925
-5.75,6.75,0,1.70E+07
-5.75,6.25,0,1.83E+07
-5.75,5.75,0,1.09E+07
-5.75,5.25,0,8995648.827
-5.75,4.75,0,9309124.957
-5.75,4.25,0,1.15E+07
-5.75,3.75,0,1.93E+07
-5.75,3.25,0,1.93E+07
-5.75,2.75,0,1.17E+07
-5.75,2.25,0,8918893.219
-5.75,1.75,0,8901053.516
-5.75,1.25,0,1.10E+07
-5.75,0.75,0,1.81E+07
-5.75,0.25,0,1.68E+07
-5.75,-0.25,0,6721946.165
-5.75,-0.75,0,2734974.856
-5.75,-1.25,0,1225180.504
-5.75,-1.75,0,532059.5543
-5.75,-2.25,0,197230.5938
-5.75,-2.75,0,98657.34075
-5.75,-3.25,0,15023.98601
-5.75,-3.75,0,51220.08294
-5.75,-4.25,0,-51780.18701
-5.75,-4.75,0,34940.55972
-5.75,-5.25,0,18894.23849
-5.75,-5.75,0,28681.74329
-5.75,-6.25,0,-23792.75821
-5.75,-6.75,0,6207.44049
-5.75,-7.25,0,-2840.675324
-5.75,-7.75,0,-59419.04299
-5.75,-8.25,0,17914.35684
-5.75,-8.75,0,16487.65793
-5.75,-9.25,0,-29151.14468
-5.75,-9.75,0,47609.45037
-5.75,-10.25,0,-68403.22185
-5.75,-10.75,0,-16021.62755
-5.75,-11.25,0,-15217.99381
-5.75,-11.75,0,-27713.44883
-5.75,-12.25,0,-25884.55864
-5.75,-12.75,0,18202.70032
-5.75,-13.25,0,-34746.78006
-5.75,-13.75,0,527.0310374
-5.75,-14.25,0,-21059.14947
-5.75,-14.75,0,-14579.33801
-5.25,14.75,0,238742.8856
-5.25,14.25,0,142500.0585
-5.25,13.75,0,216360.2117
-5.25,13.25,0,199962.871
-5.25,12.75,0,196491.8375
-5.25,12.25,0,95764.27034
-5.25,11.75,0,173079.366
-5.25,11.25,0,104771.3603
-5.25,10.75,0,63870.29979
-5.25,10.25,0,87601.92796
-5.25,9.75,0,128621.8482
-5.25,9.25,0,330682.186
-5.25,8.75,0,516073.0287
-5.25,8.25,0,1228982.897
-5.25,7.75,0,2820758.952
-5.25,7.25,0,6937397.474
-5.25,6.75,0,1.67E+07
-5.25,6.25,0,1.73E+07
-5.25,5.75,0,8637948.079
-5.25,5.25,0,5903140.305
-5.25,4.75,0,5986281.013
-5.25,4.25,0,9095766.654
-5.25,3.75,0,1.80E+07
-5.25,3.25,0,1.81E+07
-5.25,2.75,0,8968383.596
-5.25,2.25,0,5929584.03
-5.25,1.75,0,5777857.035
-5.25,1.25,0,8676032.465
-5.25,0.75,0,1.73E+07
-5.25,0.25,0,1.68E+07
-5.25,-0.25,0,6788016.127
-5.25,-0.75,0,2852325.596
-5.25,-1.25,0,1238042.301
-5.25,-1.75,0,542363.0443
-5.25,-2.25,0,213339.2047
-5.25,-2.75,0,81163.50827
-5.25,-3.25,0,38809.00555
-5.25,-3.75,0,21024.55025
-5.25,-4.25,0,19334.95188
-5.25,-4.75,0,62473.17164
-5.25,-5.25,0,49572.66803
-5.25,-5.75,0,-49792.97577
-5.25,-6.25,0,64285.31736
-5.25,-6.75,0,-41386.78409
-5.25,-7.25,0,96501.62254
-5.25,-7.75,0,5392.492435
-5.25,-8.25,0,-18733.86973
-5.25,-8.75,0,-79403.96258
-5.25,-9.25,0,-16288.07041
-5.25,-9.75,0,58976.8903
-5.25,-10.25,0,-16337.46484
-5.25,-10.75,0,-17675.05264
-5.25,-11.25,0,-50916.69636
-5.25,-11.75,0,-45538.85218
-5.25,-12.25,0,-22625.85171
-5.25,-12.75,0,13399.52816
-5.25,-13.25,0,-80751.57258
-5.25,-13.75,0,23459.32979
-5.25,-14.25,0,-23566.28939
-5.25,-14.75,0,20629.88421
-4.75,14.75,0,104655.1398
-4.75,14.25,0,70550.62897
-4.75,13.75,0,105533.1807
-4.75,13.25,0,107565.5687
-4.75,12.75,0,162965.7804
-4.75,12.25,0,25731.31176
-4.75,11.75,0,35535.45617
-4.75,11.25,0,4730.517011
-4.75,10.75,0,28551.85668
-4.75,10.25,0,48334.32072
-4.75,9.75,0,104273.9924
-4.75,9.25,0,235267.3327
-4.75,8.75,0,537230.9988
-4.75,8.25,0,1239561.912
-4.75,7.75,0,2826832.399
-4.75,7.25,0,6772358.251
-4.75,6.75,0,1.66E+07
-4.75,6.25,0,1.71E+07
-4.75,5.75,0,7851657.396
-4.75,5.25,0,4790402.27
-4.75,4.75,0,4739045.534
-4.75,4.25,0,7875614.572
-4.75,3.75,0,1.73E+07
-4.75,3.25,0,1.73E+07
-4.75,2.75,0,7997915.445
-4.75,2.25,0,4733070.637
-4.75,1.75,0,4736404.176
-4.75,1.25,0,7892397.499
-4.75,0.75,0,1.70E+07
-4.75,0.25,0,1.65E+07
-4.75,-0.25,0,6807789.124
-4.75,-0.75,0,2820615.839
-4.75,-1.25,0,1234053.013
-4.75,-1.75,0,502602.2498
-4.75,-2.25,0,192342.7165
-4.75,-2.75,0,126408.9724
-4.75,-3.25,0,-27647.30951
-4.75,-3.75,0,-1282.502941
-4.75,-4.25,0,3831.12549
-4.75,-4.75,0,35556.56577
-4.75,-5.25,0,-22358.48874
-4.75,-5.75,0,-62680.29021
-4.75,-6.25,0,4982.67569
-4.75,-6.75,0,-35355.29263
-4.75,-7.25,0,62324.44103
-4.75,-7.75,0,-38606.30802
-4.75,-8.25,0,2777.431353
-4.75,-8.75,0,76172.1333
-4.75,-9.25,0,38861.42752
-4.75,-9.75,0,-1864.071053
-4.75,-10.25,0,17762.76204
-4.75,-10.75,0,92370.29523
-4.75,-11.25,0,53812.11224
-4.75,-11.75,0,-51578.70513
-4.75,-12.25,0,6818.539117
-4.75,-12.75,0,40576.35408
-4.75,-13.25,0,-60474.70662
-4.75,-13.75,0,8644.101008
-4.75,-14.25,0,-8060.407357
-4.75,-14.75,0,-225.3747241
-4.25,14.75,0,40203.11158
-4.25,14.25,0,-19392.75543
-4.25,13.75,0,1981.245797
-4.25,13.25,0,112896.9304
-4.25,12.75,0,33303.53669
-4.25,12.25,0,-2315.280508
-4.25,11.75,0,87115.38568
-4.25,11.25,0,64719.09479
-4.25,10.75,0,1702.678812
-4.25,10.25,0,97642.90472
-4.25,9.75,0,154702.9109
-4.25,9.25,0,210941.8518
-4.25,8.75,0,557899.1929
-4.25,8.25,0,1193481.284
-4.25,7.75,0,2763725.254
-4.25,7.25,0,6604074.621
-4.25,6.75,0,1.62E+07
-4.25,6.25,0,1.66E+07
-4.25,5.75,0,7291826.239
-4.25,5.25,0,4220965.931
-4.25,4.75,0,4284666.23
-4.25,4.25,0,7538660.476
-4.25,3.75,0,1.68E+07
-4.25,3.25,0,1.69E+07
-4.25,2.75,0,7329820.776
-4.25,2.25,0,4246448.258
-4.25,1.75,0,4164941.932
-4.25,1.25,0,7279306.545
-4.25,0.75,0,1.65E+07
-4.25,0.25,0,1.62E+07
-4.25,-0.25,0,6642737.883
-4.25,-0.75,0,2687000.786
-4.25,-1.25,0,1196510.694
-4.25,-1.75,0,556937.7382
-4.25,-2.25,0,222443.9444
-4.25,-2.75,0,71667.38035
-4.25,-3.25,0,-10599.13197
-4.25,-3.75,0,18630.67813
-4.25,-4.25,0,-96127.5374
-4.25,-4.75,0,-65341.56806
-4.25,-5.25,0,7029.995296
-4.25,-5.75,0,-3629.911591
-4.25,-6.25,0,-68594.89846
-4.25,-6.75,0,3764.034315
-4.25,-7.25,0,4004.169202
-4.25,-7.75,0,-56865.34592
-4.25,-8.25,0,-10980.26287
-4.25,-8.75,0,56163.87891
-4.25,-9.25,0,-22841.33754
-4.25,-9.75,0,-54435.96085
-4.25,-10.25,0,4705.675562
-4.25,-10.75,0,-22488.70452
-4.25,-11.25,0,-14367.29753
-4.25,-11.75,0,15481.89332
-4.25,-12.25,0,-2509.979289
-4.25,-12.75,0,-15380.98338
-4.25,-13.25,0,-41141.07158
-4.25,-13.75,0,-34453.68624
-4.25,-14.25,0,-45437.76959
-4.25,-14.75,0,-35722.89398
-3.75,14.75,0,120150.0018
-3.75,14.25,0,38217.10458
-3.75,13.75,0,2541.104717
-3.75,13.25,0,15103.92993
-3.75,12.75,0,27343.04504
-3.75,12.25,0,27185.79909
-3.75,11.75,0,28189.10473
-3.75,11.25,0,59960.7526
-3.75,10.75,0,12582.47342
-3.75,10.25,0,61413.66821
-3.75,9.75,0,76039.76228
-3.75,9.25,0,149164.1472
-3.75,8.75,0,472027.096
-3.75,8.25,0,1175395.501
-3.75,7.75,0,2547072.554
-3.75,7.25,0,6418876.507
-3.75,6.75,0,1.59E+07
-3.75,6.25,0,1.61E+07
-3.75,5.75,0,7081793.433
-3.75,5.25,0,3829992.703
-3.75,4.75,0,3825064.006
-3.75,4.25,0,6935040.788
-3.75,3.75,0,1.63E+07
-3.75,3.25,0,1.63E+07
-3.75,2.75,0,7023793.43
-3.75,2.25,0,3808335.597
-3.75,1.75,0,3848248.803
-3.75,1.25,0,6944070.339
-3.75,0.75,0,1.61E+07
-3.75,0.25,0,1.60E+07
-3.75,-0.25,0,6593688.078
-3.75,-0.75,0,2523005.093
-3.75,-1.25,0,1080999.861
-3.75,-1.75,0,391416.3052
-3.75,-2.25,0,183629.5814
-3.75,-2.75,0,48054.42715
-3.75,-3.25,0,9816.531276
-3.75,-3.75,0,-22890.65906
-3.75,-4.25,0,-71905.56248
-3.75,-4.75,0,-23965.7377
-3.75,-5.25,0,51109.97991
-3.75,-5.75,0,-72293.67349
-3.75,-6.25,0,-7415.373794
-3.75,-6.75,0,-60347.27271
-3.75,-7.25,0,-66407.3072
-3.75,-7.75,0,-67521.37607
-3.75,-8.25,0,4772.751637
-3.75,-8.75,0,-10537.20978
-3.75,-9.25,0,26216.90962
-3.75,-9.75,0,-11873.47649
-3.75,-10.25,0,-48033.55509
-3.75,-10.75,0,-9140.732823
-3.75,-11.25,0,-3689.171641
-3.75,-11.75,0,23122.85804
-3.75,-12.25,0,-47263.53435
-3.75,-12.75,0,-71939.64076
-3.75,-13.25,0,16311.97673
-3.75,-13.75,0,-32997.40208
-3.75,-14.25,0,-25379.31881
-3.75,-14.75,0,7823.817846
-3.25,14.75,0,41095.54285
-3.25,14.25,0,29221.09581
-3.25,13.75,0,60288.81396
-3.25,13.25,0,51872.86833
-3.25,12.75,0,9164.135983
-3.25,12.25,0,-12173.18465
-3.25,11.75,0,-37156.80591
-3.25,11.25,0,24067.90999
-3.25,10.75,0,109504.8518
-3.25,10.25,0,80557.74739
-3.25,9.75,0,94841.92091
-3.25,9.25,0,148609.8292
-3.25,8.75,0,383505.1033
-3.25,8.25,0,955741.7826
-3.25,7.75,0,2121166.678
-3.25,7.25,0,5790551.829
-3.25,6.75,0,1.51E+07
-3.25,6.25,0,1.52E+07
-3.25,5.75,0,6196085.078
-3.25,5.25,0,3327423.95
-3.25,4.75,0,3253209.43
-3.25,4.25,0,6185135.326
-3.25,3.75,0,1.53E+07
-3.25,3.25,0,1.51E+07
-3.25,2.75,0,6195797.865
-3.25,2.25,0,3304328.826
-3.25,1.75,0,3256562.424
-3.25,1.25,0,6320139.906
-3.25,0.75,0,1.51E+07
-3.25,0.25,0,1.50E+07
-3.25,-0.25,0,5680037.408
-3.25,-0.75,0,2202644.551
-3.25,-1.25,0,947927.3519
-3.25,-1.75,0,350895.6239
-3.25,-2.25,0,112375.631
-3.25,-2.75,0,18585.88847
-3.25,-3.25,0,-87471.07392
-3.25,-3.75,0,-68006.97939
-3.25,-4.25,0,-118644.7611
-3.25,-4.75,0,-33976.138
-3.25,-5.25,0,-102684.2678
-3.25,-5.75,0,-127990.8033
-3.25,-6.25,0,-93864.83399
-3.25,-6.75,0,-113125.9855
-3.25,-7.25,0,-128116.3393
-3.25,-7.75,0,-38817.10636
-3.25,-8.25,0,-27762.91328
-3.25,-8.75,0,1257.289964
-3.25,-9.25,0,-47141.09691
-3.25,-9.75,0,-39603.03267
-3.25,-10.25,0,-23664.54524
-3.25,-10.75,0,-41395.72172
-3.25,-11.25,0,102625.8772
-3.25,-11.75,0,13555.96875
-3.25,-12.25,0,-25872.5327
-3.25,-12.75,0,15554.30164
-3.25,-13.25,0,45949.76417
-3.25,-13.75,0,22896.04277
-3.25,-14.25,0,28413.25266
-3.25,-14.75,0,3938.710895
-2.75,14.75,0,-25507.11122
-2.75,14.25,0,-11888.95517
-2.75,13.75,0,50762.28618
-2.75,13.25,0,-1249.967591
-2.75,12.75,0,14984.86434
-2.75,12.25,0,26103.64151
-2.75,11.75,0,-33966.86062
-2.75,11.25,0,15734.2994
-2.75,10.75,0,-1218.798394
-2.75,10.25,0,-24714.77511
-2.75,9.75,0,84936.64447
-2.75,9.25,0,120907.7093
-2.75,8.75,0,324285.9843
-2.75,8.25,0,714105.171
-2.75,7.75,0,1719372.667
-2.75,7.25,0,4705129.923
-2.75,6.75,0,1.26E+07
-2.75,6.25,0,1.25E+07
-2.75,5.75,0,4781501.162
-2.75,5.25,0,2547460.12
-2.75,4.75,0,2572150.367
-2.75,4.25,0,5027246.292
-2.75,3.75,0,1.25E+07
-2.75,3.25,0,1.26E+07
-2.75,2.75,0,4893810.73
-2.75,2.25,0,2561549.73
-2.75,1.75,0,2560031.313
-2.75,1.25,0,4834250.825
-2.75,0.75,0,1.25E+07
-2.75,0.25,0,1.23E+07
-2.75,-0.25,0,4330713.425
-2.75,-0.75,0,1603840.589
-2.75,-1.25,0,532204.4598
-2.75,-1.75,0,107884.8164
-2.75,-2.25,0,-29646.66025
-2.75,-2.75,0,-186345.2685
-2.75,-3.25,0,-199628.9405
-2.75,-3.75,0,-192532.2246
-2.75,-4.25,0,-270133.4418
-2.75,-4.75,0,-275071.8813
-2.75,-5.25,0,-303936.1686
-2.75,-5.75,0,-249877.9477
-2.75,-6.25,0,-247169.6561
-2.75,-6.75,0,-198698.525
-2.75,-7.25,0,-162175.4021
-2.75,-7.75,0,-141415.6796
-2.75,-8.25,0,-121074.9364
-2.75,-8.75,0,-62626.3043
-2.75,-9.25,0,-27133.83702
-2.75,-9.75,0,-49864.52772
-2.75,-10.25,0,5528.196489
-2.75,-10.75,0,-9714.210406
-2.75,-11.25,0,-12197.84936
-2.75,-11.75,0,34061.39802
-2.75,-12.25,0,88275.23401
-2.75,-12.75,0,31774.59465
-2.75,-13.25,0,23100.02727
-2.75,-13.75,0,-3401.017385
-2.75,-14.25,0,-2648.994316
-2.75,-14.75,0,6518.642365
-2.25,14.75,0,6219.628559
-2.25,14.25,0,-43656.03866
-2.25,13.75,0,23939.32279
-2.25,13.25,0,-22814.98922
-2.25,12.75,0,18250.95432
-2.25,12.25,0,-29241.45615
-2.25,11.75,0,-44785.71204
-2.25,11.25,0,-48159.38206
-2.25,10.75,0,22680.46215
-2.25,10.25,0,100211.7206
-2.25,9.75,0,60669.22921
-2.25,9.25,0,132304.3524
-2.25,8.75,0,250207.0702
-2.25,8.25,0,533224.4313
-2.25,7.75,0,1189637.643
-2.25,7.25,0,2312562.518
-2.25,6.75,0,4066772.949
-2.25,6.25,0,4042465.271
-2.25,5.75,0,2557624.4
-2.25,5.25,0,1631966.447
-2.25,4.75,0,1624644.207
-2.25,4.25,0,2622282.353
-2.25,3.75,0,4117713.647
-2.25,3.25,0,4098029.902
-2.25,2.75,0,2545405.838
-2.25,2.25,0,1682522.701
-2.25,1.75,0,1624142.298
-2.25,1.25,0,2536134.536
-2.25,0.75,0,3884093.29
-2.25,0.25,0,3830727.978
-2.25,-0.25,0,2169335.282
-2.25,-0.75,0,788363.4729
-2.25,-1.25,0,129294.0896
-2.25,-1.75,0,-268385.4659
-2.25,-2.25,0,-421709.7759
-2.25,-2.75,0,-515035.1025
-2.25,-3.25,0,-502471.2713
-2.25,-3.75,0,-517305.5684
-2.25,-4.25,0,-544501.5694
-2.25,-4.75,0,-539485.7928
-2.25,-5.25,0,-607792.524
-2.25,-5.75,0,-489238.8292
-2.25,-6.25,0,-530384.8206
-2.25,-6.75,0,-491820.2061
-2.25,-7.25,0,-218941.3257
-2.25,-7.75,0,-232537.6164
-2.25,-8.25,0,-182912.3372
-2.25,-8.75,0,-92104.76309
-2.25,-9.25,0,-47888.52924
-2.25,-9.75,0,-106230.0611
-2.25,-10.25,0,-40797.18191
-2.25,-10.75,0,13985.36607
-2.25,-11.25,0,-1800.802477
-2.25,-11.75,0,-65891.28515
-2.25,-12.25,0,-20056.17419
-2.25,-12.75,0,-6946.36074
-2.25,-13.25,0,1220.619038
-2.25,-13.75,0,-68779.31223
-2.25,-14.25,0,1521.751873
-2.25,-14.75,0,41649.21015
-1.75,14.75,0,-37863.99521
-1.75,14.25,0,28691.35573
-1.75,13.75,0,57786.94575
-1.75,13.25,0,17874.31894
-1.75,12.75,0,24824.44031
-1.75,12.25,0,-16482.08258
-1.75,11.75,0,-4668.598524
-1.75,11.25,0,-39886.82272
-1.75,10.75,0,3888.259015
-1.75,10.25,0,-3620.635139
-1.75,9.75,0,11681.97407
-1.75,9.25,0,133034.5533
-1.75,8.75,0,152578.5537
-1.75,8.25,0,336467.267
-1.75,7.75,0,609338.9475
-1.75,7.25,0,979906.4998
-1.75,6.75,0,1328458.962
-1.75,6.25,0,1387067.433
-1.75,5.75,0,1147756.473
-1.75,5.25,0,888731.5279
-1.75,4.75,0,940936.3151
-1.75,4.25,0,1160967.992
-1.75,3.75,0,1439356.367
-1.75,3.25,0,1488745.837
-1.75,2.75,0,1198870.31
-1.75,2.25,0,898377.6051
-1.75,1.75,0,873653.2645
-1.75,1.25,0,1092274.25
-1.75,0.75,0,1398140.672
-1.75,0.25,0,1234302.394
-1.75,-0.25,0,617905.9144
-1.75,-0.75,0,-57953.87266
-1.75,-1.25,0,-591904.6651
-1.75,-1.75,0,-922611.1302
-1.75,-2.25,0,-1193118.938
-1.75,-2.75,0,-1279323.819
-1.75,-3.25,0,-1312456.337
-1.75,-3.75,0,-1338913.29
-1.75,-4.25,0,-1329291.191
-1.75,-4.75,0,-1291877.818
-1.75,-5.25,0,-1281304.776
-1.75,-5.75,0,-1257115.497
-1.75,-6.25,0,-1091523.372
-1.75,-6.75,0,-1007412.127
-1.75,-7.25,0,-722868.0735
-1.75,-7.75,0,-535790.817
-1.75,-8.25,0,-325405.198
-1.75,-8.75,0,-119834.0012
-1.75,-9.25,0,-76229.98249
-1.75,-9.75,0,-57781.89868
-1.75,-10.25,0,-52048.20983
-1.75,-10.75,0,-29442.3445
-1.75,-11.25,0,10969.18091
-1.75,-11.75,0,30510.87696
-1.75,-12.25,0,508.476467
-1.75,-12.75,0,-20371.91345
-1.75,-13.25,0,10812.88743
-1.75,-13.75,0,21605.97917
-1.75,-14.25,0,-25489.97049
-1.75,-14.75,0,36647.80414
-1.25,14.75,0,6647.14385
-1.25,14.25,0,44871.96741
-1.25,13.75,0,42336.84433
-1.25,13.25,0,4705.497987
-1.25,12.75,0,-1743.577519
-1.25,12.25,0,34997.71212
-1.25,11.75,0,-67966.20595
-1.25,11.25,0,4320.321753
-1.25,10.75,0,8586.369537
-1.25,10.25,0,26093.38483
-1.25,9.75,0,-10015.71592
-1.25,9.25,0,-6352.185823
-1.25,8.75,0,-9373.923396
-1.25,8.25,0,192102.5482
-1.25,7.75,0,334388.8143
-1.25,7.25,0,428626.6283
-1.25,6.75,0,659545.0955
-1.25,6.25,0,565053.5482
-1.25,5.75,0,476845.1243
-1.25,5.25,0,451655.2342
-1.25,4.75,0,465796.586
-1.25,4.25,0,560605.8744
-1.25,3.75,0,617935.8321
-1.25,3.25,0,581834.9482
-1.25,2.75,0,468940.462
-1.25,2.25,0,422712.371
-1.25,1.75,0,364723.339
-1.25,1.25,0,470014.5471
-1.25,0.75,0,415595.9719
-1.25,0.25,0,134285.708
-1.25,-0.25,0,-247962.5172
-1.25,-0.75,0,-1020765.421
-1.25,-1.25,0,-1771131.199
-1.25,-1.75,0,-2443587.022
-1.25,-2.25,0,-2780029.928
-1.25,-2.75,0,-2969795.814
-1.25,-3.25,0,-2947525.519
-1.25,-3.75,0,-2932692.558
-1.25,-4.25,0,-2898875.542
-1.25,-4.75,0,-2841917.59
-1.25,-5.25,0,-2781591.419
-1.25,-5.75,0,-2815935.26
-1.25,-6.25,0,-2575031.116
-1.25,-6.75,0,-2212204.216
-1.25,-7.25,0,-1753714.144
-1.25,-7.75,0,-1083634.04
-1.25,-8.25,0,-614221.0722
-1.25,-8.75,0,-282191.0399
-1.25,-9.25,0,-159238.0154
-1.25,-9.75,0,-18289.17515
-1.25,-10.25,0,-10348.87418
-1.25,-10.75,0,40277.78629
-1.25,-11.25,0,-7523.276456
-1.25,-11.75,0,-5129.815263
-1.25,-12.25,0,10458.30557
-1.25,-12.75,0,54427.85773
-1.25,-13.25,0,-94752.97004
-1.25,-13.75,0,-69549.51888
-1.25,-14.25,0,38851.8431
-1.25,-14.75,0,52221.75623
-0.75,14.75,0,10444.71571
-0.75,14.25,0,61196.47999
-0.75,13.75,0,88085.4258
-0.75,13.25,0,9440.908937
-0.75,12.75,0,-16408.89587
-0.75,12.25,0,-17493.14378
-0.75,11.75,0,-8707.221903
-0.75,11.25,0,32892.04135
-0.75,10.75,0,-2707.601437
-0.75,10.25,0,86330.44349
-0.75,9.75,0,1653.124941
-0.75,9.25,0,247.6084154
-0.75,8.75,0,71856.33885
-0.75,8.25,0,96189.30098
-0.75,7.75,0,155554.8398
-0.75,7.25,0,112504.9541
-0.75,6.75,0,230837.0722
-0.75,6.25,0,178592.3188
-0.75,5.75,0,242083.6313
-0.75,5.25,0,249746.8626
-0.75,4.75,0,267534.1592
-0.75,4.25,0,271959.8672
-0.75,3.75,0,282139.9403
-0.75,3.25,0,290694.7715
-0.75,2.75,0,232795.4843
-0.75,2.25,0,198239.9034
-0.75,1.75,0,209633.1028
-0.75,1.25,0,164535.0699
-0.75,0.75,0,-20975.24801
-0.75,0.25,0,-391880.4382
-0.75,-0.25,0,-1149499.873
-0.75,-0.75,0,-2575924.903
-0.75,-1.25,0,-5012605.367
-0.75,-1.75,0,-6331051.769
-0.75,-2.25,0,-7037068.893
-0.75,-2.75,0,-7300559.637
-0.75,-3.25,0,-7080063.203
-0.75,-3.75,0,-7202287.52
-0.75,-4.25,0,-6948510.374
-0.75,-4.75,0,-7028642.496
-0.75,-5.25,0,-6813779.826
-0.75,-5.75,0,-6660226.344
-0.75,-6.25,0,-6381479.94
-0.75,-6.75,0,-5800995.236
-0.75,-7.25,0,-4429932.766
-0.75,-7.75,0,-2323485.312
-0.75,-8.25,0,-1000060.286
-0.75,-8.75,0,-399141.2683
-0.75,-9.25,0,-108081.9353
-0.75,-9.75,0,-26643.46638
-0.75,-10.25,0,-97635.65707
-0.75,-10.75,0,4458.368298
-0.75,-11.25,0,-55428.7929
-0.75,-11.75,0,-81123.45194
-0.75,-12.25,0,-48727.71501
-0.75,-12.75,0,-86054.2825
-0.75,-13.25,0,-46385.48738
-0.75,-13.75,0,47034.38042
-0.75,-14.25,0,-29634.0612
-0.75,-14.75,0,80429.45151
-0.25,14.75,0,31482.91547
-0.25,14.25,0,46691.27734
-0.25,13.75,0,-1883.018483
-0.25,13.25,0,-8994.120144
-0.25,12.75,0,-29296.22766
-0.25,12.25,0,6917.448761
-0.25,11.75,0,-56485.72132
-0.25,11.25,0,-31526.49625
-0.25,10.75,0,-38878.02766
-0.25,10.25,0,11102.19715
-0.25,9.75,0,67139.44635
-0.25,9.25,0,98784.45519
-0.25,8.75,0,-41390.64749
-0.25,8.25,0,55760.94246
-0.25,7.75,0,38127.50635
-0.25,7.25,0,43514.67315
-0.25,6.75,0,105617.6689
-0.25,6.25,0,89662.81958
-0.25,5.75,0,108952.9242
-0.25,5.25,0,132837.1337
-0.25,4.75,0,68177.84717
-0.25,4.25,0,103940.5556
-0.25,3.75,0,48514.61098
-0.25,3.25,0,95881.19323
-0.25,2.75,0,137360.596
-0.25,2.25,0,10423.50396
-0.25,1.75,0,56972.57939
-0.25,1.25,0,-86430.51788
-0.25,0.75,0,-211741.0733
-0.25,0.25,0,-689179.5601
-0.25,-0.25,0,-1770786.493
-0.25,-0.75,0,-4854783.729
-0.25,-1.25,0,-1.38E+07
-0.25,-1.75,0,-1.67E+07
-0.25,-2.25,0,-1.75E+07
-0.25,-2.75,0,-1.75E+07
-0.25,-3.25,0,-1.72E+07
-0.25,-3.75,0,-1.67E+07
-0.25,-4.25,0,-1.68E+07
-0.25,-4.75,0,-1.66E+07
-0.25,-5.25,0,-1.65E+07
-0.25,-5.75,0,-1.63E+07
-0.25,-6.25,0,-1.59E+07
-0.25,-6.75,0,-1.51E+07
-0.25,-7.25,0,-1.25E+07
-0.25,-7.75,0,-4071330.829
-0.25,-8.25,0,-1418067.881
-0.25,-8.75,0,-587582.4558
-0.25,-9.25,0,-224825.83
-0.25,-9.75,0,-101946.9567
-0.25,-10.25,0,-77253.57128
-0.25,-10.75,0,-49226.94464
-0.25,-11.25,0,12528.24095
-0.25,-11.75,0,16240.20183
-0.25,-12.25,0,-14264.75807
-0.25,-12.75,0,29925.41389
-0.25,-13.25,0,-16538.25851
-0.25,-13.75,0,-10367.934
-0.25,-14.25,0,35288.24107
-0.25,-14.75,0,-46559.22275
0.25,14.75,0,-64284.5481
0.25,14.25,0,-42686.28494
0.25,13.75,0,14560.46456
0.25,13.25,0,-6760.924586
0.25,12.75,0,107119.5839
0.25,12.25,0,-54137.62347
0.25,11.75,0,-8869.918501
0.25,11.25,0,2385.730055
0.25,10.75,0,-51615.48382
0.25,10.25,0,44351.37654
0.25,9.75,0,33483.49347
0.25,9.25,0,67728.7553
0.25,8.75,0,39731.6422
0.25,8.25,0,-116708.4462
0.25,7.75,0,-8397.439239
0.25,7.25,0,49638.07836
0.25,6.75,0,12678.67483
0.25,6.25,0,58335.29477
0.25,5.75,0,45435.18449
0.25,5.25,0,26453.46295
0.25,4.75,0,50718.86836
0.25,4.25,0,68966.83022
0.25,3.75,0,93628.62583
0.25,3.25,0,12059.30027
0.25,2.75,0,15757.574
0.25,2.25,0,-7935.376447
0.25,1.75,0,12779.11314
0.25,1.25,0,-47465.64665
0.25,0.75,0,-280296.9975
0.25,0.25,0,-786130.7713
0.25,-0.25,0,-2109568.05
0.25,-0.75,0,-5909233.62
0.25,-1.25,0,-1.63E+07
0.25,-1.75,0,-1.99E+07
0.25,-2.25,0,-2.06E+07
0.25,-2.75,0,-1.94E+07
0.25,-3.25,0,-1.83E+07
0.25,-3.75,0,-1.77E+07
0.25,-4.25,0,-1.72E+07
0.25,-4.75,0,-1.69E+07
0.25,-5.25,0,-1.68E+07
0.25,-5.75,0,-1.64E+07
0.25,-6.25,0,-1.60E+07
0.25,-6.75,0,-1.52E+07
0.25,-7.25,0,-1.25E+07
0.25,-7.75,0,-3987096.314
0.25,-8.25,0,-1370631.717
0.25,-8.75,0,-580754.046
0.25,-9.25,0,-275324.5253
0.25,-9.75,0,-47122.77212
0.25,-10.25,0,-30558.08084
0.25,-10.75,0,-93644.67899
0.25,-11.25,0,3351.441572
0.25,-11.75,0,-70015.44269
0.25,-12.25,0,28046.58233
0.25,-12.75,0,51313.63998
0.25,-13.25,0,-10474.70171
0.25,-13.75,0,-41745.62689
0.25,-14.25,0,33599.17299
0.25,-14.75,0,-48296.90396
0.75,14.75,0,-18350.66154
0.75,14.25,0,-42383.82639
0.75,13.75,0,-53738.27301
0.75,13.25,0,12062.33314
0.75,12.75,0,-12120.69484
0.75,12.25,0,30887.67534
0.75,11.75,0,-1813.499433
0.75,11.25,0,-7588.991829
0.75,10.75,0,-65663.77363
0.75,10.25,0,-28487.21587
0.75,9.75,0,6565.746833
0.75,9.25,0,-12368.57526
0.75,8.75,0,55783.97265
0.75,8.25,0,-61160.71773
0.75,7.75,0,6189.393519
0.75,7.25,0,21078.27959
0.75,6.75,0,-8548.208197
0.75,6.25,0,25254.78133
0.75,5.75,0,85789.17246
0.75,5.25,0,-18843.25368
0.75,4.75,0,8222.524805
0.75,4.25,0,-32989.265
0.75,3.75,0,49044.52121
0.75,3.25,0,-28976.46356
0.75,2.75,0,-23063.07492
0.75,2.25,0,47935.31492
0.75,1.75,0,-13151.64882
0.75,1.25,0,-162713.4513
0.75,0.75,0,-298605.9694
0.75,0.25,0,-851126.6375
0.75,-0.25,0,-2021368.26
0.75,-0.75,0,-5299679.892
0.75,-1.25,0,-1.49E+07
0.75,-1.75,0,-1.96E+07
0.75,-2.25,0,-2.00E+07
0.75,-2.75,0,-1.37E+07
0.75,-3.25,0,-1.09E+07
0.75,-3.75,0,-9590839.306
0.75,-4.25,0,-8610891.963
0.75,-4.75,0,-8065104.46
0.75,-5.25,0,-7677294.612
0.75,-5.75,0,-7209961.364
0.75,-6.25,0,-6802218.035
0.75,-6.75,0,-6234264.027
0.75,-7.25,0,-4542482.918
0.75,-7.75,0,-2425127.801
0.75,-8.25,0,-1023113.499
0.75,-8.75,0,-525737.3282
0.75,-9.25,0,-165604.631
0.75,-9.75,0,-161240.9412
0.75,-10.25,0,-54814.34168
0.75,-10.75,0,-8738.234418
0.75,-11.25,0,14584.14295
0.75,-11.75,0,-9492.02685
0.75,-12.25,0,-44687.25936
0.75,-12.75,0,-49721.6323
0.75,-13.25,0,-31865.65558
0.75,-13.75,0,-46935.73287
0.75,-14.25,0,-37989.46551
0.75,-14.75,0,-68713.28191
1.25,14.75,0,60059.38233
1.25,14.25,0,16187.471
1.25,13.75,0,13649.88038
1.25,13.25,0,-31156.94854
1.25,12.75,0,11306.0238
1.25,12.25,0,12819.84999
1.25,11.75,0,-35903.23475
1.25,11.25,0,-45632.0727
1.25,10.75,0,-74275.64651
1.25,10.25,0,34525.94661
1.25,9.75,0,-37789.18746
1.25,9.25,0,3893.915301
1.25,8.75,0,6361.576266
1.25,8.25,0,8022.758518
1.25,7.75,0,-18691.5345
1.25,7.25,0,-1327.448825
1.25,6.75,0,-3297.497558
1.25,6.25,0,61420.01306
1.25,5.75,0,-35054.73049
1.25,5.25,0,1757.830734
1.25,4.75,0,50880.98363
1.25,4.25,0,25561.20462
1.25,3.75,0,-33987.99052
1.25,3.25,0,35825.74738
1.25,2.75,0,-106270.329
1.25,2.25,0,-36270.86693
1.25,1.75,0,9104.085747
1.25,1.25,0,-109479.0494
1.25,0.75,0,-271022.3164
1.25,0.25,0,-695852.7395
1.25,-0.25,0,-1587710.619
1.25,-0.75,0,-3572595.176
1.25,-1.25,0,-7720072.768
1.25,-1.75,0,-1.63E+07
1.25,-2.25,0,-1.91E+07
1.25,-2.75,0,-1.78E+07
1.25,-3.25,0,-1.10E+07
1.25,-3.75,0,-8756337.067
1.25,-4.25,0,-6812396.65
1.25,-4.75,0,-5476092.627
1.25,-5.25,0,-4748251.339
1.25,-5.75,0,-4126386.702
1.25,-6.25,0,-3495288.893
1.25,-6.75,0,-2875791.48
1.25,-7.25,0,-2115050.947
1.25,-7.75,0,-1384816.579
1.25,-8.25,0,-710014.7404
1.25,-8.75,0,-370023.6504
1.25,-9.25,0,-161034.3678
1.25,-9.75,0,-126024.3514
1.25,-10.25,0,-45120.5673
1.25,-10.75,0,-43402.38355
1.25,-11.25,0,-19100.52465
1.25,-11.75,0,83439.35942
1.25,-12.25,0,-57712.7383
1.25,-12.75,0,-1981.094333
1.25,-13.25,0,-17174.04927
1.25,-13.75,0,5838.624659
1.25,-14.25,0,51338.34329
1.25,-14.75,0,-957.4376521
1.75,14.75,0,-14395.00926
1.75,14.25,0,-50126.96921
1.75,13.75,0,35199.47603
1.75,13.25,0,-37197.52692
1.75,12.75,0,-27097.21624
1.75,12.25,0,18261.36574
1.75,11.75,0,-58632.55769
1.75,11.25,0,60323.62858
1.75,10.75,0,4243.865406
1.75,10.25,0,-8621.163969
1.75,9.75,0,31880.16326
1.75,9.25,0,32177.43427
1.75,8.75,0,-8125.401171
1.75,8.25,0,44667.08051
1.75,7.75,0,16901.04292
1.75,7.25,0,45796.27868
1.75,6.75,0,13980.58648
1.75,6.25,0,-3261.609495
1.75,5.75,0,71878.99069
1.75,5.25,0,-25923.19629
1.75,4.75,0,28613.65543
1.75,4.25,0,81790.73669
1.75,3.75,0,-13544.4383
1.75,3.25,0,24177.37478
1.75,2.75,0,5805.698121
1.75,2.25,0,-33452.14321
1.75,1.75,0,-49369.71782
1.75,1.25,0,-88561.5331
1.75,0.75,0,-156343.5665
1.75,0.25,0,-491373.2793
1.75,-0.25,0,-1108292.894
1.75,-0.75,0,-2266288.578
1.75,-1.25,0,-4253337.626
1.75,-1.75,0,-8057246.295
1.75,-2.25,0,-1.56E+07
1.75,-2.75,0,-1.72E+07
1.75,-3.25,0,-1.72E+07
1.75,-3.75,0,-1.60E+07
1.75,-4.25,0,-9414830.999
1.75,-4.75,0,-7443305.165
1.75,-5.25,0,-5310984.259
1.75,-5.75,0,-4027813.042
1.75,-6.25,0,-3085369.948
1.75,-6.75,0,-2274530.465
1.75,-7.25,0,-1724019.074
1.75,-7.75,0,-1120453.94
1.75,-8.25,0,-617457.5362
1.75,-8.75,0,-324780.1791
1.75,-9.25,0,-211937.7708
1.75,-9.75,0,-67056.58542
1.75,-10.25,0,5388.256484
1.75,-10.75,0,4689.061472
1.75,-11.25,0,-71673.15025
1.75,-11.75,0,-34758.79112
1.75,-12.25,0,-37613.6665
1.75,-12.75,0,-17547.57514
1.75,-13.25,0,-32039.05914
1.75,-13.75,0,-43137.18764
1.75,-14.25,0,52892.97562
1.75,-14.75,0,-54456.81244
2.25,14.75,0,4143.900847
2.25,14.25,0,15850.44411
2.25,13.75,0,-64698.01017
2.25,13.25,0,-43081.97835
2.25,12.75,0,18638.96493
2.25,12.25,0,13818.07911
2.25,11.75,0,-44714.17067
2.25,11.25,0,43616.14871
2.25,10.75,0,-2426.544672
2.25,10.25,0,5696.436492
2.25,9.75,0,4558.348172
2.25,9.25,0,-20751.93745
2.25,8.75,0,-70046.12584
2.25,8.25,0,-4098.002035
2.25,7.75,0,-59246.66294
2.25,7.25,0,-4889.977277
2.25,6.75,0,9695.193324
2.25,6.25,0,9476.614477
2.25,5.75,0,-51686.4425
2.25,5.25,0,16001.10573
2.25,4.75,0,-45121.28718
2.25,4.25,0,10862.48778
2.25,3.75,0,23296.96601
2.25,3.25,0,59208.70042
2.25,2.75,0,-87351.26126
2.25,2.25,0,12165.54241
2.25,1.75,0,-51095.30994
2.25,1.25,0,-99252.55665
2.25,0.75,0,-221774.3391
2.25,0.25,0,-390435.5837
2.25,-0.25,0,-784482.846
2.25,-0.75,0,-1449049.411
2.25,-1.25,0,-2512712.909
2.25,-1.75,0,-4170300.522
2.25,-2.25,0,-6626391.511
2.25,-2.75,0,-8992184.247
2.25,-3.25,0,-1.56E+07
2.25,-3.75,0,-1.70E+07
2.25,-4.25,0,-1.68E+07
2.25,-4.75,0,-1.55E+07
2.25,-5.25,0,-9126668.503
2.25,-5.75,0,-6804053.648
2.25,-6.25,0,-4579283.134
2.25,-6.75,0,-3184597.192
2.25,-7.25,0,-2118236.06
2.25,-7.75,0,-1287237.843
2.25,-8.25,0,-712589.167
2.25,-8.75,0,-301941.248
2.25,-9.25,0,-227908.6791
2.25,-9.75,0,-45830.07158
2.25,-10.25,0,-57691.68597
2.25,-10.75,0,9173.162945
2.25,-11.25,0,-12093.23781
2.25,-11.75,0,-29789.30197
2.25,-12.25,0,-16999.7538
2.25,-12.75,0,30310.42407
2.25,-13.25,0,40483.11419
2.25,-13.75,0,23623.88732
2.25,-14.25,0,-46793.51355
2.25,-14.75,0,-98518.26858
2.75,14.75,0,24677.21708
2.75,14.25,0,24766.12011
2.75,13.75,0,-95044.90875
2.75,13.25,0,1870.384464
2.75,12.75,0,81401.30414
2.75,12.25,0,-7069.96132
2.75,11.75,0,-24775.24004
2.75,11.25,0,-38854.18553
2.75,10.75,0,-69883.68723
2.75,10.25,0,-18794.49566
2.75,9.75,0,11813.56031
2.75,9.25,0,-37776.04614
2.75,8.75,0,10125.60957
2.75,8.25,0,30884.3268
2.75,7.75,0,-22371.86747
2.75,7.25,0,19676.07814
2.75,6.75,0,22593.02994
2.75,6.25,0,-860.6792585
2.75,5.75,0,76392.3958
2.75,5.25,0,-48425.33426
2.75,4.75,0,11148.08404
2.75,4.25,0,-35778.92339
2.75,3.75,0,-28945.81957
2.75,3.25,0,13602.1261
2.75,2.75,0,33682.06774
2.75,2.25,0,-12848.80007
2.75,1.75,0,8070.106183
2.75,1.25,0,-124633.4944
2.75,0.75,0,-167884.4204
2.75,0.25,0,-378264.5188
2.75,-0.25,0,-698901.9482
2.75,-0.75,0,-1270881.82
2.75,-1.25,0,-1840503.591
2.75,-1.75,0,-2691539.55
2.75,-2.25,0,-3804307.619
2.75,-2.75,0,-5116471.76
2.75,-3.25,0,-7347190.113
2.75,-3.75,0,-9406348.464
2.75,-4.25,0,-1.59E+07
2.75,-4.75,0,-1.70E+07
2.75,-5.25,0,-1.69E+07
2.75,-5.75,0,-1.57E+07
2.75,-6.25,0,-8986063.904
2.75,-6.75,0,-6387075.211
2.75,-7.25,0,-3782175.009
2.75,-7.75,0,-2094302.447
2.75,-8.25,0,-1064379.086
2.75,-8.75,0,-481326.275
2.75,-9.25,0,-181091.8848
2.75,-9.75,0,-102295.1834
2.75,-10.25,0,-57713.81738
2.75,-10.75,0,7846.043506
2.75,-11.25,0,7440.192296
2.75,-11.75,0,-109282.5531
2.75,-12.25,0,-81220.77452
2.75,-12.75,0,-43575.67042
2.75,-13.25,0,-46765.41449
2.75,-13.75,0,-80152.72222
2.75,-14.25,0,-57616.98731
2.75,-14.75,0,-94056.2663
3.25,14.75,0,50937.80013
3.25,14.25,0,-19561.50352
3.25,13.75,0,-47441.03808
3.25,13.25,0,-15228.95539
3.25,12.75,0,-26069.56777
3.25,12.25,0,10315.62423
3.25,11.75,0,-8840.538127
3.25,11.25,0,-57336.97823
3.25,10.75,0,22474.16337
3.25,10.25,0,-14000.58274
3.25,9.75,0,-23100.49329
3.25,9.25,0,-32796.39124
3.25,8.75,0,30828.69648
3.25,8.25,0,-4007.783745
3.25,7.75,0,-59747.5429
3.25,7.25,0,84165.58028
3.25,6.75,0,-12877.62835
3.25,6.25,0,10809.85103
3.25,5.75,0,14026.3172
3.25,5.25,0,-50244.19488
3.25,4.75,0,47208.01756
3.25,4.25,0,9254.03499
3.25,3.75,0,4055.031264
3.25,3.25,0,48388.67146
3.25,2.75,0,-2600.188533
3.25,2.25,0,-86095.55777
3.25,1.75,0,-42981.54282
3.25,1.25,0,-45835.37751
3.25,0.75,0,-146089.7305
3.25,0.25,0,-383291.9813
3.25,-0.25,0,-851182.8028
3.25,-0.75,0,-1399185.056
3.25,-1.25,0,-2317193.954
3.25,-1.75,0,-3128293.004
3.25,-2.25,0,-3809119.572
3.25,-2.75,0,-4585164.785
3.25,-3.25,0,-5634382.988
3.25,-3.75,0,-6753012.327
3.25,-4.25,0,-8739957.182
3.25,-4.75,0,-1.09E+07
3.25,-5.25,0,-1.72E+07
3.25,-5.75,0,-1.79E+07
3.25,-6.25,0,-1.78E+07
3.25,-6.75,0,-1.55E+07
3.25,-7.25,0,-7602560.807
3.25,-7.75,0,-3539285.319
3.25,-8.25,0,-1570682.459
3.25,-8.75,0,-731535.213
3.25,-9.25,0,-318655.34
3.25,-9.75,0,-209005.298
3.25,-10.25,0,-93440.38909
3.25,-10.75,0,-16358.663
3.25,-11.25,0,-1794.202521
3.25,-11.75,0,-101505.7091
3.25,-12.25,0,-7119.100587
3.25,-12.75,0,-38969.06451
3.25,-13.25,0,-4719.046413
3.25,-13.75,0,-20780.59525
3.25,-14.25,0,-53461.8433
3.25,-14.75,0,-72352.1216
3.75,14.75,0,31203.58009
3.75,14.25,0,31727.64472
3.75,13.75,0,-27266.30194
3.75,13.25,0,-50504.17561
3.75,12.75,0,-15830.76922
3.75,12.25,0,39579.19665
3.75,11.75,0,13327.64398
3.75,11.25,0,15268.73953
3.75,10.75,0,-17064.90372
3.75,10.25,0,-29549.39991
3.75,9.75,0,80292.64159
3.75,9.25,0,-4008.314463
3.75,8.75,0,-1212.145316
3.75,8.25,0,-10483.412
3.75,7.75,0,2804.674378
3.75,7.25,0,-12217.10039
3.75,6.75,0,-40208.64262
3.75,6.25,0,19179.60477
3.75,5.75,0,55730.99584
3.75,5.25,0,7156.49185
3.75,4.75,0,-28939.12823
3.75,4.25,0,1535.917098
3.75,3.75,0,37761.65567
3.75,3.25,0,64992.62374
3.75,2.75,0,-63161.69854
3.75,2.25,0,-15467.26602
3.75,1.75,0,-61051.42355
3.75,1.25,0,-77830.74242
3.75,0.75,0,-214095.4247
3.75,0.25,0,-517595.4103
3.75,-0.25,0,-1172820.328
3.75,-0.75,0,-2502615.368
3.75,-1.25,0,-4738574.193
3.75,-1.75,0,-6168602.554
3.75,-2.25,0,-6860075.764
3.75,-2.75,0,-7445686.507
3.75,-3.25,0,-7922660.194
3.75,-3.75,0,-8493046.544
3.75,-4.25,0,-9300734.16
3.75,-4.75,0,-1.05E+07
3.75,-5.25,0,-1.22E+07
3.75,-5.75,0,-1.42E+07
3.75,-6.25,0,-1.98E+07
3.75,-6.75,0,-1.94E+07
3.75,-7.25,0,-1.50E+07
3.75,-7.75,0,-5214397.115
3.75,-8.25,0,-2003700.865
3.75,-8.75,0,-885038.1467
3.75,-9.25,0,-415594.3477
3.75,-9.75,0,-177315.4366
3.75,-10.25,0,-125336.2083
3.75,-10.75,0,-42411.68613
3.75,-11.25,0,-116474.9079
3.75,-11.75,0,-204.9838346
3.75,-12.25,0,-74655.24644
3.75,-12.75,0,-33769.31974
3.75,-13.25,0,-59662.50781
3.75,-13.75,0,-17417.7443
3.75,-14.25,0,-113358.5221
3.75,-14.75,0,-133898.3256
4.25,14.75,0,70158.82186
4.25,14.25,0,-34285.98599
4.25,13.75,0,-25414.65889
4.25,13.25,0,3124.955178
4.25,12.75,0,-30527.85949
4.25,12.25,0,5821.992022
4.25,11.75,0,45507.36194
4.25,11.25,0,2691.308329
4.25,10.75,0,66718.49001
4.25,10.25,0,-55994.61052
4.25,9.75,0,-10976.57648
4.25,9.25,0,-33744.25219
4.25,8.75,0,14271.34834
4.25,8.25,0,-48706.07236
4.25,7.75,0,-67937.00614
4.25,7.25,0,-15150.72188
4.25,6.75,0,-70073.72794
4.25,6.25,0,-34657.20987
4.25,5.75,0,-21137.36595
4.25,5.25,0,-64616.42406
4.25,4.75,0,21519.83302
4.25,4.25,0,11105.97768
4.25,3.75,0,-25901.24353
4.25,3.25,0,-57626.55928
4.25,2.75,0,-19332.48614
4.25,2.25,0,-26374.86209
4.25,1.75,0,-128791.5253
4.25,1.25,0,-53030.13307
4.25,0.75,0,-224059.2069
4.25,0.25,0,-640859.6277
4.25,-0.25,0,-1362720.943
4.25,-0.75,0,-4022974.541
4.25,-1.25,0,-1.27E+07
4.25,-1.75,0,-1.52E+07
4.25,-2.25,0,-1.62E+07
4.25,-2.75,0,-1.66E+07
4.25,-3.25,0,-1.69E+07
4.25,-3.75,0,-1.72E+07
4.25,-4.25,0,-1.76E+07
4.25,-4.75,0,-1.82E+07
4.25,-5.25,0,-1.88E+07
4.25,-5.75,0,-1.96E+07
4.25,-6.25,0,-2.06E+07
4.25,-6.75,0,-2.01E+07
4.25,-7.25,0,-1.63E+07
4.25,-7.75,0,-5946577.552
4.25,-8.25,0,-2222563.373
4.25,-8.75,0,-954582.9802
4.25,-9.25,0,-493214.0419
4.25,-9.75,0,-207853.2403
4.25,-10.25,0,-128478.6315
4.25,-10.75,0,-141881.2705
4.25,-11.25,0,11195.51614
4.25,-11.75,0,-121273.6891
4.25,-12.25,0,-61190.91698
4.25,-12.75,0,-92611.05668
4.25,-13.25,0,-149725.3639
4.25,-13.75,0,-7995.286946
4.25,-14.25,0,-132140.6562
4.25,-14.75,0,-123213.6922
4.75,14.75,0,80723.90065
4.75,14.25,0,27969.2932
4.75,13.75,0,15777.08135
4.75,13.25,0,-4954.06699
4.75,12.75,0,9777.259716
4.75,12.25,0,73172.22322
4.75,11.75,0,-17744.82195
4.75,11.25,0,-8527.663783
4.75,10.75,0,-17584.72623
4.75,10.25,0,-15908.1612
4.75,9.75,0,-6652.800904
4.75,9.25,0,23924.5527
4.75,8.75,0,3423.656189
4.75,8.25,0,-29373.73062
4.75,7.75,0,63848.39134
4.75,7.25,0,-33576.40806
4.75,6.75,0,-12749.57549
4.75,6.25,0,3099.066468
4.75,5.75,0,-65025.88529
4.75,5.25,0,-39096.3876
4.75,4.75,0,-50269.49675
4.75,4.25,0,-103628.1217
4.75,3.75,0,80836.95712
4.75,3.25,0,-31808.1706
4.75,2.75,0,24299.98818
4.75,2.25,0,-18007.30779
4.75,1.75,0,-81055.75916
4.75,1.25,0,-100444.6308
4.75,0.75,0,-216153.7506
4.75,0.25,0,-604195.8205
4.75,-0.25,0,-1354874.427
4.75,-0.75,0,-3992687.95
4.75,-1.25,0,-1.25E+07
4.75,-1.75,0,-1.50E+07
4.75,-2.25,0,-1.58E+07
4.75,-2.75,0,-1.63E+07
4.75,-3.25,0,-1.67E+07
4.75,-3.75,0,-1.67E+07
4.75,-4.25,0,-1.69E+07
4.75,-4.75,0,-1.71E+07
4.75,-5.25,0,-1.76E+07
4.75,-5.75,0,-1.77E+07
4.75,-6.25,0,-1.75E+07
4.75,-6.75,0,-1.69E+07
4.75,-7.25,0,-1.38E+07
4.75,-7.75,0,-5056762.529
4.75,-8.25,0,-2057011.797
4.75,-8.75,0,-934000.501
4.75,-9.25,0,-554848.6548
4.75,-9.75,0,-390073.3737
4.75,-10.25,0,-293554.9588
4.75,-10.75,0,-221815.2623
4.75,-11.25,0,-251557.7294
4.75,-11.75,0,-219291.0058
4.75,-12.25,0,-304431.0515
4.75,-12.75,0,-221874.6832
4.75,-13.25,0,-215265.2799
4.75,-13.75,0,-181770.5926
4.75,-14.25,0,-181701.727
4.75,-14.75,0,-198810.0081
5.25,14.75,0,-12946.10272
5.25,14.25,0,28291.42123
5.25,13.75,0,56826.57176
5.25,13.25,0,-58699.63732
5.25,12.75,0,68006.66359
5.25,12.25,0,49702.38646
5.25,11.75,0,3677.683782
5.25,11.25,0,61079.18275
5.25,10.75,0,9472.2071
5.25,10.25,0,-39411.32012
5.25,9.75,0,43583.37315
5.25,9.25,0,86263.12318
5.25,8.75,0,-29907.64538
5.25,8.25,0,-38685.57979
5.25,7.75,0,43990.23082
5.25,7.25,0,-918.329678
5.25,6.75,0,-52692.80495
5.25,6.25,0,47756.90342
5.25,5.75,0,-5994.894724
5.25,5.25,0,-30836.7262
5.25,4.75,0,-22741.04491
5.25,4.25,0,-19848.78207
5.25,3.75,0,34811.62408
5.25,3.25,0,-47846.66605
5.25,2.75,0,10995.76881
5.25,2.25,0,22617.76858
5.25,1.75,0,-69790.50422
5.25,1.25,0,-70454.54796
5.25,0.75,0,-254838.9387
5.25,0.25,0,-412832.7113
5.25,-0.25,0,-1055895.515
5.25,-0.75,0,-2302327.508
5.25,-1.25,0,-4492307.114
5.25,-1.75,0,-5826288.756
5.25,-2.25,0,-6437209.058
5.25,-2.75,0,-6608519.492
5.25,-3.25,0,-6812055.434
5.25,-3.75,0,-6823121.075
5.25,-4.25,0,-7075290.42
5.25,-4.75,0,-7197975.921
5.25,-5.25,0,-7132804.461
5.25,-5.75,0,-7335449.016
5.25,-6.25,0,-7145945.273
5.25,-6.75,0,-6712794.339
5.25,-7.25,0,-5361091.271
5.25,-7.75,0,-2980881.221
5.25,-8.25,0,-1619328.872
5.25,-8.75,0,-1013886.863
5.25,-9.25,0,-755720.4036
5.25,-9.75,0,-622007.1259
5.25,-10.25,0,-563107.0985
5.25,-10.75,0,-572886.1179
5.25,-11.25,0,-505074.4964
5.25,-11.75,0,-551462.8983
5.25,-12.25,0,-551126.3236
5.25,-12.75,0,-427848.349
5.25,-13.25,0,-368088.3807
5.25,-13.75,0,-307752.3962
5.25,-14.25,0,-207667.091
5.25,-14.75,0,-234071.1094
5.75,14.75,0,77574.90776
5.75,14.25,0,11188.10059
5.75,13.75,0,36337.64964
5.75,13.25,0,-22277.82469
5.75,12.75,0,-8666.792927
5.75,12.25,0,-67409.79593
5.75,11.75,0,2752.562369
5.75,11.25,0,35841.4255
5.75,10.75,0,-40872.7759
5.75,10.25,0,-8589.639199
5.75,9.75,0,-27972.31471
5.75,9.25,0,-31231.27655
5.75,8.75,0,34869.42919
5.75,8.25,0,2602.327745
5.75,7.75,0,28578.74435
5.75,7.25,0,15331.31554
5.75,6.75,0,36152.50703
5.75,6.25,0,-87228.0953
5.75,5.75,0,-39534.66166
5.75,5.25,0,-6743.925729
5.75,4.75,0,13207.48662
5.75,4.25,0,43843.10755
5.75,3.75,0,-25895.31195
5.75,3.25,0,-25993.51851
5.75,2.75,0,-16841.98958
5.75,2.25,0,13999.39713
5.75,1.75,0,-24272.12966
5.75,1.25,0,-19043.84856
5.75,0.75,0,-166544.4291
5.75,0.25,0,-274510.6658
5.75,-0.25,0,-580323.2086
5.75,-0.75,0,-1172571.336
5.75,-1.25,0,-1728437.166
5.75,-1.75,0,-2194387.383
5.75,-2.25,0,-2625063.003
5.75,-2.75,0,-2766038.559
5.75,-3.25,0,-2892703.808
5.75,-3.75,0,-2851863.315
5.75,-4.25,0,-2971527.952
5.75,-4.75,0,-2989665.045
5.75,-5.25,0,-3156144.269
5.75,-5.75,0,-3222784.527
5.75,-6.25,0,-3081840.399
5.75,-6.75,0,-2930916.04
5.75,-7.25,0,-2594496.293
5.75,-7.75,0,-2041596.907
5.75,-8.25,0,-1656429.268
5.75,-8.75,0,-1408282.693
5.75,-9.25,0,-1325781.555
5.75,-9.75,0,-1224053.845
5.75,-10.25,0,-1232826.799
5.75,-10.75,0,-1206916.285
5.75,-11.25,0,-1176575.829
5.75,-11.75,0,-1116868.183
5.75,-12.25,0,-1008278.379
5.75,-12.75,0,-951619.8496
5.75,-13.25,0,-808278.6222
5.75,-13.75,0,-642134.0256
5.75,-14.25,0,-475936.9615
5.75,-14.75,0,-437999.3985
6.25,14.75,0,7611.457708
6.25,14.25,0,-14257.26461
6.25,13.75,0,24208.14576
6.25,13.25,0,-64524.56198
6.25,12.75,0,1851.10084
6.25,12.25,0,36553.5295
6.25,11.75,0,-8757.410497
6.25,11.25,0,22310.02446
6.25,10.75,0,6673.190546
6.25,10.25,0,22609.35605
6.25,9.75,0,-19063.2252
6.25,9.25,0,64575.14995
6.25,8.75,0,15325.58616
6.25,8.25,0,5449.480843
6.25,7.75,0,-46001.05373
6.25,7.25,0,-7464.105547
6.25,6.75,0,-55860.08598
6.25,6.25,0,-11165.91639
6.25,5.75,0,-47528.49856
6.25,5.25,0,-2557.838953
6.25,4.75,0,5688.117064
6.25,4.25,0,-19147.56625
6.25,3.75,0,62161.8383
6.25,3.25,0,50853.65837
6.25,2.75,0,50242.39726
6.25,2.25,0,13379.29571
6.25,1.75,0,9981.908125
6.25,1.25,0,-67761.8182
6.25,0.75,0,-81681.63641
6.25,0.25,0,-213422.1973
6.25,-0.25,0,-305751.4393
6.25,-0.75,0,-479372.7378
6.25,-1.25,0,-809981.212
6.25,-1.75,0,-988233.2253
6.25,-2.25,0,-1181096.343
6.25,-2.75,0,-1194298.825
6.25,-3.25,0,-1234538.494
6.25,-3.75,0,-1275586.779
6.25,-4.25,0,-1402998.058
6.25,-4.75,0,-1445977.473
6.25,-5.25,0,-1506612.204
6.25,-5.75,0,-1628249.472
6.25,-6.25,0,-1799850.049
6.25,-6.75,0,-2094770.308
6.25,-7.25,0,-2186270.477
6.25,-7.75,0,-2431333.985
6.25,-8.25,0,-2521131.243
6.25,-8.75,0,-2582614.61
6.25,-9.25,0,-2708075.776
6.25,-9.75,0,-2606612.973
6.25,-10.25,0,-2557439.905
6.25,-10.75,0,-2522782.034
6.25,-11.25,0,-2578800.572
6.25,-11.75,0,-2483884.355
6.25,-12.25,0,-2385698.827
6.25,-12.75,0,-2155450.983
6.25,-13.25,0,-1772716.845
6.25,-13.75,0,-1447332.502
6.25,-14.25,0,-934396.0713
6.25,-14.75,0,-769582.377
6.75,14.75,0,-26113.11255
6.75,14.25,0,-29037.9359
6.75,13.75,0,5604.423607
6.75,13.25,0,5816.052323
6.75,12.75,0,16097.49566
6.75,12.25,0,32054.43283
6.75,11.75,0,14017.37883
6.75,11.25,0,-39563.05625
6.75,10.75,0,-26656.05861
6.75,10.25,0,-29316.71595
6.75,9.75,0,-22811.12474
6.75,9.25,0,13723.4971
6.75,8.75,0,13165.1524
6.75,8.25,0,-8791.10624
6.75,7.75,0,-38592.74969
6.75,7.25,0,-12591.96709
6.75,6.75,0,23062.70301
6.75,6.25,0,-5021.280495
6.75,5.75,0,55619.85647
6.75,5.25,0,-31689.2922
6.75,4.75,0,11216.71188
6.75,4.25,0,44162.65232
6.75,3.75,0,-33931.35001
6.75,3.25,0,-3641.716218
6.75,2.75,0,-50031.65633
6.75,2.25,0,-42444.50293
6.75,1.75,0,-69071.57802
6.75,1.25,0,-62350.77086
6.75,0.75,0,-36321.45695
6.75,0.25,0,-101898.4514
6.75,-0.25,0,-133394.1369
6.75,-0.75,0,-205611.1708
6.75,-1.25,0,-329449.5991
6.75,-1.75,0,-402410.5918
6.75,-2.25,0,-473007.5629
6.75,-2.75,0,-461003.1546
6.75,-3.25,0,-555352.2497
6.75,-3.75,0,-676396.9935
6.75,-4.25,0,-651231.0315
6.75,-4.75,0,-717420.2987
6.75,-5.25,0,-840727.0648
6.75,-5.75,0,-1092825.321
6.75,-6.25,0,-1602748.973
6.75,-6.75,0,-2309870.548
6.75,-7.25,0,-3383677.364
6.75,-7.75,0,-4470600.889
6.75,-8.25,0,-5131606.125
6.75,-8.75,0,-5619475.606
6.75,-9.25,0,-5607414.058
6.75,-9.75,0,-5637586.308
6.75,-10.25,0,-5741096.682
6.75,-10.75,0,-5711921.079
6.75,-11.25,0,-5730858.901
6.75,-11.75,0,-5673010.744
6.75,-12.25,0,-5454639.754
6.75,-12.75,0,-4961624.256
6.75,-13.25,0,-4193307.296
6.75,-13.75,0,-3004112.859
6.75,-14.25,0,-2027120.228
6.75,-14.75,0,-1357717.561
7.25,14.75,0,-43491.24573
7.25,14.25,0,-53320.8457
7.25,13.75,0,-35445.89278
7.25,13.25,0,-34315.97102
7.25,12.75,0,-16876.27654
7.25,12.25,0,-63408.39651
7.25,11.75,0,-19540.84333
7.25,11.25,0,-29921.25225
7.25,10.75,0,-30658.67821
7.25,10.25,0,-12237.50669
7.25,9.75,0,45275.97753
7.25,9.25,0,-184.3916754
7.25,8.75,0,16267.84457
7.25,8.25,0,61259.40159
7.25,7.75,0,26450.56959
7.25,7.25,0,4997.197073
7.25,6.75,0,41956.01411
7.25,6.25,0,86145.44213
7.25,5.75,0,-19998.10272
7.25,5.25,0,32726.83725
7.25,4.75,0,-31561.11618
7.25,4.25,0,-48471.27315
7.25,3.75,0,-26661.31187
7.25,3.25,0,-3859.189468
7.25,2.75,0,-77857.3745
7.25,2.25,0,-65898.57778
7.25,1.75,0,-10279.77004
7.25,1.25,0,7902.353683
7.25,0.75,0,2485.580491
7.25,0.25,0,-30923.58487
7.25,-0.25,0,-84069.66177
7.25,-0.75,0,-94083.17191
7.25,-1.25,0,-59029.04093
7.25,-1.75,0,-117784.6847
7.25,-2.25,0,-228202.1549
7.25,-2.75,0,-195887.7892
7.25,-3.25,0,-300373.3378
7.25,-3.75,0,-296530.2338
7.25,-4.25,0,-358640.8958
7.25,-4.75,0,-443647.4304
7.25,-5.25,0,-749796.3908
7.25,-5.75,0,-1129480.908
7.25,-6.25,0,-2046403.689
7.25,-6.75,0,-3799808.667
7.25,-7.25,0,-6703052.1
7.25,-7.75,0,-1.07E+07
7.25,-8.25,0,-1.28E+07
7.25,-8.75,0,-1.36E+07
7.25,-9.25,0,-1.36E+07
7.25,-9.75,0,-1.36E+07
7.25,-10.25,0,-1.37E+07
7.25,-10.75,0,-1.35E+07
7.25,-11.25,0,-1.36E+07
7.25,-11.75,0,-1.35E+07
7.25,-12.25,0,-1.35E+07
7.25,-12.75,0,-1.34E+07
7.25,-13.25,0,-1.10E+07
7.25,-13.75,0,-6733383.014
7.25,-14.25,0,-3761095.691
7.25,-14.75,0,-2134366.187
7.75,14.75,0,39976.41789
7.75,14.25,0,-11541.09601
7.75,13.75,0,11309.56717
7.75,13.25,0,20149.6009
7.75,12.75,0,-94905.2034
7.75,12.25,0,-23636.23399
7.75,11.75,0,-15239.67649
7.75,11.25,0,-44212.17291
7.75,10.75,0,-86244.47374
7.75,10.25,0,32460.61994
7.75,9.75,0,-23713.29322
7.75,9.25,0,45289.91521
7.75,8.75,0,-37023.56405
7.75,8.25,0,36826.13995
7.75,7.75,0,27178.66474
7.75,7.25,0,21631.17847
7.75,6.75,0,-40109.27845
7.75,6.25,0,-6897.968226
7.75,5.75,0,-18174.95012
7.75,5.25,0,-37124.93473
7.75,4.75,0,-17272.70461
7.75,4.25,0,-62798.68612
7.75,3.75,0,-6407.544529
7.75,3.25,0,-8286.476159
7.75,2.75,0,-33416.84611
7.75,2.25,0,22118.04773
7.75,1.75,0,-45211.36276
7.75,1.25,0,-18092.43823
7.75,0.75,0,5564.421578
7.75,0.25,0,-15957.29178
7.75,-0.25,0,-129791.6792
7.75,-0.75,0,-83032.83041
7.75,-1.25,0,-86119.45443
7.75,-1.75,0,-109404.4629
7.75,-2.25,0,-156297.2034
7.75,-2.75,0,-122177.0625
7.75,-3.25,0,-148045.9255
7.75,-3.75,0,-127323.3608
7.75,-4.25,0,-245595.277
7.75,-4.75,0,-376253.2935
7.75,-5.25,0,-739288.0683
7.75,-5.75,0,-1533019.213
7.75,-6.25,0,-3184714.281
7.75,-6.75,0,-6653139.908
7.75,-7.25,0,-1.40E+07
7.75,-7.75,0,-2.94E+07
7.75,-8.25,0,-3.25E+07
7.75,-8.75,0,-3.32E+07
7.75,-9.25,0,-3.30E+07
7.75,-9.75,0,-3.30E+07
7.75,-10.25,0,-3.29E+07
7.75,-10.75,0,-3.30E+07
7.75,-11.25,0,-3.30E+07
7.75,-11.75,0,-3.28E+07
7.75,-12.25,0,-3.30E+07
7.75,-12.75,0,-3.28E+07
7.75,-13.25,0,-2.91E+07
7.75,-13.75,0,-1.42E+07
7.75,-14.25,0,-6867126.291
7.75,-14.75,0,-3415478.84
8.25,14.75,0,-47368.1987
8.25,14.25,0,5612.363147
8.25,13.75,0,-14882.19258
8.25,13.25,0,-51851.68206
8.25,12.75,0,-17977.9369
8.25,12.25,0,-62822.48381
8.25,11.75,0,26403.16495
8.25,11.25,0,75116.36291
8.25,10.75,0,28608.41633
8.25,10.25,0,-12483.2427
8.25,9.75,0,52534.67468
8.25,9.25,0,11245.30779
8.25,8.75,0,-85735.83361
8.25,8.25,0,-5588.145152
8.25,7.75,0,3040.19653
8.25,7.25,0,21721.27513
8.25,6.75,0,-6350.058645
8.25,6.25,0,45342.6973
8.25,5.75,0,-51338.24758
8.25,5.25,0,94991.68215
8.25,4.75,0,52192.8291
8.25,4.25,0,-9640.69069
8.25,3.75,0,10917.67205
8.25,3.25,0,-34127.54629
8.25,2.75,0,-36743.64146
8.25,2.25,0,1485.412583
8.25,1.75,0,35452.65785
8.25,1.25,0,31204.07855
8.25,0.75,0,74773.22096
8.25,0.25,0,-24561.43456
8.25,-0.25,0,-26405.68144
8.25,-0.75,0,-130520.7657
8.25,-1.25,0,-44856.38016
8.25,-1.75,0,-35598.04416
8.25,-2.25,0,-49115.01224
8.25,-2.75,0,-88082.72393
8.25,-3.25,0,-133685.1331
8.25,-3.75,0,-141932.5381
8.25,-4.25,0,-129701.7287
8.25,-4.75,0,-449402.7626
8.25,-5.25,0,-857825.1508
8.25,-5.75,0,-1928228.529
8.25,-6.25,0,-4220184.084
8.25,-6.75,0,-1.07E+07
8.25,-7.25,0,-2.93E+07
8.25,-7.75,0,-3.63E+07
8.25,-8.25,0,-3.55E+07
8.25,-8.75,0,-3.41E+07
8.25,-9.25,0,-3.34E+07
8.25,-9.75,0,-3.32E+07
8.25,-10.25,0,-3.27E+07
8.25,-10.75,0,-3.32E+07
8.25,-11.25,0,-3.33E+07
8.25,-11.75,0,-3.37E+07
8.25,-12.25,0,-3.43E+07
8.25,-12.75,0,-3.55E+07
8.25,-13.25,0,-3.61E+07
8.25,-13.75,0,-2.93E+07
8.25,-14.25,0,-1.13E+07
8.25,-14.75,0,-4629655.992
8.75,14.75,0,-23340.45374
8.75,14.25,0,12098.64092
8.75,13.75,0,-7542.519269
8.75,13.25,0,11070.80691
8.75,12.75,0,16529.71414
8.75,12.25,0,-19280.98588
8.75,11.75,0,-82053.88619
8.75,11.25,0,39470.00472
8.75,10.75,0,-21549.53876
8.75,10.25,0,11007.21216
8.75,9.75,0,37462.80383
8.75,9.25,0,-41820.53926
8.75,8.75,0,48535.1044
8.75,8.25,0,28636.49739
8.75,7.75,0,4727.938943
8.75,7.25,0,-13863.74961
8.75,6.75,0,46563.36783
8.75,6.25,0,17219.54991
8.75,5.75,0,20559.35291
8.75,5.25,0,104028.4577
8.75,4.75,0,21395.23083
8.75,4.25,0,45390.18115
8.75,3.75,0,-2088.062858
8.75,3.25,0,69389.38517
8.75,2.75,0,-4130.611178
8.75,2.25,0,-39262.36546
8.75,1.75,0,-2064.913053
8.75,1.25,0,-68701.74649
8.75,0.75,0,44755.52799
8.75,0.25,0,-51643.08385
8.75,-0.25,0,2310.681567
8.75,-0.75,0,23493.61144
8.75,-1.25,0,2933.371852
8.75,-1.75,0,-6123.025752
8.75,-2.25,0,-60469.5154
8.75,-2.75,0,-40556.16178
8.75,-3.25,0,-24157.69925
8.75,-3.75,0,-136948.3488
8.75,-4.25,0,-258903.9095
8.75,-4.75,0,-474580.2332
8.75,-5.25,0,-948655.6183
8.75,-5.75,0,-2219617.612
8.75,-6.25,0,-5064608.925
8.75,-6.75,0,-1.29E+07
8.75,-7.25,0,-3.25E+07
8.75,-7.75,0,-3.55E+07
8.75,-8.25,0,-2.17E+07
8.75,-8.75,0,-1.68E+07
8.75,-9.25,0,-1.51E+07
8.75,-9.75,0,-1.48E+07
8.75,-10.25,0,-1.44E+07
8.75,-10.75,0,-1.45E+07
8.75,-11.25,0,-1.48E+07
8.75,-11.75,0,-1.52E+07
8.75,-12.25,0,-1.68E+07
8.75,-12.75,0,-2.12E+07
8.75,-13.25,0,-3.56E+07
8.75,-13.75,0,-3.29E+07
8.75,-14.25,0,-1.32E+07
8.75,-14.75,0,-5606981.869
9.25,14.75,0,89873.93307
9.25,14.25,0,-4897.774506
9.25,13.75,0,-17022.97456
9.25,13.25,0,21429.48593
9.25,12.75,0,-50168.24805
9.25,12.25,0,-15831.89265
9.25,11.75,0,-20835.95033
9.25,11.25,0,52810.97303
9.25,10.75,0,27317.20051
9.25,10.25,0,23477.72954
9.25,9.75,0,35540.4129
9.25,9.25,0,34750.55961
9.25,8.75,0,1.26E+03
9.25,8.25,0,-54705.20198
9.25,7.75,0,-64944.48981
9.25,7.25,0,1458.817303
9.25,6.75,0,64270.05632
9.25,6.25,0,32104.43862
9.25,5.75,0,40472.58606
9.25,5.25,0,69296.82081
9.25,4.75,0,-18765.83314
9.25,4.25,0,-24523.53971
9.25,3.75,0,42496.42856
9.25,3.25,0,-27847.25684
9.25,2.75,0,84745.47201
9.25,2.25,0,33961.43516
9.25,1.75,0,-25309.81558
9.25,1.25,0,-15667.32156
9.25,0.75,0,18228.82841
9.25,0.25,0,24638.21612
9.25,-0.25,0,40950.61625
9.25,-0.75,0,7278.322736
9.25,-1.25,0,-47251.66975
9.25,-1.75,0,-7720.47302
9.25,-2.25,0,-76265.7238
9.25,-2.75,0,-5549.666376
9.25,-3.25,0,-29087.14486
9.25,-3.75,0,-96089.00387
9.25,-4.25,0,-252209.7787
9.25,-4.75,0,-429851.2533
9.25,-5.25,0,-1022682.555
9.25,-5.75,0,-2420949.436
9.25,-6.25,0,-5531784.303
9.25,-6.75,0,-1.34E+07
9.25,-7.25,0,-3.32E+07
9.25,-7.75,0,-3.43E+07
9.25,-8.25,0,-1.65E+07
9.25,-8.75,0,-1.01E+07
9.25,-9.25,0,-7953954.898
9.25,-9.75,0,-7169448.623
9.25,-10.25,0,-7121560.09
9.25,-10.75,0,-7353081.875
9.25,-11.25,0,-7744339.754
9.25,-11.75,0,-8391333.926
9.25,-12.25,0,-1.05E+07
9.25,-12.75,0,-1.68E+07
9.25,-13.25,0,-3.46E+07
9.25,-13.75,0,-3.34E+07
9.25,-14.25,0,-1.36E+07
9.25,-14.75,0,-6072812.287
9.75,14.75,0,27657.2077
9.75,14.25,0,689.8764852
9.75,13.75,0,17363.84991
9.75,13.25,0,-61120.91678
9.75,12.75,0,9784.106074
9.75,12.25,0,29548.18413
9.75,11.75,0,-192.7586784
9.75,11.25,0,-13884.47435
9.75,10.75,0,1006.716827
9.75,10.25,0,-80720.88837
9.75,9.75,0,47983.3615
9.75,9.25,0,13219.60416
9.75,8.75,0,21273.16953
9.75,8.25,0,25295.36771
9.75,7.75,0,11080.85635
9.75,7.25,0,54800.46645
9.75,6.75,0,-43234.18066
9.75,6.25,0,-2888.349264
9.75,5.75,0,41883.03625
9.75,5.25,0,-570.0098018
9.75,4.75,0,24826.68577
9.75,4.25,0,-62613.22382
9.75,3.75,0,13428.32571
9.75,3.25,0,41777.81181
9.75,2.75,0,-86695.56081
9.75,2.25,0,-9346.867833
9.75,1.75,0,-48819.12406
9.75,1.25,0,-40442.5669
9.75,0.75,0,21924.21585
9.75,0.25,0,40662.00356
9.75,-0.25,0,-10225.17841
9.75,-0.75,0,-23146.82528
9.75,-1.25,0,65047.38968
9.75,-1.75,0,-10547.98152
9.75,-2.25,0,2405.077625
9.75,-2.75,0,-36575.39643
9.75,-3.25,0,-27472.39088
9.75,-3.75,0,-147930.0087
9.75,-4.25,0,-219463.3233
9.75,-4.75,0,-524473.8158
9.75,-5.25,0,-1111952.878
9.75,-5.75,0,-2448887.04
9.75,-6.25,0,-5541440.732
9.75,-6.75,0,-1.36E+07
9.75,-7.25,0,-3.32E+07
9.75,-7.75,0,-3.37E+07
9.75,-8.25,0,-1.55E+07
9.75,-8.75,0,-8067485.466
9.75,-9.25,0,-5725116.284
9.75,-9.75,0,-5108698.784
9.75,-10.25,0,-5398709.588
9.75,-10.75,0,-6142057.665
9.75,-11.25,0,-6689611.253
9.75,-11.75,0,-7110721.088
9.75,-12.25,0,-9040701.943
9.75,-12.75,0,-1.57E+07
9.75,-13.25,0,-3.41E+07
9.75,-13.75,0,-3.34E+07
9.75,-14.25,0,-1.38E+07
9.75,-14.75,0,-6206795.252
10.25,14.75,0,-29763.91424
10.25,14.25,0,15852.04526
10.25,13.75,0,-42730.1973
10.25,13.25,0,32153.48354
10.25,12.75,0,-8134.308013
10.25,12.25,0,27878.67376
10.25,11.75,0,-38358.62066
10.25,11.25,0,30221.01949
10.25,10.75,0,-10669.22646
10.25,10.25,0,-2804.806809
10.25,9.75,0,-10498.34637
10.25,9.25,0,25934.5443
10.25,8.75,0,69651.43457
10.25,8.25,0,34621.70735
10.25,7.75,0,1136.454499
10.25,7.25,0,-28886.07958
10.25,6.75,0,3245.188115
10.25,6.25,0,-38548.26665
10.25,5.75,0,-3379.374324
10.25,5.25,0,36392.8853
10.25,4.75,0,-3390.813679
10.25,4.25,0,46068.85338
10.25,3.75,0,-19276.38814
10.25,3.25,0,16857.63274
10.25,2.75,0,12671.4768
10.25,2.25,0,-54229.64918
10.25,1.75,0,-20375.97105
10.25,1.25,0,38494.47569
10.25,0.75,0,-44470.56335
10.25,0.25,0,-6694.758949
10.25,-0.25,0,-38814.7885
10.25,-0.75,0,-39664.75462
10.25,-1.25,0,-38590.49898
10.25,-1.75,0,26517.23707
10.25,-2.25,0,-9884.957394
10.25,-2.75,0,-6349.50192
10.25,-3.25,0,-65753.10935
10.25,-3.75,0,-102807.077
10.25,-4.25,0,-184332.1513
10.25,-4.75,0,-537706.3567
10.25,-5.25,0,-1128718.904
10.25,-5.75,0,-2428367.157
10.25,-6.25,0,-5582850.376
10.25,-6.75,0,-1.36E+07
10.25,-7.25,0,-3.31E+07
10.25,-7.75,0,-3.37E+07
10.25,-8.25,0,-1.53E+07
10.25,-8.75,0,-7998126.655
10.25,-9.25,0,-5619365.657
10.25,-9.75,0,-5234139.468
10.25,-10.25,0,-6963541.836
10.25,-10.75,0,-1.03E+07
10.25,-11.25,0,-1.10E+07
10.25,-11.75,0,-9214968.01
10.25,-12.25,0,-9711367.979
10.25,-12.75,0,-1.59E+07
10.25,-13.25,0,-3.40E+07
10.25,-13.75,0,-3.33E+07
10.25,-14.25,0,-1.39E+07
10.25,-14.75,0,-6252830.032
10.75,14.75,0,60057.93684
10.75,14.25,0,-80968.66133
10.75,13.75,0,-10006.87591
10.75,13.25,0,29366.42207
10.75,12.75,0,593.2401336
10.75,12.25,0,1950.075133
10.75,11.75,0,-19623.66684
10.75,11.25,0,75942.65897
10.75,10.75,0,-17782.21081
10.75,10.25,0,26969.58557
10.75,9.75,0,46799.00535
10.75,9.25,0,-13128.96861
10.75,8.75,0,55969.69161
10.75,8.25,0,17149.00076
10.75,7.75,0,-57487.64882
10.75,7.25,0,-18212.17503
10.75,6.75,0,-5614.577221
10.75,6.25,0,24643.10537
10.75,5.75,0,27531.58514
10.75,5.25,0,26925.63933
10.75,4.75,0,-55917.73168
10.75,4.25,0,-58964.65671
10.75,3.75,0,51966.62616
10.75,3.25,0,31784.53464
10.75,2.75,0,15876.87355
10.75,2.25,0,59664.46016
10.75,1.75,0,71242.33796
10.75,1.25,0,-30023.97475
10.75,0.75,0,1333.926144
10.75,0.25,0,16210.3078
10.75,-0.25,0,3934.934762
10.75,-0.75,0,6615.35444
10.75,-1.25,0,5297.799667
10.75,-1.75,0,37691.66949
10.75,-2.25,0,-115044.7823
10.75,-2.75,0,-19145.39169
10.75,-3.25,0,-50990.4966
10.75,-3.75,0,-110853.641
10.75,-4.25,0,-200872.5977
10.75,-4.75,0,-444893.5612
10.75,-5.25,0,-1066822.152
10.75,-5.75,0,-2381385.466
10.75,-6.25,0,-5526019.22
10.75,-6.75,0,-1.36E+07
10.75,-7.25,0,-3.31E+07
10.75,-7.75,0,-3.42E+07
10.75,-8.25,0,-1.63E+07
10.75,-8.75,0,-9590972.705
10.75,-9.25,0,-7097074.637
10.75,-9.75,0,-6895329.978
10.75,-10.25,0,-1.11E+07
10.75,-10.75,0,-2.66E+07
10.75,-11.25,0,-2.82E+07
10.75,-11.75,0,-1.51E+07
10.75,-12.25,0,-1.21E+07
10.75,-12.75,0,-1.74E+07
10.75,-13.25,0,-3.48E+07
10.75,-13.75,0,-3.32E+07
10.75,-14.25,0,-1.38E+07
10.75,-14.75,0,-6036313.162
11.25,14.75,0,-25460.27299
11.25,14.25,0,47569.91132
11.25,13.75,0,2533.661484
11.25,13.25,0,-20334.63272
11.25,12.75,0,-17564.62861
11.25,12.25,0,70302.99312
11.25,11.75,0,19647.38724
11.25,11.25,0,16252.88629
11.25,10.75,0,13019.91153
11.25,10.25,0,17552.86428
11.25,9.75,0,18243.63727
11.25,9.25,0,242.2886015
11.25,8.75,0,66126.4294
11.25,8.25,0,-9256.528451
11.25,7.75,0,-32594.5
11.25,7.25,0,-15954.64569
11.25,6.75,0,45698.7919
11.25,6.25,0,30187.12813
11.25,5.75,0,45271.60208
11.25,5.25,0,-8285.72189
11.25,4.75,0,5818.325362
11.25,4.25,0,-70116.58962
11.25,3.75,0,36514.40768
11.25,3.25,0,-4180.801656
11.25,2.75,0,2126.958342
11.25,2.25,0,39104.83318
11.25,1.75,0,-10641.36706
11.25,1.25,0,16528.609
11.25,0.75,0,-27918.65138
11.25,0.25,0,-20844.02908
11.25,-0.25,0,20428.38631
11.25,-0.75,0,-9095.145856
11.25,-1.25,0,-62268.95134
11.25,-1.75,0,-24437.99807
11.25,-2.25,0,104663.9181
11.25,-2.75,0,2056.168489
11.25,-3.25,0,-29134.22133
11.25,-3.75,0,-99197.50702
11.25,-4.25,0,-257934.9484
11.25,-4.75,0,-416141.1339
11.25,-5.25,0,-1073148.626
11.25,-5.75,0,-2218181.946
11.25,-6.25,0,-5072969.175
11.25,-6.75,0,-1.28E+07
11.25,-7.25,0,-3.25E+07
11.25,-7.75,0,-3.51E+07
11.25,-8.25,0,-2.06E+07
11.25,-8.75,0,-1.54E+07
11.25,-9.25,0,-1.22E+07
11.25,-9.75,0,-1.00E+07
11.25,-10.25,0,-1.41E+07
11.25,-10.75,0,-3.23E+07
11.25,-11.25,0,-3.43E+07
11.25,-11.75,0,-2.11E+07
11.25,-12.25,0,-1.90E+07
11.25,-12.75,0,-2.20E+07
11.25,-13.25,0,-3.60E+07
11.25,-13.75,0,-3.29E+07
11.25,-14.25,0,-1.30E+07
11.25,-14.75,0,-5623101.828
11.75,14.75,0,17099.91856
11.75,14.25,0,-11547.32899
11.75,13.75,0,-4440.251614
11.75,13.25,0,-4961.580226
11.75,12.75,0,-4862.904827
11.75,12.25,0,-56201.5962
11.75,11.75,0,-688.3338199
11.75,11.25,0,-45990.78595
11.75,10.75,0,4941.589003
11.75,10.25,0,-45073.9028
11.75,9.75,0,52645.84024
11.75,9.25,0,31710.78367
11.75,8.75,0,-20843.99117
11.75,8.25,0,79758.85922
11.75,7.75,0,44007.99343
11.75,7.25,0,32957.82903
11.75,6.75,0,-80102.29654
11.75,6.25,0,-48923.80318
11.75,5.75,0,-27154.74434
11.75,5.25,0,-12683.83346
11.75,4.75,0,-50700.18818
11.75,4.25,0,25281.91134
11.75,3.75,0,-20229.03053
11.75,3.25,0,-6427.977017
11.75,2.75,0,-21240.65974
11.75,2.25,0,-3467.933655
11.75,1.75,0,52941.86594
11.75,1.25,0,-70827.18213
11.75,0.75,0,-37298.42707
11.75,0.25,0,-18431.51933
11.75,-0.25,0,21026.60412
11.75,-0.75,0,-40285.85204
11.75,-1.25,0,-21782.8917
11.75,-1.75,0,24050.77564
11.75,-2.25,0,-54167.38054
11.75,-2.75,0,25828.95891
11.75,-3.25,0,-19122.61871
11.75,-3.75,0,-49864.03929
11.75,-4.25,0,-160536.6026
11.75,-4.75,0,-395511.1688
11.75,-5.25,0,-867148.6224
11.75,-5.75,0,-1806776.639
11.75,-6.25,0,-4153634.982
11.75,-6.75,0,-1.10E+07
11.75,-7.25,0,-2.93E+07
11.75,-7.75,0,-3.55E+07
11.75,-8.25,0,-3.46E+07
11.75,-8.75,0,-3.21E+07
11.75,-9.25,0,-2.71E+07
11.75,-9.75,0,-1.28E+07
11.75,-10.25,0,-1.47E+07
11.75,-10.75,0,-3.29E+07
11.75,-11.25,0,-3.78E+07
11.75,-11.75,0,-3.62E+07
11.75,-12.25,0,-3.56E+07
11.75,-12.75,0,-3.62E+07
11.75,-13.25,0,-3.65E+07
11.75,-13.75,0,-2.96E+07
11.75,-14.25,0,-1.08E+07
11.75,-14.75,0,-4672721.897
12.25,14.75,0,-53304.03927
12.25,14.25,0,25451.97916
12.25,13.75,0,26293.96427
12.25,13.25,0,67850.95382
12.25,12.75,0,3389.065301
12.25,12.25,0,10199.66557
12.25,11.75,0,-60858.68416
12.25,11.25,0,-17788.70719
12.25,10.75,0,-57716.78325
12.25,10.25,0,-5731.595253
12.25,9.75,0,-30135.13569
12.25,9.25,0,-49789.22966
12.25,8.75,0,-197.411539
12.25,8.25,0,-32509.41438
12.25,7.75,0,48953.57302
12.25,7.25,0,86027.12383
12.25,6.75,0,5862.025985
12.25,6.25,0,10865.49959
12.25,5.75,0,-75708.93728
12.25,5.25,0,57807.21707
12.25,4.75,0,-24155.54025
12.25,4.25,0,15045.31435
12.25,3.75,0,-7841.705046
12.25,3.25,0,13202.6272
12.25,2.75,0,-3419.264812
12.25,2.25,0,4956.237679
12.25,1.75,0,-41222.14757
12.25,1.25,0,4992.288759
12.25,0.75,0,-57683.18383
12.25,0.25,0,-4445.781454
12.25,-0.25,0,6657.477137
12.25,-0.75,0,-11458.73373
12.25,-1.25,0,11256.23693
12.25,-1.75,0,31483.56088
12.25,-2.25,0,-67268.17334
12.25,-2.75,0,-68454.1042
12.25,-3.25,0,-50703.07993
12.25,-3.75,0,-41752.03791
12.25,-4.25,0,-114424.6063
12.25,-4.75,0,-294670.124
12.25,-5.25,0,-594341.4728
12.25,-5.75,0,-1269477.023
12.25,-6.25,0,-2990860.958
12.25,-6.75,0,-6590763.519
12.25,-7.25,0,-1.44E+07
12.25,-7.75,0,-2.90E+07
12.25,-8.25,0,-3.16E+07
12.25,-8.75,0,-3.09E+07
12.25,-9.25,0,-2.65E+07
12.25,-9.75,0,-1.18E+07
12.25,-10.25,0,-1.26E+07
12.25,-10.75,0,-2.83E+07
12.25,-11.25,0,-3.26E+07
12.25,-11.75,0,-3.37E+07
12.25,-12.25,0,-3.36E+07
12.25,-12.75,0,-3.30E+07
12.25,-13.25,0,-2.96E+07
12.25,-13.75,0,-1.41E+07
12.25,-14.25,0,-6746312.256
12.25,-14.75,0,-3457019.854
12.75,14.75,0,29787.65497
12.75,14.25,0,-18680.31672
12.75,13.75,0,15697.07881
12.75,13.25,0,-6892.603395
12.75,12.75,0,-16757.84728
12.75,12.25,0,17693.5633
12.75,11.75,0,11245.82656
12.75,11.25,0,-76275.88738
12.75,10.75,0,-13127.35315
12.75,10.25,0,-41709.7041
12.75,9.75,0,4282.365312
12.75,9.25,0,-27768.21705
12.75,8.75,0,-599.9346771
12.75,8.25,0,48375.73548
12.75,7.75,0,65685.6224
12.75,7.25,0,30781.0591
12.75,6.75,0,-61826.97885
12.75,6.25,0,56601.70291
12.75,5.75,0,41442.64348
12.75,5.25,0,9688.11681
12.75,4.75,0,93793.20089
12.75,4.25,0,-17934.44523
12.75,3.75,0,69166.93503
12.75,3.25,0,-42901.96126
12.75,2.75,0,-15512.94394
12.75,2.25,0,-45488.15154
12.75,1.75,0,21530.73562
12.75,1.25,0,13822.75991
12.75,0.75,0,-25444.66414
12.75,0.25,0,-54719.61492
12.75,-0.25,0,-104720.2809
12.75,-0.75,0,-37603.00074
12.75,-1.25,0,-56716.87579
12.75,-1.75,0,23128.61832
12.75,-2.25,0,36829.11127
12.75,-2.75,0,-87312.93915
12.75,-3.25,0,-88486.64661
12.75,-3.75,0,-63318.47121
12.75,-4.25,0,-59289.9278
12.75,-4.75,0,-154920.3195
12.75,-5.25,0,-373993.3017
12.75,-5.75,0,-909046.8619
12.75,-6.25,0,-1842234.86
12.75,-6.75,0,-3545238.679
12.75,-7.25,0,-6465270.725
12.75,-7.75,0,-1.05E+07
12.75,-8.25,0,-1.23E+07
12.75,-8.75,0,-1.19E+07
12.75,-9.25,0,-10000516.82
12.75,-9.75,0,-7110319.885
12.75,-10.25,0,-7351634.802
12.75,-10.75,0,-1.08E+07
12.75,-11.25,0,-1.28E+07
12.75,-11.75,0,-1.35E+07
12.75,-12.25,0,-1.34E+07
12.75,-12.75,0,-1.27E+07
12.75,-13.25,0,-1.07E+07
12.75,-13.75,0,-6644208.827
12.75,-14.25,0,-3852443.463
12.75,-14.75,0,-2246769.759
13.25,14.75,0,57903.44689
13.25,14.25,0,10648.02386
13.25,13.75,0,-13762.99917
13.25,13.25,0,8068.343944
13.25,12.75,0,15071.9135
13.25,12.25,0,16927.42952
13.25,11.75,0,-6992.560401
13.25,11.25,0,88215.35228
13.25,10.75,0,40822.77156
13.25,10.25,0,-95780.59717
13.25,9.75,0,-36851.18093
13.25,9.25,0,-1358.820362
13.25,8.75,0,19094.33216
13.25,8.25,0,-11130.94552
13.25,7.75,0,-1915.518772
13.25,7.25,0,-12711.76966
13.25,6.75,0,-51034.85891
13.25,6.25,0,82097.77944
13.25,5.75,0,-7785.735329
13.25,5.25,0,89591.34085
13.25,4.75,0,-34642.38361
13.25,4.25,0,-10206.75471
13.25,3.75,0,-50866.40703
13.25,3.25,0,-33380.41346
13.25,2.75,0,34498.54685
13.25,2.25,0,28811.98268
13.25,1.75,0,-34256.43718
13.25,1.25,0,5351.939844
13.25,0.75,0,-17562.4137
13.25,0.25,0,31343.42047
13.25,-0.25,0,-30503.98462
13.25,-0.75,0,59085.71726
13.25,-1.25,0,-61400.88141
13.25,-1.75,0,8817.866814
13.25,-2.25,0,-62746.97122
13.25,-2.75,0,-36208.4515
13.25,-3.25,0,-57774.04444
13.25,-3.75,0,26951.14955
13.25,-4.25,0,-73887.2652
13.25,-4.75,0,-124327.5606
13.25,-5.25,0,-331868.4543
13.25,-5.75,0,-577728.6794
13.25,-6.25,0,-1005996.898
13.25,-6.75,0,-1810538.75
13.25,-7.25,0,-2855403.2
13.25,-7.75,0,-3952078.672
13.25,-8.25,0,-4670519.531
13.25,-8.75,0,-4675680.932
13.25,-9.25,0,-4121875.042
13.25,-9.75,0,-3579021.204
13.25,-10.25,0,-3687094.04
13.25,-10.75,0,-4475907.98
13.25,-11.25,0,-5175099.375
13.25,-11.75,0,-5467805.459
13.25,-12.25,0,-5477689.536
13.25,-12.75,0,-5092530.513
13.25,-13.25,0,-4203585.154
13.25,-13.75,0,-3048685.937
13.25,-14.25,0,-1963851.205
13.25,-14.75,0,-1286356.55
13.75,14.75,0,15611.45762
13.75,14.25,0,-61527.02933
13.75,13.75,0,-31443.93059
13.75,13.25,0,-5816.464339
13.75,12.75,0,-56063.92953
13.75,12.25,0,-20289.9603
13.75,11.75,0,49169.48119
13.75,11.25,0,-30272.24605
13.75,10.75,0,7696.012218
13.75,10.25,0,10694.74295
13.75,9.75,0,71094.09915
13.75,9.25,0,-9956.238527
13.75,8.75,0,24678.57839
13.75,8.25,0,-47861.33617
13.75,7.75,0,-34204.95603
13.75,7.25,0,12271.74071
13.75,6.75,0,19879.14132
13.75,6.25,0,-18659.76025
13.75,5.75,0,10161.64651
13.75,5.25,0,-26489.66204
13.75,4.75,0,21647.88002
13.75,4.25,0,-27730.5951
13.75,3.75,0,9066.123841
13.75,3.25,0,12911.32253
13.75,2.75,0,54594.59401
13.75,2.25,0,-43704.30016
13.75,1.75,0,7336.802742
13.75,1.25,0,-67721.49094
13.75,0.75,0,3771.816714
13.75,0.25,0,29029.21144
13.75,-0.25,0,-42704.94154
13.75,-0.75,0,-9676.346204
13.75,-1.25,0,45256.99141
13.75,-1.75,0,60947.93175
13.75,-2.25,0,-4464.061308
13.75,-2.75,0,49955.69918
13.75,-3.25,0,-19309.58167
13.75,-3.75,0,-58233.96879
13.75,-4.25,0,-50721.03927
13.75,-4.75,0,-156881.4918
13.75,-5.25,0,-200550.0391
13.75,-5.75,0,-333327.842
13.75,-6.25,0,-488557.836
13.75,-6.75,0,-874187.7566
13.75,-7.25,0,-1231017.545
13.75,-7.75,0,-1702918.608
13.75,-8.25,0,-1937327.823
13.75,-8.75,0,-2013925.623
13.75,-9.25,0,-1910930.886
13.75,-9.75,0,-1744043.493
13.75,-10.25,0,-1816115.891
13.75,-10.75,0,-2082728.013
13.75,-11.25,0,-2244959.588
13.75,-11.75,0,-2398083.865
13.75,-12.25,0,-2365661.665
13.75,-12.75,0,-2231999.582
13.75,-13.25,0,-1846344.494
13.75,-13.75,0,-1466944.415
13.75,-14.25,0,-1028106.457
13.75,-14.75,0,-795594.8928
14.25,14.75,0,-3129.979264
14.25,14.25,0,-34718.25963
14.25,13.75,0,9600.108001
14.25,13.25,0,41748.98307
14.25,12.75,0,-84175.43382
14.25,12.25,0,4282.919625
14.25,11.75,0,5253.685154
14.25,11.25,0,13256.30972
14.25,10.75,0,-14953.1023
14.25,10.25,0,12685.6937
14.25,9.75,0,-21841.89097
14.25,9.25,0,9368.395461
14.25,8.75,0,43809.90593
14.25,8.25,0,-4119.453543
14.25,7.75,0,-42375.97534
14.25,7.25,0,-4742.848588
14.25,6.75,0,15953.3348
14.25,6.25,0,-11343.58624
14.25,5.75,0,63202.2594
14.25,5.25,0,-18119.50743
14.25,4.75,0,-17591.90372
14.25,4.25,0,61691.71207
14.25,3.75,0,10151.15583
14.25,3.25,0,19169.77354
14.25,2.75,0,49868.50849
14.25,2.25,0,-27123.0004
14.25,1.75,0,-9174.63721
14.25,1.25,0,31413.86755
14.25,0.75,0,-33193.42158
14.25,0.25,0,6558.461846
14.25,-0.25,0,-47921.93309
14.25,-0.75,0,16278.99209
14.25,-1.25,0,82383.66591
14.25,-1.75,0,-11150.37104
14.25,-2.25,0,-21796.76499
14.25,-2.75,0,55496.20183
14.25,-3.25,0,-49214.35471
14.25,-3.75,0,-35260.94815
14.25,-4.25,0,-36032.23808
14.25,-4.75,0,-36622.28801
14.25,-5.25,0,-146065.8524
14.25,-5.75,0,-212633.7901
14.25,-6.25,0,-273555.9194
14.25,-6.75,0,-440890.3268
14.25,-7.25,0,-671415.5748
14.25,-7.75,0,-830502.8755
14.25,-8.25,0,-933839.8288
14.25,-8.75,0,-900476.3261
14.25,-9.25,0,-858433.2282
14.25,-9.75,0,-835616.5446
14.25,-10.25,0,-923251.8637
14.25,-10.75,0,-1033160.718
14.25,-11.25,0,-1011218.913
14.25,-11.75,0,-1088616.626
14.25,-12.25,0,-1081030.196
14.25,-12.75,0,-1012852.909
14.25,-13.25,0,-874471.8982
14.25,-13.75,0,-636475.2795
14.25,-14.25,0,-584787.3147
14.25,-14.75,0,-508609.7889
14.75,14.75,0,-82135.86324
14.75,14.25,0,-56567.29925
14.75,13.75,0,-29809.09292
14.75,13.25,0,5751.700512
14.75,12.75,0,13838.50724
14.75,12.25,0,96670.03535
14.75,11.75,0,-68339.59945
14.75,11.25,0,-67337.31782
14.75,10.75,0,-11548.73188
14.75,10.25,0,-34387.62118
14.75,9.75,0,-41042.30495
14.75,9.25,0,35782.61297
14.75,8.75,0,-17645.65936
14.75,8.25,0,16814.97437
14.75,7.75,0,6446.865496
14.75,7.25,0,-63411.63165
14.75,6.75,0,27872.62987
14.75,6.25,0,-11784.33738
14.75,5.75,0,-27646.36448
14.75,5.25,0,-8155.090996
14.75,4.75,0,12749.82246
14.75,4.25,0,40022.44564
14.75,3.75,0,1027.022313
14.75,3.25,0,-69825.40745
14.75,2.75,0,28766.3757
14.75,2.25,0,-24893.60949
14.75,1.75,0,67153.55702
14.75,1.25,0,19017.12699
14.75,0.75,0,20320.9037
14.75,0.25,0,-18640.56227
14.75,-0.25,0,-38662.01613
14.75,-0.75,0,-35030.88689
14.75,-1.25,0,-57809.71057
14.75,-1.75,0,-40748.9346
14.75,-2.25,0,35012.62232
14.75,-2.75,0,-36205.85568
14.75,-3.25,0,-19216.36216
14.75,-3.75,0,37228.7423
14.75,-4.25,0,-52162.68945
14.75,-4.75,0,-56658.18412
14.75,-5.25,0,-47440.46047
14.75,-5.75,0,-104742.546
14.75,-6.25,0,-146873.4957
14.75,-6.75,0,-247227.9429
14.75,-7.25,0,-314864.7716
14.75,-7.75,0,-312261.4775
14.75,-8.25,0,-344741.4139
14.75,-8.75,0,-447013.8665
14.75,-9.25,0,-481029.3515
14.75,-9.75,0,-455271.0702
14.75,-10.25,0,-488623.2419
14.75,-10.75,0,-522818.0266
14.75,-11.25,0,-601219.4701
14.75,-11.75,0,-602624.3903
14.75,-12.25,0,-539337.8915
14.75,-12.75,0,-535806.5567
14.75,-13.25,0,-409790.4058
14.75,-13.75,0,-481682.046
14.75,-14.25,0,-413190.4503
14.75,-14.75,0,-374945.1759
