-14.75,14.75,0,663337.2122
-14.75,14.25,0,690204.0852
-14.75,13.75,0,867408.651
-14.75,13.25,0,859536.3113
-14.75,12.75,0,1155612.146
-14.75,12.25,0,1070767.507
-14.75,11.75,0,680799.8289
-14.75,11.25,0,239246.6799
-14.75,10.75,0,440866.884
-14.75,10.25,0,309403.0412
-14.75,9.75,0,107644.5388
-14.75,9.25,0,118015.7491
-14.75,8.75,0,96471.69546
-14.75,8.25,0,98759.34578
-14.75,7.75,0,180574.0284
-14.75,7.25,0,-7424.151355
-14.75,6.75,0,289472.5675
-14.75,6.25,0,-147969.122
-14.75,5.75,0,-25731.5863
-14.75,5.25,0,-106395.6614
-14.75,4.75,0,-89393.93953
-14.75,4.25,0,-247280.3341
-14.75,3.75,0,192955.6677
-14.75,3.25,0,20335.51061
-14.75,2.75,0,-12724.41367
-14.75,2.25,0,21455.3761
-14.75,1.75,0,-105998.7593
-14.75,1.25,0,-53003.47694
-14.75,0.75,0,145523.6751
-14.75,0.25,0,-6273.233627
-14.75,-0.25,0,84055.96918
-14.75,-0.75,0,106401.4195
-14.75,-1.25,0,164640.0702
-14.75,-1.75,0,-81079.70153
-14.75,-2.25,0,-114336.0746
-14.75,-2.75,0,62049.30256
-14.75,-3.25,0,-145801.2083
-14.75,-3.75,0,186661.0704
-14.75,-4.25,0,-166677.1027
-14.75,-4.75,0,173111.2689
-14.75,-5.25,0,256931.7417
-14.75,-5.75,0,-200951.5253
-14.75,-6.25,0,186860.5751
-14.75,-6.75,0,82600.15924
-14.75,-7.25,0,19139.84693
-14.75,-7.75,0,-36520.15519
-14.75,-8.25,0,-28432.13743
-14.75,-8.75,0,139252.2306
-14.75,-9.25,0,-101059.7375
-14.75,-9.75,0,-95383.80772
-14.75,-10.25,0,485517.9076
-14.75,-10.75,0,250029.3141
-14.75,-11.25,0,170709.1464
-14.75,-11.75,0,150252.0377
-14.75,-12.25,0,-4360.160823
-14.75,-12.75,0,-273789.5017
-14.75,-13.25,0,-30983.05299
-14.75,-13.75,0,118024.6235
-14.75,-14.25,0,102976.8432
-14.75,-14.75,0,247820.4516
-14.25,14.75,0,1045820.912
-14.25,14.25,0,1377289.459
-14.25,13.75,0,1985697.426
-14.25,13.25,0,2801884.311
-14.25,12.75,0,2923817.238
-14.25,12.25,0,2032727.995
-14.25,11.75,0,1222864.403
-14.25,11.25,0,973314.5519
-14.25,10.75,0,415368.6486
-14.25,10.25,0,28150.5204
-14.25,9.75,0,-149912.5389
-14.25,9.25,0,190138.1929
-14.25,8.75,0,50385.97218
-14.25,8.25,0,43920.49807
-14.25,7.75,0,67851.49029
-14.25,7.25,0,79433.3632
-14.25,6.75,0,-103142.0458
-14.25,6.25,0,38214.09895
-14.25,5.75,0,-314748.7429
-14.25,5.25,0,-125944.8565
-14.25,4.75,0,-47828.77113
-14.25,4.25,0,53272.21384
-14.25,3.75,0,50550.48501
-14.25,3.25,0,204098.7237
-14.25,2.75,0,268283.9094
-14.25,2.25,0,73259.26963
-14.25,1.75,0,-126878.0216
-14.25,1.25,0,86297.73135
-14.25,0.75,0,198994.2477
-14.25,0.25,0,179238.04
-14.25,-0.25,0,17954.02095
-14.25,-0.75,0,-226861.3961
-14.25,-1.25,0,-200805.0739
-14.25,-1.75,0,-56063.41483
-14.25,-2.25,0,83047.27737
-14.25,-2.75,0,-91371.23803
-14.25,-3.25,0,-245272.4355
-14.25,-3.75,0,208418.3089
-14.25,-4.25,0,-70173.20051
-14.25,-4.75,0,157897.7643
-14.25,-5.25,0,69369.71651
-14.25,-5.75,0,-204299.8349
-14.25,-6.25,0,9253.364178
-14.25,-6.75,0,106342.3821
-14.25,-7.25,0,-107214.8225
-14.25,-7.75,0,-108624.5404
-14.25,-8.25,0,50646.70232
-14.25,-8.75,0,-162684.0559
-14.25,-9.25,0,-106813.1479
-14.25,-9.75,0,208365.6585
-14.25,-10.25,0,-53876.78423
-14.25,-10.75,0,71445.40354
-14.25,-11.25,0,-76779.67738
-14.25,-11.75,0,-242506.0138
-14.25,-12.25,0,-75349.62174
-14.25,-12.75,0,-88557.98127
-14.25,-13.25,0,30931.59127
-14.25,-13.75,0,-80093.2844
-14.25,-14.25,0,156679.4674
-14.25,-14.75,0,-326456.3303
-13.75,14.75,0,1334010.763
-13.75,14.25,0,2295185.852
-13.75,13.75,0,4757862.823
-13.75,13.25,0,8026180.325
-13.75,12.75,0,8411470.528
-13.75,12.25,0,4721974.141
-13.75,11.75,0,2317747.877
-13.75,11.25,0,1323531.816
-13.75,10.75,0,872984.8183
-13.75,10.25,0,266078.5643
-13.75,9.75,0,-79631.961
-13.75,9.25,0,244807.4898
-13.75,8.75,0,278135.8905
-13.75,8.25,0,447602.866
-13.75,7.75,0,136429.8962
-13.75,7.25,0,157968.9999
-13.75,6.75,0,214249.4588
-13.75,6.25,0,-20136.17974
-13.75,5.75,0,-108381.7257
-13.75,5.25,0,-4200.750073
-13.75,4.75,0,-259646.1318
-13.75,4.25,0,90863.76933
-13.75,3.75,0,-155764.0219
-13.75,3.25,0,-239863.1081
-13.75,2.75,0,12173.90268
-13.75,2.25,0,77311.50447
-13.75,1.75,0,-35116.21783
-13.75,1.25,0,84796.28645
-13.75,0.75,0,119663.5168
-13.75,0.25,0,108151.6252
-13.75,-0.25,0,-31683.47311
-13.75,-0.75,0,42528.53416
-13.75,-1.25,0,-85945.28459
-13.75,-1.75,0,237764.1761
-13.75,-2.25,0,-112424.5267
-13.75,-2.75,0,-180412.9706
-13.75,-3.25,0,-97811.5888
-13.75,-3.75,0,-108554.539
-13.75,-4.25,0,-200347.609
-13.75,-4.75,0,-200139.2473
-13.75,-5.25,0,271898.0475
-13.75,-5.75,0,10848.28626
-13.75,-6.25,0,-144784.5252
-13.75,-6.75,0,167811.3157
-13.75,-7.25,0,-150289.9498
-13.75,-7.75,0,241105.5438
-13.75,-8.25,0,-45635.23893
-13.75,-8.75,0,-120567.9735
-13.75,-9.25,0,207431.5507
-13.75,-9.75,0,-87496.51313
-13.75,-10.25,0,1455.500921
-13.75,-10.75,0,114203.7241
-13.75,-11.25,0,45578.81467
-13.75,-11.75,0,-100417.91
-13.75,-12.25,0,-330889.6348
-13.75,-12.75,0,-123074.4045
-13.75,-13.25,0,106693.4983
-13.75,-13.75,0,168121.2018
-13.75,-14.25,0,36797.34557
-13.75,-14.75,0,142105.2102
-13.25,14.75,0,1838078.069
-13.25,14.25,0,3922409.44
-13.25,13.75,0,9237095.042
-13.25,13.25,0,2.45E+07
-13.25,12.75,0,2.50E+07
-13.25,12.25,0,9447256.635
-13.25,11.75,0,4036581.185
-13.25,11.25,0,1974286.242
-13.25,10.75,0,1070142.163
-13.25,10.25,0,794444.5315
-13.25,9.75,0,427070.7779
-13.25,9.25,0,471600.611
-13.25,8.75,0,367975.7368
-13.25,8.25,0,476653.8494
-13.25,7.75,0,345612.0727
-13.25,7.25,0,488812.0735
-13.25,6.75,0,259195.1623
-13.25,6.25,0,-23937.53121
-13.25,5.75,0,165598.4249
-13.25,5.25,0,-99830.98916
-13.25,4.75,0,64224.46096
-13.25,4.25,0,401264.0134
-13.25,3.75,0,-59314.7315
-13.25,3.25,0,36922.5282
-13.25,2.75,0,183033.4342
-13.25,2.25,0,-157402.3023
-13.25,1.75,0,198393.5769
-13.25,1.25,0,-61834.93857
-13.25,0.75,0,131662.9678
-13.25,0.25,0,-83054.48164
-13.25,-0.25,0,272424.2863
-13.25,-0.75,0,187925.659
-13.25,-1.25,0,-107260.2144
-13.25,-1.75,0,287649.712
-13.25,-2.25,0,-43527.44167
-13.25,-2.75,0,126965.5295
-13.25,-3.25,0,28195.56742
-13.25,-3.75,0,-534.2542043
-13.25,-4.25,0,319127.4174
-13.25,-4.75,0,-241427.4617
-13.25,-5.25,0,-238122.0423
-13.25,-5.75,0,127631.4655
-13.25,-6.25,0,-339615.3166
-13.25,-6.75,0,129135.769
-13.25,-7.25,0,205337.6021
-13.25,-7.75,0,-233322.5854
-13.25,-8.25,0,-5034.51935
-13.25,-8.75,0,-93962.507
-13.25,-9.25,0,146505.5384
-13.25,-9.75,0,-99406.30816
-13.25,-10.25,0,126238.7706
-13.25,-10.75,0,-120013.8779
-13.25,-11.25,0,169164.5515
-13.25,-11.75,0,58491.94561
-13.25,-12.25,0,-186324.8866
-13.25,-12.75,0,-180963.4884
-13.25,-13.25,0,8483.21713
-13.25,-13.75,0,-311446.4239
-13.25,-14.25,0,142073.7062
-13.25,-14.75,0,228331.0528
-12.75,14.75,0,2349857.743
-12.75,14.25,0,4527208.671
-12.75,13.75,0,1.18E+07
-12.75,13.25,0,3.09E+07
-12.75,12.75,0,3.06E+07
-12.75,12.25,0,1.23E+07
-12.75,11.75,0,5459525.13
-12.75,11.25,0,3131178.233
-12.75,10.75,0,1940670.134
-12.75,10.25,0,1465702.489
-12.75,9.75,0,1244337.514
-12.75,9.25,0,1198881.225
-12.75,8.75,0,1051821.756
-12.75,8.25,0,871644.0926
-12.75,7.75,0,709855.7535
-12.75,7.25,0,774668.27
-12.75,6.75,0,398184.2887
-12.75,6.25,0,164590.0601
-12.75,5.75,0,-31273.5475
-12.75,5.25,0,-114909.8312
-12.75,4.75,0,161096.234
-12.75,4.25,0,-29979.60284
-12.75,3.75,0,111199.3768
-12.75,3.25,0,198255.4125
-12.75,2.75,0,-37703.03132
-12.75,2.25,0,116531.5628
-12.75,1.75,0,456567.1455
-12.75,1.25,0,-51281.35546
-12.75,0.75,0,71395.5608
-12.75,0.25,0,-47056.66744
-12.75,-0.25,0,176141.4287
-12.75,-0.75,0,-62240.91634
-12.75,-1.25,0,-65022.02615
-12.75,-1.75,0,104485.3248
-12.75,-2.25,0,-3121.56747
-12.75,-2.75,0,-107279.3737
-12.75,-3.25,0,-340074.0322
-12.75,-3.75,0,-220934.5798
-12.75,-4.25,0,-84783.83231
-12.75,-4.75,0,123883.2911
-12.75,-5.25,0,109832.6772
-12.75,-5.75,0,85836.44082
-12.75,-6.25,0,161458.1098
-12.75,-6.75,0,-31254.20695
-12.75,-7.25,0,59963.31009
-12.75,-7.75,0,-9673.641163
-12.75,-8.25,0,70575.56247
-12.75,-8.75,0,-29101.31607
-12.75,-9.25,0,162196.7481
-12.75,-9.75,0,-245214.6249
-12.75,-10.25,0,370897.7423
-12.75,-10.75,0,-42440.32473
-12.75,-11.25,0,-193493.5189
-12.75,-11.75,0,-179845.7534
-12.75,-12.25,0,-6571.812818
-12.75,-12.75,0,204230.8162
-12.75,-13.25,0,-148519.8389
-12.75,-13.75,0,64971.54531
-12.75,-14.25,0,-131423.9222
-12.75,-14.75,0,146268.6142
-12.25,14.75,0,2508212.696
-12.25,14.25,0,5273661.037
-12.25,13.75,0,1.31E+07
-12.25,13.25,0,3.24E+07
-12.25,12.75,0,3.28E+07
-12.25,12.25,0,1.45E+07
-12.25,11.75,0,7052942.006
-12.25,11.25,0,4636790.799
-12.25,10.75,0,3337518.368
-12.25,10.25,0,2966870.233
-12.25,9.75,0,2418959.189
-12.25,9.25,0,2346402.04
-12.25,8.75,0,2538968.264
-12.25,8.25,0,2182887.464
-12.25,7.75,0,1874872.718
-12.25,7.25,0,1577293.632
-12.25,6.75,0,632708.7375
-12.25,6.25,0,565445.4661
-12.25,5.75,0,164089.8932
-12.25,5.25,0,246456.3234
-12.25,4.75,0,89977.99245
-12.25,4.25,0,-198878.8194
-12.25,3.75,0,5211.764833
-12.25,3.25,0,-24508.88712
-12.25,2.75,0,88650.04586
-12.25,2.25,0,-94133.35857
-12.25,1.75,0,-208895.9904
-12.25,1.25,0,-9478.173522
-12.25,0.75,0,80680.00421
-12.25,0.25,0,58288.09522
-12.25,-0.25,0,105037.7391
-12.25,-0.75,0,-146062.9957
-12.25,-1.25,0,-132998.1228
-12.25,-1.75,0,-104500.1491
-12.25,-2.25,0,97332.43472
-12.25,-2.75,0,44822.34173
-12.25,-3.25,0,55308.06292
-12.25,-3.75,0,159911.3176
-12.25,-4.25,0,106505.3255
-12.25,-4.75,0,-27280.98177
-12.25,-5.25,0,25427.16186
-12.25,-5.75,0,349912.2519
-12.25,-6.25,0,226416.282
-12.25,-6.75,0,-70406.82656
-12.25,-7.25,0,-292778.2988
-12.25,-7.75,0,-61602.89343
-12.25,-8.25,0,21093.45903
-12.25,-8.75,0,-313673.7526
-12.25,-9.25,0,204599.3373
-12.25,-9.75,0,222881.4672
-12.25,-10.25,0,-1828.384224
-12.25,-10.75,0,-61587.91277
-12.25,-11.25,0,117974.5431
-12.25,-11.75,0,114759.5304
-12.25,-12.25,0,-20201.67483
-12.25,-12.75,0,-87546.48763
-12.25,-13.25,0,40051.94278
-12.25,-13.75,0,291455.7369
-12.25,-14.25,0,-230313.0658
-12.25,-14.75,0,265957.6389
-11.75,14.75,0,2516102.99
-11.75,14.25,0,5705250.45
-11.75,13.75,0,1.39E+07
-11.75,13.25,0,3.36E+07
-11.75,12.75,0,3.44E+07
-11.75,12.25,0,1.65E+07
-11.75,11.75,0,9732442.987
-11.75,11.25,0,7165316.458
-11.75,10.75,0,6615701.452
-11.75,10.25,0,5908245.826
-11.75,9.75,0,5762091.214
-11.75,9.25,0,5923802.651
-11.75,8.75,0,5450315.901
-11.75,8.25,0,5074824.7
-11.75,7.75,0,4590240.407
-11.75,7.25,0,3473521.048
-11.75,6.75,0,1995626.21
-11.75,6.25,0,1298402.462
-11.75,5.75,0,575328.2967
-11.75,5.25,0,256893.374
-11.75,4.75,0,246494.4793
-11.75,4.25,0,90818.46839
-11.75,3.75,0,-56212.37308
-11.75,3.25,0,-173312.7872
-11.75,2.75,0,112379.3286
-11.75,2.25,0,130851.1029
-11.75,1.75,0,37607.08596
-11.75,1.25,0,19161.0014
-11.75,0.75,0,-10083.43403
-11.75,0.25,0,-15233.21704
-11.75,-0.25,0,-30297.36488
-11.75,-0.75,0,227190.084
-11.75,-1.25,0,183782.9708
-11.75,-1.75,0,-57463.02742
-11.75,-2.25,0,116893.9502
-11.75,-2.75,0,-90560.70875
-11.75,-3.25,0,-112253.1853
-11.75,-3.75,0,-19007.90768
-11.75,-4.25,0,32665.75946
-11.75,-4.75,0,-88721.25966
-11.75,-5.25,0,-225952.5286
-11.75,-5.75,0,125707.524
-11.75,-6.25,0,-70033.64412
-11.75,-6.75,0,3620.365116
-11.75,-7.25,0,91830.9687
-11.75,-7.75,0,13103.12318
-11.75,-8.25,0,3565.453958
-11.75,-8.75,0,56142.29534
-11.75,-9.25,0,86168.20315
-11.75,-9.75,0,-90524.10051
-11.75,-10.25,0,55274.39315
-11.75,-10.75,0,95266.58059
-11.75,-11.25,0,55373.71402
-11.75,-11.75,0,-239148.0262
-11.75,-12.25,0,180088.6208
-11.75,-12.75,0,-163550.2622
-11.75,-13.25,0,305048.3272
-11.75,-13.75,0,-104758.1821
-11.75,-14.25,0,-36417.26563
-11.75,-14.75,0,167019.6278
-11.25,14.75,0,2718627.67
-11.25,14.25,0,6095554.406
-11.25,13.75,0,1.46E+07
-11.25,13.25,0,3.46E+07
-11.25,12.75,0,3.69E+07
-11.25,12.25,0,2.22E+07
-11.25,11.75,0,1.67E+07
-11.25,11.25,0,1.51E+07
-11.25,10.75,0,1.40E+07
-11.25,10.25,0,1.35E+07
-11.25,9.75,0,1.33E+07
-11.25,9.25,0,1.34E+07
-11.25,8.75,0,1.30E+07
-11.25,8.25,0,1.26E+07
-11.25,7.75,0,1.11E+07
-11.25,7.25,0,9105839.487
-11.25,6.75,0,4893226.436
-11.25,6.25,0,1910155.108
-11.25,5.75,0,1094610.322
-11.25,5.25,0,352878.9036
-11.25,4.75,0,43778.70511
-11.25,4.25,0,93814.9514
-11.25,3.75,0,-22262.54104
-11.25,3.25,0,133831.6099
-11.25,2.75,0,-117669.7744
-11.25,2.25,0,33909.27801
-11.25,1.75,0,56707.88958
-11.25,1.25,0,30027.95357
-11.25,0.75,0,53629.94712
-11.25,0.25,0,-59313.08359
-11.25,-0.25,0,-226468.4346
-11.25,-0.75,0,57482.64561
-11.25,-1.25,0,-145301.1746
-11.25,-1.75,0,177063.302
-11.25,-2.25,0,-46932.55678
-11.25,-2.75,0,136383.1894
-11.25,-3.25,0,271310.7585
-11.25,-3.75,0,-52961.95165
-11.25,-4.25,0,-94309.03334
-11.25,-4.75,0,174677.8436
-11.25,-5.25,0,49822.6961
-11.25,-5.75,0,5889.084046
-11.25,-6.25,0,22353.17949
-11.25,-6.75,0,-116034.3982
-11.25,-7.25,0,164863.8989
-11.25,-7.75,0,-72210.62626
-11.25,-8.25,0,174322.98
-11.25,-8.75,0,-76336.94198
-11.25,-9.25,0,228623.1983
-11.25,-9.75,0,46657.6969
-11.25,-10.25,0,-487216.7854
-11.25,-10.75,0,-28680.94043
-11.25,-11.25,0,197831.8441
-11.25,-11.75,0,-50113.7855
-11.25,-12.25,0,-102261.5707
-11.25,-12.75,0,70279.61389
-11.25,-13.25,0,229452.2954
-11.25,-13.75,0,115553.6183
-11.25,-14.25,0,15725.51498
-11.25,-14.75,0,76586.65064
-10.75,14.75,0,3076781.57
-10.75,14.25,0,6117025.859
-10.75,13.75,0,1.46E+07
-10.75,13.25,0,3.54E+07
-10.75,12.75,0,4.06E+07
-10.75,12.25,0,3.81E+07
-10.75,11.75,0,3.54E+07
-10.75,11.25,0,3.40E+07
-10.75,10.75,0,3.28E+07
-10.75,10.25,0,3.31E+07
-10.75,9.75,0,3.26E+07
-10.75,9.25,0,3.26E+07
-10.75,8.75,0,3.22E+07
-10.75,8.25,0,3.18E+07
-10.75,7.75,0,3.02E+07
-10.75,7.25,0,2.48E+07
-10.75,6.75,0,7901947.051
-10.75,6.25,0,2447733.782
-10.75,5.75,0,1513566.2
-10.75,5.25,0,511523.7548
-10.75,4.75,0,378850.2189
-10.75,4.25,0,187809.0178
-10.75,3.75,0,-1470.492018
-10.75,3.25,0,-9666.867235
-10.75,2.75,0,-364691.0511
-10.75,2.25,0,-130735.71
-10.75,1.75,0,-42064.07392
-10.75,1.25,0,-82023.63575
-10.75,0.75,0,133156.5325
-10.75,0.25,0,87510.52875
-10.75,-0.25,0,-66938.61279
-10.75,-0.75,0,-176644.5859
-10.75,-1.25,0,129416.3501
-10.75,-1.75,0,-8175.166577
-10.75,-2.25,0,55305.18046
-10.75,-2.75,0,56068.21584
-10.75,-3.25,0,-17748.67432
-10.75,-3.75,0,113042.0368
-10.75,-4.25,0,36113.02462
-10.75,-4.75,0,7497.934061
-10.75,-5.25,0,-167103.0562
-10.75,-5.75,0,6308.220702
-10.75,-6.25,0,144000.0182
-10.75,-6.75,0,-64172.99978
-10.75,-7.25,0,62988.053
-10.75,-7.75,0,99713.92832
-10.75,-8.25,0,523000.0598
-10.75,-8.75,0,-112817.3318
-10.75,-9.25,0,-32028.47178
-10.75,-9.75,0,-67509.86876
-10.75,-10.25,0,-240724.2255
-10.75,-10.75,0,28836.63708
-10.75,-11.25,0,51079.51139
-10.75,-11.75,0,-56961.11887
-10.75,-12.25,0,-7157.049492
-10.75,-12.75,0,-16290.63771
-10.75,-13.25,0,-47921.1167
-10.75,-13.75,0,-135057.7686
-10.75,-14.25,0,-115149.1381
-10.75,-14.75,0,-148599.7448
-10.25,14.75,0,3109135.242
-10.25,14.25,0,6153143.041
-10.25,13.75,0,1.46E+07
-10.25,13.25,0,3.53E+07
-10.25,12.75,0,4.03E+07
-10.25,12.25,0,3.81E+07
-10.25,11.75,0,3.57E+07
-10.25,11.25,0,3.42E+07
-10.25,10.75,0,3.30E+07
-10.25,10.25,0,3.29E+07
-10.25,9.75,0,3.27E+07
-10.25,9.25,0,3.24E+07
-10.25,8.75,0,3.23E+07
-10.25,8.25,0,3.20E+07
-10.25,7.75,0,2.96E+07
-10.25,7.25,0,2.47E+07
-10.25,6.75,0,8186401.816
-10.25,6.25,0,2460699.269
-10.25,5.75,0,1191455.527
-10.25,5.25,0,722519.419
-10.25,4.75,0,195810.5929
-10.25,4.25,0,89119.4203
-10.25,3.75,0,-137786.7114
-10.25,3.25,0,119299.4082
-10.25,2.75,0,225458.4121
-10.25,2.25,0,-139942.8499
-10.25,1.75,0,-159390.5269
-10.25,1.25,0,-46286.6625
-10.25,0.75,0,56901.04306
-10.25,0.25,0,210838.4081
-10.25,-0.25,0,115528.2044
-10.25,-0.75,0,7232.715085
-10.25,-1.25,0,-118674.4446
-10.25,-1.75,0,18513.74973
-10.25,-2.25,0,90118.52098
-10.25,-2.75,0,-110100.3162
-10.25,-3.25,0,37947.48509
-10.25,-3.75,0,43426.6755
-10.25,-4.25,0,208856.3866
-10.25,-4.75,0,244640.6949
-10.25,-5.25,0,-292435.22
-10.25,-5.75,0,171935.2185
-10.25,-6.25,0,-101950.7735
-10.25,-6.75,0,-206065.4436
-10.25,-7.25,0,-95210.68374
-10.25,-7.75,0,-74954.05504
-10.25,-8.25,0,49060.81535
-10.25,-8.75,0,-33879.79628
-10.25,-9.25,0,-212321.7998
-10.25,-9.75,0,-54689.62016
-10.25,-10.25,0,-299504.5956
-10.25,-10.75,0,248459.0296
-10.25,-11.25,0,-101098.8683
-10.25,-11.75,0,109148.5564
-10.25,-12.25,0,104679.5573
-10.25,-12.75,0,-102989.2917
-10.25,-13.25,0,-240314.0035
-10.25,-13.75,0,-241593.555
-10.25,-14.25,0,124372.6319
-10.25,-14.75,0,-23733.94721
-9.75,14.75,0,3101664.802
-9.75,14.25,0,5955035.602
-9.75,13.75,0,1.37E+07
-9.75,13.25,0,3.43E+07
-9.75,12.75,0,3.72E+07
-9.75,12.25,0,2.22E+07
-9.75,11.75,0,1.73E+07
-9.75,11.25,0,1.52E+07
-9.75,10.75,0,1.39E+07
-9.75,10.25,0,1.41E+07
-9.75,9.75,0,1.39E+07
-9.75,9.25,0,1.32E+07
-9.75,8.75,0,1.31E+07
-9.75,8.25,0,1.27E+07
-9.75,7.75,0,1.14E+07
-9.75,7.25,0,8619921.517
-9.75,6.75,0,4491379.431
-9.75,6.25,0,2096108.539
-9.75,5.75,0,871337.9626
-9.75,5.25,0,353944.3251
-9.75,4.75,0,289695.8681
-9.75,4.25,0,604442.9772
-9.75,3.75,0,195236.3299
-9.75,3.25,0,260919.8983
-9.75,2.75,0,45660.43051
-9.75,2.25,0,-119968.0087
-9.75,1.75,0,-60438.72621
-9.75,1.25,0,192179.787
-9.75,0.75,0,100579.0169
-9.75,0.25,0,69505.00677
-9.75,-0.25,0,194721.0447
-9.75,-0.75,0,369151.7329
-9.75,-1.25,0,179432.0196
-9.75,-1.75,0,-34940.53123
-9.75,-2.25,0,57705.71908
-9.75,-2.75,0,153685.8152
-9.75,-3.25,0,14279.18831
-9.75,-3.75,0,233083.3992
-9.75,-4.25,0,194979.7721
-9.75,-4.75,0,94537.69823
-9.75,-5.25,0,-244171.7441
-9.75,-5.75,0,-187707.0034
-9.75,-6.25,0,-158379.5901
-9.75,-6.75,0,164531.5614
-9.75,-7.25,0,-4060.033875
-9.75,-7.75,0,298534.4688
-9.75,-8.25,0,-18901.50019
-9.75,-8.75,0,-1655.096287
-9.75,-9.25,0,-35190.04428
-9.75,-9.75,0,201609.8813
-9.75,-10.25,0,165474.9185
-9.75,-10.75,0,29288.47055
-9.75,-11.25,0,-78579.05064
-9.75,-11.75,0,-58997.58058
-9.75,-12.25,0,-57117.57009
-9.75,-12.75,0,106727.0702
-9.75,-13.25,0,158681.3243
-9.75,-13.75,0,257137.059
-9.75,-14.25,0,160504.8393
-9.75,-14.75,0,-174556.2496
-9.25,14.75,0,2963454.28
-9.25,14.25,0,5783931.057
-9.25,13.75,0,1.37E+07
-9.25,13.25,0,3.34E+07
-9.25,12.75,0,3.45E+07
-9.25,12.25,0,1.66E+07
-9.25,11.75,0,9879034.459
-9.25,11.25,0,7412348.681
-9.25,10.75,0,6333171.185
-9.25,10.25,0,6150227.548
-9.25,9.75,0,5996306.545
-9.25,9.25,0,5668389.638
-9.25,8.75,0,5463162.989
-9.25,8.25,0,5311141.33
-9.25,7.75,0,4480793.861
-9.25,7.25,0,3520954.109
-9.25,6.75,0,2357320.202
-9.25,6.25,0,1547021.898
-9.25,5.75,0,787704.1774
-9.25,5.25,0,607822.7657
-9.25,4.75,0,375076.6748
-9.25,4.25,0,367504.1957
-9.25,3.75,0,-4396.621853
-9.25,3.25,0,511335.7431
-9.25,2.75,0,441413.6758
-9.25,2.25,0,104919.9679
-9.25,1.75,0,-130037.9871
-9.25,1.25,0,498330.3572
-9.25,0.75,0,219392.7435
-9.25,0.25,0,317832.2237
-9.25,-0.25,0,221763.693
-9.25,-0.75,0,153982.5142
-9.25,-1.25,0,241078.3695
-9.25,-1.75,0,108623.2067
-9.25,-2.25,0,-248529.7196
-9.25,-2.75,0,117109.5762
-9.25,-3.25,0,-47980.82361
-9.25,-3.75,0,33249.28748
-9.25,-4.25,0,35887.84463
-9.25,-4.75,0,54587.23161
-9.25,-5.25,0,-87238.42798
-9.25,-5.75,0,-89572.5862
-9.25,-6.25,0,-168604.0546
-9.25,-6.75,0,172298.4818
-9.25,-7.25,0,14762.87257
-9.25,-7.75,0,71172.32194
-9.25,-8.25,0,162498.805
-9.25,-8.75,0,-181531.8892
-9.25,-9.25,0,-178193.8028
-9.25,-9.75,0,-27683.05717
-9.25,-10.25,0,108440.498
-9.25,-10.75,0,-136458.6248
-9.25,-11.25,0,-118039.2353
-9.25,-11.75,0,83826.2134
-9.25,-12.25,0,49232.51635
-9.25,-12.75,0,87220.18027
-9.25,-13.25,0,108175.839
-9.25,-13.75,0,162769.0138
-9.25,-14.25,0,-275426.7009
-9.25,-14.75,0,17034.36023
-8.75,14.75,0,2630669.8
-8.75,14.25,0,5115463.62
-8.75,13.75,0,1.32E+07
-8.75,13.25,0,3.24E+07
-8.75,12.75,0,3.25E+07
-8.75,12.25,0,1.41E+07
-8.75,11.75,0,6912608.082
-8.75,11.25,0,4530532.466
-8.75,10.75,0,3180682.585
-8.75,10.25,0,2697582.123
-8.75,9.75,0,2887583.227
-8.75,9.25,0,2654256.276
-8.75,8.75,0,2677111.076
-8.75,8.25,0,2466812.387
-8.75,7.75,0,2210002.497
-8.75,7.25,0,1823559.79
-8.75,6.75,0,1204236.492
-8.75,6.25,0,1084218.149
-8.75,5.75,0,905243.7871
-8.75,5.25,0,826563.4064
-8.75,4.75,0,538682.9859
-8.75,4.25,0,667330.103
-8.75,3.75,0,906497.6206
-8.75,3.25,0,543247.6616
-8.75,2.75,0,635252.3547
-8.75,2.25,0,629124.6982
-8.75,1.75,0,433091.337
-8.75,1.25,0,593475.8823
-8.75,0.75,0,504130.1292
-8.75,0.25,0,9494.854677
-8.75,-0.25,0,627259.8478
-8.75,-0.75,0,400275.38
-8.75,-1.25,0,301320.8838
-8.75,-1.75,0,197503.7664
-8.75,-2.25,0,-19584.10854
-8.75,-2.75,0,-170804.3378
-8.75,-3.25,0,-64904.79745
-8.75,-3.75,0,83302.75043
-8.75,-4.25,0,302160.6939
-8.75,-4.75,0,-156331.541
-8.75,-5.25,0,293747.8915
-8.75,-5.75,0,-165019.9387
-8.75,-6.25,0,126292.8895
-8.75,-6.75,0,-11371.40785
-8.75,-7.25,0,-306508.1912
-8.75,-7.75,0,392519.5996
-8.75,-8.25,0,-189467.615
-8.75,-8.75,0,-111089.0267
-8.75,-9.25,0,-70814.63245
-8.75,-9.75,0,-58957.37267
-8.75,-10.25,0,33418.69282
-8.75,-10.75,0,51691.60644
-8.75,-11.25,0,328486.3447
-8.75,-11.75,0,223199.7162
-8.75,-12.25,0,151122.9029
-8.75,-12.75,0,-103513.0053
-8.75,-13.25,0,168074.0803
-8.75,-13.75,0,-32583.74787
-8.75,-14.25,0,-48248.25467
-8.75,-14.75,0,79621.61679
-8.25,14.75,0,2041057.654
-8.25,14.25,0,4298702.677
-8.25,13.75,0,1.16E+07
-8.25,13.25,0,2.98E+07
-8.25,12.75,0,3.05E+07
-8.25,12.25,0,1.22E+07
-8.25,11.75,0,5599921.051
-8.25,11.25,0,2820487.764
-8.25,10.75,0,2000206.976
-8.25,10.25,0,1560058.182
-8.25,9.75,0,1365841.748
-8.25,9.25,0,1068352.408
-8.25,8.75,0,1209267.176
-8.25,8.25,0,1179015.313
-8.25,7.75,0,1132168.387
-8.25,7.25,0,1227178.516
-8.25,6.75,0,1265250.418
-8.25,6.25,0,1332686.885
-8.25,5.75,0,1258720.853
-8.25,5.25,0,1196926.135
-8.25,4.75,0,1288620.089
-8.25,4.25,0,1338984.837
-8.25,3.75,0,1540918.045
-8.25,3.25,0,1287209.707
-8.25,2.75,0,1606778.293
-8.25,2.25,0,1128361.442
-8.25,1.75,0,1589503.286
-8.25,1.25,0,1237776.216
-8.25,0.75,0,735008.3869
-8.25,0.25,0,970632.1457
-8.25,-0.25,0,253030.8222
-8.25,-0.75,0,427238.8928
-8.25,-1.25,0,563781.8534
-8.25,-1.75,0,85120.12179
-8.25,-2.25,0,132947.5973
-8.25,-2.75,0,133673.1567
-8.25,-3.25,0,-45308.40444
-8.25,-3.75,0,135343.2692
-8.25,-4.25,0,-55787.25251
-8.25,-4.75,0,139375.5263
-8.25,-5.25,0,-156066.2166
-8.25,-5.75,0,11349.86462
-8.25,-6.25,0,-45506.91299
-8.25,-6.75,0,-122182.1017
-8.25,-7.25,0,13912.35533
-8.25,-7.75,0,-231416.0036
-8.25,-8.25,0,-257505.8701
-8.25,-8.75,0,-228218.1082
-8.25,-9.25,0,-126163.3876
-8.25,-9.75,0,132298.9949
-8.25,-10.25,0,7815.247699
-8.25,-10.75,0,195948.5948
-8.25,-11.25,0,154970.7147
-8.25,-11.75,0,-75614.83922
-8.25,-12.25,0,-213824.0782
-8.25,-12.75,0,4048.428876
-8.25,-13.25,0,-55281.54658
-8.25,-13.75,0,190777.6052
-8.25,-14.25,0,-118358.0474
-8.25,-14.75,0,241458.073
-7.75,14.75,0,1806108.616
-7.75,14.25,0,3707945.124
-7.75,13.75,0,9032915.649
-7.75,13.25,0,2.49E+07
-7.75,12.75,0,2.49E+07
-7.75,12.25,0,9436161.129
-7.75,11.75,0,3593998.158
-7.75,11.25,0,1967277.638
-7.75,10.75,0,1030467.011
-7.75,10.25,0,880981.1456
-7.75,9.75,0,827326.1879
-7.75,9.25,0,341234.3968
-7.75,8.75,0,563650.5566
-7.75,8.25,0,768441.282
-7.75,7.75,0,740173.3118
-7.75,7.25,0,1179097.907
-7.75,6.75,0,1925948.604
-7.75,6.25,0,2777571.884
-7.75,5.75,0,3125936.549
-7.75,5.25,0,2844629.425
-7.75,4.75,0,2928829.291
-7.75,4.25,0,3075892.929
-7.75,3.75,0,3175776.886
-7.75,3.25,0,3205459.902
-7.75,2.75,0,3419131.776
-7.75,2.25,0,3043327.517
-7.75,1.75,0,2716985.498
-7.75,1.25,0,3122472.718
-7.75,0.75,0,2347077.696
-7.75,0.25,0,1854230.461
-7.75,-0.25,0,1427019.29
-7.75,-0.75,0,751907.5241
-7.75,-1.25,0,383320.4214
-7.75,-1.75,0,184672.3822
-7.75,-2.25,0,-121991.3237
-7.75,-2.75,0,-159965.2292
-7.75,-3.25,0,-243630.7449
-7.75,-3.75,0,127802.5069
-7.75,-4.25,0,-136487.1153
-7.75,-4.75,0,-270497.3232
-7.75,-5.25,0,75655.39537
-7.75,-5.75,0,-39541.47182
-7.75,-6.25,0,-204514.2483
-7.75,-6.75,0,45602.16358
-7.75,-7.25,0,69023.84821
-7.75,-7.75,0,79018.4588
-7.75,-8.25,0,-95826.82863
-7.75,-8.75,0,-55604.67591
-7.75,-9.25,0,-67874.1002
-7.75,-9.75,0,25809.36167
-7.75,-10.25,0,80144.95291
-7.75,-10.75,0,257938.6631
-7.75,-11.25,0,-96628.88602
-7.75,-11.75,0,-98791.58865
-7.75,-12.25,0,-27876.66666
-7.75,-12.75,0,182021.4064
-7.75,-13.25,0,-63285.49456
-7.75,-13.75,0,144204.6522
-7.75,-14.25,0,-118895.2766
-7.75,-14.75,0,-141496.7151
-7.25,14.75,0,1525649.036
-7.25,14.25,0,2442403.683
-7.25,13.75,0,4833258.319
-7.25,13.25,0,8262327.777
-7.25,12.75,0,7918311.593
-7.25,12.25,0,4836576.66
-7.25,11.75,0,2554108.701
-7.25,11.25,0,943868.1439
-7.25,10.75,0,523253.7841
-7.25,10.25,0,411061.4177
-7.25,9.75,0,616090.7214
-7.25,9.25,0,454796.5581
-7.25,8.75,0,712489.6467
-7.25,8.25,0,709415.3288
-7.25,7.75,0,1505116.831
-7.25,7.25,0,2791933.797
-7.25,6.75,0,4753294.244
-7.25,6.25,0,6458324.628
-7.25,5.75,0,6975354.962
-7.25,5.25,0,6968635.611
-7.25,4.75,0,7012969.925
-7.25,4.25,0,7121133.734
-7.25,3.75,0,7540214.171
-7.25,3.25,0,7187450.242
-7.25,2.75,0,7343002.373
-7.25,2.25,0,7063355.016
-7.25,1.75,0,7098802.724
-7.25,1.25,0,6660687.723
-7.25,0.75,0,6277308.115
-7.25,0.25,0,4914566.468
-7.25,-0.25,0,2605368.738
-7.25,-0.75,0,1172934.174
-7.25,-1.25,0,497016.6887
-7.25,-1.75,0,38061.04417
-7.25,-2.25,0,-147070.4849
-7.25,-2.75,0,-433202.4073
-7.25,-3.25,0,112215.951
-7.25,-3.75,0,-141076.8933
-7.25,-4.25,0,40084.24564
-7.25,-4.75,0,-59579.4568
-7.25,-5.25,0,132529.7872
-7.25,-5.75,0,59921.45277
-7.25,-6.25,0,232414.2552
-7.25,-6.75,0,37363.9961
-7.25,-7.25,0,84560.43022
-7.25,-7.75,0,-59552.39551
-7.25,-8.25,0,-143703.3276
-7.25,-8.75,0,-270812.9141
-7.25,-9.25,0,-215373.3936
-7.25,-9.75,0,276450.8281
-7.25,-10.25,0,-203892.46
-7.25,-10.75,0,80370.99865
-7.25,-11.25,0,10674.34392
-7.25,-11.75,0,108178.8829
-7.25,-12.25,0,-35306.4645
-7.25,-12.75,0,-43338.52231
-7.25,-13.25,0,98164.92289
-7.25,-13.75,0,-51430.99483
-7.25,-14.25,0,34306.71389
-7.25,-14.75,0,214865.2822
-6.75,14.75,0,881797.4195
-6.75,14.25,0,1167505.465
-6.75,13.75,0,1996166.893
-6.75,13.25,0,3000805.735
-6.75,12.75,0,2558002.567
-6.75,12.25,0,2088188.258
-6.75,11.75,0,1494229.609
-6.75,11.25,0,712536.5179
-6.75,10.75,0,449071.2563
-6.75,10.25,0,433395.1379
-6.75,9.75,0,609566.5969
-6.75,9.25,0,450358.5747
-6.75,8.75,0,397740.0032
-6.75,8.25,0,945710.7973
-6.75,7.75,0,1921165.041
-6.75,7.25,0,5046129.241
-6.75,6.75,0,1.33E+07
-6.75,6.25,0,1.62E+07
-6.75,5.75,0,1.71E+07
-6.75,5.25,0,1.71E+07
-6.75,4.75,0,1.69E+07
-6.75,4.25,0,1.75E+07
-6.75,3.75,0,1.78E+07
-6.75,3.25,0,1.80E+07
-6.75,2.75,0,1.72E+07
-6.75,2.25,0,1.71E+07
-6.75,1.75,0,1.69E+07
-6.75,1.25,0,1.67E+07
-6.75,0.75,0,1.64E+07
-6.75,0.25,0,1.38E+07
-6.75,-0.25,0,4972508.644
-6.75,-0.75,0,1903492.94
-6.75,-1.25,0,768599.1752
-6.75,-1.75,0,31491.70725
-6.75,-2.25,0,-28940.2189
-6.75,-2.75,0,9493.951342
-6.75,-3.25,0,84712.59299
-6.75,-3.75,0,-117734.6549
-6.75,-4.25,0,-184272.2995
-6.75,-4.75,0,-171038.8842
-6.75,-5.25,0,126064.0511
-6.75,-5.75,0,43775.0541
-6.75,-6.25,0,22459.88919
-6.75,-6.75,0,122352.1874
-6.75,-7.25,0,134427.3441
-6.75,-7.75,0,-98442.53385
-6.75,-8.25,0,-270710.8514
-6.75,-8.75,0,-229055.5649
-6.75,-9.25,0,141355.8886
-6.75,-9.75,0,73857.88456
-6.75,-10.25,0,-218891.6086
-6.75,-10.75,0,-65163.30508
-6.75,-11.25,0,-10114.58023
-6.75,-11.75,0,18440.59103
-6.75,-12.25,0,-9785.235112
-6.75,-12.75,0,-130880.2827
-6.75,-13.25,0,172448.7295
-6.75,-13.75,0,-80318.98525
-6.75,-14.25,0,-153039.9393
-6.75,-14.75,0,-316195.2576
-6.25,14.75,0,263988.8127
-6.25,14.25,0,1072260.897
-6.25,13.75,0,812717.6923
-6.25,13.25,0,1342694.15
-6.25,12.75,0,1020110.928
-6.25,12.25,0,1052898.336
-6.25,11.75,0,505779.0652
-6.25,11.25,0,267931.87
-6.25,10.75,0,295782.725
-6.25,10.25,0,203654.6169
-6.25,9.75,0,290959.9883
-6.25,9.25,0,191171.64
-6.25,8.75,0,601601.0844
-6.25,8.25,0,987771.9471
-6.25,7.75,0,2620807.479
-6.25,7.25,0,6427602.933
-6.25,6.75,0,1.64E+07
-6.25,6.25,0,1.89E+07
-6.25,5.75,0,1.81E+07
-6.25,5.25,0,1.77E+07
-6.25,4.75,0,1.77E+07
-6.25,4.25,0,1.86E+07
-6.25,3.75,0,2.05E+07
-6.25,3.25,0,2.08E+07
-6.25,2.75,0,1.88E+07
-6.25,2.25,0,1.78E+07
-6.25,1.75,0,1.76E+07
-6.25,1.25,0,1.82E+07
-6.25,0.75,0,1.89E+07
-6.25,0.25,0,1.65E+07
-6.25,-0.25,0,6386802.625
-6.25,-0.75,0,2506725.111
-6.25,-1.25,0,1015347.128
-6.25,-1.75,0,718206.79
-6.25,-2.25,0,-135507.3983
-6.25,-2.75,0,144639.4879
-6.25,-3.25,0,144730.4513
-6.25,-3.75,0,24012.25436
-6.25,-4.25,0,214671.1575
-6.25,-4.75,0,-120361.1153
-6.25,-5.25,0,10192.09787
-6.25,-5.75,0,214171.5389
-6.25,-6.25,0,-141108.82
-6.25,-6.75,0,197307.3573
-6.25,-7.25,0,-277994.9496
-6.25,-7.75,0,-36397.39168
-6.25,-8.25,0,223893.6999
-6.25,-8.75,0,86179.06474
-6.25,-9.25,0,-1026.724141
-6.25,-9.75,0,40328.27452
-6.25,-10.25,0,-142443.7298
-6.25,-10.75,0,-235097.9039
-6.25,-11.25,0,-327763.4309
-6.25,-11.75,0,94913.45883
-6.25,-12.25,0,-301900.5699
-6.25,-12.75,0,61495.93174
-6.25,-13.25,0,-285282.2466
-6.25,-13.75,0,76953.02867
-6.25,-14.25,0,38922.00435
-6.25,-14.75,0,17159.89295
-5.75,14.75,0,212561.5858
-5.75,14.25,0,516652.3632
-5.75,13.75,0,533787.9051
-5.75,13.25,0,267757.6357
-5.75,12.75,0,376927.5472
-5.75,12.25,0,452867.9374
-5.75,11.75,0,228209.4856
-5.75,11.25,0,366921.5892
-5.75,10.75,0,-60730.92504
-5.75,10.25,0,201690.3858
-5.75,9.75,0,263583.213
-5.75,9.25,0,317096.1357
-5.75,8.75,0,584757.0616
-5.75,8.25,0,989421.0287
-5.75,7.75,0,2996854.683
-5.75,7.25,0,6694464.559
-5.75,6.75,0,1.67E+07
-5.75,6.25,0,1.81E+07
-5.75,5.75,0,1.07E+07
-5.75,5.25,0,8836038.837
-5.75,4.75,0,9361477.187
-5.75,4.25,0,1.14E+07
-5.75,3.75,0,1.93E+07
-5.75,3.25,0,1.94E+07
-5.75,2.75,0,1.16E+07
-5.75,2.25,0,9088918.802
-5.75,1.75,0,8898026.286
-5.75,1.25,0,1.10E+07
-5.75,0.75,0,1.83E+07
-5.75,0.25,0,1.69E+07
-5.75,-0.25,0,6617212.801
-5.75,-0.75,0,2988089.766
-5.75,-1.25,0,1197065.095
-5.75,-1.75,0,521352.2313
-5.75,-2.25,0,163409.0741
-5.75,-2.75,0,-131448.6858
-5.75,-3.25,0,239243.6656
-5.75,-3.75,0,-133450.5708
-5.75,-4.25,0,24431.92395
-5.75,-4.75,0,10609.84132
-5.75,-5.25,0,179895.5471
-5.75,-5.75,0,-40928.74669
-5.75,-6.25,0,-129944.2174
-5.75,-6.75,0,-90210.91326
-5.75,-7.25,0,20287.34058
-5.75,-7.75,0,-30983.2387
-5.75,-8.25,0,-231895.7745
-5.75,-8.75,0,161746.6005
-5.75,-9.25,0,-75651.0133
-5.75,-9.75,0,395754.9782
-5.75,-10.25,0,-2550.304993
-5.75,-10.75,0,-40097.72194
-5.75,-11.25,0,13339.84529
-5.75,-11.75,0,34609.03489
-5.75,-12.25,0,85755.40775
-5.75,-12.75,0,412031.0162
-5.75,-13.25,0,-306089.1554
-5.75,-13.75,0,-161088.3213
-5.75,-14.25,0,-112046.8537
-5.75,-14.75,0,38744.77185
-5.25,14.75,0,105094.1894
-5.25,14.25,0,251751.5703
-5.25,13.75,0,-36192.64398
-5.25,13.25,0,379850.7678
-5.25,12.75,0,236875.4146
-5.25,12.25,0,221070.7924
-5.25,11.75,0,-59501.11882
-5.25,11.25,0,5303.40021
-5.25,10.75,0,106424.3799
-5.25,10.25,0,-34046.28434
-5.25,9.75,0,260918.8754
-5.25,9.25,0,160126.1093
-5.25,8.75,0,434998.4402
-5.25,8.25,0,1324048.528
-5.25,7.75,0,2669961.205
-5.25,7.25,0,7018037.355
-5.25,6.75,0,1.65E+07
-5.25,6.25,0,1.72E+07
-5.25,5.75,0,8928327.352
-5.25,5.25,0,5741996.233
-5.25,4.75,0,5863275.673
-5.25,4.25,0,9050863.029
-5.25,3.75,0,1.81E+07
-5.25,3.25,0,1.86E+07
-5.25,2.75,0,9180949.619
-5.25,2.25,0,5861684.742
-5.25,1.75,0,5971483.759
-5.25,1.25,0,8903709.075
-5.25,0.75,0,1.73E+07
-5.25,0.25,0,1.64E+07
-5.25,-0.25,0,6748178.544
-5.25,-0.75,0,2600567.45
-5.25,-1.25,0,1326673.943
-5.25,-1.75,0,526494.439
-5.25,-2.25,0,403616.3559
-5.25,-2.75,0,-56642.74505
-5.25,-3.25,0,223834.6319
-5.25,-3.75,0,-166413.5751
-5.25,-4.25,0,241903.9933
-5.25,-4.75,0,27504.73461
-5.25,-5.25,0,184513.0954
-5.25,-5.75,0,-227656.3481
-5.25,-6.25,0,132004.2075
-5.25,-6.75,0,-96626.7667
-5.25,-7.25,0,-244457.8962
-5.25,-7.75,0,195859.1996
-5.25,-8.25,0,62724.71321
-5.25,-8.75,0,-26116.33191
-5.25,-9.25,0,34921.57225
-5.25,-9.75,0,-76632.78968
-5.25,-10.25,0,-214206.0757
-5.25,-10.75,0,-331882.6566
-5.25,-11.25,0,-269700.4452
-5.25,-11.75,0,-73906.98522
-5.25,-12.25,0,105276.5989
-5.25,-12.75,0,-16995.07547
-5.25,-13.25,0,20020.15553
-5.25,-13.75,0,-73701.82944
-5.25,-14.25,0,44121.04023
-5.25,-14.75,0,117400.5888
-4.75,14.75,0,-12195.55966
-4.75,14.25,0,-111366.5707
-4.75,13.75,0,171471.2988
-4.75,13.25,0,-13112.71358
-4.75,12.75,0,-262989.6054
-4.75,12.25,0,114701.7685
-4.75,11.75,0,156576.1734
-4.75,11.25,0,162426.2839
-4.75,10.75,0,108794.9825
-4.75,10.25,0,55407.78618
-4.75,9.75,0,140705.1545
-4.75,9.25,0,557296.7391
-4.75,8.75,0,564215.8285
-4.75,8.25,0,1193522.162
-4.75,7.75,0,3028845.012
-4.75,7.25,0,6911040.505
-4.75,6.75,0,1.69E+07
-4.75,6.25,0,1.72E+07
-4.75,5.75,0,7905652.553
-4.75,5.25,0,4961577.309
-4.75,4.75,0,4750883.191
-4.75,4.25,0,7900611.536
-4.75,3.75,0,1.72E+07
-4.75,3.25,0,1.76E+07
-4.75,2.75,0,8432394.931
-4.75,2.25,0,4950218.392
-4.75,1.75,0,4630218.329
-4.75,1.25,0,7663423.219
-4.75,0.75,0,1.68E+07
-4.75,0.25,0,1.65E+07
-4.75,-0.25,0,6582440.461
-4.75,-0.75,0,2553334.868
-4.75,-1.25,0,998561.2917
-4.75,-1.75,0,613875.9889
-4.75,-2.25,0,-85319.65406
-4.75,-2.75,0,175043.6011
-4.75,-3.25,0,103800.1618
-4.75,-3.75,0,-155701.5498
-4.75,-4.25,0,-150146.6873
-4.75,-4.75,0,-97574.59689
-4.75,-5.25,0,-108614.6593
-4.75,-5.75,0,124124.3323
-4.75,-6.25,0,-30994.19728
-4.75,-6.75,0,-141264.7702
-4.75,-7.25,0,72840.37758
-4.75,-7.75,0,148834.2887
-4.75,-8.25,0,-274828.841
-4.75,-8.75,0,186314.4228
-4.75,-9.25,0,-163572.313
-4.75,-9.75,0,-306605.1878
-4.75,-10.25,0,11002.68708
-4.75,-10.75,0,177124.4412
-4.75,-11.25,0,191880.4899
-4.75,-11.75,0,-61986.87144
-4.75,-12.25,0,107974.0092
-4.75,-12.75,0,-20042.60478
-4.75,-13.25,0,-31314.75823
-4.75,-13.75,0,178145.867
-4.75,-14.25,0,32056.97559
-4.75,-14.75,0,139644.3581
-4.25,14.75,0,148226.6477
-4.25,14.25,0,-50054.88703
-4.25,13.75,0,129925.7534
-4.25,13.25,0,16225.94036
-4.25,12.75,0,-154061.781
-4.25,12.25,0,66551.84038
-4.25,11.75,0,29236.78202
-4.25,11.25,0,-53101.94766
-4.25,10.75,0,53596.42719
-4.25,10.25,0,-76968.94967
-4.25,9.75,0,410560.923
-4.25,9.25,0,-9674.599711
-4.25,8.75,0,295159.413
-4.25,8.25,0,1372883.118
-4.25,7.75,0,2594887.449
-4.25,7.25,0,6552411.988
-4.25,6.75,0,1.61E+07
-4.25,6.25,0,1.67E+07
-4.25,5.75,0,7313530.339
-4.25,5.25,0,4276743.243
-4.25,4.75,0,3925455.574
-4.25,4.25,0,7275311.281
-4.25,3.75,0,1.68E+07
-4.25,3.25,0,1.65E+07
-4.25,2.75,0,7645127.793
-4.25,2.25,0,4284448.437
-4.25,1.75,0,4392590.361
-4.25,1.25,0,7061616.413
-4.25,0.75,0,1.66E+07
-4.25,0.25,0,1.62E+07
-4.25,-0.25,0,6838595.57
-4.25,-0.75,0,2638154.739
-4.25,-1.25,0,970080.7476
-4.25,-1.75,0,398731.3945
-4.25,-2.25,0,133919.4028
-4.25,-2.75,0,30823.00808
-4.25,-3.25,0,-11133.30413
-4.25,-3.75,0,36003.34165
-4.25,-4.25,0,314732.689
-4.25,-4.75,0,-151282.0739
-4.25,-5.25,0,-126265.0622
-4.25,-5.75,0,254472.0979
-4.25,-6.25,0,368135.8019
-4.25,-6.75,0,-132066.7476
-4.25,-7.25,0,-314691.7136
-4.25,-7.75,0,66750.64042
-4.25,-8.25,0,-118793.6563
-4.25,-8.75,0,-17872.89075
-4.25,-9.25,0,-19454.57431
-4.25,-9.75,0,48260.03608
-4.25,-10.25,0,-206883.6376
-4.25,-10.75,0,36392.44342
-4.25,-11.25,0,-66054.56658
-4.25,-11.75,0,-234311.2235
-4.25,-12.25,0,-22676.11643
-4.25,-12.75,0,-164892.7604
-4.25,-13.25,0,448470.1463
-4.25,-13.75,0,5122.332973
-4.25,-14.25,0,-21372.11147
-4.25,-14.75,0,-48475.94926
-3.75,14.75,0,33637.86108
-3.75,14.25,0,223631.6625
-3.75,13.75,0,-193969.5241
-3.75,13.25,0,-100527.3119
-3.75,12.75,0,176939.687
-3.75,12.25,0,90335.92106
-3.75,11.75,0,-14441.70147
-3.75,11.25,0,230360.6739
-3.75,10.75,0,10182.27647
-3.75,10.25,0,196732.5069
-3.75,9.75,0,99446.53141
-3.75,9.25,0,502080.2731
-3.75,8.75,0,624285.3803
-3.75,8.25,0,1222934.987
-3.75,7.75,0,2426378.561
-3.75,7.25,0,6310241
-3.75,6.75,0,1.60E+07
-3.75,6.25,0,1.61E+07
-3.75,5.75,0,6783854.371
-3.75,5.25,0,3839712.817
-3.75,4.75,0,3845722.399
-3.75,4.25,0,6692809.441
-3.75,3.75,0,1.61E+07
-3.75,3.25,0,1.65E+07
-3.75,2.75,0,6891982.12
-3.75,2.25,0,3631677.216
-3.75,1.75,0,3725519.142
-3.75,1.25,0,7145035.467
-3.75,0.75,0,1.62E+07
-3.75,0.25,0,1.56E+07
-3.75,-0.25,0,6464864.83
-3.75,-0.75,0,2285781.451
-3.75,-1.25,0,986243.8356
-3.75,-1.75,0,151336.8649
-3.75,-2.25,0,276963.9252
-3.75,-2.75,0,206029.1712
-3.75,-3.25,0,122154.3406
-3.75,-3.75,0,121028.5997
-3.75,-4.25,0,149361.9101
-3.75,-4.75,0,-177551.1781
-3.75,-5.25,0,-129666.8478
-3.75,-5.75,0,-265150.6445
-3.75,-6.25,0,-352177.8369
-3.75,-6.75,0,-184904.2798
-3.75,-7.25,0,-237500.9948
-3.75,-7.75,0,-15747.67703
-3.75,-8.25,0,-76329.09964
-3.75,-8.75,0,56658.38645
-3.75,-9.25,0,-154162.5351
-3.75,-9.75,0,48826.65628
-3.75,-10.25,0,28059.26447
-3.75,-10.75,0,-258972.362
-3.75,-11.25,0,-308451.5197
-3.75,-11.75,0,-366990.9425
-3.75,-12.25,0,-103354.0898
-3.75,-12.75,0,12420.17672
-3.75,-13.25,0,78889.47515
-3.75,-13.75,0,-159185.3594
-3.75,-14.25,0,-73126.06441
-3.75,-14.75,0,-370033.2221
-3.25,14.75,0,320271.2643
-3.25,14.25,0,-100765.1997
-3.25,13.75,0,73403.19847
-3.25,13.25,0,-241049.6984
-3.25,12.75,0,-68319.00278
-3.25,12.25,0,159065.4693
-3.25,11.75,0,-181328.081
-3.25,11.25,0,90186.43631
-3.25,10.75,0,-165342.8747
-3.25,10.25,0,141737.8231
-3.25,9.75,0,163657.8259
-3.25,9.25,0,171626.5877
-3.25,8.75,0,712594.085
-3.25,8.25,0,723903.8506
-3.25,7.75,0,2349931.833
-3.25,7.25,0,6054048.771
-3.25,6.75,0,1.51E+07
-3.25,6.25,0,1.53E+07
-3.25,5.75,0,6179556.001
-3.25,5.25,0,3413585.755
-3.25,4.75,0,2987643.123
-3.25,4.25,0,6029813.542
-3.25,3.75,0,1.51E+07
-3.25,3.25,0,1.49E+07
-3.25,2.75,0,6596143.698
-3.25,2.25,0,3542902.593
-3.25,1.75,0,3177834.25
-3.25,1.25,0,6331954.38
-3.25,0.75,0,1.48E+07
-3.25,0.25,0,1.49E+07
-3.25,-0.25,0,5658427.646
-3.25,-0.75,0,2236841.745
-3.25,-1.25,0,1086548.836
-3.25,-1.75,0,433682.8288
-3.25,-2.25,0,79436.91852
-3.25,-2.75,0,165186.2105
-3.25,-3.25,0,-111414.9384
-3.25,-3.75,0,-1813.213151
-3.25,-4.25,0,205602.1118
-3.25,-4.75,0,-298837.0392
-3.25,-5.25,0,-156814.885
-3.25,-5.75,0,-260722.7178
-3.25,-6.25,0,-344067.234
-3.25,-6.75,0,70669.37521
-3.25,-7.25,0,-141693.2037
-3.25,-7.75,0,-319545.542
-3.25,-8.25,0,-197568.9093
-3.25,-8.75,0,130740.725
-3.25,-9.25,0,87070.80467
-3.25,-9.75,0,9193.726948
-3.25,-10.25,0,-253618.6433
-3.25,-10.75,0,-84256.94945
-3.25,-11.25,0,-152471.4226
-3.25,-11.75,0,209419.9451
-3.25,-12.25,0,-104658.3981
-3.25,-12.75,0,132817.5198
-3.25,-13.25,0,264676.6953
-3.25,-13.75,0,206702.4575
-3.25,-14.25,0,90636.04281
-3.25,-14.75,0,-217139.0048
-2.75,14.75,0,397670.8171
-2.75,14.25,0,-190056.0165
-2.75,13.75,0,-97944.9886
-2.75,13.25,0,3836.823731
-2.75,12.75,0,122219.3315
-2.75,12.25,0,47600.71507
-2.75,11.75,0,-120606.527
-2.75,11.25,0,-147802.2045
-2.75,10.75,0,-220244.1851
-2.75,10.25,0,-27621.75828
-2.75,9.75,0,24528.18144
-2.75,9.25,0,131469.805
-2.75,8.75,0,283866.336
-2.75,8.25,0,844892.4659
-2.75,7.75,0,1720606.896
-2.75,7.25,0,4596026.625
-2.75,6.75,0,1.25E+07
-2.75,6.25,0,1.28E+07
-2.75,5.75,0,4778373.573
-2.75,5.25,0,2693895.312
-2.75,4.75,0,2472110.718
-2.75,4.25,0,4868439.802
-2.75,3.75,0,1.27E+07
-2.75,3.25,0,1.27E+07
-2.75,2.75,0,4751515.354
-2.75,2.25,0,2756532.995
-2.75,1.75,0,2468822.884
-2.75,1.25,0,4776827.079
-2.75,0.75,0,1.24E+07
-2.75,0.25,0,1.24E+07
-2.75,-0.25,0,4388059.183
-2.75,-0.75,0,1392249.355
-2.75,-1.25,0,673432.8319
-2.75,-1.75,0,-257774.4513
-2.75,-2.25,0,-87278.94987
-2.75,-2.75,0,-365110.6529
-2.75,-3.25,0,-164956.6043
-2.75,-3.75,0,-414299.5738
-2.75,-4.25,0,-122616.8229
-2.75,-4.75,0,-369576.7203
-2.75,-5.25,0,-401081.3546
-2.75,-5.75,0,-196394.8069
-2.75,-6.25,0,-276764.3378
-2.75,-6.75,0,-272886.1751
-2.75,-7.25,0,-240587.2845
-2.75,-7.75,0,19763.79571
-2.75,-8.25,0,-154210.1228
-2.75,-8.75,0,-65798.12312
-2.75,-9.25,0,-121278.6644
-2.75,-9.75,0,-42984.19079
-2.75,-10.25,0,-131858.5088
-2.75,-10.75,0,76851.59649
-2.75,-11.25,0,39428.60929
-2.75,-11.75,0,131883.1425
-2.75,-12.25,0,38957.74017
-2.75,-12.75,0,50364.19013
-2.75,-13.25,0,28211.54713
-2.75,-13.75,0,239400.9199
-2.75,-14.25,0,-27598.89927
-2.75,-14.75,0,-72426.68111
-2.25,14.75,0,71548.52347
-2.25,14.25,0,-48880.52898
-2.25,13.75,0,-200564.634
-2.25,13.25,0,-89176.71837
-2.25,12.75,0,-84504.61715
-2.25,12.25,0,76555.29087
-2.25,11.75,0,87232.8686
-2.25,11.25,0,-26633.33091
-2.25,10.75,0,48397.40573
-2.25,10.25,0,-115213.2344
-2.25,9.75,0,37514.00271
-2.25,9.25,0,65380.99811
-2.25,8.75,0,353390.8252
-2.25,8.25,0,659996.7488
-2.25,7.75,0,1012042.98
-2.25,7.25,0,2039663.376
-2.25,6.75,0,4082450.222
-2.25,6.25,0,4252047.851
-2.25,5.75,0,2705038.016
-2.25,5.25,0,1720593.166
-2.25,4.75,0,1793110.388
-2.25,4.25,0,2447380.554
-2.25,3.75,0,3959206.852
-2.25,3.25,0,4165523.054
-2.25,2.75,0,2513459.927
-2.25,2.25,0,1435507.811
-2.25,1.75,0,1714170.865
-2.25,1.25,0,2751595.023
-2.25,0.75,0,3976883.304
-2.25,0.25,0,3931548.796
-2.25,-0.25,0,2166010.452
-2.25,-0.75,0,704317.2199
-2.25,-1.25,0,141823.2528
-2.25,-1.75,0,-100476.8042
-2.25,-2.25,0,-608172.8174
-2.25,-2.75,0,-374081.389
-2.25,-3.25,0,-372633.6655
-2.25,-3.75,0,-601094.4735
-2.25,-4.25,0,-603562.8809
-2.25,-4.75,0,-366099.5359
-2.25,-5.25,0,-488190.5378
-2.25,-5.75,0,-468726.6888
-2.25,-6.25,0,-517520.3628
-2.25,-6.75,0,-558181.7906
-2.25,-7.25,0,-412148.7751
-2.25,-7.75,0,-179271.767
-2.25,-8.25,0,-301393.5346
-2.25,-8.75,0,-97239.23322
-2.25,-9.25,0,-166134.9431
-2.25,-9.75,0,-236817.5876
-2.25,-10.25,0,242807.3552
-2.25,-10.75,0,130074.8104
-2.25,-11.25,0,-35561.09171
-2.25,-11.75,0,178507.6624
-2.25,-12.25,0,11978.90821
-2.25,-12.75,0,73000.14812
-2.25,-13.25,0,65494.41515
-2.25,-13.75,0,43526.53532
-2.25,-14.25,0,-6280.153926
-2.25,-14.75,0,-19152.52256
-1.75,14.75,0,-89909.93675
-1.75,14.25,0,196778.3793
-1.75,13.75,0,-40932.55887
-1.75,13.25,0,-3382.35498
-1.75,12.75,0,-166487.4159
-1.75,12.25,0,6788.963355
-1.75,11.75,0,238064.9882
-1.75,11.25,0,-170357.7299
-1.75,10.75,0,121828.3914
-1.75,10.25,0,-212270.0604
-1.75,9.75,0,121282.2421
-1.75,9.25,0,318634.5443
-1.75,8.75,0,176584.9076
-1.75,8.25,0,130743.8149
-1.75,7.75,0,864750.9677
-1.75,7.25,0,854233.5519
-1.75,6.75,0,1295802.271
-1.75,6.25,0,1511259.901
-1.75,5.75,0,1195989.664
-1.75,5.25,0,888318.8684
-1.75,4.75,0,951333.5423
-1.75,4.25,0,1244336.106
-1.75,3.75,0,1463928.564
-1.75,3.25,0,1526745.605
-1.75,2.75,0,1098149.836
-1.75,2.25,0,806440.8108
-1.75,1.75,0,800603.7613
-1.75,1.25,0,1120935.123
-1.75,0.75,0,1190544.987
-1.75,0.25,0,1089286.925
-1.75,-0.25,0,615583.9038
-1.75,-0.75,0,50224.74107
-1.75,-1.25,0,-588727.7103
-1.75,-1.75,0,-935875.1698
-1.75,-2.25,0,-1249800.546
-1.75,-2.75,0,-1503276.955
-1.75,-3.25,0,-1402532.295
-1.75,-3.75,0,-1406449.882
-1.75,-4.25,0,-1080561.01
-1.75,-4.75,0,-1122286.84
-1.75,-5.25,0,-1179987.308
-1.75,-5.75,0,-1013243.051
-1.75,-6.25,0,-1107103.191
-1.75,-6.75,0,-1061217.412
-1.75,-7.25,0,-628078.2574
-1.75,-7.75,0,-629044.0968
-1.75,-8.25,0,-436099.4217
-1.75,-8.75,0,-84720.54167
-1.75,-9.25,0,-177659.8071
-1.75,-9.75,0,-205882.1268
-1.75,-10.25,0,-143676.8305
-1.75,-10.75,0,-109537.4535
-1.75,-11.25,0,-219821.5672
-1.75,-11.75,0,-118769.6224
-1.75,-12.25,0,81407.53496
-1.75,-12.75,0,338635.3534
-1.75,-13.25,0,-94366.59517
-1.75,-13.75,0,89671.79564
-1.75,-14.25,0,270323.1105
-1.75,-14.75,0,-21597.19584
-1.25,14.75,0,-38867.66153
-1.25,14.25,0,43132.0516
-1.25,13.75,0,37563.90148
-1.25,13.25,0,-126654.8516
-1.25,12.75,0,19381.14323
-1.25,12.25,0,-91764.13649
-1.25,11.75,0,-170570.7637
-1.25,11.25,0,21626.07332
-1.25,10.75,0,147097.4218
-1.25,10.25,0,105832.991
-1.25,9.75,0,24447.18602
-1.25,9.25,0,158484.9644
-1.25,8.75,0,262024.8866
-1.25,8.25,0,148932.2013
-1.25,7.75,0,241263.0388
-1.25,7.25,0,557544.507
-1.25,6.75,0,566299.4567
-1.25,6.25,0,883251.187
-1.25,5.75,0,324007.0985
-1.25,5.25,0,222769.9127
-1.25,4.75,0,294821.9332
-1.25,4.25,0,556034.7572
-1.25,3.75,0,604136.5859
-1.25,3.25,0,573953.5438
-1.25,2.75,0,674771.5377
-1.25,2.25,0,421437.4003
-1.25,1.75,0,498467.8378
-1.25,1.25,0,697614.1597
-1.25,0.75,0,601462.2311
-1.25,0.25,0,129301.3474
-1.25,-0.25,0,86488.28549
-1.25,-0.75,0,-832496.4473
-1.25,-1.25,0,-1786933.797
-1.25,-1.75,0,-2612805.131
-1.25,-2.25,0,-2521483.984
-1.25,-2.75,0,-2956897.53
-1.25,-3.25,0,-2985611.954
-1.25,-3.75,0,-2930586.848
-1.25,-4.25,0,-2871734.833
-1.25,-4.75,0,-2482069.637
-1.25,-5.25,0,-2594062.428
-1.25,-5.75,0,-2734306.716
-1.25,-6.25,0,-2331843.118
-1.25,-6.75,0,-2307931.513
-1.25,-7.25,0,-1913856.768
-1.25,-7.75,0,-1177519.525
-1.25,-8.25,0,-686538.5479
-1.25,-8.75,0,-308444.4407
-1.25,-9.25,0,-147460.3369
-1.25,-9.75,0,67206.19592
-1.25,-10.25,0,-139210.4416
-1.25,-10.75,0,144179.2082
-1.25,-11.25,0,-54019.29245
-1.25,-11.75,0,77531.9999
-1.25,-12.25,0,287079.0996
-1.25,-12.75,0,19813.72873
-1.25,-13.25,0,76352.39003
-1.25,-13.75,0,-113733.1059
-1.25,-14.25,0,26338.70276
-1.25,-14.75,0,-144783.2773
-0.75,14.75,0,-8596.196694
-0.75,14.25,0,-102229.7131
-0.75,13.75,0,18430.83772
-0.75,13.25,0,-136219.4917
-0.75,12.75,0,135783.191
-0.75,12.25,0,42368.82928
-0.75,11.75,0,-200242.259
-0.75,11.25,0,-305656.0211
-0.75,10.75,0,-232417.2486
-0.75,10.25,0,-139011.9712
-0.75,9.75,0,13031.37251
-0.75,9.25,0,88100.08288
-0.75,8.75,0,-139182.8212
-0.75,8.25,0,-194424.6652
-0.75,7.75,0,59436.58056
-0.75,7.25,0,-74985.19636
-0.75,6.75,0,198997.6707
-0.75,6.25,0,67839.84761
-0.75,5.75,0,304753.111
-0.75,5.25,0,119840.4783
-0.75,4.75,0,232385.6686
-0.75,4.25,0,91341.71192
-0.75,3.75,0,535875.8643
-0.75,3.25,0,274221.1736
-0.75,2.75,0,191502.934
-0.75,2.25,0,-8577.662698
-0.75,1.75,0,223620.1132
-0.75,1.25,0,-49336.63229
-0.75,0.75,0,-186147.4069
-0.75,0.25,0,-433510.8014
-0.75,-0.25,0,-1165276.118
-0.75,-0.75,0,-2610924.911
-0.75,-1.25,0,-4713203.02
-0.75,-1.75,0,-6246550.023
-0.75,-2.25,0,-6794122.86
-0.75,-2.75,0,-7717949.003
-0.75,-3.25,0,-7137771.679
-0.75,-3.75,0,-7172257.506
-0.75,-4.25,0,-6966356.585
-0.75,-4.75,0,-6740817.228
-0.75,-5.25,0,-6864045.951
-0.75,-5.75,0,-6770491.96
-0.75,-6.25,0,-6361962.968
-0.75,-6.75,0,-5976900.174
-0.75,-7.25,0,-4201231.916
-0.75,-7.75,0,-2178055.867
-0.75,-8.25,0,-641488.5511
-0.75,-8.75,0,-349777.741
-0.75,-9.25,0,-158648.4615
-0.75,-9.75,0,111159.1327
-0.75,-10.25,0,-15193.00541
-0.75,-10.75,0,-19071.74695
-0.75,-11.25,0,-155482.5388
-0.75,-11.75,0,-125002.5927
-0.75,-12.25,0,-7765.907676
-0.75,-12.75,0,102189.3817
-0.75,-13.25,0,150963.0211
-0.75,-13.75,0,-108139.4066
-0.75,-14.25,0,-85437.26035
-0.75,-14.75,0,-161977.3408
-0.25,14.75,0,-179669.989
-0.25,14.25,0,53814.91118
-0.25,13.75,0,-43108.16911
-0.25,13.25,0,211596.1181
-0.25,12.75,0,-66738.34881
-0.25,12.25,0,137947.5343
-0.25,11.75,0,-79536.007
-0.25,11.25,0,72234.21112
-0.25,10.75,0,195650.5012
-0.25,10.25,0,-24552.75871
-0.25,9.75,0,42756.98657
-0.25,9.25,0,-398063.5113
-0.25,8.75,0,-47582.69294
-0.25,8.25,0,73755.33223
-0.25,7.75,0,80724.69216
-0.25,7.25,0,346315.2647
-0.25,6.75,0,155103.8515
-0.25,6.25,0,107636.1941
-0.25,5.75,0,188962.4124
-0.25,5.25,0,-99842.16529
-0.25,4.75,0,30856.87236
-0.25,4.25,0,187818.5849
-0.25,3.75,0,77635.00065
-0.25,3.25,0,-265204.8717
-0.25,2.75,0,212698.8252
-0.25,2.25,0,-137008.4352
-0.25,1.75,0,-156410.9981
-0.25,1.25,0,32644.07242
-0.25,0.75,0,-258357.061
-0.25,0.25,0,-794166.6513
-0.25,-0.25,0,-2008072.661
-0.25,-0.75,0,-4890534.292
-0.25,-1.25,0,-1.41E+07
-0.25,-1.75,0,-1.66E+07
-0.25,-2.25,0,-1.75E+07
-0.25,-2.75,0,-1.77E+07
-0.25,-3.25,0,-1.72E+07
-0.25,-3.75,0,-1.63E+07
-0.25,-4.25,0,-1.68E+07
-0.25,-4.75,0,-1.65E+07
-0.25,-5.25,0,-1.62E+07
-0.25,-5.75,0,-1.62E+07
-0.25,-6.25,0,-1.59E+07
-0.25,-6.75,0,-1.51E+07
-0.25,-7.25,0,-1.24E+07
-0.25,-7.75,0,-3911927.047
-0.25,-8.25,0,-1349063.158
-0.25,-8.75,0,-371939.8079
-0.25,-9.25,0,-248859.2058
-0.25,-9.75,0,31946.13888
-0.25,-10.25,0,-123915.0836
-0.25,-10.75,0,115414.0464
-0.25,-11.25,0,-192829.9067
-0.25,-11.75,0,-75269.43418
-0.25,-12.25,0,-81706.71736
-0.25,-12.75,0,281237.6918
-0.25,-13.25,0,-162048.0892
-0.25,-13.75,0,-200666.3073
-0.25,-14.25,0,29436.39527
-0.25,-14.75,0,-215349.976
0.25,14.75,0,-150241.7797
0.25,14.25,0,80706.62639
0.25,13.75,0,47746.28517
0.25,13.25,0,212183.2568
0.25,12.75,0,60579.87943
0.25,12.25,0,225941.0727
0.25,11.75,0,126110.8327
0.25,11.25,0,256561.4139
0.25,10.75,0,21739.11241
0.25,10.25,0,-324713.4661
0.25,9.75,0,-96875.61674
0.25,9.25,0,-31412.46728
0.25,8.75,0,43037.07133
0.25,8.25,0,-52957.00736
0.25,7.75,0,112308.3041
0.25,7.25,0,76009.32957
0.25,6.75,0,349816.0531
0.25,6.25,0,-153147.6434
0.25,5.75,0,49165.48252
0.25,5.25,0,-9465.686891
0.25,4.75,0,247019.053
0.25,4.25,0,133634.2365
0.25,3.75,0,176157.1242
0.25,3.25,0,29094.73554
0.25,2.75,0,181199.6807
0.25,2.25,0,259319.4024
0.25,1.75,0,-128702.5643
0.25,1.25,0,-249942.2889
0.25,0.75,0,-310033.3856
0.25,0.25,0,-946053.0687
0.25,-0.25,0,-1925912.403
0.25,-0.75,0,-5921371.496
0.25,-1.25,0,-1.65E+07
0.25,-1.75,0,-2.00E+07
0.25,-2.25,0,-2.07E+07
0.25,-2.75,0,-1.96E+07
0.25,-3.25,0,-1.81E+07
0.25,-3.75,0,-1.78E+07
0.25,-4.25,0,-1.71E+07
0.25,-4.75,0,-1.67E+07
0.25,-5.25,0,-1.68E+07
0.25,-5.75,0,-1.65E+07
0.25,-6.25,0,-1.60E+07
0.25,-6.75,0,-1.51E+07
0.25,-7.25,0,-1.24E+07
0.25,-7.75,0,-4005323.529
0.25,-8.25,0,-1422865.477
0.25,-8.75,0,-727598.1618
0.25,-9.25,0,-260166.9273
0.25,-9.75,0,-108263.8089
0.25,-10.25,0,50082.34433
0.25,-10.75,0,103132.1436
0.25,-11.25,0,24694.93156
0.25,-11.75,0,-131467.9437
0.25,-12.25,0,-220038.1718
0.25,-12.75,0,11987.07503
0.25,-13.25,0,-37020.26809
0.25,-13.75,0,17042.92377
0.25,-14.25,0,-383674.5617
0.25,-14.75,0,68814.83637
0.75,14.75,0,62049.46776
0.75,14.25,0,-7887.510798
0.75,13.75,0,-59360.63383
0.75,13.25,0,94788.31488
0.75,12.75,0,35273.76518
0.75,12.25,0,-112089.1805
0.75,11.75,0,2220.830122
0.75,11.25,0,-149450.4043
0.75,10.75,0,-121373.1431
0.75,10.25,0,241534.0348
0.75,9.75,0,-290853.3587
0.75,9.25,0,-187551.1862
0.75,8.75,0,422670.5495
0.75,8.25,0,24506.85764
0.75,7.75,0,75410.48039
0.75,7.25,0,229823.716
0.75,6.75,0,-285454.0921
0.75,6.25,0,297390.2739
0.75,5.75,0,188090.4637
0.75,5.25,0,-142635.372
0.75,4.75,0,-20936.25153
0.75,4.25,0,90440.84677
0.75,3.75,0,-115034.4353
0.75,3.25,0,-82879.36158
0.75,2.75,0,-71445.8927
0.75,2.25,0,-30359.80122
0.75,1.75,0,-147170.8347
0.75,1.25,0,-39338.82479
0.75,0.75,0,-323107.0307
0.75,0.25,0,-608767.2609
0.75,-0.25,0,-2143994.568
0.75,-0.75,0,-5218626.864
0.75,-1.25,0,-1.49E+07
0.75,-1.75,0,-1.95E+07
0.75,-2.25,0,-2.00E+07
0.75,-2.75,0,-1.37E+07
0.75,-3.25,0,-1.11E+07
0.75,-3.75,0,-9397597.238
0.75,-4.25,0,-8632655.997
0.75,-4.75,0,-7972680.289
0.75,-5.25,0,-7472569.599
0.75,-5.75,0,-7243265.36
0.75,-6.25,0,-6729966.164
0.75,-6.75,0,-6293811.361
0.75,-7.25,0,-4453999.163
0.75,-7.75,0,-2569204.595
0.75,-8.25,0,-877072.6587
0.75,-8.75,0,-319296.9915
0.75,-9.25,0,16763.58291
0.75,-9.75,0,-51558.80352
0.75,-10.25,0,183091.4417
0.75,-10.75,0,-29394.40918
0.75,-11.25,0,-34259.38686
0.75,-11.75,0,-71402.50153
0.75,-12.25,0,68531.29334
0.75,-12.75,0,-67813.43577
0.75,-13.25,0,-13158.13643
0.75,-13.75,0,-47310.90025
0.75,-14.25,0,-49093.16837
0.75,-14.75,0,-366002.8977
1.25,14.75,0,-24915.85879
1.25,14.25,0,-262477.8335
1.25,13.75,0,53301.98357
1.25,13.25,0,117439.4897
1.25,12.75,0,-108901.8972
1.25,12.25,0,108956.9868
1.25,11.75,0,67455.01434
1.25,11.25,0,2260.01963
1.25,10.75,0,276216.041
1.25,10.25,0,121979.7593
1.25,9.75,0,-3570.028033
1.25,9.25,0,112207.3828
1.25,8.75,0,105194.4147
1.25,8.25,0,268986.4357
1.25,7.75,0,-212272.4666
1.25,7.25,0,121897.998
1.25,6.75,0,40559.85549
1.25,6.25,0,-132699.0736
1.25,5.75,0,-250804.6505
1.25,5.25,0,-130186.9208
1.25,4.75,0,-5361.527337
1.25,4.25,0,73439.25203
1.25,3.75,0,113872.6716
1.25,3.25,0,-44651.81698
1.25,2.75,0,-38187.0849
1.25,2.25,0,88782.95425
1.25,1.75,0,79060.91192
1.25,1.25,0,60040.14837
1.25,0.75,0,-599663.5182
1.25,0.25,0,-881865.7342
1.25,-0.25,0,-1528089.055
1.25,-0.75,0,-3434406.706
1.25,-1.25,0,-7950256.05
1.25,-1.75,0,-1.63E+07
1.25,-2.25,0,-1.93E+07
1.25,-2.75,0,-1.78E+07
1.25,-3.25,0,-1.11E+07
1.25,-3.75,0,-8662528.605
1.25,-4.25,0,-7020970.858
1.25,-4.75,0,-5195102.946
1.25,-5.25,0,-4897356.62
1.25,-5.75,0,-3874448.73
1.25,-6.25,0,-3307398.847
1.25,-6.75,0,-2914654.583
1.25,-7.25,0,-2136074.104
1.25,-7.75,0,-1459922.876
1.25,-8.25,0,-623610.5556
1.25,-8.75,0,-328991.8249
1.25,-9.25,0,-151021.1186
1.25,-9.75,0,46412.21914
1.25,-10.25,0,-55500.94235
1.25,-10.75,0,168363.5668
1.25,-11.25,0,-13606.97492
1.25,-11.75,0,103615.6551
1.25,-12.25,0,8584.050627
1.25,-12.75,0,77572.41395
1.25,-13.25,0,23669.32645
1.25,-13.75,0,83641.45881
1.25,-14.25,0,-83815.87612
1.25,-14.75,0,151961.9742
1.75,14.75,0,-42037.00204
1.75,14.25,0,63011.84741
1.75,13.75,0,-175918.7646
1.75,13.25,0,217933.8674
1.75,12.75,0,133402.3073
1.75,12.25,0,-46805.58919
1.75,11.75,0,-138990.8063
1.75,11.25,0,-59119.28095
1.75,10.75,0,60257.69537
1.75,10.25,0,67796.84955
1.75,9.75,0,106682.4402
1.75,9.25,0,-85566.26323
1.75,8.75,0,8040.192393
1.75,8.25,0,-24247.38387
1.75,7.75,0,-94005.78613
1.75,7.25,0,134689.7399
1.75,6.75,0,60355.97482
1.75,6.25,0,-49212.59298
1.75,5.75,0,-58320.94837
1.75,5.25,0,-79.59397881
1.75,4.75,0,-105016.7897
1.75,4.25,0,-136729.847
1.75,3.75,0,-8602.037928
1.75,3.25,0,-62257.84099
1.75,2.75,0,-52323.40466
1.75,2.25,0,50248.06338
1.75,1.75,0,226224.7542
1.75,1.25,0,-240528.1732
1.75,0.75,0,47542.70799
1.75,0.25,0,-504492.6807
1.75,-0.25,0,-1205081.79
1.75,-0.75,0,-2088066.922
1.75,-1.25,0,-4201379.875
1.75,-1.75,0,-8152365.743
1.75,-2.25,0,-1.56E+07
1.75,-2.75,0,-1.74E+07
1.75,-3.25,0,-1.76E+07
1.75,-3.75,0,-1.60E+07
1.75,-4.25,0,-9566147.484
1.75,-4.75,0,-7317201.026
1.75,-5.25,0,-5198249.214
1.75,-5.75,0,-3825013.883
1.75,-6.25,0,-2963730.947
1.75,-6.75,0,-2181476.242
1.75,-7.25,0,-1680505.947
1.75,-7.75,0,-700127.1868
1.75,-8.25,0,-576433.4844
1.75,-8.75,0,-274725.7672
1.75,-9.25,0,31917.88188
1.75,-9.75,0,-251624.241
1.75,-10.25,0,432780.6452
1.75,-10.75,0,-212692.136
1.75,-11.25,0,212807.2955
1.75,-11.75,0,203178.8161
1.75,-12.25,0,-109463.0782
1.75,-12.75,0,-314043.8847
1.75,-13.25,0,-149604.1196
1.75,-13.75,0,14510.80725
1.75,-14.25,0,52079.65431
1.75,-14.75,0,7998.36065
2.25,14.75,0,-63894.81448
2.25,14.25,0,-4371.585285
2.25,13.75,0,283301.1015
2.25,13.25,0,68474.51615
2.25,12.75,0,-32634.14961
2.25,12.25,0,3193.256576
2.25,11.75,0,150422.8292
2.25,11.25,0,-49736.83142
2.25,10.75,0,131544.5134
2.25,10.25,0,-125886.1032
2.25,9.75,0,-111300.2428
2.25,9.25,0,-125234.0915
2.25,8.75,0,-284498.6388
2.25,8.25,0,225360.4476
2.25,7.75,0,195824.4577
2.25,7.25,0,-106077.4245
2.25,6.75,0,84481.3138
2.25,6.25,0,214554.0456
2.25,5.75,0,-132413.1412
2.25,5.25,0,-151782.0557
2.25,4.75,0,-63419.56134
2.25,4.25,0,154442.8715
2.25,3.75,0,44936.82384
2.25,3.25,0,-27682.0969
2.25,2.75,0,164844.3005
2.25,2.25,0,-192061.5709
2.25,1.75,0,-209492.8368
2.25,1.25,0,-93384.55204
2.25,0.75,0,-141501.2781
2.25,0.25,0,-350209.9672
2.25,-0.25,0,-922739.8414
2.25,-0.75,0,-1489385.71
2.25,-1.25,0,-2531856.478
2.25,-1.75,0,-4164342.521
2.25,-2.25,0,-6621485.984
2.25,-2.75,0,-9000205.779
2.25,-3.25,0,-1.57E+07
2.25,-3.75,0,-1.69E+07
2.25,-4.25,0,-1.66E+07
2.25,-4.75,0,-1.55E+07
2.25,-5.25,0,-9168895.607
2.25,-5.75,0,-6733336.802
2.25,-6.25,0,-4742934.207
2.25,-6.75,0,-2892552.357
2.25,-7.25,0,-2223276.585
2.25,-7.75,0,-1273713.652
2.25,-8.25,0,-843821.1941
2.25,-8.75,0,-451172.6381
2.25,-9.25,0,-218672.204
2.25,-9.75,0,62932.79867
2.25,-10.25,0,-113766.9682
2.25,-10.75,0,-30567.51906
2.25,-11.25,0,-39673.72658
2.25,-11.75,0,179288.8351
2.25,-12.25,0,-322701.2342
2.25,-12.75,0,81947.51313
2.25,-13.25,0,3753.988295
2.25,-13.75,0,-242442.0901
2.25,-14.25,0,-20475.07286
2.25,-14.75,0,-60240.12763
2.75,14.75,0,4914.140664
2.75,14.25,0,101180.543
2.75,13.75,0,4385.116858
2.75,13.25,0,109388.9482
2.75,12.75,0,270375.9484
2.75,12.25,0,109420.9096
2.75,11.75,0,-18864.88408
2.75,11.25,0,-111057.3502
2.75,10.75,0,289305.2717
2.75,10.25,0,-59829.58491
2.75,9.75,0,164891.1463
2.75,9.25,0,134553.6798
2.75,8.75,0,106479.9266
2.75,8.25,0,61664.22206
2.75,7.75,0,-88744.39757
2.75,7.25,0,121467.8834
2.75,6.75,0,-17305.60793
2.75,6.25,0,3888.058943
2.75,5.75,0,-4290.137436
2.75,5.25,0,-70349.49955
2.75,4.75,0,-186509.947
2.75,4.25,0,-65692.23342
2.75,3.75,0,193297.0425
2.75,3.25,0,311289.0109
2.75,2.75,0,-14822.13478
2.75,2.25,0,80000.32093
2.75,1.75,0,25689.43339
2.75,1.25,0,-348460.995
2.75,0.75,0,-151399.6083
2.75,0.25,0,-500938.6098
2.75,-0.25,0,-919568.5492
2.75,-0.75,0,-1279311.464
2.75,-1.25,0,-1605860.46
2.75,-1.75,0,-2749654.796
2.75,-2.25,0,-3992321.529
2.75,-2.75,0,-5057190.025
2.75,-3.25,0,-7272258.672
2.75,-3.75,0,-9407403.426
2.75,-4.25,0,-1.58E+07
2.75,-4.75,0,-1.70E+07
2.75,-5.25,0,-1.71E+07
2.75,-5.75,0,-1.59E+07
2.75,-6.25,0,-9011047.121
2.75,-6.75,0,-6486055.714
2.75,-7.25,0,-3857412.312
2.75,-7.75,0,-2023157.177
2.75,-8.25,0,-1014501.157
2.75,-8.75,0,-756501.0608
2.75,-9.25,0,-197966.8183
2.75,-9.75,0,-135669.6568
2.75,-10.25,0,39689.03559
2.75,-10.75,0,100690.5364
2.75,-11.25,0,-227460.3128
2.75,-11.75,0,85020.5321
2.75,-12.25,0,12747.05476
2.75,-12.75,0,192929.8727
2.75,-13.25,0,16572.78806
2.75,-13.75,0,-134331.8535
2.75,-14.25,0,-352746.8793
2.75,-14.75,0,-218085.8699
3.25,14.75,0,-181252.2276
3.25,14.25,0,28296.40753
3.25,13.75,0,-209611.9863
3.25,13.25,0,-218818.0411
3.25,12.75,0,22674.69443
3.25,12.25,0,299488.3902
3.25,11.75,0,-136151.8128
3.25,11.25,0,-250612.3941
3.25,10.75,0,-364284.1377
3.25,10.25,0,-139014.7689
3.25,9.75,0,85059.56745
3.25,9.25,0,-27067.29
3.25,8.75,0,3566.767517
3.25,8.25,0,106680.1203
3.25,7.75,0,230174.4918
3.25,7.25,0,-302403.3981
3.25,6.75,0,-67337.84557
3.25,6.25,0,-114372.5534
3.25,5.75,0,-106440.1164
3.25,5.25,0,-403911.5567
3.25,4.75,0,-205047.7284
3.25,4.25,0,188167.6124
3.25,3.75,0,106387.0889
3.25,3.25,0,10512.65404
3.25,2.75,0,103279.6383
3.25,2.25,0,-235078.1666
3.25,1.75,0,-66849.78214
3.25,1.25,0,-149432.8948
3.25,0.75,0,-75271.65626
3.25,0.25,0,-160893.6756
3.25,-0.25,0,-922986.193
3.25,-0.75,0,-1271105.137
3.25,-1.25,0,-2306122.43
3.25,-1.75,0,-2934843.112
3.25,-2.25,0,-3703892.221
3.25,-2.75,0,-4747190.335
3.25,-3.25,0,-5189847.066
3.25,-3.75,0,-6914719.987
3.25,-4.25,0,-8674223.552
3.25,-4.75,0,-1.07E+07
3.25,-5.25,0,-1.74E+07
3.25,-5.75,0,-1.80E+07
3.25,-6.25,0,-1.79E+07
3.25,-6.75,0,-1.55E+07
3.25,-7.25,0,-7480524.321
3.25,-7.75,0,-3570628.566
3.25,-8.25,0,-1476030.907
3.25,-8.75,0,-355353.3144
3.25,-9.25,0,-76667.70599
3.25,-9.75,0,116610.8085
3.25,-10.25,0,4535.269655
3.25,-10.75,0,-156779.299
3.25,-11.25,0,25031.73373
3.25,-11.75,0,80321.15306
3.25,-12.25,0,139510.3874
3.25,-12.75,0,97734.99723
3.25,-13.25,0,-116536.827
3.25,-13.75,0,-230223.6303
3.25,-14.25,0,-254960.8008
3.25,-14.75,0,-157856.7865
3.75,14.75,0,87284.8181
3.75,14.25,0,246697.7594
3.75,13.75,0,-13156.1113
3.75,13.25,0,145780.1807
3.75,12.75,0,-192014.9528
3.75,12.25,0,210368.8812
3.75,11.75,0,12167.64875
3.75,11.25,0,195227.9472
3.75,10.75,0,100074.1705
3.75,10.25,0,-101391.759
3.75,9.75,0,-152850.9902
3.75,9.25,0,-362368.8902
3.75,8.75,0,-17955.39588
3.75,8.25,0,-23336.12681
3.75,7.75,0,-61943.54118
3.75,7.25,0,143748.2435
3.75,6.75,0,-1774.754711
3.75,6.25,0,108325.2762
3.75,5.75,0,119590.1759
3.75,5.25,0,42567.17233
3.75,4.75,0,-139272.4349
3.75,4.25,0,89489.4305
3.75,3.75,0,-68530.34692
3.75,3.25,0,-231592.4883
3.75,2.75,0,144076.1056
3.75,2.25,0,364238.1448
3.75,1.75,0,-169755.8095
3.75,1.25,0,-96339.08825
3.75,0.75,0,-27107.61397
3.75,0.25,0,-829569.8209
3.75,-0.25,0,-1405117.908
3.75,-0.75,0,-2494427.714
3.75,-1.25,0,-4550629.337
3.75,-1.75,0,-5626068.563
3.75,-2.25,0,-6401065.421
3.75,-2.75,0,-7263082.858
3.75,-3.25,0,-7836366.812
3.75,-3.75,0,-8617906.46
3.75,-4.25,0,-9589575.069
3.75,-4.75,0,-1.05E+07
3.75,-5.25,0,-1.22E+07
3.75,-5.75,0,-1.42E+07
3.75,-6.25,0,-1.96E+07
3.75,-6.75,0,-1.94E+07
3.75,-7.25,0,-1.47E+07
3.75,-7.75,0,-5102565.495
3.75,-8.25,0,-1916830.224
3.75,-8.75,0,-1092898.915
3.75,-9.25,0,-271103.505
3.75,-9.75,0,-94703.31853
3.75,-10.25,0,-223251.8858
3.75,-10.75,0,-16771.72607
3.75,-11.25,0,11360.38067
3.75,-11.75,0,35139.8402
3.75,-12.25,0,67068.78931
3.75,-12.75,0,140711.8765
3.75,-13.25,0,-28921.8392
3.75,-13.75,0,40257.12912
3.75,-14.25,0,-56906.64741
3.75,-14.75,0,62165.7946
4.25,14.75,0,-86694.5838
4.25,14.25,0,168757.4141
4.25,13.75,0,-189280.8886
4.25,13.25,0,139593.0852
4.25,12.75,0,-21414.19533
4.25,12.25,0,48605.91362
4.25,11.75,0,-53707.91556
4.25,11.25,0,-19877.38051
4.25,10.75,0,49719.0754
4.25,10.25,0,136324.0572
4.25,9.75,0,139076.6232
4.25,9.25,0,55296.15241
4.25,8.75,0,197007.1905
4.25,8.25,0,58783.88814
4.25,7.75,0,191639.8459
4.25,7.25,0,298021.7927
4.25,6.75,0,-185074.5189
4.25,6.25,0,-177083.054
4.25,5.75,0,196176.197
4.25,5.25,0,-23874.94777
4.25,4.75,0,74661.30098
4.25,4.25,0,245046.6293
4.25,3.75,0,-101954.7473
4.25,3.25,0,-156563.3686
4.25,2.75,0,5506.851566
4.25,2.25,0,9696.961566
4.25,1.75,0,37268.83662
4.25,1.25,0,-24295.28829
4.25,0.75,0,-464718.9802
4.25,0.25,0,-605047.8984
4.25,-0.25,0,-1476937.555
4.25,-0.75,0,-4384944.107
4.25,-1.25,0,-1.28E+07
4.25,-1.75,0,-1.51E+07
4.25,-2.25,0,-1.64E+07
4.25,-2.75,0,-1.65E+07
4.25,-3.25,0,-1.72E+07
4.25,-3.75,0,-1.72E+07
4.25,-4.25,0,-1.75E+07
4.25,-4.75,0,-1.80E+07
4.25,-5.25,0,-1.89E+07
4.25,-5.75,0,-1.98E+07
4.25,-6.25,0,-2.05E+07
4.25,-6.75,0,-2.00E+07
4.25,-7.25,0,-1.62E+07
4.25,-7.75,0,-5712373.167
4.25,-8.25,0,-1938870.317
4.25,-8.75,0,-1099839.21
4.25,-9.25,0,-541804.6564
4.25,-9.75,0,-245232.1281
4.25,-10.25,0,-66855.2858
4.25,-10.75,0,75725.06156
4.25,-11.25,0,-28148.57264
4.25,-11.75,0,-174453.6378
4.25,-12.25,0,58214.76308
4.25,-12.75,0,1137.971369
4.25,-13.25,0,-108524.749
4.25,-13.75,0,12607.16051
4.25,-14.25,0,-59372.10845
4.25,-14.75,0,160281.8868
4.75,14.75,0,-32878.06347
4.75,14.25,0,202089.8065
4.75,13.75,0,187731.9936
4.75,13.25,0,-83041.80272
4.75,12.75,0,107130.1491
4.75,12.25,0,141223.1676
4.75,11.75,0,257167.3503
4.75,11.25,0,-203571.1702
4.75,10.75,0,-126578.2076
4.75,10.25,0,25275.87626
4.75,9.75,0,-371553.3015
4.75,9.25,0,-239692.1072
4.75,8.75,0,-283943.1399
4.75,8.25,0,109905.572
4.75,7.75,0,-98947.09766
4.75,7.25,0,471429.6676
4.75,6.75,0,127450.2229
4.75,6.25,0,127940.8078
4.75,5.75,0,-25138.32634
4.75,5.25,0,-49211.77115
4.75,4.75,0,127658.3792
4.75,4.25,0,184602.1295
4.75,3.75,0,227572.8073
4.75,3.25,0,212366.0532
4.75,2.75,0,163410.7207
4.75,2.25,0,-22563.48173
4.75,1.75,0,-46748.28886
4.75,1.25,0,-236935.7566
4.75,0.75,0,-252902.7973
4.75,0.25,0,-498397.0511
4.75,-0.25,0,-1619632.025
4.75,-0.75,0,-4103059.312
4.75,-1.25,0,-1.26E+07
4.75,-1.75,0,-1.50E+07
4.75,-2.25,0,-1.59E+07
4.75,-2.75,0,-1.64E+07
4.75,-3.25,0,-1.69E+07
4.75,-3.75,0,-1.70E+07
4.75,-4.25,0,-1.71E+07
4.75,-4.75,0,-1.72E+07
4.75,-5.25,0,-1.75E+07
4.75,-5.75,0,-1.80E+07
4.75,-6.25,0,-1.78E+07
4.75,-6.75,0,-1.70E+07
4.75,-7.25,0,-1.37E+07
4.75,-7.75,0,-4988564.684
4.75,-8.25,0,-1886536.473
4.75,-8.75,0,-1187938.077
4.75,-9.25,0,-652629.7467
4.75,-9.75,0,-585044.163
4.75,-10.25,0,-282672.8689
4.75,-10.75,0,-389767.6769
4.75,-11.25,0,-125720.4459
4.75,-11.75,0,-496525.5981
4.75,-12.25,0,-202300.4719
4.75,-12.75,0,-535625.9646
4.75,-13.25,0,-316818.6834
4.75,-13.75,0,-169430.1145
4.75,-14.25,0,-89740.89408
4.75,-14.75,0,-130346.4179
5.25,14.75,0,-269998.7467
5.25,14.25,0,77083.09428
5.25,13.75,0,126882.2171
5.25,13.25,0,-124760.4619
5.25,12.75,0,159832.3754
5.25,12.25,0,-88175.9984
5.25,11.75,0,-133068.7904
5.25,11.25,0,29392.0039
5.25,10.75,0,103154.181
5.25,10.25,0,72611.38998
5.25,9.75,0,46763.41362
5.25,9.25,0,92898.32293
5.25,8.75,0,-48749.75188
5.25,8.25,0,107780.6983
5.25,7.75,0,97720.71872
5.25,7.25,0,-244981.3953
5.25,6.75,0,-90929.438
5.25,6.25,0,148235.6294
5.25,5.75,0,-56819.18191
5.25,5.25,0,-96836.81324
5.25,4.75,0,-40613.42809
5.25,4.25,0,145149.2041
5.25,3.75,0,-198704.6178
5.25,3.25,0,119423.7073
5.25,2.75,0,118484.634
5.25,2.25,0,63879.57429
5.25,1.75,0,-138812.0299
5.25,1.25,0,-260666.8534
5.25,0.75,0,-47983.42556
5.25,0.25,0,-375346.3513
5.25,-0.25,0,-993353.2578
5.25,-0.75,0,-2305074.856
5.25,-1.25,0,-4445012.123
5.25,-1.75,0,-5752950.347
5.25,-2.25,0,-6192052.891
5.25,-2.75,0,-6555907.752
5.25,-3.25,0,-6804219.698
5.25,-3.75,0,-6734175.833
5.25,-4.25,0,-6777791.201
5.25,-4.75,0,-7089664.237
5.25,-5.25,0,-7042861.854
5.25,-5.75,0,-7495523.725
5.25,-6.25,0,-7001213.191
5.25,-6.75,0,-6774013.322
5.25,-7.25,0,-5437641.279
5.25,-7.75,0,-2905715.246
5.25,-8.25,0,-1722409.551
5.25,-8.75,0,-1375429.137
5.25,-9.25,0,-1065877.931
5.25,-9.75,0,-845100.8044
5.25,-10.25,0,-489017.6472
5.25,-10.75,0,-622569.9008
5.25,-11.25,0,-578513.582
5.25,-11.75,0,-679212.9784
5.25,-12.25,0,-182569.859
5.25,-12.75,0,-472254.9875
5.25,-13.25,0,-502383.6364
5.25,-13.75,0,-275693.1434
5.25,-14.25,0,-522981.6737
5.25,-14.75,0,-363707.0373
5.75,14.75,0,21106.00177
5.75,14.25,0,330819.2212
5.75,13.75,0,48139.28076
5.75,13.25,0,49780.99989
5.75,12.75,0,122517.8799
5.75,12.25,0,163371.0232
5.75,11.75,0,-84024.10277
5.75,11.25,0,56070.45946
5.75,10.75,0,-266118.0783
5.75,10.25,0,74531.77508
5.75,9.75,0,-177784.7173
5.75,9.25,0,-25440.12792
5.75,8.75,0,32369.17573
5.75,8.25,0,-132777.6289
5.75,7.75,0,200471.6401
5.75,7.25,0,-80949.43796
5.75,6.75,0,-99235.02662
5.75,6.25,0,106477.864
5.75,5.75,0,207017.4553
5.75,5.25,0,27761.58247
5.75,4.75,0,-165527.826
5.75,4.25,0,163070.642
5.75,3.75,0,-119621.6547
5.75,3.25,0,-320659.4683
5.75,2.75,0,-161881.6311
5.75,2.25,0,229235.5824
5.75,1.75,0,295037.1908
5.75,1.25,0,-28683.43817
5.75,0.75,0,-122201.3055
5.75,0.25,0,-569930.4441
5.75,-0.25,0,-877394.3249
5.75,-0.75,0,-991283.1041
5.75,-1.25,0,-1779100.045
5.75,-1.75,0,-2384163.375
5.75,-2.25,0,-2660789.264
5.75,-2.75,0,-2815662.626
5.75,-3.25,0,-2872902.961
5.75,-3.75,0,-3067097.724
5.75,-4.25,0,-2917200.786
5.75,-4.75,0,-2974991.496
5.75,-5.25,0,-2963007.022
5.75,-5.75,0,-3231241.925
5.75,-6.25,0,-2870879.085
5.75,-6.75,0,-3005886.422
5.75,-7.25,0,-2521021.389
5.75,-7.75,0,-2150786.761
5.75,-8.25,0,-1390939.581
5.75,-8.75,0,-1488549.55
5.75,-9.25,0,-1146235.111
5.75,-9.75,0,-1280387.279
5.75,-10.25,0,-1041936.763
5.75,-10.75,0,-1001158.496
5.75,-11.25,0,-1183223.075
5.75,-11.75,0,-1174675.34
5.75,-12.25,0,-1158467.415
5.75,-12.75,0,-996167.9543
5.75,-13.25,0,-891895.8111
5.75,-13.75,0,-958382.1881
5.75,-14.25,0,-565057.5047
5.75,-14.75,0,-414669.82
6.25,14.75,0,-113053.197
6.25,14.25,0,-98655.8499
6.25,13.75,0,-94158.15934
6.25,13.25,0,-5749.934562
6.25,12.75,0,-128279.7102
6.25,12.25,0,-195375.0837
6.25,11.75,0,242381.5264
6.25,11.25,0,-87504.48985
6.25,10.75,0,85063.13761
6.25,10.25,0,-184018.9893
6.25,9.75,0,310351.4169
6.25,9.25,0,1456.197141
6.25,8.75,0,182927.1309
6.25,8.25,0,121112.6109
6.25,7.75,0,-1305.703139
6.25,7.25,0,49427.59712
6.25,6.75,0,-97687.94755
6.25,6.25,0,17732.92352
6.25,5.75,0,134351.9042
6.25,5.25,0,-84177.48451
6.25,4.75,0,-89675.28045
6.25,4.25,0,-32592.24916
6.25,3.75,0,118481.5123
6.25,3.25,0,-156726.8092
6.25,2.75,0,-169431.5532
6.25,2.25,0,-55122.32805
6.25,1.75,0,-61742.95397
6.25,1.25,0,66002.62412
6.25,0.75,0,82406.9188
6.25,0.25,0,-337530.5957
6.25,-0.25,0,-614096.5078
6.25,-0.75,0,-770161.8202
6.25,-1.25,0,-955611.9743
6.25,-1.75,0,-1182634.302
6.25,-2.25,0,-1138194.653
6.25,-2.75,0,-1282514.664
6.25,-3.25,0,-1030053.786
6.25,-3.75,0,-1203863.234
6.25,-4.25,0,-1367460.535
6.25,-4.75,0,-1613102.563
6.25,-5.25,0,-1478011.583
6.25,-5.75,0,-1558599.281
6.25,-6.25,0,-1709653.714
6.25,-6.75,0,-2054955.562
6.25,-7.25,0,-2368157.863
6.25,-7.75,0,-2176060.188
6.25,-8.25,0,-2634220.41
6.25,-8.75,0,-2586014.508
6.25,-9.25,0,-2484089.746
6.25,-9.75,0,-2590831.664
6.25,-10.25,0,-2708338.465
6.25,-10.75,0,-2306321.018
6.25,-11.25,0,-3004112.19
6.25,-11.75,0,-2430128.492
6.25,-12.25,0,-2158432.189
6.25,-12.75,0,-2212096.499
6.25,-13.25,0,-1866347.077
6.25,-13.75,0,-1509081.593
6.25,-14.25,0,-633650.6774
6.25,-14.75,0,-523125.1489
6.75,14.75,0,-482.7892406
6.75,14.25,0,-37641.09446
6.75,13.75,0,-127493.4075
6.75,13.25,0,241909.5145
6.75,12.75,0,-252043.5733
6.75,12.25,0,-135919.9408
6.75,11.75,0,-68789.55452
6.75,11.25,0,-171075.1251
6.75,10.75,0,-191686.9265
6.75,10.25,0,111092.2302
6.75,9.75,0,-10968.26725
6.75,9.25,0,-76363.67029
6.75,8.75,0,-40296.33225
6.75,8.25,0,-16799.15822
6.75,7.75,0,-149000.2126
6.75,7.25,0,-33179.43646
6.75,6.75,0,-135099.3521
6.75,6.25,0,126980.5089
6.75,5.75,0,76794.63218
6.75,5.25,0,-54587.43789
6.75,4.75,0,51852.43972
6.75,4.25,0,-134067.7846
6.75,3.75,0,-96582.42839
6.75,3.25,0,-99017.02063
6.75,2.75,0,29415.41196
6.75,2.25,0,1921.527439
6.75,1.75,0,-331603.2873
6.75,1.25,0,-180167.754
6.75,0.75,0,-127154.6021
6.75,0.25,0,-126421.1945
6.75,-0.25,0,-236547.036
6.75,-0.75,0,-142561.6196
6.75,-1.25,0,-139969.2222
6.75,-1.75,0,-274222.9319
6.75,-2.25,0,-441416.3284
6.75,-2.75,0,-382094.8606
6.75,-3.25,0,-398903.503
6.75,-3.75,0,-531626.2074
6.75,-4.25,0,-349295.3878
6.75,-4.75,0,-782914.3184
6.75,-5.25,0,-822499.548
6.75,-5.75,0,-1195863.282
6.75,-6.25,0,-1683567.387
6.75,-6.75,0,-2464806.147
6.75,-7.25,0,-3516590.957
6.75,-7.75,0,-4680490.175
6.75,-8.25,0,-5257306.065
6.75,-8.75,0,-5668537.071
6.75,-9.25,0,-5395977.299
6.75,-9.75,0,-5600525.835
6.75,-10.25,0,-6022012.323
6.75,-10.75,0,-5547553.746
6.75,-11.25,0,-5811302.033
6.75,-11.75,0,-5880861.768
6.75,-12.25,0,-5375120.234
6.75,-12.75,0,-4833698.139
6.75,-13.25,0,-4132082.257
6.75,-13.75,0,-2964930.62
6.75,-14.25,0,-2109152.716
6.75,-14.75,0,-1345581.628
7.25,14.75,0,-11055.47137
7.25,14.25,0,-34168.42756
7.25,13.75,0,116102.7936
7.25,13.25,0,-120936.549
7.25,12.75,0,-50407.31968
7.25,12.25,0,-70179.8186
7.25,11.75,0,65210.5377
7.25,11.25,0,197732.4489
7.25,10.75,0,278956.2103
7.25,10.25,0,328446.7819
7.25,9.75,0,-157743.8419
7.25,9.25,0,-114806.8289
7.25,8.75,0,304966.1653
7.25,8.25,0,58942.33338
7.25,7.75,0,-86804.25632
7.25,7.25,0,220022.9008
7.25,6.75,0,-243983.6541
7.25,6.25,0,-72868.63686
7.25,5.75,0,-147273.47
7.25,5.25,0,175653.3103
7.25,4.75,0,307164.4074
7.25,4.25,0,116263.3337
7.25,3.75,0,234599.4807
7.25,3.25,0,244504.1594
7.25,2.75,0,107325.6437
7.25,2.25,0,-83982.99649
7.25,1.75,0,134492.1429
7.25,1.25,0,36527.09053
7.25,0.75,0,-203730.6147
7.25,0.25,0,-135524.3464
7.25,-0.25,0,157768.7802
7.25,-0.75,0,-295541.1219
7.25,-1.25,0,-104500.4169
7.25,-1.75,0,-313717.5237
7.25,-2.25,0,-137972.0903
7.25,-2.75,0,-405091.9819
7.25,-3.25,0,-473723.464
7.25,-3.75,0,-275265.7152
7.25,-4.25,0,-503365.0828
7.25,-4.75,0,-267551.7271
7.25,-5.25,0,-621020.4483
7.25,-5.75,0,-1207182.224
7.25,-6.25,0,-2107338.973
7.25,-6.75,0,-4126291.792
7.25,-7.25,0,-6664960.02
7.25,-7.75,0,-1.04E+07
7.25,-8.25,0,-1.27E+07
7.25,-8.75,0,-1.38E+07
7.25,-9.25,0,-1.35E+07
7.25,-9.75,0,-1.35E+07
7.25,-10.25,0,-1.39E+07
7.25,-10.75,0,-1.34E+07
7.25,-11.25,0,-1.34E+07
7.25,-11.75,0,-1.35E+07
7.25,-12.25,0,-1.35E+07
7.25,-12.75,0,-1.36E+07
7.25,-13.25,0,-1.09E+07
7.25,-13.75,0,-6920408.376
7.25,-14.25,0,-3806717.906
7.25,-14.75,0,-2253142.689
7.75,14.75,0,-3357.63016
7.75,14.25,0,75035.99528
7.75,13.75,0,-65255.32822
7.75,13.25,0,11345.6509
7.75,12.75,0,-268925.6178
7.75,12.25,0,157482.253
7.75,11.75,0,-155636.5861
7.75,11.25,0,-44062.43702
7.75,10.75,0,26682.47346
7.75,10.25,0,140528.5147
7.75,9.75,0,-125781.7795
7.75,9.25,0,4212.681994
7.75,8.75,0,-92295.0925
7.75,8.25,0,-170696.8734
7.75,7.75,0,-5706.256776
7.75,7.25,0,-26784.10879
7.75,6.75,0,-6397.486825
7.75,6.25,0,-161822.9302
7.75,5.75,0,-80804.73327
7.75,5.25,0,52275.9931
7.75,4.75,0,108981.4249
7.75,4.25,0,-42626.28955
7.75,3.75,0,312178.5706
7.75,3.25,0,-160259.893
7.75,2.75,0,-211814.6879
7.75,2.25,0,254198.8113
7.75,1.75,0,-150328.4193
7.75,1.25,0,-38196.08678
7.75,0.75,0,-170406.5262
7.75,0.25,0,-208461.224
7.75,-0.25,0,-158620.6801
7.75,-0.75,0,-78765.8832
7.75,-1.25,0,-140736.7941
7.75,-1.75,0,48150.94768
7.75,-2.25,0,-169739.4234
7.75,-2.75,0,78777.71638
7.75,-3.25,0,-270707.0825
7.75,-3.75,0,-421654.7738
7.75,-4.25,0,-203624.5731
7.75,-4.75,0,-196187.093
7.75,-5.25,0,-770800.6812
7.75,-5.75,0,-1268499.572
7.75,-6.25,0,-3166019.496
7.75,-6.75,0,-6723458.851
7.75,-7.25,0,-1.42E+07
7.75,-7.75,0,-2.92E+07
7.75,-8.25,0,-3.27E+07
7.75,-8.75,0,-3.33E+07
7.75,-9.25,0,-3.31E+07
7.75,-9.75,0,-3.31E+07
7.75,-10.25,0,-3.29E+07
7.75,-10.75,0,-3.30E+07
7.75,-11.25,0,-3.30E+07
7.75,-11.75,0,-3.29E+07
7.75,-12.25,0,-3.29E+07
7.75,-12.75,0,-3.27E+07
7.75,-13.25,0,-2.91E+07
7.75,-13.75,0,-1.43E+07
7.75,-14.25,0,-7061223.38
7.75,-14.75,0,-3331207.066
8.25,14.75,0,262266.2481
8.25,14.25,0,119437.8024
8.25,13.75,0,-17228.6833
8.25,13.25,0,90906.63435
8.25,12.75,0,29239.79606
8.25,12.25,0,90038.0801
8.25,11.75,0,19392.80246
8.25,11.25,0,1517.967079
8.25,10.75,0,249656.7301
8.25,10.25,0,19344.8926
8.25,9.75,0,100251.3683
8.25,9.25,0,122172.9936
8.25,8.75,0,208370.726
8.25,8.25,0,-24440.65692
8.25,7.75,0,98688.11951
8.25,7.25,0,10298.85546
8.25,6.75,0,-75840.85511
8.25,6.25,0,-16061.82994
8.25,5.75,0,94884.80645
8.25,5.25,0,-117348.764
8.25,4.75,0,248566.7729
8.25,4.25,0,295706.0425
8.25,3.75,0,-114690.2735
8.25,3.25,0,-54883.2048
8.25,2.75,0,71705.91143
8.25,2.25,0,61806.52087
8.25,1.75,0,214851.9163
8.25,1.25,0,-15779.76141
8.25,0.75,0,242757.8451
8.25,0.25,0,-143091.5708
8.25,-0.25,0,-5172.175266
8.25,-0.75,0,25922.50467
8.25,-1.25,0,-184765.2367
8.25,-1.75,0,-31948.97735
8.25,-2.25,0,-92212.90829
8.25,-2.75,0,71623.03318
8.25,-3.25,0,1745.272323
8.25,-3.75,0,165040.3745
8.25,-4.25,0,-58309.10077
8.25,-4.75,0,-397349.9519
8.25,-5.25,0,-1159169.249
8.25,-5.75,0,-1904082.53
8.25,-6.25,0,-4385875.755
8.25,-6.75,0,-1.03E+07
8.25,-7.25,0,-2.93E+07
8.25,-7.75,0,-3.62E+07
8.25,-8.25,0,-3.55E+07
8.25,-8.75,0,-3.41E+07
8.25,-9.25,0,-3.37E+07
8.25,-9.75,0,-3.29E+07
8.25,-10.25,0,-3.27E+07
8.25,-10.75,0,-3.33E+07
8.25,-11.25,0,-3.33E+07
8.25,-11.75,0,-3.34E+07
8.25,-12.25,0,-3.43E+07
8.25,-12.75,0,-3.55E+07
8.25,-13.25,0,-3.62E+07
8.25,-13.75,0,-2.94E+07
8.25,-14.25,0,-1.14E+07
8.25,-14.75,0,-4806615.815
8.75,14.75,0,14720.78945
8.75,14.25,0,26099.12475
8.75,13.75,0,-27834.37297
8.75,13.25,0,115141.1383
8.75,12.75,0,-54415.2396
8.75,12.25,0,36884.67333
8.75,11.75,0,-136224.7347
8.75,11.25,0,-154271.444
8.75,10.75,0,-46092.31285
8.75,10.25,0,129468.6266
8.75,9.75,0,30485.89033
8.75,9.25,0,46746.70928
8.75,8.75,0,-111509.9418
8.75,8.25,0,-107984.7855
8.75,7.75,0,89951.5667
8.75,7.25,0,69910.91263
8.75,6.75,0,-208215.9103
8.75,6.25,0,-235527.9297
8.75,5.75,0,159527.5859
8.75,5.25,0,-4338.181644
8.75,4.75,0,-25229.04861
8.75,4.25,0,59420.66752
8.75,3.75,0,-16957.07778
8.75,3.25,0,33175.88234
8.75,2.75,0,73043.20479
8.75,2.25,0,-254588.625
8.75,1.75,0,892.4223631
8.75,1.25,0,-8328.353146
8.75,0.75,0,59575.01271
8.75,0.25,0,42043.2642
8.75,-0.25,0,-203775.3851
8.75,-0.75,0,8871.272398
8.75,-1.25,0,-172665.0572
8.75,-1.75,0,-76177.73032
8.75,-2.25,0,-10487.98451
8.75,-2.75,0,111600.2584
8.75,-3.25,0,12880.89655
8.75,-3.75,0,-65565.04539
8.75,-4.25,0,-434646.8561
8.75,-4.75,0,-430146.4189
8.75,-5.25,0,-797496.899
8.75,-5.75,0,-2541216.583
8.75,-6.25,0,-5000647.473
8.75,-6.75,0,-1.32E+07
8.75,-7.25,0,-3.25E+07
8.75,-7.75,0,-3.54E+07
8.75,-8.25,0,-2.20E+07
8.75,-8.75,0,-1.67E+07
8.75,-9.25,0,-1.51E+07
8.75,-9.75,0,-1.45E+07
8.75,-10.25,0,-1.43E+07
8.75,-10.75,0,-1.46E+07
8.75,-11.25,0,-1.47E+07
8.75,-11.75,0,-1.52E+07
8.75,-12.25,0,-1.72E+07
8.75,-12.75,0,-2.11E+07
8.75,-13.25,0,-3.55E+07
8.75,-13.75,0,-3.28E+07
8.75,-14.25,0,-1.32E+07
8.75,-14.75,0,-5630897.571
9.25,14.75,0,-418584.1426
9.25,14.25,0,244682.1192
9.25,13.75,0,-144440.6957
9.25,13.25,0,-112798.2724
9.25,12.75,0,131033.5771
9.25,12.25,0,-88887.22293
9.25,11.75,0,-156864.2441
9.25,11.25,0,100711.5967
9.25,10.75,0,-39871.03952
9.25,10.25,0,-176136.3377
9.25,9.75,0,258773.1301
9.25,9.25,0,-48156.80175
9.25,8.75,0,-1.22E+05
9.25,8.25,0,-212654.8437
9.25,7.75,0,-51180.41594
9.25,7.25,0,243898.7059
9.25,6.75,0,98632.97458
9.25,6.25,0,-161357.4908
9.25,5.75,0,-31716.74719
9.25,5.25,0,135200.6331
9.25,4.75,0,244653.5191
9.25,4.25,0,-20405.46527
9.25,3.75,0,-128491.8477
9.25,3.25,0,45160.34307
9.25,2.75,0,-177916.5566
9.25,2.25,0,137942.5125
9.25,1.75,0,-149027.1453
9.25,1.25,0,-98843.98991
9.25,0.75,0,-314587.5908
9.25,0.25,0,-152390.3724
9.25,-0.25,0,36311.92918
9.25,-0.75,0,182294.2972
9.25,-1.25,0,166094.4765
9.25,-1.75,0,-264554.4445
9.25,-2.25,0,-72911.96148
9.25,-2.75,0,-29166.21256
9.25,-3.25,0,-53484.91205
9.25,-3.75,0,-67667.32231
9.25,-4.25,0,-188147.1612
9.25,-4.75,0,-560778.0642
9.25,-5.25,0,-1098474.437
9.25,-5.75,0,-2502268.324
9.25,-6.25,0,-5587781.089
9.25,-6.75,0,-1.33E+07
9.25,-7.25,0,-3.34E+07
9.25,-7.75,0,-3.44E+07
9.25,-8.25,0,-1.67E+07
9.25,-8.75,0,-1.00E+07
9.25,-9.25,0,-8108273.366
9.25,-9.75,0,-7496197.06
9.25,-10.25,0,-7337577.339
9.25,-10.75,0,-7237787.836
9.25,-11.25,0,-7389962.758
9.25,-11.75,0,-8540048.633
9.25,-12.25,0,-1.04E+07
9.25,-12.75,0,-1.65E+07
9.25,-13.25,0,-3.44E+07
9.25,-13.75,0,-3.31E+07
9.25,-14.25,0,-1.38E+07
9.25,-14.75,0,-5899138.595
9.75,14.75,0,-35374.4331
9.75,14.25,0,-231759.9612
9.75,13.75,0,-55267.63145
9.75,13.25,0,55972.84439
9.75,12.75,0,288272.3953
9.75,12.25,0,141027.2259
9.75,11.75,0,39647.44141
9.75,11.25,0,154533.6667
9.75,10.75,0,-80795.03345
9.75,10.25,0,-205807.899
9.75,9.75,0,-107927.4541
9.75,9.25,0,-186151.9294
9.75,8.75,0,154263.0114
9.75,8.25,0,-21253.82959
9.75,7.75,0,-186871.2804
9.75,7.25,0,-32554.66629
9.75,6.75,0,-132787.5536
9.75,6.25,0,-49355.9948
9.75,5.75,0,223648.5396
9.75,5.25,0,234196.9275
9.75,4.75,0,-116851.2498
9.75,4.25,0,-58813.75249
9.75,3.75,0,66550.63572
9.75,3.25,0,17837.05233
9.75,2.75,0,-80400.38625
9.75,2.25,0,160294.1588
9.75,1.75,0,-223252.6244
9.75,1.25,0,399263.3948
9.75,0.75,0,-57190.68841
9.75,0.25,0,61556.09059
9.75,-0.25,0,-113025.056
9.75,-0.75,0,-163359.0227
9.75,-1.25,0,173477.8835
9.75,-1.75,0,-1167.608844
9.75,-2.25,0,23959.24741
9.75,-2.75,0,-3388.702251
9.75,-3.25,0,62262.61819
9.75,-3.75,0,172438.6995
9.75,-4.25,0,-115813.1157
9.75,-4.75,0,-382290.1308
9.75,-5.25,0,-909995.3453
9.75,-5.75,0,-2334412.085
9.75,-6.25,0,-5797742.587
9.75,-6.75,0,-1.36E+07
9.75,-7.25,0,-3.35E+07
9.75,-7.75,0,-3.36E+07
9.75,-8.25,0,-1.52E+07
9.75,-8.75,0,-7926876.91
9.75,-9.25,0,-5587494.295
9.75,-9.75,0,-5232912.088
9.75,-10.25,0,-5553192.314
9.75,-10.75,0,-6149559.183
9.75,-11.25,0,-6651518.793
9.75,-11.75,0,-6949700.401
9.75,-12.25,0,-8816994.485
9.75,-12.75,0,-1.57E+07
9.75,-13.25,0,-3.41E+07
9.75,-13.75,0,-3.32E+07
9.75,-14.25,0,-1.37E+07
9.75,-14.75,0,-6488816.497
10.25,14.75,0,-124642.0856
10.25,14.25,0,-116793.4151
10.25,13.75,0,-207592.1027
10.25,13.25,0,-28215.76737
10.25,12.75,0,20764.17354
10.25,12.25,0,218930.2257
10.25,11.75,0,110922.1718
10.25,11.25,0,182612.2556
10.25,10.75,0,-118345.6574
10.25,10.25,0,50553.30013
10.25,9.75,0,256852.9595
10.25,9.25,0,-101722.7968
10.25,8.75,0,105720.8599
10.25,8.25,0,199983.7073
10.25,7.75,0,-163281.7867
10.25,7.25,0,76620.46679
10.25,6.75,0,-142388.5789
10.25,6.25,0,-74544.94651
10.25,5.75,0,-104598.9072
10.25,5.25,0,-78837.82536
10.25,4.75,0,-48514.09924
10.25,4.25,0,-131434.416
10.25,3.75,0,-98693.42664
10.25,3.25,0,78608.26683
10.25,2.75,0,262197.3252
10.25,2.25,0,-242227.887
10.25,1.75,0,-42925.13597
10.25,1.25,0,53315.47596
10.25,0.75,0,75550.13018
10.25,0.25,0,148825.1692
10.25,-0.25,0,19453.35903
10.25,-0.75,0,-275349.9445
10.25,-1.25,0,101869.6929
10.25,-1.75,0,135749.6797
10.25,-2.25,0,-96396.96278
10.25,-2.75,0,-70661.67209
10.25,-3.25,0,-135801.4621
10.25,-3.75,0,-123777.22
10.25,-4.25,0,-363513.4326
10.25,-4.75,0,-301394.6593
10.25,-5.25,0,-1289854.653
10.25,-5.75,0,-2527655.53
10.25,-6.25,0,-5440623.893
10.25,-6.75,0,-1.35E+07
10.25,-7.25,0,-3.32E+07
10.25,-7.75,0,-3.38E+07
10.25,-8.25,0,-1.52E+07
10.25,-8.75,0,-7861508.4
10.25,-9.25,0,-5467484.141
10.25,-9.75,0,-4981189.953
10.25,-10.25,0,-7170814.584
10.25,-10.75,0,-1.03E+07
10.25,-11.25,0,-1.13E+07
10.25,-11.75,0,-9107557.764
10.25,-12.25,0,-9548074.742
10.25,-12.75,0,-1.59E+07
10.25,-13.25,0,-3.43E+07
10.25,-13.75,0,-3.36E+07
10.25,-14.25,0,-1.36E+07
10.25,-14.75,0,-6407808.312
10.75,14.75,0,149618.7778
10.75,14.25,0,-25698.40774
10.75,13.75,0,-11735.16931
10.75,13.25,0,-95584.98227
10.75,12.75,0,89448.79579
10.75,12.25,0,-24630.34454
10.75,11.75,0,-167761.9486
10.75,11.25,0,-49064.62642
10.75,10.75,0,-2684.875091
10.75,10.25,0,-20779.17813
10.75,9.75,0,69827.6838
10.75,9.25,0,63082.9309
10.75,8.75,0,-394802.3178
10.75,8.25,0,-123818.568
10.75,7.75,0,-17906.82146
10.75,7.25,0,74449.80894
10.75,6.75,0,107547.6952
10.75,6.25,0,84754.94401
10.75,5.75,0,-59746.95207
10.75,5.25,0,226594.362
10.75,4.75,0,-127092.7552
10.75,4.25,0,-231039.273
10.75,3.75,0,66783.14781
10.75,3.25,0,151374.7549
10.75,2.75,0,152334.4766
10.75,2.25,0,81942.06737
10.75,1.75,0,137246.6303
10.75,1.25,0,24636.45668
10.75,0.75,0,245573.0719
10.75,0.25,0,211976.9055
10.75,-0.25,0,13813.92375
10.75,-0.75,0,121658.1711
10.75,-1.25,0,172101.9477
10.75,-1.75,0,231244.2143
10.75,-2.25,0,-29629.03023
10.75,-2.75,0,178592.9948
10.75,-3.25,0,130363.9883
10.75,-3.75,0,60393.63294
10.75,-4.25,0,-17957.32704
10.75,-4.75,0,-482380.6238
10.75,-5.25,0,-958533.6076
10.75,-5.75,0,-2210772.651
10.75,-6.25,0,-5531682.988
10.75,-6.75,0,-1.38E+07
10.75,-7.25,0,-3.30E+07
10.75,-7.75,0,-3.42E+07
10.75,-8.25,0,-1.62E+07
10.75,-8.75,0,-9547407.936
10.75,-9.25,0,-7253678.154
10.75,-9.75,0,-6824738.722
10.75,-10.25,0,-1.11E+07
10.75,-10.75,0,-2.66E+07
10.75,-11.25,0,-2.82E+07
10.75,-11.75,0,-1.50E+07
10.75,-12.25,0,-1.21E+07
10.75,-12.75,0,-1.76E+07
10.75,-13.25,0,-3.48E+07
10.75,-13.75,0,-3.30E+07
10.75,-14.25,0,-1.38E+07
10.75,-14.75,0,-6130720.426
11.25,14.75,0,106466.3055
11.25,14.25,0,191014.5298
11.25,13.75,0,71949.01516
11.25,13.25,0,77748.09683
11.25,12.75,0,34910.96896
11.25,12.25,0,-90185.88149
11.25,11.75,0,20791.45185
11.25,11.25,0,177237.1165
11.25,10.75,0,-8792.63614
11.25,10.25,0,110902.8242
11.25,9.75,0,-9511.246927
11.25,9.25,0,92681.92935
11.25,8.75,0,-97301.03443
11.25,8.25,0,-186913.8485
11.25,7.75,0,-382427.2789
11.25,7.25,0,114938.9015
11.25,6.75,0,54451.66316
11.25,6.25,0,114321.8677
11.25,5.75,0,89678.6165
11.25,5.25,0,-279141.7308
11.25,4.75,0,16219.98423
11.25,4.25,0,303810.271
11.25,3.75,0,146121.5121
11.25,3.25,0,-23713.16244
11.25,2.75,0,-73558.94531
11.25,2.25,0,-57414.41351
11.25,1.75,0,40455.56779
11.25,1.25,0,28988.8817
11.25,0.75,0,-140655.3771
11.25,0.25,0,-71652.93297
11.25,-0.25,0,-44941.67787
11.25,-0.75,0,171269.4795
11.25,-1.25,0,158047.0027
11.25,-1.75,0,43853.50074
11.25,-2.25,0,-205753.6765
11.25,-2.75,0,20725.26859
11.25,-3.25,0,85577.24333
11.25,-3.75,0,-113703.973
11.25,-4.25,0,-392874.3906
11.25,-4.75,0,-541601.4692
11.25,-5.25,0,-831302.284
11.25,-5.75,0,-2193286.945
11.25,-6.25,0,-4956571.113
11.25,-6.75,0,-1.28E+07
11.25,-7.25,0,-3.24E+07
11.25,-7.75,0,-3.49E+07
11.25,-8.25,0,-2.05E+07
11.25,-8.75,0,-1.52E+07
11.25,-9.25,0,-1.21E+07
11.25,-9.75,0,-1.02E+07
11.25,-10.25,0,-1.40E+07
11.25,-10.75,0,-3.21E+07
11.25,-11.25,0,-3.43E+07
11.25,-11.75,0,-2.11E+07
11.25,-12.25,0,-1.90E+07
11.25,-12.75,0,-2.22E+07
11.25,-13.25,0,-3.60E+07
11.25,-13.75,0,-3.28E+07
11.25,-14.25,0,-1.28E+07
11.25,-14.75,0,-5655924.49
11.75,14.75,0,-73530.50221
11.75,14.25,0,271223.5433
11.75,13.75,0,269265.6617
11.75,13.25,0,375831.5303
11.75,12.75,0,-147072.8213
11.75,12.25,0,-201555.9752
11.75,11.75,0,25549.73193
11.75,11.25,0,61093.46906
11.75,10.75,0,107561.713
11.75,10.25,0,-77235.3709
11.75,9.75,0,-31225.32106
11.75,9.25,0,-48422.2531
11.75,8.75,0,-309514.5615
11.75,8.25,0,-129109.7622
11.75,7.75,0,10557.97216
11.75,7.25,0,-65280.76214
11.75,6.75,0,132169.9773
11.75,6.25,0,93179.23049
11.75,5.75,0,46932.50223
11.75,5.25,0,97386.43243
11.75,4.75,0,322629.4896
11.75,4.25,0,-39569.12381
11.75,3.75,0,418227.0954
11.75,3.25,0,291693.4275
11.75,2.75,0,198549.752
11.75,2.25,0,-309222.7355
11.75,1.75,0,-88783.51167
11.75,1.25,0,-206943.1141
11.75,0.75,0,31587.28576
11.75,0.25,0,-166436.0519
11.75,-0.25,0,-69495.04423
11.75,-0.75,0,231314.1737
11.75,-1.25,0,-194378.6972
11.75,-1.75,0,-293112.4984
11.75,-2.25,0,-124118.6219
11.75,-2.75,0,-54895.58186
11.75,-3.25,0,75052.53476
11.75,-3.75,0,-53321.13881
11.75,-4.25,0,-215289.7705
11.75,-4.75,0,-320132.2579
11.75,-5.25,0,-984080.0699
11.75,-5.75,0,-1765432.193
11.75,-6.25,0,-4018490.83
11.75,-6.75,0,-1.10E+07
11.75,-7.25,0,-2.91E+07
11.75,-7.75,0,-3.57E+07
11.75,-8.25,0,-3.44E+07
11.75,-8.75,0,-3.23E+07
11.75,-9.25,0,-2.71E+07
11.75,-9.75,0,-1.27E+07
11.75,-10.25,0,-1.49E+07
11.75,-10.75,0,-3.32E+07
11.75,-11.25,0,-3.79E+07
11.75,-11.75,0,-3.62E+07
11.75,-12.25,0,-3.53E+07
11.75,-12.75,0,-3.64E+07
11.75,-13.25,0,-3.63E+07
11.75,-13.75,0,-2.96E+07
11.75,-14.25,0,-1.10E+07
11.75,-14.75,0,-4753374.928
12.25,14.75,0,337534.6931
12.25,14.25,0,-95733.70659
12.25,13.75,0,238192.2621
12.25,13.25,0,13643.03504
12.25,12.75,0,-78830.29456
12.25,12.25,0,110872.3257
12.25,11.75,0,18806.27404
12.25,11.25,0,-13458.97304
12.25,10.75,0,75685.95134
12.25,10.25,0,-74755.74668
12.25,9.75,0,332418.019
12.25,9.25,0,15528.69727
12.25,8.75,0,126646.453
12.25,8.25,0,159658.5495
12.25,7.75,0,-146600.4877
12.25,7.25,0,231192.6507
12.25,6.75,0,154630.613
12.25,6.25,0,-117291.3733
12.25,5.75,0,49484.60783
12.25,5.25,0,-143624.3376
12.25,4.75,0,193150.654
12.25,4.25,0,-4232.930163
12.25,3.75,0,142787.6562
12.25,3.25,0,9233.307937
12.25,2.75,0,42006.91841
12.25,2.25,0,-77699.35562
12.25,1.75,0,-72207.57515
12.25,1.25,0,-29657.8386
12.25,0.75,0,380720.1811
12.25,0.25,0,136449.5568
12.25,-0.25,0,87815.73302
12.25,-0.75,0,85619.97036
12.25,-1.25,0,375279.9537
12.25,-1.75,0,69102.22081
12.25,-2.25,0,97185.13236
12.25,-2.75,0,-108556.7008
12.25,-3.25,0,-29691.54775
12.25,-3.75,0,-221299.8794
12.25,-4.25,0,-42065.58161
12.25,-4.75,0,-386055.5519
12.25,-5.25,0,-402442.9509
12.25,-5.75,0,-1196087.504
12.25,-6.25,0,-2959575.433
12.25,-6.75,0,-6614270.257
12.25,-7.25,0,-1.45E+07
12.25,-7.75,0,-2.89E+07
12.25,-8.25,0,-3.15E+07
12.25,-8.75,0,-3.09E+07
12.25,-9.25,0,-2.62E+07
12.25,-9.75,0,-1.17E+07
12.25,-10.25,0,-1.25E+07
12.25,-10.75,0,-2.83E+07
12.25,-11.25,0,-3.25E+07
12.25,-11.75,0,-3.38E+07
12.25,-12.25,0,-3.37E+07
12.25,-12.75,0,-3.32E+07
12.25,-13.25,0,-2.98E+07
12.25,-13.75,0,-1.44E+07
12.25,-14.25,0,-6482880.219
12.25,-14.75,0,-3754292.613
12.75,14.75,0,371792.6675
12.75,14.25,0,120910.3002
12.75,13.75,0,-331628.3521
12.75,13.25,0,-13995.71995
12.75,12.75,0,139022.435
12.75,12.25,0,-108068.2347
12.75,11.75,0,124949.4304
12.75,11.25,0,-162973.2755
12.75,10.75,0,15392.99804
12.75,10.25,0,239233.9552
12.75,9.75,0,58724.32297
12.75,9.25,0,194512.514
12.75,8.75,0,10237.26006
12.75,8.25,0,-106887.0577
12.75,7.75,0,80577.58983
12.75,7.25,0,8358.302298
12.75,6.75,0,334409.7789
12.75,6.25,0,-128787.8651
12.75,5.75,0,15448.75786
12.75,5.25,0,-229637.9733
12.75,4.75,0,255371.7462
12.75,4.25,0,103583.2348
12.75,3.75,0,222389.989
12.75,3.25,0,-39914.2871
12.75,2.75,0,70564.46018
12.75,2.25,0,204168.0716
12.75,1.75,0,-46266.43842
12.75,1.25,0,89144.30474
12.75,0.75,0,-221016.5718
12.75,0.25,0,-46388.73235
12.75,-0.25,0,-19263.84194
12.75,-0.75,0,-110681.7142
12.75,-1.25,0,-248927.3939
12.75,-1.75,0,42745.04314
12.75,-2.25,0,32918.82482
12.75,-2.75,0,87787.06099
12.75,-3.25,0,131113.1216
12.75,-3.75,0,-182139.5565
12.75,-4.25,0,-54706.17097
12.75,-4.75,0,-180568.8139
12.75,-5.25,0,-242758.6375
12.75,-5.75,0,-748520.7108
12.75,-6.25,0,-1939912.892
12.75,-6.75,0,-3790315.053
12.75,-7.25,0,-6614040.721
12.75,-7.75,0,-1.03E+07
12.75,-8.25,0,-1.22E+07
12.75,-8.75,0,-1.19E+07
12.75,-9.25,0,-10089397.22
12.75,-9.75,0,-7231732.469
12.75,-10.25,0,-7323095.287
12.75,-10.75,0,-1.07E+07
12.75,-11.25,0,-1.27E+07
12.75,-11.75,0,-1.35E+07
12.75,-12.25,0,-1.32E+07
12.75,-12.75,0,-1.27E+07
12.75,-13.25,0,-1.07E+07
12.75,-13.75,0,-6763311.638
12.75,-14.25,0,-3745702.041
12.75,-14.75,0,-2237974.2
13.25,14.75,0,-158311.4389
13.25,14.25,0,88069.24241
13.25,13.75,0,42804.69009
13.25,13.25,0,323886.566
13.25,12.75,0,81204.74506
13.25,12.25,0,81319.0382
13.25,11.75,0,-27727.61939
13.25,11.25,0,-171589.9075
13.25,10.75,0,-186350.4664
13.25,10.25,0,53055.44477
13.25,9.75,0,240753.0547
13.25,9.25,0,59221.68181
13.25,8.75,0,149569.2289
13.25,8.25,0,-77095.55154
13.25,7.75,0,49094.83808
13.25,7.25,0,-41582.87147
13.25,6.75,0,-124569.4138
13.25,6.25,0,116653.8571
13.25,5.75,0,-44263.44585
13.25,5.25,0,-505379.033
13.25,4.75,0,303567.7415
13.25,4.25,0,-47183.39364
13.25,3.75,0,59842.80544
13.25,3.25,0,-71674.07287
13.25,2.75,0,24214.80871
13.25,2.25,0,-41414.73149
13.25,1.75,0,-10079.62024
13.25,1.25,0,-68771.83188
13.25,0.75,0,-173853.9877
13.25,0.25,0,-72676.61875
13.25,-0.25,0,45414.27096
13.25,-0.75,0,-31610.84353
13.25,-1.25,0,249381.1121
13.25,-1.75,0,483657.6937
13.25,-2.25,0,-122969.4104
13.25,-2.75,0,-145156.2456
13.25,-3.25,0,-181565.2255
13.25,-3.75,0,-186088.2423
13.25,-4.25,0,-85212.09499
13.25,-4.75,0,-82675.12174
13.25,-5.25,0,-251836.568
13.25,-5.75,0,-745845.8057
13.25,-6.25,0,-779845.7407
13.25,-6.75,0,-1656021.589
13.25,-7.25,0,-3035785.639
13.25,-7.75,0,-4034031.855
13.25,-8.25,0,-4711279.643
13.25,-8.75,0,-4647786.951
13.25,-9.25,0,-4239982.888
13.25,-9.75,0,-3686679.574
13.25,-10.25,0,-3659105.201
13.25,-10.75,0,-4489208.169
13.25,-11.25,0,-5138789.954
13.25,-11.75,0,-5540267.287
13.25,-12.25,0,-5560718.154
13.25,-12.75,0,-5045526.7
13.25,-13.25,0,-4349121.027
13.25,-13.75,0,-2884031.798
13.25,-14.25,0,-1910247.872
13.25,-14.75,0,-1777623.037
13.75,14.75,0,-102314.3637
13.75,14.25,0,101957.8099
13.75,13.75,0,147321.2981
13.75,13.25,0,-223841.943
13.75,12.75,0,277405.2324
13.75,12.25,0,-6278.204004
13.75,11.75,0,-236036.823
13.75,11.25,0,-66848.24475
13.75,10.75,0,-102103.5948
13.75,10.25,0,246433.1033
13.75,9.75,0,-344258.9317
13.75,9.25,0,-126963.2891
13.75,8.75,0,60489.88122
13.75,8.25,0,116375.2772
13.75,7.75,0,-255457.3622
13.75,7.25,0,214473.9782
13.75,6.75,0,-221608.788
13.75,6.25,0,-138941.9491
13.75,5.75,0,-54873.13017
13.75,5.25,0,131852.9505
13.75,4.75,0,85940.92453
13.75,4.25,0,205.2941397
13.75,3.75,0,137121.179
13.75,3.25,0,-86056.54554
13.75,2.75,0,246115.0444
13.75,2.25,0,13600.19878
13.75,1.75,0,-290099.8674
13.75,1.25,0,-142982.2775
13.75,0.75,0,-155903.8133
13.75,0.25,0,-178690.0754
13.75,-0.25,0,102290.5582
13.75,-0.75,0,-191411.9067
13.75,-1.25,0,-2244.676806
13.75,-1.75,0,-22112.70542
13.75,-2.25,0,-126023.8536
13.75,-2.75,0,9630.498438
13.75,-3.25,0,-123522.0437
13.75,-3.75,0,265717.0228
13.75,-4.25,0,-283827.0228
13.75,-4.75,0,-47922.97584
13.75,-5.25,0,-247095.0874
13.75,-5.75,0,-342223.5088
13.75,-6.25,0,-813535.9827
13.75,-6.75,0,-750624.2282
13.75,-7.25,0,-1276065.433
13.75,-7.75,0,-1548077.37
13.75,-8.25,0,-1853460.084
13.75,-8.75,0,-2130195.966
13.75,-9.25,0,-2068347.783
13.75,-9.75,0,-1830807.395
13.75,-10.25,0,-1720000.504
13.75,-10.75,0,-2196066.743
13.75,-11.25,0,-2303309.559
13.75,-11.75,0,-2734931.745
13.75,-12.25,0,-2530365.746
13.75,-12.75,0,-2137547.645
13.75,-13.25,0,-1744617.703
13.75,-13.75,0,-1225403.953
13.75,-14.25,0,-975918.137
13.75,-14.75,0,-764684.8988
14.25,14.75,0,-151905.9862
14.25,14.25,0,-309890.1667
14.25,13.75,0,156547.6004
14.25,13.25,0,84614.71047
14.25,12.75,0,69937.69667
14.25,12.25,0,102609.6583
14.25,11.75,0,-68976.02262
14.25,11.25,0,176023.5895
14.25,10.75,0,150403.639
14.25,10.25,0,-45698.43557
14.25,9.75,0,-97154.15065
14.25,9.25,0,-8443.890064
14.25,8.75,0,104530.1051
14.25,8.25,0,179951.1031
14.25,7.75,0,154694.66
14.25,7.25,0,-297986.6488
14.25,6.75,0,45441.20865
14.25,6.25,0,-482804.2785
14.25,5.75,0,-252039.5335
14.25,5.25,0,-133970.1001
14.25,4.75,0,5772.945607
14.25,4.25,0,-10332.40142
14.25,3.75,0,-20642.13148
14.25,3.25,0,161349.4366
14.25,2.75,0,16750.6465
14.25,2.25,0,136639.3981
14.25,1.75,0,-13955.92497
14.25,1.25,0,-145772.3964
14.25,0.75,0,-188698.0379
14.25,0.25,0,185725.4957
14.25,-0.25,0,-68288.69567
14.25,-0.75,0,72593.37749
14.25,-1.25,0,-5018.886952
14.25,-1.75,0,-87116.54869
14.25,-2.25,0,66060.13722
14.25,-2.75,0,-140966.5303
14.25,-3.25,0,131540.1613
14.25,-3.75,0,180037.556
14.25,-4.25,0,251085.4299
14.25,-4.75,0,46061.59438
14.25,-5.25,0,42909.85793
14.25,-5.75,0,-51461.79821
14.25,-6.25,0,-443634.2207
14.25,-6.75,0,-451692.5771
14.25,-7.25,0,-540841.5503
14.25,-7.75,0,-943387.1037
14.25,-8.25,0,-902007.4789
14.25,-8.75,0,-1123659.007
14.25,-9.25,0,-917129.6283
14.25,-9.75,0,-825583.2279
14.25,-10.25,0,-829439.0385
14.25,-10.75,0,-848145.7901
14.25,-11.25,0,-880099.1528
14.25,-11.75,0,-1119207.798
14.25,-12.25,0,-929405.1156
14.25,-12.75,0,-834644.0565
14.25,-13.25,0,-887073.2641
14.25,-13.75,0,-692559.1481
14.25,-14.25,0,-436037.4409
14.25,-14.75,0,-538719.3028
14.75,14.75,0,-112364.5353
14.75,14.25,0,-78930.88459
14.75,13.75,0,-100647.3723
14.75,13.25,0,-170154.2182
14.75,12.75,0,193466.0097
14.75,12.25,0,-327708.4508
14.75,11.75,0,-14912.33657
14.75,11.25,0,19788.59749
14.75,10.75,0,31709.23838
14.75,10.25,0,-34317.99368
14.75,9.75,0,-240694.5367
14.75,9.25,0,-86492.71246
14.75,8.75,0,-162556.0488
14.75,8.25,0,106678.6725
14.75,7.75,0,-63169.87482
14.75,7.25,0,73125.44864
14.75,6.75,0,-11682.18638
14.75,6.25,0,-89667.90677
14.75,5.75,0,-117540.9542
14.75,5.25,0,-219975.5897
14.75,4.75,0,-127941.2375
14.75,4.25,0,-98649.24183
14.75,3.75,0,-20225.71002
14.75,3.25,0,61862.12937
14.75,2.75,0,32661.79446
14.75,2.25,0,130799.363
14.75,1.75,0,3429.912441
14.75,1.25,0,156142.1965
14.75,0.75,0,-33531.70208
14.75,0.25,0,-51022.70374
14.75,-0.25,0,121929.3911
14.75,-0.75,0,43785.95742
14.75,-1.25,0,14016.80529
14.75,-1.75,0,-79746.17355
14.75,-2.25,0,-34685.67104
14.75,-2.75,0,-151119.3391
14.75,-3.25,0,-47175.20576
14.75,-3.75,0,7658.16302
14.75,-4.25,0,217547.8849
14.75,-4.75,0,-118272.6115
14.75,-5.25,0,-140413.454
14.75,-5.75,0,-76988.70819
14.75,-6.25,0,-141757.3197
14.75,-6.75,0,-231087.5192
14.75,-7.25,0,-291133.9721
14.75,-7.75,0,-696685.5366
14.75,-8.25,0,-216505.9516
14.75,-8.75,0,-348636.2223
14.75,-9.25,0,-516958.2741
14.75,-9.75,0,-554555.7329
14.75,-10.25,0,-574686.0048
14.75,-10.75,0,-758748.6006
14.75,-11.25,0,-563904.3759
14.75,-11.75,0,-355341.8781
14.75,-12.25,0,-783728.8486
14.75,-12.75,0,-784849.5698
14.75,-13.25,0,-464663.4617
14.75,-13.75,0,-621860.9223
14.75,-14.25,0,-422407.8812
14.75,-14.75,0,-512340.6797
