-14.75,14.75,0,589690.0723
-14.75,14.25,0,759330.022
-14.75,13.75,0,1024976.209
-14.75,13.25,0,1231890.17
-14.75,12.75,0,1230330.361
-14.75,12.25,0,997036.0824
-14.75,11.75,0,699795.0893
-14.75,11.25,0,454249.7282
-14.75,10.75,0,290785.6549
-14.75,10.25,0,193678.2862
-14.75,9.75,0,137537.4347
-14.75,9.25,0,105107.3189
-14.75,8.75,0,84906.54431
-14.75,8.25,0,70748.40501
-14.75,7.75,0,59372.56637
-14.75,7.25,0,49156.74468
-14.75,6.75,0,39955.22107
-14.75,6.25,0,31788.2601
-14.75,5.75,0,24824.0513
-14.75,5.25,0,19364.66248
-14.75,4.75,0,15146.77762
-14.75,4.25,0,12121.12245
-14.75,3.75,0,9901.415417
-14.75,3.25,0,8357.082455
-14.75,2.75,0,7205.480793
-14.75,2.25,0,6346.803276
-14.75,1.75,0,5610.313449
-14.75,1.25,0,5089.886744
-14.75,0.75,0,4610.182904
-14.75,0.25,0,4179.800668
-14.75,-0.25,0,3810.794838
-14.75,-0.75,0,3490.189889
-14.75,-1.25,0,3189.341991
-14.75,-1.75,0,2926.332061
-14.75,-2.25,0,2691.200872
-14.75,-2.75,0,2465.312324
-14.75,-3.25,0,2250.232597
-14.75,-3.75,0,2058.914697
-14.75,-4.25,0,1867.853458
-14.75,-4.75,0,1696.305485
-14.75,-5.25,0,1532.429178
-14.75,-5.75,0,1379.471877
-14.75,-6.25,0,1234.719432
-14.75,-6.75,0,1104.579729
-14.75,-7.25,0,978.2763401
-14.75,-7.75,0,847.2005149
-14.75,-8.25,0,728.3715713
-14.75,-8.75,0,608.535929
-14.75,-9.25,0,490.9839515
-14.75,-9.75,0,371.7043685
-14.75,-10.25,0,249.7655811
-14.75,-10.75,0,118.6772474
-14.75,-11.25,0,-21.18428214
-14.75,-11.75,0,-182.8329563
-14.75,-12.25,0,-375.7586236
-14.75,-12.75,0,-630.0653704
-14.75,-13.25,0,-986.1449265
-14.75,-13.75,0,-1543.091162
-14.75,-14.25,0,-2476.873715
-14.75,-14.75,0,-4121.948296
-14.25,14.75,0,853906.1056
-14.25,14.25,0,1306025.55
-14.25,13.75,0,2072334.43
-14.25,13.25,0,2846271.841
-14.25,12.75,0,2843635.574
-14.25,12.25,0,2106689.801
-14.25,11.75,0,1292704.029
-14.25,11.25,0,744936.2817
-14.25,10.75,0,436376.102
-14.25,10.25,0,276450.4006
-14.25,9.75,0,194412.5278
-14.25,9.25,0,151635.7907
-14.25,8.75,0,125612.2069
-14.25,8.25,0,106326.9177
-14.25,7.75,0,89775.79416
-14.25,7.25,0,73586.77509
-14.25,6.75,0,56886.64988
-14.25,6.25,0,42194.28614
-14.25,5.75,0,30033.70826
-14.25,5.25,0,20700.24369
-14.25,4.75,0,14066.41773
-14.25,4.25,0,9714.285008
-14.25,3.75,0,6925.728954
-14.25,3.25,0,5181.606059
-14.25,2.75,0,4110.823111
-14.25,2.25,0,3387.714838
-14.25,1.75,0,2917.998202
-14.25,1.25,0,2560.638089
-14.25,0.75,0,2285.632938
-14.25,0.25,0,2070.167287
-14.25,-0.25,0,1861.914325
-14.25,-0.75,0,1710.318119
-14.25,-1.25,0,1560.212556
-14.25,-1.75,0,1425.589794
-14.25,-2.25,0,1294.883161
-14.25,-2.75,0,1182.683982
-14.25,-3.25,0,1078.933075
-14.25,-3.75,0,984.8880773
-14.25,-4.25,0,891.9738941
-14.25,-4.75,0,810.3401929
-14.25,-5.25,0,731.7653352
-14.25,-5.75,0,663.1305913
-14.25,-6.25,0,594.3036567
-14.25,-6.75,0,525.9638178
-14.25,-7.25,0,464.7599468
-14.25,-7.75,0,403.1632276
-14.25,-8.25,0,346.3033236
-14.25,-8.75,0,287.8178662
-14.25,-9.25,0,231.9761814
-14.25,-9.75,0,175.5653226
-14.25,-10.25,0,114.3052195
-14.25,-10.75,0,51.049172
-14.25,-11.25,0,-22.04159563
-14.25,-11.75,0,-106.6211832
-14.25,-12.25,0,-220.3656495
-14.25,-12.75,0,-380.8704795
-14.25,-13.25,0,-643.8470837
-14.25,-13.75,0,-1100.449897
-14.25,-14.25,0,-1981.088789
-14.25,-14.75,0,-3635.46896
-13.75,14.75,0,1272928.132
-13.75,14.25,0,2378760.027
-13.75,13.75,0,4606393.29
-13.75,13.25,0,8015464.005
-13.75,12.75,0,8155222.414
-13.75,12.25,0,4786122.889
-13.75,11.75,0,2367606.291
-13.75,11.25,0,1248903.378
-13.75,10.75,0,707557.4233
-13.75,10.25,0,455759.0841
-13.75,9.75,0,336501.4876
-13.75,9.25,0,274707.9253
-13.75,8.75,0,239049.9353
-13.75,8.25,0,208418.7265
-13.75,7.75,0,177366.8521
-13.75,7.25,0,143551.5273
-13.75,6.75,0,108965.8504
-13.75,6.25,0,76982.36654
-13.75,5.75,0,50844.89334
-13.75,5.25,0,31903.43347
-13.75,4.75,0,19338.12776
-13.75,4.25,0,11478.61026
-13.75,3.75,0,6973.238156
-13.75,3.25,0,4412.206924
-13.75,2.75,0,2981.378953
-13.75,2.25,0,2189.209367
-13.75,1.75,0,1711.971492
-13.75,1.25,0,1429.404484
-13.75,0.75,0,1235.683156
-13.75,0.25,0,1078.907347
-13.75,-0.25,0,966.0194579
-13.75,-0.75,0,861.3557367
-13.75,-1.25,0,777.0320263
-13.75,-1.75,0,698.844714
-13.75,-2.25,0,631.8824868
-13.75,-2.75,0,572.0141406
-13.75,-3.25,0,516.2365709
-13.75,-3.75,0,464.5332512
-13.75,-4.25,0,421.4451821
-13.75,-4.75,0,377.8018088
-13.75,-5.25,0,342.3104298
-13.75,-5.75,0,306.4481904
-13.75,-6.25,0,273.4351779
-13.75,-6.75,0,244.7054509
-13.75,-7.25,0,213.688144
-13.75,-7.75,0,186.1127123
-13.75,-8.25,0,158.9128342
-13.75,-8.75,0,132.7841141
-13.75,-9.25,0,106.385541
-13.75,-9.75,0,79.18254732
-13.75,-10.25,0,50.98228133
-13.75,-10.75,0,18.59434274
-13.75,-11.25,0,-19.33572483
-13.75,-11.75,0,-68.75095783
-13.75,-12.25,0,-141.0569148
-13.75,-12.75,0,-261.4584428
-13.75,-13.25,0,-478.2156647
-13.75,-13.75,0,-907.1839926
-13.75,-14.25,0,-1774.208255
-13.75,-14.75,0,-3478.262848
-13.25,14.75,0,1787386.943
-13.25,14.25,0,3694363.949
-13.25,13.75,0,9001688.166
-13.25,13.25,0,2.46E+07
-13.25,12.75,0,2.50E+07
-13.25,12.25,0,9352839.013
-13.25,11.75,0,3835062.224
-13.25,11.25,0,1951100.627
-13.25,10.75,0,1150985.684
-13.25,10.25,0,799140.322
-13.25,9.75,0,636386.2783
-13.25,9.25,0,555171.5003
-13.25,8.75,0,502947.2615
-13.25,8.25,0,448026.6477
-13.25,7.75,0,383947.7936
-13.25,7.25,0,308909.891
-13.25,6.75,0,228349.6585
-13.25,6.25,0,154060.015
-13.25,5.75,0,96621.8545
-13.25,5.25,0,56445.97424
-13.25,4.75,0,31669.81033
-13.25,4.25,0,17287.98211
-13.25,3.75,0,9407.706189
-13.25,3.25,0,5255.218395
-13.25,2.75,0,3107.916219
-13.25,2.25,0,1996.338444
-13.25,1.75,0,1428.760414
-13.25,1.25,0,1106.543221
-13.25,0.75,0,905.8781533
-13.25,0.25,0,767.0379551
-13.25,-0.25,0,653.0277946
-13.25,-0.75,0,559.427854
-13.25,-1.25,0,481.4189832
-13.25,-1.75,0,411.1350116
-13.25,-2.25,0,352.589689
-13.25,-2.75,0,304.8468645
-13.25,-3.25,0,263.7160704
-13.25,-3.75,0,230.8668707
-13.25,-4.25,0,202.7774443
-13.25,-4.75,0,179.7281343
-13.25,-5.25,0,160.6221896
-13.25,-5.75,0,142.8153692
-13.25,-6.25,0,126.4477565
-13.25,-6.75,0,112.2289491
-13.25,-7.25,0,98.41019871
-13.25,-7.75,0,85.34995395
-13.25,-8.25,0,73.00982187
-13.25,-8.75,0,60.49755865
-13.25,-9.25,0,48.05378217
-13.25,-9.75,0,35.02717324
-13.25,-10.25,0,20.80204896
-13.25,-10.75,0,3.942721036
-13.25,-11.25,0,-18.01629
-13.25,-11.75,0,-50.51639297
-13.25,-12.25,0,-106.3207931
-13.25,-12.75,0,-208.2672331
-13.25,-13.25,0,-412.2669451
-13.25,-13.75,0,-835.7633996
-13.25,-14.25,0,-1724.962235
-13.25,-14.75,0,-3515.447608
-12.75,14.75,0,2246007.123
-12.75,14.25,0,4707395.168
-12.75,13.75,0,1.18E+07
-12.75,13.25,0,3.05E+07
-12.75,12.75,0,3.04E+07
-12.75,12.25,0,1.22E+07
-12.75,11.75,0,5322264.105
-12.75,11.25,0,2920223.501
-12.75,10.75,0,1910508.762
-12.75,10.25,0,1482428.581
-12.75,9.75,0,1286700.191
-12.75,9.25,0,1173516.093
-12.75,8.75,0,1088296.085
-12.75,8.25,0,991632.2614
-12.75,7.75,0,855838.8764
-12.75,7.25,0,679215.6414
-12.75,6.75,0,486922.9643
-12.75,6.25,0,312382.2242
-12.75,5.75,0,184065.7985
-12.75,5.25,0,100779.3775
-12.75,4.75,0,53278.9224
-12.75,4.25,0,27187.44087
-12.75,3.75,0,13990.54931
-12.75,3.25,0,7401.864115
-12.75,2.75,0,4196.939505
-12.75,2.25,0,2614.660607
-12.75,1.75,0,1819.406691
-12.75,1.25,0,1380.959349
-12.75,0.75,0,1107.967542
-12.75,0.25,0,911.4444878
-12.75,-0.25,0,748.4669301
-12.75,-0.75,0,605.6567601
-12.75,-1.25,0,483.0114011
-12.75,-1.75,0,378.5001023
-12.75,-2.25,0,294.2438323
-12.75,-2.75,0,228.3548198
-12.75,-3.25,0,178.6033421
-12.75,-3.75,0,141.456831
-12.75,-4.25,0,114.9249999
-12.75,-4.75,0,95.39925695
-12.75,-5.25,0,81.09490447
-12.75,-5.75,0,69.35425378
-12.75,-6.25,0,60.1860141
-12.75,-6.75,0,52.73630454
-12.75,-7.25,0,45.6425482
-12.75,-7.75,0,39.25633461
-12.75,-8.25,0,33.41256107
-12.75,-8.75,0,27.45249618
-12.75,-9.25,0,21.43201498
-12.75,-9.75,0,15.17241268
-12.75,-10.25,0,7.654781692
-12.75,-10.75,0,-2.457863377
-12.75,-11.25,0,-17.52553038
-12.75,-11.75,0,-43.2286168
-12.75,-12.25,0,-91.4704832
-12.75,-12.75,0,-189.2555229
-12.75,-13.25,0,-393.6964771
-12.75,-13.75,0,-827.1656957
-12.75,-14.25,0,-1753.893568
-12.75,-14.75,0,-3642.394074
-12.25,14.75,0,2594840.893
-12.25,14.25,0,5398893.838
-12.25,13.75,0,1.28E+07
-12.25,13.25,0,3.24E+07
-12.25,12.75,0,3.26E+07
-12.25,12.25,0,1.43E+07
-12.25,11.75,0,7019923.739
-12.25,11.25,0,4424267.896
-12.25,10.75,0,3355432.529
-12.25,10.25,0,2881123.799
-12.25,9.75,0,2662946.847
-12.25,9.25,0,2538285.351
-12.25,8.75,0,2418805.739
-12.25,8.25,0,2238491.611
-12.25,7.75,0,1939281.411
-12.25,7.25,0,1516956.647
-12.25,6.75,0,1045545.412
-12.25,6.25,0,622023.4022
-12.25,5.75,0,333660.9097
-12.25,5.25,0,172287.0368
-12.25,4.75,0,85181.09462
-12.25,4.25,0,41689.57356
-12.25,3.75,0,20812.21807
-12.25,3.25,0,10945.57767
-12.25,2.75,0,6313.897497
-12.25,2.25,0,4119.53092
-12.25,1.75,0,3012.88364
-12.25,1.25,0,2389.410072
-12.25,0.75,0,1961.925021
-12.25,0.25,0,1617.035345
-12.25,-0.25,0,1305.242275
-12.25,-0.75,0,1033.386272
-12.25,-1.25,0,777.7648999
-12.25,-1.75,0,572.6816965
-12.25,-2.25,0,405.6213613
-12.25,-2.75,0,282.605643
-12.25,-3.25,0,194.7789239
-12.25,-3.75,0,133.9259332
-12.25,-4.25,0,93.80277698
-12.25,-4.75,0,67.46831204
-12.25,-5.25,0,50.45613359
-12.25,-5.75,0,39.34114446
-12.25,-6.25,0,31.58825292
-12.25,-6.75,0,26.16163561
-12.25,-7.25,0,21.87564127
-12.25,-7.75,0,18.48140879
-12.25,-8.25,0,15.43235576
-12.25,-8.75,0,12.41181212
-12.25,-9.25,0,9.480101434
-12.25,-9.75,0,5.927431162
-12.25,-10.25,0,1.262695968
-12.25,-10.75,0,-5.667567015
-12.25,-11.25,0,-17.75238465
-12.25,-11.75,0,-40.55415745
-12.25,-12.25,0,-87.87420901
-12.25,-12.75,0,-186.3446555
-12.25,-13.25,0,-396.4483141
-12.25,-13.75,0,-851.8583434
-12.25,-14.25,0,-1832.080004
-12.25,-14.75,0,-3823.153197
-11.75,14.75,0,2804443.985
-11.75,14.25,0,5836673.15
-11.75,13.75,0,1.38E+07
-11.75,13.25,0,3.34E+07
-11.75,12.75,0,3.45E+07
-11.75,12.25,0,1.65E+07
-11.75,11.75,0,9860606.973
-11.75,11.25,0,7407331.867
-11.75,10.75,0,6436537.903
-11.75,10.25,0,5983834.022
-11.75,9.75,0,5757289.364
-11.75,9.25,0,5591997.047
-11.75,8.75,0,5396647.676
-11.75,8.25,0,5078939.389
-11.75,7.75,0,4477136.027
-11.75,7.25,0,3435783.912
-11.75,6.75,0,2185067.305
-11.75,6.25,0,1183099.991
-11.75,5.75,0,574009.0374
-11.75,5.25,0,270867.9756
-11.75,4.75,0,126851.6238
-11.75,4.25,0,60116.74959
-11.75,3.75,0,29832.6629
-11.75,3.25,0,16284.17361
-11.75,2.75,0,10124.16808
-11.75,2.25,0,7199.157219
-11.75,1.75,0,5692.979071
-11.75,1.25,0,4756.102605
-11.75,0.75,0,4008.635656
-11.75,0.25,0,3344.289126
-11.75,-0.25,0,2686.711931
-11.75,-0.75,0,2074.934915
-11.75,-1.25,0,1533.733738
-11.75,-1.75,0,1085.847262
-11.75,-2.25,0,736.1648653
-11.75,-2.75,0,481.3415341
-11.75,-3.25,0,306.7938912
-11.75,-3.75,0,190.4244873
-11.75,-4.25,0,117.8043466
-11.75,-4.75,0,73.28705033
-11.75,-5.25,0,46.33458671
-11.75,-5.75,0,30.39514939
-11.75,-6.25,0,21.00940164
-11.75,-6.75,0,15.37108328
-11.75,-7.25,0,11.71034129
-11.75,-7.75,0,9.303900425
-11.75,-8.25,0,7.367056211
-11.75,-8.75,0,5.697407762
-11.75,-9.25,0,3.926785497
-11.75,-9.75,0,1.693098029
-11.75,-10.25,0,-1.538627329
-11.75,-10.75,0,-7.31131255
-11.75,-11.25,0,-18.28119949
-11.75,-11.75,0,-41.01446421
-11.75,-12.25,0,-88.36461471
-11.75,-12.75,0,-192.689644
-11.75,-13.25,0,-412.9707417
-11.75,-13.75,0,-896.878812
-11.75,-14.25,0,-1940.220659
-11.75,-14.75,0,-4037.933952
-11.25,14.75,0,2931895.164
-11.25,14.25,0,6022728.391
-11.25,13.75,0,1.45E+07
-11.25,13.25,0,3.45E+07
-11.25,12.75,0,3.70E+07
-11.25,12.25,0,2.21E+07
-11.25,11.75,0,1.69E+07
-11.25,11.25,0,1.51E+07
-11.25,10.75,0,1.41E+07
-11.25,10.25,0,1.35E+07
-11.25,9.75,0,1.34E+07
-11.25,9.25,0,1.33E+07
-11.25,8.75,0,1.31E+07
-11.25,8.25,0,1.27E+07
-11.25,7.75,0,1.14E+07
-11.25,7.25,0,9031949.361
-11.25,6.75,0,4620237.366
-11.25,6.25,0,1997363.503
-11.25,5.75,0,868667.0865
-11.25,5.25,0,381881.3979
-11.25,4.75,0,171322.5791
-11.25,4.25,0,80838.47087
-11.25,3.75,0,41846.83343
-11.25,3.25,0,24789.06742
-11.25,2.75,0,17261.84749
-11.25,2.25,0,13589.46751
-11.25,1.75,0,11519.5512
-11.25,1.25,0,10046.82155
-11.25,0.75,0,8635.442439
-11.25,0.25,0,7200.969428
-11.25,-0.25,0,5770.682002
-11.25,-0.75,0,4394.978824
-11.25,-1.25,0,3189.434887
-11.25,-1.75,0,2192.219813
-11.25,-2.25,0,1433.286927
-11.25,-2.75,0,908.9649161
-11.25,-3.25,0,551.8563483
-11.25,-3.75,0,326.4086729
-11.25,-4.25,0,188.0878704
-11.25,-4.75,0,107.1572574
-11.25,-5.25,0,60.48420441
-11.25,-5.75,0,34.60633252
-11.25,-6.25,0,20.30156138
-11.25,-6.75,0,12.34316001
-11.25,-7.25,0,8.006595201
-11.25,-7.75,0,5.433087621
-11.25,-8.25,0,3.823777874
-11.25,-8.75,0,2.586653548
-11.25,-9.25,0,1.393482994
-11.25,-9.75,0,-0.275319763
-11.25,-10.25,0,-2.990289464
-11.25,-10.75,0,-8.411982181
-11.25,-11.25,0,-19.2612469
-11.25,-11.75,0,-42.49161451
-11.25,-12.25,0,-92.45470617
-11.25,-12.75,0,-200.6699124
-11.25,-13.25,0,-437.8391663
-11.25,-13.75,0,-950.2517174
-11.25,-14.25,0,-2063.401183
-11.25,-14.75,0,-4317.178401
-10.75,14.75,0,2995388.718
-10.75,14.25,0,6145314.063
-10.75,13.75,0,1.45E+07
-10.75,13.25,0,3.54E+07
-10.75,12.75,0,4.05E+07
-10.75,12.25,0,3.80E+07
-10.75,11.75,0,3.56E+07
-10.75,11.25,0,3.41E+07
-10.75,10.75,0,3.30E+07
-10.75,10.25,0,3.31E+07
-10.75,9.75,0,3.30E+07
-10.75,9.25,0,3.26E+07
-10.75,8.75,0,3.20E+07
-10.75,8.25,0,3.17E+07
-10.75,7.75,0,3.00E+07
-10.75,7.25,0,2.48E+07
-10.75,6.75,0,7986395.781
-10.75,6.25,0,2735844.046
-10.75,5.75,0,1099711.623
-10.75,5.25,0,465863.8887
-10.75,4.75,0,211520.5708
-10.75,4.25,0,103762.9341
-10.75,3.75,0,59353.64987
-10.75,3.25,0,40525.6847
-10.75,2.75,0,31731.71386
-10.75,2.25,0,27279.80867
-10.75,1.75,0,24540.79165
-10.75,1.25,0,21804.90583
-10.75,0.75,0,18907.5279
-10.75,0.25,0,15808.96414
-10.75,-0.25,0,12544.7511
-10.75,-0.75,0,9378.857628
-10.75,-1.25,0,6653.221651
-10.75,-1.75,0,4447.233731
-10.75,-2.25,0,2832.066566
-10.75,-2.75,0,1729.992641
-10.75,-3.25,0,1014.981712
-10.75,-3.75,0,577.2746248
-10.75,-4.25,0,319.2534545
-10.75,-4.75,0,171.5305508
-10.75,-5.25,0,92.78421992
-10.75,-5.75,0,49.05792868
-10.75,-6.25,0,25.98009076
-10.75,-6.75,0,13.75415641
-10.75,-7.25,0,7.486424182
-10.75,-7.75,0,4.206158981
-10.75,-8.25,0,2.382512937
-10.75,-8.75,0,1.224867705
-10.75,-9.25,0,0.169799541
-10.75,-9.75,0,-1.264048361
-10.75,-10.25,0,-3.890356897
-10.75,-10.75,0,-9.212650646
-10.75,-11.25,0,-20.45217779
-10.75,-11.75,0,-45.03783141
-10.75,-12.25,0,-98.12787123
-10.75,-12.75,0,-213.9982306
-10.75,-13.25,0,-465.8472918
-10.75,-13.75,0,-1018.813321
-10.75,-14.25,0,-2198.978943
-10.75,-14.75,0,-4599.303424
-10.25,14.75,0,2999385.961
-10.25,14.25,0,6157206.563
-10.25,13.75,0,1.45E+07
-10.25,13.25,0,3.54E+07
-10.25,12.75,0,4.06E+07
-10.25,12.25,0,3.81E+07
-10.25,11.75,0,3.56E+07
-10.25,11.25,0,3.40E+07
-10.25,10.75,0,3.33E+07
-10.25,10.25,0,3.29E+07
-10.25,9.75,0,3.27E+07
-10.25,9.25,0,3.24E+07
-10.25,8.75,0,3.23E+07
-10.25,8.25,0,3.17E+07
-10.25,7.75,0,2.98E+07
-10.25,7.25,0,2.47E+07
-10.25,6.75,0,8117028.449
-10.25,6.25,0,2771100.987
-10.25,5.75,0,1122550.269
-10.25,5.25,0,493567.1363
-10.25,4.75,0,240851.8073
-10.25,4.25,0,134857.5115
-10.25,3.75,0,90880.27148
-10.25,3.25,0,71711.43604
-10.25,2.75,0,62689.57018
-10.25,2.25,0,57507.90725
-10.25,1.75,0,52823.271
-10.25,1.25,0,47996.5539
-10.25,0.75,0,41816.6816
-10.25,0.25,0,34849.64068
-10.25,-0.25,0,27269.12492
-10.25,-0.75,0,20149.30365
-10.25,-1.25,0,13791.57895
-10.25,-1.75,0,8950.837702
-10.25,-2.25,0,5500.917695
-10.25,-2.75,0,3240.648609
-10.25,-3.25,0,1830.52586
-10.25,-3.75,0,1009.005758
-10.25,-4.25,0,541.8937177
-10.25,-4.75,0,283.4056993
-10.25,-5.25,0,145.9880924
-10.25,-5.75,0,73.91103103
-10.25,-6.25,0,36.9213631
-10.25,-6.75,0,18.20803171
-10.25,-7.25,0,8.842741653
-10.25,-7.75,0,4.174454798
-10.25,-8.25,0,1.837601688
-10.25,-8.75,0,0.504266223
-10.25,-9.25,0,-0.529791284
-10.25,-9.75,0,-1.936041714
-10.25,-10.25,0,-4.531683083
-10.25,-10.75,0,-10.11343684
-10.25,-11.25,0,-21.90243989
-10.25,-11.75,0,-48.11600969
-10.25,-12.25,0,-104.0415306
-10.25,-12.75,0,-227.5889988
-10.25,-13.25,0,-493.2962605
-10.25,-13.75,0,-1093.329031
-10.25,-14.25,0,-2351.113773
-10.25,-14.75,0,-4941.49046
-9.75,14.75,0,2934759.492
-9.75,14.25,0,6028510.736
-9.75,13.75,0,1.42E+07
-9.75,13.25,0,3.45E+07
-9.75,12.75,0,3.71E+07
-9.75,12.25,0,2.22E+07
-9.75,11.75,0,1.70E+07
-9.75,11.25,0,1.51E+07
-9.75,10.75,0,1.42E+07
-9.75,10.25,0,1.37E+07
-9.75,9.75,0,1.37E+07
-9.75,9.25,0,1.34E+07
-9.75,8.75,0,1.31E+07
-9.75,8.25,0,1.27E+07
-9.75,7.75,0,1.15E+07
-9.75,7.25,0,8904716.872
-9.75,6.75,0,4640072.784
-9.75,6.25,0,2052994.47
-9.75,5.75,0,958631.3951
-9.75,5.25,0,488539.5827
-9.75,4.75,0,281979.3996
-9.75,4.25,0,195262.8523
-9.75,3.75,0,156664.5534
-9.75,3.25,0,140112.4193
-9.75,2.75,0,130672.9423
-9.75,2.25,0,124590.3872
-9.75,1.75,0,116546.2411
-9.75,1.25,0,107025.1253
-9.75,0.75,0,93014.33092
-9.75,0.25,0,76906.58252
-9.75,-0.25,0,59531.06133
-9.75,-0.75,0,42352.3399
-9.75,-1.25,0,28224.35892
-9.75,-1.75,0,17632.68267
-9.75,-2.25,0,10419.40683
-9.75,-2.75,0,5902.13663
-9.75,-3.25,0,3224.681492
-9.75,-3.75,0,1714.223059
-9.75,-4.25,0,889.0100468
-9.75,-4.75,0,451.604952
-9.75,-5.25,0,225.7844301
-9.75,-5.75,0,110.4502355
-9.75,-6.25,0,53.05628481
-9.75,-6.75,0,24.77308261
-9.75,-7.25,0,11.04578733
-9.75,-7.75,0,4.506615074
-9.75,-8.25,0,1.385571381
-9.75,-8.75,0,-0.168914298
-9.75,-9.25,0,-1.225196653
-9.75,-9.75,0,-2.588789229
-9.75,-10.25,0,-5.28803135
-9.75,-10.75,0,-11.02050421
-9.75,-11.25,0,-23.72418599
-9.75,-11.75,0,-51.28646101
-9.75,-12.25,0,-112.2021157
-9.75,-12.75,0,-245.1080639
-9.75,-13.25,0,-529.9595893
-9.75,-13.75,0,-1180.110834
-9.75,-14.25,0,-2529.848375
-9.75,-14.75,0,-5288.196571
-9.25,14.75,0,2805477.137
-9.25,14.25,0,5764074.538
-9.25,13.75,0,1.38E+07
-9.25,13.25,0,3.34E+07
-9.25,12.75,0,3.45E+07
-9.25,12.25,0,1.66E+07
-9.25,11.75,0,9856780.289
-9.25,11.25,0,7433626.658
-9.25,10.75,0,6402993.991
-9.25,10.25,0,5956689.097
-9.25,9.75,0,5769074.903
-9.25,9.25,0,5582792.267
-9.25,8.75,0,5452195.994
-9.25,8.25,0,5087819.71
-9.25,7.75,0,4538705.637
-9.25,7.25,0,3568277.299
-9.25,6.75,0,2348404.837
-9.25,6.25,0,1390604.717
-9.25,5.75,0,803701.2024
-9.25,5.25,0,521578.4566
-9.25,4.75,0,390799.4442
-9.25,4.25,0,332485.8476
-9.25,3.75,0,306212.1983
-9.25,3.25,0,292011.9417
-9.25,2.75,0,283355.4085
-9.25,2.25,0,271401.9468
-9.25,1.75,0,258585.2636
-9.25,1.25,0,238159.5928
-9.25,0.75,0,210116.2254
-9.25,0.25,0,171187.9657
-9.25,-0.25,0,128657.5842
-9.25,-0.75,0,89027.54832
-9.25,-1.25,0,56783.65505
-9.25,-1.75,0,33877.92487
-9.25,-2.25,0,19200.08058
-9.25,-2.75,0,10381.74062
-9.25,-3.25,0,5462.327912
-9.25,-3.75,0,2797.28276
-9.25,-4.25,0,1406.178201
-9.25,-4.75,0,692.2633498
-9.25,-5.25,0,337.3978627
-9.25,-5.75,0,159.7896205
-9.25,-6.25,0,73.70500358
-9.25,-6.75,0,32.59020549
-9.25,-7.25,0,13.11452593
-9.25,-7.75,0,4.218360311
-9.25,-8.25,0,0.28678498
-9.25,-8.75,0,-1.444112113
-9.25,-9.25,0,-2.432662373
-9.25,-9.75,0,-3.663893448
-9.25,-10.25,0,-6.316344703
-9.25,-10.75,0,-12.35999183
-9.25,-11.25,0,-25.63170805
-9.25,-11.75,0,-55.07853697
-9.25,-12.25,0,-120.7313432
-9.25,-12.75,0,-263.1747055
-9.25,-13.25,0,-571.7403274
-9.25,-13.75,0,-1251.506476
-9.25,-14.25,0,-2708.595309
-9.25,-14.75,0,-5684.512406
-8.75,14.75,0,2572838.817
-8.75,14.25,0,5382631.722
-8.75,13.75,0,1.32E+07
-8.75,13.25,0,3.22E+07
-8.75,12.75,0,3.27E+07
-8.75,12.25,0,1.41E+07
-8.75,11.75,0,7003065.581
-8.75,11.25,0,4419520.226
-8.75,10.75,0,3356916.964
-8.75,10.25,0,2875108.93
-8.75,9.75,0,2684278.178
-8.75,9.25,0,2578532.659
-8.75,8.75,0,2461982.82
-8.75,8.25,0,2330655.402
-8.75,7.75,0,2113365.087
-8.75,7.25,0,1804698.376
-8.75,6.75,0,1411791.468
-8.75,6.25,0,1085287.343
-8.75,5.75,0,872861.0976
-8.75,5.25,0,747006.6861
-8.75,4.75,0,681955.5593
-8.75,4.25,0,652990.2357
-8.75,3.75,0,636698.0683
-8.75,3.25,0,629837.0658
-8.75,2.75,0,618590.6958
-8.75,2.25,0,601236.6228
-8.75,1.75,0,577169.6498
-8.75,1.25,0,536611.2916
-8.75,0.75,0,470904.631
-8.75,0.25,0,382765.9447
-8.75,-0.25,0,279314.9845
-8.75,-0.75,0,184318.6877
-8.75,-1.25,0,111180.5318
-8.75,-1.75,0,62842.90367
-8.75,-2.25,0,34162.61733
-8.75,-2.75,0,17496.59359
-8.75,-3.25,0,8868.30761
-8.75,-3.75,0,4386.537337
-8.75,-4.25,0,2129.284205
-8.75,-4.75,0,1019.03256
-8.75,-5.25,0,480.3091306
-8.75,-5.75,0,221.269835
-8.75,-6.25,0,96.9128642
-8.75,-6.75,0,39.50241633
-8.75,-7.25,0,13.07984683
-8.75,-7.75,0,1.659795721
-8.75,-8.25,0,-2.876775802
-8.75,-8.75,0,-4.403599262
-8.75,-9.25,0,-4.925095336
-8.75,-9.75,0,-5.712218504
-8.75,-10.25,0,-8.062589564
-8.75,-10.75,0,-14.11714554
-8.75,-11.25,0,-28.34646683
-8.75,-11.75,0,-59.86940444
-8.75,-12.25,0,-130.8994571
-8.75,-12.75,0,-282.1390053
-8.75,-13.25,0,-615.541766
-8.75,-13.75,0,-1355.019163
-8.75,-14.25,0,-2911.312516
-8.75,-14.75,0,-6097.434331
-8.25,14.75,0,2228762.555
-8.25,14.25,0,4676370.956
-8.25,13.75,0,1.17E+07
-8.25,13.25,0,2.99E+07
-8.25,12.75,0,3.04E+07
-8.25,12.25,0,1.22E+07
-8.25,11.75,0,5373862.668
-8.25,11.25,0,2902893.403
-8.25,10.75,0,1901859.626
-8.25,10.25,0,1483055.38
-8.25,9.75,0,1304265.491
-8.25,9.25,0,1220558.069
-8.25,8.75,0,1199821.636
-8.25,8.25,0,1198891.679
-8.25,7.75,0,1222799.745
-8.25,7.25,0,1275099.963
-8.25,6.75,0,1341138.949
-8.25,6.25,0,1381411.029
-8.25,5.75,0,1394008.281
-8.25,5.25,0,1388504.884
-8.25,4.75,0,1389981.598
-8.25,4.25,0,1384388.509
-8.25,3.75,0,1383823.031
-8.25,3.25,0,1379552.627
-8.25,2.75,0,1362208.58
-8.25,2.25,0,1342136.207
-8.25,1.75,0,1291135.801
-8.25,1.25,0,1209847.2
-8.25,0.75,0,1075228.437
-8.25,0.25,0,859629.7279
-8.25,-0.25,0,602472.3638
-8.25,-0.75,0,373660.805
-8.25,-1.25,0,210272.6991
-8.25,-1.75,0,111208.3635
-8.25,-2.25,0,56470.97949
-8.25,-2.75,0,27997.65728
-8.25,-3.25,0,13570.41185
-8.25,-3.75,0,6502.921125
-8.25,-4.25,0,3078.727099
-8.25,-4.75,0,1427.031393
-8.25,-5.25,0,650.3152731
-8.25,-5.75,0,285.5137032
-8.25,-6.25,0,116.4908482
-8.25,-6.75,0,40.03600848
-8.25,-7.25,0,6.475584618
-8.25,-7.75,0,-6.715328862
-8.25,-8.25,0,-10.92888606
-8.25,-8.75,0,-11.22186638
-8.25,-9.25,0,-10.36344064
-8.25,-9.75,0,-9.916316958
-8.25,-10.25,0,-11.40226309
-8.25,-10.75,0,-17.00992795
-8.25,-11.25,0,-31.69468913
-8.25,-11.75,0,-65.70339962
-8.25,-12.25,0,-140.0736499
-8.25,-12.75,0,-303.9916609
-8.25,-13.25,0,-665.6081923
-8.25,-13.75,0,-1445.2824
-8.25,-14.25,0,-3153.988649
-8.25,-14.75,0,-6576.990074
-7.75,14.75,0,1766182.871
-7.75,14.25,0,3635022.185
-7.75,13.75,0,9145196.565
-7.75,13.25,0,2.51E+07
-7.75,12.75,0,2.49E+07
-7.75,12.25,0,9432817.272
-7.75,11.75,0,3823402.046
-7.75,11.25,0,1949934.496
-7.75,10.75,0,1151168.092
-7.75,10.25,0,814816.9002
-7.75,9.75,0,674024.9638
-7.75,9.25,0,638162.9559
-7.75,8.75,0,677594.2822
-7.75,8.25,0,811006.4055
-7.75,7.75,0,1093734.977
-7.75,7.25,0,1586453.641
-7.75,6.75,0,2191880.907
-7.75,6.25,0,2636968.252
-7.75,5.75,0,2871768.491
-7.75,5.25,0,2944796.593
-7.75,4.75,0,2999736.292
-7.75,4.25,0,3047984.304
-7.75,3.75,0,3047881.729
-7.75,3.25,0,3067300.059
-7.75,2.75,0,3025624.02
-7.75,2.25,0,2969086.198
-7.75,1.75,0,2900392.227
-7.75,1.25,0,2758378.219
-7.75,0.75,0,2503769.978
-7.75,0.25,0,1964933.774
-7.75,-0.25,0,1284568.426
-7.75,-0.75,0,724343.0829
-7.75,-1.25,0,372604.0991
-7.75,-1.75,0,183743.3606
-7.75,-2.25,0,88360.86146
-7.75,-2.75,0,41887.54912
-7.75,-3.25,0,19631.60841
-7.75,-3.75,0,9109.479405
-7.75,-4.25,0,4174.371357
-7.75,-4.75,0,1891.193093
-7.75,-5.25,0,823.3019969
-7.75,-5.75,0,339.0609261
-7.75,-6.25,0,118.8708742
-7.75,-6.75,0,22.93013844
-7.75,-7.25,0,-15.96427509
-7.75,-7.75,0,-28.7635366
-7.75,-8.25,0,-29.87783128
-7.75,-8.75,0,-26.48389602
-7.75,-9.25,0,-22.01605197
-7.75,-9.75,0,-18.53552432
-7.75,-10.25,0,-17.76406899
-7.75,-10.75,0,-22.1100389
-7.75,-11.25,0,-36.39406279
-7.75,-11.75,0,-72.09932196
-7.75,-12.25,0,-151.9948743
-7.75,-12.75,0,-328.9057429
-7.75,-13.25,0,-714.5386895
-7.75,-13.75,0,-1573.825369
-7.75,-14.25,0,-3380.785674
-7.75,-14.75,0,-7080.929157
-7.25,14.75,0,1240938.456
-7.25,14.25,0,2307304.019
-7.25,13.75,0,4744093.565
-7.25,13.25,0,8261284.821
-7.25,12.75,0,8012495.387
-7.25,12.25,0,4652031.554
-7.25,11.75,0,2376468.981
-7.25,11.25,0,1220539.501
-7.25,10.75,0,704125.1847
-7.25,10.25,0,468894.0179
-7.25,9.75,0,383038.3459
-7.25,9.25,0,393383.1423
-7.25,8.75,0,507150.5131
-7.25,8.25,0,800048.9711
-7.25,7.75,0,1430198.357
-7.25,7.25,0,2889530.931
-7.25,6.75,0,5047745.809
-7.25,6.25,0,6409993.339
-7.25,5.75,0,6969223.695
-7.25,5.25,0,7088245.226
-7.25,4.75,0,7099322.368
-7.25,4.25,0,7243528.346
-7.25,3.75,0,7458486.486
-7.25,3.25,0,7350885.925
-7.25,2.75,0,7250062.565
-7.25,2.25,0,7109145.978
-7.25,1.75,0,7135889.814
-7.25,1.25,0,6798367.257
-7.25,0.75,0,6408712.359
-7.25,0.25,0,5020238.322
-7.25,-0.25,0,2749787.327
-7.25,-0.75,0,1283862.747
-7.25,-1.25,0,597837.3969
-7.25,-1.75,0,276703.5945
-7.25,-2.25,0,127006.5727
-7.25,-2.75,0,58125.96072
-7.25,-3.25,0,26527.24672
-7.25,-3.75,0,11983.41008
-7.25,-4.25,0,5379.287262
-7.25,-4.75,0,2324.619387
-7.25,-5.25,0,964.6343114
-7.25,-5.75,0,344.0724293
-7.25,-6.25,0,74.75782805
-7.25,-6.75,0,-36.3223969
-7.25,-7.25,0,-75.38399811
-7.25,-7.75,0,-80.82754333
-7.25,-8.25,0,-72.74126493
-7.25,-8.75,0,-59.9352685
-7.25,-9.25,0,-46.993893
-7.25,-9.75,0,-36.5188806
-7.25,-10.25,0,-30.45577738
-7.25,-10.75,0,-31.22802298
-7.25,-11.25,0,-44.1326171
-7.25,-11.75,0,-80.57288062
-7.25,-12.25,0,-166.4416861
-7.25,-12.75,0,-355.0334318
-7.25,-13.25,0,-771.4719001
-7.25,-13.75,0,-1694.935878
-7.25,-14.25,0,-3639.674804
-7.25,-14.75,0,-7623.947328
-6.75,14.75,0,784582.4705
-6.75,14.25,0,1260898.351
-6.75,13.75,0,2039539.599
-6.75,13.25,0,2778358.745
-6.75,12.75,0,2838210.234
-6.75,12.25,0,2038211.964
-6.75,11.75,0,1251340.935
-6.75,11.25,0,710748.8052
-6.75,10.75,0,417857.2093
-6.75,10.25,0,281687.4415
-6.75,9.75,0,247191.7793
-6.75,9.25,0,300369.7186
-6.75,8.75,0,486583.7147
-6.75,8.25,0,944824.5844
-6.75,7.75,0,2028877.605
-6.75,7.25,0,5044426.724
-6.75,6.75,0,1.37E+07
-6.75,6.25,0,1.64E+07
-6.75,5.75,0,1.70E+07
-6.75,5.25,0,1.70E+07
-6.75,4.75,0,1.71E+07
-6.75,4.25,0,1.74E+07
-6.75,3.75,0,1.78E+07
-6.75,3.25,0,1.78E+07
-6.75,2.75,0,1.72E+07
-6.75,2.25,0,1.72E+07
-6.75,1.75,0,1.70E+07
-6.75,1.25,0,1.69E+07
-6.75,0.75,0,1.64E+07
-6.75,0.25,0,1.37E+07
-6.75,-0.25,0,5039307.074
-6.75,-0.75,0,1954307.147
-6.75,-1.25,0,854755.1879
-6.75,-1.75,0,377025.5887
-6.75,-2.25,0,169408.6926
-6.75,-2.75,0,74877.312
-6.75,-3.25,0,33386.54652
-6.75,-3.75,0,14808.66511
-6.75,-4.25,0,6397.285212
-6.75,-4.75,0,2663.494988
-6.75,-5.25,0,960.008419
-6.75,-5.75,0,222.7105565
-6.75,-6.25,0,-81.9053616
-6.75,-6.75,0,-193.2697816
-6.75,-7.25,0,-215.6297711
-6.75,-7.75,0,-199.3523762
-6.75,-8.25,0,-167.9752177
-6.75,-8.75,0,-132.3837278
-6.75,-9.25,0,-99.48099182
-6.75,-9.75,0,-73.28240546
-6.75,-10.25,0,-55.4189633
-6.75,-10.75,0,-48.34164508
-6.75,-11.25,0,-56.81524911
-6.75,-11.75,0,-92.28718852
-6.75,-12.25,0,-182.3597791
-6.75,-12.75,0,-385.710318
-6.75,-13.25,0,-837.0675737
-6.75,-13.75,0,-1823.885421
-6.75,-14.25,0,-3950.062994
-6.75,-14.75,0,-8220.627677
-6.25,14.75,0,464303.488
-6.25,14.25,0,639402.995
-6.25,13.75,0,906501.2835
-6.25,13.25,0,1109735.617
-6.25,12.75,0,1101878.454
-6.25,12.25,0,892416.7305
-6.25,11.75,0,599107.2201
-6.25,11.25,0,379581.7442
-6.25,10.75,0,240105.1302
-6.25,10.25,0,178599.6886
-6.25,9.75,0,181923.8543
-6.25,9.25,0,270407.9689
-6.25,8.75,0,513918.9075
-6.25,8.25,0,1097660.497
-6.25,7.75,0,2491316.631
-6.25,7.25,0,6323436.125
-6.25,6.75,0,1.64E+07
-6.25,6.25,0,1.91E+07
-6.25,5.75,0,1.84E+07
-6.25,5.25,0,1.78E+07
-6.25,4.75,0,1.77E+07
-6.25,4.25,0,1.88E+07
-6.25,3.75,0,2.04E+07
-6.25,3.25,0,2.05E+07
-6.25,2.75,0,1.89E+07
-6.25,2.25,0,1.78E+07
-6.25,1.75,0,1.78E+07
-6.25,1.25,0,1.82E+07
-6.25,0.75,0,1.90E+07
-6.25,0.25,0,1.63E+07
-6.25,-0.25,0,6265875.906
-6.25,-0.75,0,2470132.318
-6.25,-1.25,0,1059658.284
-6.25,-1.75,0,462152.5471
-6.25,-2.25,0,203359.2288
-6.25,-2.75,0,89328.82314
-6.25,-3.25,0,39274.27479
-6.25,-3.75,0,16867.60483
-6.25,-4.25,0,6998.590619
-6.25,-4.75,0,2584.933155
-6.25,-5.25,0,650.8608087
-6.25,-5.75,0,-164.2139823
-6.25,-6.25,0,-483.1861108
-6.25,-6.75,0,-563.3716061
-6.25,-7.25,0,-535.7709212
-6.25,-7.75,0,-462.2250795
-6.25,-8.25,0,-374.7827425
-6.25,-8.75,0,-286.6785254
-6.25,-9.25,0,-210.0373609
-6.25,-9.75,0,-148.8924447
-6.25,-10.25,0,-105.3010622
-6.25,-10.75,0,-80.76373923
-6.25,-11.25,0,-78.51819106
-6.25,-11.75,0,-110.3948294
-6.25,-12.25,0,-201.5794907
-6.25,-12.75,0,-425.0150081
-6.25,-13.25,0,-904.5247324
-6.25,-13.75,0,-1964.247443
-6.25,-14.25,0,-4280.737915
-6.25,-14.75,0,-8885.876403
-5.75,14.75,0,272449.5058
-5.75,14.25,0,319357.072
-5.75,13.75,0,401274.2635
-5.75,13.25,0,461829.0774
-5.75,12.75,0,458743.6382
-5.75,12.25,0,387671.8852
-5.75,11.75,0,287746.3845
-5.75,11.25,0,198169.3099
-5.75,10.75,0,137009.7322
-5.75,10.25,0,119328.3338
-5.75,9.75,0,149817.5444
-5.75,9.25,0,262884.2612
-5.75,8.75,0,545932.6047
-5.75,8.25,0,1202460.35
-5.75,7.75,0,2735572.511
-5.75,7.25,0,6716445.179
-5.75,6.75,0,1.69E+07
-5.75,6.25,0,1.83E+07
-5.75,5.75,0,1.09E+07
-5.75,5.25,0,8982835.804
-5.75,4.75,0,9265510.493
-5.75,4.25,0,1.15E+07
-5.75,3.75,0,1.93E+07
-5.75,3.25,0,1.93E+07
-5.75,2.75,0,1.17E+07
-5.75,2.25,0,8970000.544
-5.75,1.75,0,8927203.015
-5.75,1.25,0,1.10E+07
-5.75,0.75,0,1.82E+07
-5.75,0.25,0,1.69E+07
-5.75,-0.25,0,6708127.693
-5.75,-0.75,0,2721107.547
-5.75,-1.25,0,1189456.466
-5.75,-1.75,0,517933.8323
-5.75,-2.25,0,226857.0166
-5.75,-2.75,0,99264.85756
-5.75,-3.25,0,42708.08833
-5.75,-3.75,0,17715.41523
-5.75,-4.25,0,6598.909373
-5.75,-4.75,0,1733.820923
-5.75,-5.25,0,-350.9004573
-5.75,-5.75,0,-1188.534378
-5.75,-6.25,0,-1436.49181
-5.75,-6.75,0,-1409.197017
-5.75,-7.25,0,-1255.219662
-5.75,-7.75,0,-1043.85381
-5.75,-8.25,0,-816.4069131
-5.75,-8.75,0,-613.0362194
-5.75,-9.25,0,-439.5467186
-5.75,-9.75,0,-301.9675231
-5.75,-10.25,0,-203.590599
-5.75,-10.75,0,-141.9093169
-5.75,-11.25,0,-117.3599509
-5.75,-11.75,0,-137.3431151
-5.75,-12.25,0,-231.5054103
-5.75,-12.75,0,-460.9473215
-5.75,-13.25,0,-985.6531346
-5.75,-13.75,0,-2134.32539
-5.75,-14.25,0,-4633.564287
-5.75,-14.75,0,-9619.756609
-5.25,14.75,0,164082.0802
-5.25,14.25,0,163435.9916
-5.25,13.75,0,182146.0289
-5.25,13.25,0,198499.7259
-5.25,12.75,0,195275.5499
-5.25,12.25,0,169276.056
-5.25,11.75,0,133639.4045
-5.25,11.25,0,98800.98145
-5.25,10.75,0,80639.53124
-5.25,10.25,0,86155.83406
-5.25,9.75,0,132833.6101
-5.25,9.25,0,259897.6952
-5.25,8.75,0,558838.6137
-5.25,8.25,0,1250679.04
-5.25,7.75,0,2810604.83
-5.25,7.25,0,6865757.532
-5.25,6.75,0,1.67E+07
-5.25,6.25,0,1.73E+07
-5.25,5.75,0,8608868.874
-5.25,5.25,0,5875362.164
-5.25,4.75,0,5936533.938
-5.25,4.25,0,9007239.652
-5.25,3.75,0,1.80E+07
-5.25,3.25,0,1.81E+07
-5.25,2.75,0,8961150.137
-5.25,2.25,0,5941298.161
-5.25,1.75,0,5867161.22
-5.25,1.25,0,8680512.498
-5.25,0.75,0,1.73E+07
-5.25,0.25,0,1.68E+07
-5.25,-0.25,0,6796395.547
-5.25,-0.75,0,2804560.678
-5.25,-1.25,0,1234853.945
-5.25,-1.75,0,543518.2172
-5.25,-2.25,0,238891.8497
-5.25,-2.75,0,102693.9245
-5.25,-3.25,0,42707.63452
-5.25,-3.75,0,16081.7989
-5.25,-4.25,0,4320.1281
-5.25,-4.75,0,-708.2362999
-5.25,-5.25,0,-2841.377743
-5.25,-5.75,0,-3536.489121
-5.25,-6.25,0,-3584.591891
-5.25,-6.75,0,-3309.742281
-5.25,-7.25,0,-2843.133195
-5.25,-7.75,0,-2307.425736
-5.25,-8.25,0,-1782.597584
-5.25,-8.75,0,-1306.187446
-5.25,-9.25,0,-911.1546906
-5.25,-9.75,0,-607.447017
-5.25,-10.25,0,-393.3658336
-5.25,-10.75,0,-256.5482201
-5.25,-11.25,0,-185.4908502
-5.25,-11.75,0,-181.6675249
-5.25,-12.25,0,-266.9587514
-5.25,-12.75,0,-511.0814134
-5.25,-13.25,0,-1070.398259
-5.25,-13.75,0,-2325.475771
-5.25,-14.25,0,-4977.353348
-5.25,-14.75,0,-10447.21115
-4.75,14.75,0,104823.0473
-4.75,14.25,0,87655.12449
-4.75,13.75,0,86107.72808
-4.75,13.25,0,88047.77391
-4.75,12.75,0,84720.50152
-4.75,12.25,0,76006.31426
-4.75,11.75,0,62660.04918
-4.75,11.25,0,52001.23188
-4.75,10.75,0,50579.94482
-4.75,10.25,0,67861.39811
-4.75,9.75,0,121329.5876
-4.75,9.25,0,253385.4088
-4.75,8.75,0,556951.0046
-4.75,8.25,0,1248724.054
-4.75,7.75,0,2810286.531
-4.75,7.25,0,6729327.437
-4.75,6.75,0,1.66E+07
-4.75,6.25,0,1.70E+07
-4.75,5.75,0,7817936.374
-4.75,5.25,0,4743277.517
-4.75,4.75,0,4776917.871
-4.75,4.25,0,7946250.861
-4.75,3.75,0,1.73E+07
-4.75,3.25,0,1.73E+07
-4.75,2.75,0,8063609.042
-4.75,2.25,0,4790480.836
-4.75,1.75,0,4722801.432
-4.75,1.25,0,7852351.818
-4.75,0.75,0,1.69E+07
-4.75,0.25,0,1.65E+07
-4.75,-0.25,0,6784428.134
-4.75,-0.75,0,2796883.074
-4.75,-1.25,0,1235292.312
-4.75,-1.75,0,543243.7312
-4.75,-2.25,0,235016.7616
-4.75,-2.75,0,97797.31295
-4.75,-3.25,0,37343.28024
-4.75,-3.75,0,10112.817
-4.75,-4.25,0,-1596.460771
-4.75,-4.75,0,-6672.837684
-4.75,-5.25,0,-8481.877148
-4.75,-5.75,0,-8878.314671
-4.75,-6.25,0,-8464.680315
-4.75,-6.75,0,-7549.522575
-4.75,-7.25,0,-6352.660167
-4.75,-7.75,0,-5071.34168
-4.75,-8.25,0,-3829.743289
-4.75,-8.75,0,-2741.3496
-4.75,-9.25,0,-1866.56702
-4.75,-9.75,0,-1210.493712
-4.75,-10.25,0,-750.9132745
-4.75,-10.75,0,-465.3742632
-4.75,-11.25,0,-305.0473986
-4.75,-11.75,0,-252.8664303
-4.75,-12.25,0,-318.3246714
-4.75,-12.75,0,-566.8033093
-4.75,-13.25,0,-1172.211738
-4.75,-13.75,0,-2509.37985
-4.75,-14.25,0,-5426.742704
-4.75,-14.75,0,-11367.34457
-4.25,14.75,0,71309.10196
-4.25,14.25,0,51197.0782
-4.25,13.75,0,43417.18255
-4.25,13.25,0,40456.09408
-4.25,12.75,0,38316.12959
-4.25,12.25,0,34449.3315
-4.25,11.75,0,30401.19865
-4.25,11.25,0,29211.94834
-4.25,10.75,0,35031.02519
-4.25,10.25,0,56109.64332
-4.25,9.75,0,111800.1599
-4.25,9.25,0,240837.8491
-4.25,8.75,0,537039.4685
-4.25,8.25,0,1207805.699
-4.25,7.75,0,2715397.634
-4.25,7.25,0,6652837.479
-4.25,6.75,0,1.62E+07
-4.25,6.25,0,1.66E+07
-4.25,5.75,0,7294899.213
-4.25,5.25,0,4198695.639
-4.25,4.75,0,4217532.115
-4.25,4.25,0,7555133.85
-4.25,3.75,0,1.68E+07
-4.25,3.25,0,1.68E+07
-4.25,2.75,0,7346720.743
-4.25,2.25,0,4234150.609
-4.25,1.75,0,4187427.417
-4.25,1.25,0,7339920.626
-4.25,0.75,0,1.65E+07
-4.25,0.25,0,1.61E+07
-4.25,-0.25,0,6658777.873
-4.25,-0.75,0,2692803.449
-4.25,-1.25,0,1184918.036
-4.25,-1.75,0,511468.6208
-4.25,-2.25,0,216555.7206
-4.25,-2.75,0,81654.71348
-4.25,-3.25,0,22338.07832
-4.25,-3.75,0,-3887.741735
-4.25,-4.25,0,-15440.93157
-4.25,-4.75,0,-19943.40106
-4.25,-5.25,0,-21419.63228
-4.25,-5.75,0,-20895.75446
-4.25,-6.25,0,-19261.20788
-4.25,-6.75,0,-16984.8645
-4.25,-7.25,0,-14134.87224
-4.25,-7.75,0,-11107.09419
-4.25,-8.25,0,-8206.992281
-4.25,-8.75,0,-5736.570284
-4.25,-9.25,0,-3773.009774
-4.25,-9.75,0,-2370.377898
-4.25,-10.25,0,-1428.199077
-4.25,-10.75,0,-845.8188944
-4.25,-11.25,0,-507.8751969
-4.25,-11.75,0,-365.7393995
-4.25,-12.25,0,-391.3702756
-4.25,-12.75,0,-643.1027162
-4.25,-13.25,0,-1277.88538
-4.25,-13.75,0,-2761.359237
-4.25,-14.25,0,-5892.036761
-4.25,-14.75,0,-12340.94138
-3.75,14.75,0,52128.10333
-3.75,14.25,0,32512.13719
-3.75,13.75,0,23766.69869
-3.75,13.25,0,20044.27166
-3.75,12.75,0,17864.21877
-3.75,12.25,0,16519.02455
-3.75,11.75,0,15874.69424
-3.75,11.25,0,17825.19678
-3.75,10.75,0,25869.15867
-3.75,10.25,0,47692.91682
-3.75,9.75,0,99941.41052
-3.75,9.25,0,220989.0264
-3.75,8.75,0,494125.1919
-3.75,8.25,0,1120608.636
-3.75,7.75,0,2560773.156
-3.75,7.25,0,6379393.788
-3.75,6.75,0,1.59E+07
-3.75,6.25,0,1.61E+07
-3.75,5.75,0,7007866.478
-3.75,5.25,0,3796245.623
-3.75,4.75,0,3790190.829
-3.75,4.25,0,6970186.609
-3.75,3.75,0,1.63E+07
-3.75,3.25,0,1.63E+07
-3.75,2.75,0,6977438.174
-3.75,2.25,0,3809354.853
-3.75,1.75,0,3782104.193
-3.75,1.25,0,6949008.149
-3.75,0.75,0,1.61E+07
-3.75,0.25,0,1.60E+07
-3.75,-0.25,0,6551420.73
-3.75,-0.75,0,2535642.569
-3.75,-1.25,0,1082212.503
-3.75,-1.75,0,449693.5826
-3.75,-2.25,0,171951.2822
-3.75,-2.75,0,44587.27719
-3.75,-3.25,0,-10587.6624
-3.75,-3.75,0,-35957.78568
-3.75,-4.25,0,-46044.23831
-3.75,-4.75,0,-49622.39915
-3.75,-5.25,0,-49739.54971
-3.75,-5.75,0,-47509.2153
-3.75,-6.25,0,-43436.3941
-3.75,-6.75,0,-38023.92137
-3.75,-7.25,0,-31308.14637
-3.75,-7.75,0,-24138.91877
-3.75,-8.25,0,-17457.92819
-3.75,-8.75,0,-11821.67409
-3.75,-9.25,0,-7540.490711
-3.75,-9.75,0,-4531.857763
-3.75,-10.25,0,-2620.689664
-3.75,-10.75,0,-1477.077482
-3.75,-11.25,0,-838.9891917
-3.75,-11.75,0,-538.6509526
-3.75,-12.25,0,-495.6232359
-3.75,-12.75,0,-726.1074507
-3.75,-13.25,0,-1416.440752
-3.75,-13.75,0,-2993.730189
-3.75,-14.25,0,-6417.145432
-3.75,-14.75,0,-13441.50338
-3.25,14.75,0,40387.22924
-3.25,14.25,0,22848.85693
-3.25,13.75,0,14530.48197
-3.25,13.25,0,10689.10393
-3.25,12.75,0,9025.330446
-3.25,12.25,0,8369.19554
-3.25,11.75,0,8967.988285
-3.25,11.25,0,11867.60564
-3.25,10.75,0,20133.71269
-3.25,10.25,0,40101.42704
-3.25,9.75,0,86150.16966
-3.25,9.25,0,191029.3769
-3.25,8.75,0,430869.1246
-3.25,8.25,0,976220.5178
-3.25,7.75,0,2265754.611
-3.25,7.25,0,5774425.052
-3.25,6.75,0,1.51E+07
-3.25,6.25,0,1.52E+07
-3.25,5.75,0,6208722.721
-3.25,5.25,0,3275151.651
-3.25,4.75,0,3269736.272
-3.25,4.25,0,6207520.76
-3.25,3.75,0,1.53E+07
-3.25,3.25,0,1.51E+07
-3.25,2.75,0,6220312.9
-3.25,2.25,0,3271165.377
-3.25,1.75,0,3275138.344
-3.25,1.25,0,6262581.591
-3.25,0.75,0,1.51E+07
-3.25,0.25,0,1.50E+07
-3.25,-0.25,0,5704328.47
-3.25,-0.75,0,2188879.937
-3.25,-1.25,0,897502.3163
-3.25,-1.75,0,336766.9379
-3.25,-2.25,0,82544.60002
-3.25,-2.75,0,-29916.56195
-3.25,-3.25,0,-82512.55767
-3.25,-3.75,0,-104659.2567
-3.25,-4.25,0,-113834.431
-3.25,-4.75,0,-115112.2424
-3.25,-5.25,0,-112740.8644
-3.25,-5.75,0,-106914.9402
-3.25,-6.25,0,-97745.23983
-3.25,-6.75,0,-84808.52521
-3.25,-7.25,0,-69226.93019
-3.25,-7.75,0,-52331.68449
-3.25,-8.25,0,-36759.96195
-3.25,-8.75,0,-24011.5703
-3.25,-9.25,0,-14494.30606
-3.25,-9.75,0,-8495.532675
-3.25,-10.25,0,-4703.241628
-3.25,-10.75,0,-2537.780174
-3.25,-11.25,0,-1360.876708
-3.25,-11.75,0,-799.096109
-3.25,-12.25,0,-637.472583
-3.25,-12.75,0,-840.4042881
-3.25,-13.25,0,-1555.93038
-3.25,-13.75,0,-3284.490776
-3.25,-14.25,0,-7003.646088
-3.25,-14.75,0,-14636.01301
-2.75,14.75,0,32724.95005
-2.75,14.25,0,17471.29708
-2.75,13.75,0,9812.786682
-2.75,13.25,0,6403.506821
-2.75,12.75,0,4970.010807
-2.75,12.25,0,4662.837906
-2.75,11.75,0,5498.150133
-2.75,11.25,0,8388.847989
-2.75,10.75,0,15580.26398
-2.75,10.25,0,32243.09475
-2.75,9.75,0,69743.17079
-2.75,9.25,0,153520.7569
-2.75,8.75,0,343714.1668
-2.75,8.25,0,765849.0559
-2.75,7.75,0,1742669.576
-2.75,7.25,0,4688147.562
-2.75,6.75,0,1.25E+07
-2.75,6.25,0,1.25E+07
-2.75,5.75,0,4768158.969
-2.75,5.25,0,2527237.815
-2.75,4.75,0,2531814.381
-2.75,4.25,0,4978568.31
-2.75,3.75,0,1.25E+07
-2.75,3.25,0,1.26E+07
-2.75,2.75,0,4846260.007
-2.75,2.25,0,2540488.298
-2.75,1.75,0,2505939.974
-2.75,1.25,0,4787248.959
-2.75,0.75,0,1.24E+07
-2.75,0.25,0,1.24E+07
-2.75,-0.25,0,4343535.246
-2.75,-0.75,0,1616924.486
-2.75,-1.25,0,587209.4501
-2.75,-1.75,0,128024.0136
-2.75,-2.25,0,-84597.95998
-2.75,-2.75,0,-188636.2099
-2.75,-3.25,0,-236743.3932
-2.75,-3.75,0,-255700.6814
-2.75,-4.25,0,-258918.2216
-2.75,-4.75,0,-259245.358
-2.75,-5.25,0,-253046.1765
-2.75,-5.75,0,-239163.9399
-2.75,-6.25,0,-219555.8345
-2.75,-6.75,0,-190225.9204
-2.75,-7.25,0,-153459.4718
-2.75,-7.75,0,-113273.6361
-2.75,-8.25,0,-76847.44492
-2.75,-8.75,0,-48033.47338
-2.75,-9.25,0,-27698.94294
-2.75,-9.75,0,-15258.17727
-2.75,-10.25,0,-8081.393972
-2.75,-10.75,0,-4145.488403
-2.75,-11.25,0,-2126.781114
-2.75,-11.75,0,-1165.54587
-2.75,-12.25,0,-829.5070517
-2.75,-12.75,0,-976.0881919
-2.75,-13.25,0,-1731.834691
-2.75,-13.75,0,-3583.387328
-2.75,-14.25,0,-7663.599171
-2.75,-14.75,0,-15946.23479
-2.25,14.75,0,27585.3126
-2.25,14.25,0,14012.45443
-2.25,13.75,0,7359.58453
-2.25,13.25,0,4303.251695
-2.25,12.75,0,3038.779295
-2.25,12.25,0,2848.482967
-2.25,11.75,0,3642.986268
-2.25,11.25,0,6065.416514
-2.25,10.75,0,11819.451
-2.25,10.25,0,24693.53611
-2.25,9.75,0,52924.83741
-2.25,9.25,0,113352.604
-2.25,8.75,0,244650.6725
-2.25,8.25,0,524334.1396
-2.25,7.75,0,1098241.991
-2.25,7.25,0,2342748.639
-2.25,6.75,0,4072912.007
-2.25,6.25,0,4068495.604
-2.25,5.75,0,2530035.481
-2.25,5.25,0,1622106.615
-2.25,4.75,0,1637288.749
-2.25,4.25,0,2593609.313
-2.25,3.75,0,4156571.366
-2.25,3.25,0,4093415.805
-2.25,2.75,0,2537661.303
-2.25,2.25,0,1621713.285
-2.25,1.75,0,1603331.164
-2.25,1.25,0,2534857.158
-2.25,0.75,0,3935934.782
-2.25,0.25,0,3887559.958
-2.25,-0.25,0,2146514.876
-2.25,-0.75,0,815416.7014
-2.25,-1.25,0,138613.0557
-2.25,-1.75,0,-234793.5119
-2.25,-2.25,0,-428726.4387
-2.25,-2.75,0,-523839.7722
-2.25,-3.25,0,-569882.5986
-2.25,-3.75,0,-587543.3788
-2.25,-4.25,0,-585520.2348
-2.25,-4.75,0,-581368.0985
-2.25,-5.25,0,-562599.5156
-2.25,-5.75,0,-538531.3152
-2.25,-6.25,0,-494004.9731
-2.25,-6.75,0,-430021.7057
-2.25,-7.25,0,-341276.9056
-2.25,-7.75,0,-244850.0719
-2.25,-8.25,0,-157298.2313
-2.25,-8.75,0,-92410.99853
-2.25,-9.25,0,-50554.86923
-2.25,-9.75,0,-26249.69603
-2.25,-10.25,0,-13150.23489
-2.25,-10.75,0,-6466.126588
-2.25,-11.25,0,-3173.985359
-2.25,-11.75,0,-1641.460722
-2.25,-12.25,0,-1066.220746
-2.25,-12.75,0,-1148.176584
-2.25,-13.25,0,-1921.846025
-2.25,-13.75,0,-3915.845222
-2.25,-14.25,0,-8343.753878
-2.25,-14.75,0,-17429.25774
-1.75,14.75,0,23674.71493
-1.75,14.25,0,11737.66863
-1.75,13.75,0,5871.836799
-1.75,13.25,0,3178.69739
-1.75,12.75,0,2064.567782
-1.75,12.25,0,1872.127465
-1.75,11.75,0,2486.612113
-1.75,11.25,0,4341.929747
-1.75,10.75,0,8582.929328
-1.75,10.25,0,17731.05032
-1.75,9.75,0,37106.60639
-1.75,9.25,0,77116.63266
-1.75,8.75,0,157101.3382
-1.75,8.25,0,312128.2659
-1.75,7.75,0,594838.0779
-1.75,7.25,0,1019119.041
-1.75,6.75,0,1401478.046
-1.75,6.25,0,1442463.962
-1.75,5.75,0,1137094.847
-1.75,5.25,0,900369.4031
-1.75,4.75,0,911591.1473
-1.75,4.25,0,1175648.15
-1.75,3.75,0,1490446.627
-1.75,3.25,0,1485023.842
-1.75,2.75,0,1156328.754
-1.75,2.25,0,888122.529
-1.75,1.75,0,880838.0839
-1.75,1.25,0,1108537.985
-1.75,0.75,0,1349143.814
-1.75,0.25,0,1198976.003
-1.75,-0.25,0,634506.5013
-1.75,-0.75,0,-5932.803673
-1.75,-1.25,0,-556607.5143
-1.75,-1.75,0,-935489.9851
-1.75,-2.25,0,-1150904.221
-1.75,-2.75,0,-1264373.06
-1.75,-3.25,0,-1307725.768
-1.75,-3.75,0,-1313421.245
-1.75,-4.25,0,-1305163.047
-1.75,-4.75,0,-1283133.707
-1.75,-5.25,0,-1260021.75
-1.75,-5.75,0,-1205253.952
-1.75,-6.25,0,-1119983.217
-1.75,-6.75,0,-971883.2095
-1.75,-7.25,0,-762859.2327
-1.75,-7.75,0,-522522.4716
-1.75,-8.25,0,-313509.4251
-1.75,-8.75,0,-169891.4043
-1.75,-9.25,0,-86317.74835
-1.75,-9.75,0,-42239.16543
-1.75,-10.25,0,-20096.84807
-1.75,-10.75,0,-9458.455392
-1.75,-11.25,0,-4482.250976
-1.75,-11.75,0,-2220.131582
-1.75,-12.25,0,-1346.538916
-1.75,-12.75,0,-1326.679809
-1.75,-13.25,0,-2147.506971
-1.75,-13.75,0,-4327.957849
-1.75,-14.25,0,-9198.061233
-1.75,-14.75,0,-19110.75695
-1.25,14.75,0,20721.99028
-1.25,14.25,0,10164.50786
-1.25,13.75,0,4922.620152
-1.25,13.25,0,2517.565186
-1.25,12.75,0,1527.709027
-1.25,12.25,0,1305.55438
-1.25,11.75,0,1722.227847
-1.25,11.25,0,3016.695126
-1.25,10.75,0,5915.03797
-1.25,10.25,0,11968.08626
-1.25,9.75,0,24172.9039
-1.25,9.25,0,48133.23118
-1.25,8.75,0,92566.03137
-1.25,8.25,0,171041.2722
-1.25,7.75,0,292737.5229
-1.25,7.25,0,445794.369
-1.25,6.75,0,567614.2437
-1.25,6.25,0,589819.1297
-1.25,5.75,0,527509.5494
-1.25,5.25,0,457284.2325
-1.25,4.75,0,461709.3342
-1.25,4.25,0,534241.6006
-1.25,3.75,0,613259.177
-1.25,3.25,0,611339.2337
-1.25,2.75,0,527786.0135
-1.25,2.25,0,445380.6219
-1.25,1.75,0,417414.7697
-1.25,1.25,0,442056.7733
-1.25,0.75,0,419599.8652
-1.25,0.25,0,205880.9132
-1.25,-0.25,0,-262088.1209
-1.25,-0.75,0,-985126.031
-1.25,-1.25,0,-1823306.187
-1.25,-1.75,0,-2445603.808
-1.25,-2.25,0,-2788886.89
-1.25,-2.75,0,-2939373.575
-1.25,-3.25,0,-2967733.479
-1.25,-3.75,0,-2935200.238
-1.25,-4.25,0,-2907227.664
-1.25,-4.75,0,-2829543.08
-1.25,-5.25,0,-2806449.907
-1.25,-5.75,0,-2721690.837
-1.25,-6.25,0,-2581432.563
-1.25,-6.75,0,-2252704.123
-1.25,-7.25,0,-1746347.293
-1.25,-7.75,0,-1105971.58
-1.25,-8.25,0,-591212.7229
-1.25,-8.75,0,-288865.5705
-1.25,-9.25,0,-136674.7045
-1.25,-9.75,0,-62529.92207
-1.25,-10.25,0,-28506.21261
-1.25,-10.75,0,-12884.35635
-1.25,-11.25,0,-5909.785925
-1.25,-11.75,0,-2838.264585
-1.25,-12.25,0,-1646.928561
-1.25,-12.75,0,-1534.098087
-1.25,-13.25,0,-2404.028711
-1.25,-13.75,0,-4771.943248
-1.25,-14.25,0,-10092.12297
-1.25,-14.75,0,-20939.37033
-0.75,14.75,0,18356.63036
-0.75,14.25,0,8888.737978
-0.75,13.75,0,4234.942983
-0.75,13.25,0,2111.561778
-0.75,12.75,0,1191.453941
-0.75,12.25,0,944.3605759
-0.75,11.75,0,1188.940488
-0.75,11.25,0,2033.411736
-0.75,10.75,0,3885.750946
-0.75,10.25,0,7614.249471
-0.75,9.75,0,14777.50126
-0.75,9.25,0,27906.3763
-0.75,8.75,0,50817.55049
-0.75,8.25,0,87097.51434
-0.75,7.75,0,137684.0578
-0.75,7.25,0,193406.7549
-0.75,6.75,0,236632.7698
-0.75,6.25,0,249434.8555
-0.75,5.75,0,234922.6356
-0.75,5.25,0,220189.7243
-0.75,4.75,0,221958.3701
-0.75,4.25,0,242867.2005
-0.75,3.75,0,263436.4746
-0.75,3.25,0,260733.9298
-0.75,2.75,0,234984.7258
-0.75,2.25,0,199727.4953
-0.75,1.75,0,170205.7327
-0.75,1.25,0,122525.3187
-0.75,0.75,0,-2783.623322
-0.75,0.25,0,-322438.3401
-0.75,-0.25,0,-1060814.723
-0.75,-0.75,0,-2513232.792
-0.75,-1.25,0,-4973965.254
-0.75,-1.75,0,-6348327.2
-0.75,-2.25,0,-7007092.468
-0.75,-2.75,0,-7297262.544
-0.75,-3.25,0,-7094335.485
-0.75,-3.75,0,-7148728.028
-0.75,-4.25,0,-6915658.988
-0.75,-4.75,0,-6999688.387
-0.75,-5.25,0,-6782800.82
-0.75,-5.75,0,-6643254.917
-0.75,-6.25,0,-6411894.456
-0.75,-6.75,0,-5781387.908
-0.75,-7.25,0,-4456759.073
-0.75,-7.75,0,-2336634.64
-0.75,-8.25,0,-1007473.084
-0.75,-8.75,0,-436813.9213
-0.75,-9.25,0,-190772.0458
-0.75,-9.75,0,-83337.29487
-0.75,-10.25,0,-36432.81259
-0.75,-10.75,0,-16016.01336
-0.75,-11.25,0,-7254.051711
-0.75,-11.75,0,-3431.642866
-0.75,-12.25,0,-1949.151742
-0.75,-12.75,0,-1751.012381
-0.75,-13.25,0,-2676.036323
-0.75,-13.75,0,-5292.041631
-0.75,-14.25,0,-11223.87247
-0.75,-14.75,0,-23146.49851
-0.25,14.75,0,16382.78553
-0.25,14.25,0,7899.498508
-0.25,13.75,0,3757.797117
-0.25,13.25,0,1808.041977
-0.25,12.75,0,971.0238811
-0.25,12.25,0,703.9261691
-0.25,11.75,0,810.947026
-0.25,11.25,0,1317.806795
-0.25,10.75,0,2433.959809
-0.25,10.25,0,4598.053146
-0.25,9.75,0,8569.041019
-0.25,9.25,0,15423.29068
-0.25,8.75,0,26445.00372
-0.25,8.25,0,42363.55042
-0.25,7.75,0,63400.24408
-0.25,7.25,0,85300.10445
-0.25,6.75,0,101623.3322
-0.25,6.25,0,107894.4019
-0.25,5.75,0,106977.8296
-0.25,5.25,0,103144.1195
-0.25,4.75,0,104322.3214
-0.25,4.25,0,109840.8861
-0.25,3.75,0,114211.8818
-0.25,3.25,0,110689.05
-0.25,2.75,0,99153.99826
-0.25,2.25,0,77872.63545
-0.25,1.75,0,41871.13924
-0.25,1.25,0,-34192.8417
-0.25,0.75,0,-220202.4275
-0.25,0.25,0,-671781.491
-0.25,-0.25,0,-1760024.888
-0.25,-0.75,0,-4792813.742
-0.25,-1.25,0,-1.38E+07
-0.25,-1.75,0,-1.67E+07
-0.25,-2.25,0,-1.75E+07
-0.25,-2.75,0,-1.75E+07
-0.25,-3.25,0,-1.72E+07
-0.25,-3.75,0,-1.68E+07
-0.25,-4.25,0,-1.68E+07
-0.25,-4.75,0,-1.66E+07
-0.25,-5.25,0,-1.65E+07
-0.25,-5.75,0,-1.63E+07
-0.25,-6.25,0,-1.59E+07
-0.25,-6.75,0,-1.51E+07
-0.25,-7.25,0,-1.25E+07
-0.25,-7.75,0,-4080083.13
-0.25,-8.25,0,-1396302.466
-0.25,-8.75,0,-556007.1682
-0.25,-9.25,0,-231677.9312
-0.25,-9.75,0,-97954.67626
-0.25,-10.25,0,-42287.14736
-0.25,-10.75,0,-18535.66229
-0.25,-11.25,0,-8302.235649
-0.25,-11.75,0,-3915.501306
-0.25,-12.25,0,-2233.076904
-0.25,-12.75,0,-1993.958345
-0.25,-13.25,0,-3017.484294
-0.25,-13.75,0,-5905.217954
-0.25,-14.25,0,-12421.97843
-0.25,-14.75,0,-25698.11511
0.25,14.75,0,14649.80322
0.25,14.25,0,7112.608412
0.25,13.75,0,3322.843937
0.25,13.25,0,1576.712453
0.25,12.75,0,815.1299274
0.25,12.25,0,537.1647595
0.25,11.75,0,552.5299211
0.25,11.25,0,830.5502743
0.25,10.75,0,1465.623098
0.25,10.25,0,2654.455509
0.25,9.75,0,4739.976584
0.25,9.25,0,8116.732621
0.25,8.75,0,13167.61919
0.25,8.25,0,20460.59332
0.25,7.75,0,28966.91668
0.25,7.25,0,37591.32736
0.25,6.75,0,44170.76603
0.25,6.25,0,47386.61591
0.25,5.75,0,47994.43901
0.25,5.25,0,47607.27922
0.25,4.75,0,48089.35636
0.25,4.25,0,49146.8925
0.25,3.75,0,49462.44157
0.25,3.25,0,46598.95659
0.25,2.75,0,37849.33682
0.25,2.25,0,19908.3489
0.25,1.75,0,-19981.32844
0.25,1.25,0,-108227.7561
0.25,0.75,0,-321087.2434
0.25,0.25,0,-837943.9685
0.25,-0.25,0,-2119199.386
0.25,-0.75,0,-5878257.843
0.25,-1.25,0,-1.63E+07
0.25,-1.75,0,-2.00E+07
0.25,-2.25,0,-2.06E+07
0.25,-2.75,0,-1.94E+07
0.25,-3.25,0,-1.82E+07
0.25,-3.75,0,-1.77E+07
0.25,-4.25,0,-1.72E+07
0.25,-4.75,0,-1.69E+07
0.25,-5.25,0,-1.68E+07
0.25,-5.75,0,-1.64E+07
0.25,-6.25,0,-1.61E+07
0.25,-6.75,0,-1.52E+07
0.25,-7.25,0,-1.25E+07
0.25,-7.75,0,-3998956.261
0.25,-8.25,0,-1411850.917
0.25,-8.75,0,-568268.5331
0.25,-9.25,0,-239164.8431
0.25,-9.75,0,-101856.9653
0.25,-10.25,0,-44569.63688
0.25,-10.75,0,-19705.26716
0.25,-11.25,0,-9009.507996
0.25,-11.75,0,-4309.302108
0.25,-12.25,0,-2512.303094
0.25,-12.75,0,-2282.779052
0.25,-13.25,0,-3412.651863
0.25,-13.75,0,-6647.729105
0.25,-14.25,0,-13806.12574
0.25,-14.75,0,-28564.68987
0.75,14.75,0,13272.91284
0.75,14.25,0,6367.623898
0.75,13.75,0,2967.734504
0.75,13.25,0,1406.960516
0.75,12.75,0,697.0983834
0.75,12.25,0,422.7396641
0.75,11.75,0,377.0042601
0.75,11.25,0,512.7345038
0.75,10.75,0,849.0648715
0.75,10.25,0,1474.642343
0.75,9.75,0,2530.864463
0.75,9.25,0,4173.811545
0.75,8.75,0,6519.561655
0.75,8.25,0,9600.875424
0.75,7.75,0,13190.39886
0.75,7.25,0,16651.3848
0.75,6.75,0,19361.76375
0.75,6.25,0,20927.29064
0.75,5.75,0,21602.22496
0.75,5.25,0,21740.96896
0.75,4.75,0,21779.65126
0.75,4.25,0,21840.2243
0.75,3.75,0,20918.95612
0.75,3.25,0,17622.2724
0.75,2.75,0,10095.26227
0.75,2.25,0,-7043.807624
0.75,1.75,0,-44966.41411
0.75,1.25,0,-133504.7784
0.75,0.75,0,-337882.4852
0.75,0.25,0,-825660.9225
0.75,-0.25,0,-2025464.874
0.75,-0.75,0,-5370554.934
0.75,-1.25,0,-1.50E+07
0.75,-1.75,0,-1.96E+07
0.75,-2.25,0,-2.00E+07
0.75,-2.75,0,-1.37E+07
0.75,-3.25,0,-1.09E+07
0.75,-3.75,0,-9581835.966
0.75,-4.25,0,-8602798.61
0.75,-4.75,0,-8034811.689
0.75,-5.25,0,-7589511.344
0.75,-5.75,0,-7203908.761
0.75,-6.25,0,-6755935.585
0.75,-6.75,0,-6225457.016
0.75,-7.25,0,-4637851.427
0.75,-7.75,0,-2426437.067
0.75,-8.25,0,-1081437.625
0.75,-8.75,0,-482822.2818
0.75,-9.25,0,-214889.3581
0.75,-9.75,0,-96576.94943
0.75,-10.25,0,-43998.73861
0.75,-10.75,0,-19972.17397
0.75,-11.25,0,-9374.972941
0.75,-11.75,0,-4690.861789
0.75,-12.25,0,-2873.017844
0.75,-12.75,0,-2673.869451
0.75,-13.25,0,-3963.420067
0.75,-13.75,0,-7557.869415
0.75,-14.25,0,-15615.12081
0.75,-14.75,0,-31987.58032
1.25,14.75,0,12069.59523
1.25,14.25,0,5758.646784
1.25,13.75,0,2697.465177
1.25,13.25,0,1259.155743
1.25,12.75,0,610.7615853
1.25,12.25,0,339.5211747
1.25,11.75,0,263.2092545
1.25,11.25,0,314.4308593
1.25,10.75,0,485.1025814
1.25,10.25,0,803.5412252
1.25,9.75,0,1317.525752
1.25,9.25,0,2088.088519
1.25,8.75,0,3150.391907
1.25,8.25,0,4498.404614
1.25,7.75,0,5966.987892
1.25,7.25,0,7418.168162
1.25,6.75,0,8560.869425
1.25,6.25,0,9276.191008
1.25,5.75,0,9617.120294
1.25,5.25,0,9713.726718
1.25,4.75,0,9678.044035
1.25,4.25,0,9292.257874
1.25,3.75,0,8057.518174
1.25,3.25,0,5180.487426
1.25,2.75,0,-1878.589183
1.25,2.25,0,-17238.5106
1.25,1.75,0,-51469.4819
1.25,1.25,0,-128738.2426
1.25,0.75,0,-301607.9518
1.25,0.25,0,-692261.2811
1.25,-0.25,0,-1573020.071
1.25,-0.75,0,-3599483.529
1.25,-1.25,0,-7809597.776
1.25,-1.75,0,-1.63E+07
1.25,-2.25,0,-1.92E+07
1.25,-2.75,0,-1.78E+07
1.25,-3.25,0,-1.10E+07
1.25,-3.75,0,-8781479.744
1.25,-4.25,0,-6777543.742
1.25,-4.75,0,-5512499.647
1.25,-5.25,0,-4683214.408
1.25,-5.75,0,-4032855.438
1.25,-6.25,0,-3489148.607
1.25,-6.75,0,-2888498.599
1.25,-7.25,0,-2164329.141
1.25,-7.75,0,-1389440.244
1.25,-8.25,0,-746891.3386
1.25,-8.75,0,-379318.2587
1.25,-9.25,0,-187288.3023
1.25,-9.75,0,-88593.65378
1.25,-10.25,0,-42168.40157
1.25,-10.75,0,-20305.37599
1.25,-11.25,0,-9943.89005
1.25,-11.75,0,-5297.084609
1.25,-12.25,0,-3459.889665
1.25,-12.75,0,-3301.607824
1.25,-13.25,0,-4775.302938
1.25,-13.75,0,-8819.711801
1.25,-14.25,0,-17925.99038
1.25,-14.75,0,-36206.84379
1.75,14.75,0,10986.38769
1.75,14.25,0,5269.943197
1.75,13.75,0,2435.281748
1.75,13.25,0,1135.263948
1.75,12.75,0,538.6388686
1.75,12.25,0,281.4808354
1.75,11.75,0,190.7868522
1.75,11.25,0,194.3791431
1.75,10.75,0,271.1263981
1.75,10.25,0,423.4244597
1.75,9.75,0,667.9695362
1.75,9.25,0,1027.508203
1.75,8.75,0,1501.899344
1.75,8.25,0,2075.871552
1.75,7.75,0,2709.113452
1.75,7.25,0,3295.105519
1.75,6.75,0,3800.623213
1.75,6.25,0,4121.70687
1.75,5.75,0,4312.115384
1.75,5.25,0,4337.797487
1.75,4.75,0,4152.954497
1.75,4.25,0,3650.996915
1.75,3.75,0,2426.235015
1.75,3.25,0,-343.2657665
1.75,2.75,0,-6540.974618
1.75,2.25,0,-19996.85862
1.75,1.75,0,-49232.39135
1.75,1.25,0,-112431.0909
1.75,0.75,0,-246309.8092
1.75,0.25,0,-525622.4923
1.75,-0.25,0,-1098862.081
1.75,-0.75,0,-2190052.403
1.75,-1.25,0,-4262960.645
1.75,-1.75,0,-8067329.77
1.75,-2.25,0,-1.56E+07
1.75,-2.75,0,-1.72E+07
1.75,-3.25,0,-1.72E+07
1.75,-3.75,0,-1.60E+07
1.75,-4.25,0,-9396046.04
1.75,-4.75,0,-7416882.855
1.75,-5.25,0,-5292924.212
1.75,-5.75,0,-3984903.169
1.75,-6.25,0,-3065180.36
1.75,-6.75,0,-2302613.717
1.75,-7.25,0,-1636878.488
1.75,-7.75,0,-1051989.65
1.75,-8.25,0,-618484.8988
1.75,-8.75,0,-337472.2738
1.75,-9.25,0,-175277.5137
1.75,-9.75,0,-87783.2809
1.75,-10.25,0,-43256.99442
1.75,-10.75,0,-21728.93853
1.75,-11.25,0,-11267.7486
1.75,-11.75,0,-6531.758034
1.75,-12.25,0,-4624.698713
1.75,-12.75,0,-4459.071168
1.75,-13.25,0,-6102.410759
1.75,-13.75,0,-10619.44279
1.75,-14.25,0,-20900.98649
1.75,-14.75,0,-41591.76986
2.25,14.75,0,10033.25607
2.25,14.25,0,4786.169819
2.25,13.75,0,2230.429943
2.25,13.25,0,1027.679823
2.25,12.75,0,484.6416404
2.25,12.25,0,241.3196004
2.25,11.75,0,144.4836717
2.25,11.25,0,123.723031
2.25,10.75,0,152.0743432
2.25,10.25,0,221.8875309
2.25,9.75,0,335.9190908
2.25,9.25,0,497.5323248
2.25,8.75,0,709.6938194
2.25,8.25,0,958.7335703
2.25,7.75,0,1219.646042
2.25,7.25,0,1472.304713
2.25,6.75,0,1683.878557
2.25,6.25,0,1827.880981
2.25,5.75,0,1875.408918
2.25,5.25,0,1836.659713
2.25,4.75,0,1647.89628
2.25,4.25,0,1138.534805
2.25,3.75,0,-9.125117959
2.25,3.25,0,-2549.442079
2.25,2.75,0,-8113.654299
2.25,2.25,0,-19874.93759
2.25,1.75,0,-44830.06869
2.25,1.25,0,-96342.77387
2.25,0.75,0,-200044.5413
2.25,0.25,0,-399482.6981
2.25,-0.25,0,-774490.5151
2.25,-0.75,0,-1425142.041
2.25,-1.25,0,-2491902.62
2.25,-1.75,0,-4194112.014
2.25,-2.25,0,-6645386.67
2.25,-2.75,0,-9034709.266
2.25,-3.25,0,-1.56E+07
2.25,-3.75,0,-1.70E+07
2.25,-4.25,0,-1.68E+07
2.25,-4.75,0,-1.55E+07
2.25,-5.25,0,-9114822.873
2.25,-5.75,0,-6812612.409
2.25,-6.25,0,-4613074.559
2.25,-6.75,0,-3165554.88
2.25,-7.25,0,-2099602.802
2.25,-7.75,0,-1277223.299
2.25,-8.25,0,-720803.321
2.25,-8.75,0,-380643.0677
2.25,-9.25,0,-194182.3497
2.25,-9.75,0,-97601.2745
2.25,-10.25,0,-49367.95179
2.25,-10.75,0,-25519.15487
2.25,-11.25,0,-14400.14791
2.25,-11.75,0,-9148.78131
2.25,-12.25,0,-6984.968949
2.25,-12.75,0,-6737.913212
2.25,-13.25,0,-8462.104046
2.25,-13.75,0,-13507.42562
2.25,-14.25,0,-25011.27695
2.25,-14.75,0,-48721.54865
2.75,14.75,0,9188.758156
2.75,14.25,0,4366.370542
2.75,13.75,0,2033.354067
2.75,13.25,0,934.1656036
2.75,12.75,0,434.4484088
2.75,12.25,0,210.724756
2.75,11.75,0,114.6264445
2.75,11.25,0,83.22847884
2.75,10.75,0,86.97024793
2.75,10.25,0,116.161194
2.75,9.75,0,167.1535154
2.75,9.25,0,239.5052601
2.75,8.75,0,332.352316
2.75,8.25,0,439.3270953
2.75,7.75,0,551.5056277
2.75,7.25,0,658.6376999
2.75,6.75,0,744.2096496
2.75,6.25,0,793.212742
2.75,5.75,0,800.4404635
2.75,5.25,0,729.167115
2.75,4.75,0,520.264138
2.75,4.25,0,27.99953865
2.75,3.75,0,-1058.86724
2.75,3.25,0,-3435.929038
2.75,2.75,0,-8544.463377
2.75,2.25,0,-19421.12887
2.75,1.75,0,-42345.81091
2.75,1.25,0,-88695.70038
2.75,0.75,0,-180949.9474
2.75,0.25,0,-357752.1926
2.75,-0.25,0,-669639.701
2.75,-0.75,0,-1169205.357
2.75,-1.25,0,-1869875.002
2.75,-1.75,0,-2763978.766
2.75,-2.25,0,-3823612.398
2.75,-2.75,0,-5169649.214
2.75,-3.25,0,-7349468.959
2.75,-3.75,0,-9358808.331
2.75,-4.25,0,-1.59E+07
2.75,-4.75,0,-1.70E+07
2.75,-5.25,0,-1.69E+07
2.75,-5.75,0,-1.57E+07
2.75,-6.25,0,-8989596.99
2.75,-6.75,0,-6335565.903
2.75,-7.25,0,-3775101.868
2.75,-7.75,0,-2031483.288
2.75,-8.25,0,-1037239.313
2.75,-8.75,0,-510671.031
2.75,-9.25,0,-247148.3385
2.75,-9.75,0,-121051.3357
2.75,-10.25,0,-61470.84395
2.75,-10.75,0,-33621.90602
2.75,-11.25,0,-20688.53885
2.75,-11.75,0,-14664.71577
2.75,-12.25,0,-11999.41592
2.75,-12.75,0,-11377.02979
2.75,-13.25,0,-13011.51169
2.75,-13.75,0,-18324.07633
2.75,-14.25,0,-31411.07426
2.75,-14.75,0,-58078.08833
3.25,14.75,0,8428.171969
3.25,14.25,0,4006.317342
3.25,13.75,0,1860.828162
3.25,13.25,0,854.461558
3.25,12.75,0,395.7473701
3.25,12.25,0,186.4397619
3.25,11.75,0,95.72633118
3.25,11.25,0,59.43513706
3.25,10.75,0,52.02315585
3.25,10.25,0,61.52803638
3.25,9.75,0,83.06518297
3.25,9.25,0,114.740794
3.25,8.75,0,154.9811876
3.25,8.25,0,200.9747141
3.25,7.75,0,249.0139811
3.25,7.25,0,291.872783
3.25,6.75,0,324.6003235
3.25,6.25,0,336.8981336
3.25,5.75,0,316.7427408
3.25,5.25,0,236.4780764
3.25,4.75,0,26.32550674
3.25,4.25,0,-448.4729405
3.25,3.75,0,-1495.360399
3.25,3.25,0,-3796.458395
3.25,2.75,0,-8747.200827
3.25,2.25,0,-19551.0622
3.25,1.75,0,-42361.03582
3.25,1.25,0,-90924.89215
3.25,0.75,0,-192942.6308
3.25,0.25,0,-393518.3568
3.25,-0.25,0,-785751.5035
3.25,-0.75,0,-1441548.659
3.25,-1.25,0,-2314976.772
3.25,-1.75,0,-3135707.229
3.25,-2.25,0,-3858624.519
3.25,-2.75,0,-4600726.236
3.25,-3.25,0,-5490566.668
3.25,-3.75,0,-6688729.989
3.25,-4.25,0,-8707965.14
3.25,-4.75,0,-1.09E+07
3.25,-5.25,0,-1.72E+07
3.25,-5.75,0,-1.79E+07
3.25,-6.25,0,-1.78E+07
3.25,-6.75,0,-1.55E+07
3.25,-7.25,0,-7572111.401
3.25,-7.75,0,-3525932.527
3.25,-8.25,0,-1544896.755
3.25,-8.75,0,-696898.2609
3.25,-9.25,0,-320765.5985
3.25,-9.75,0,-155138.823
3.25,-10.25,0,-81378.13515
3.25,-10.75,0,-48440.18408
3.25,-11.25,0,-33236.49944
3.25,-11.75,0,-26314.48644
3.25,-12.25,0,-22833.64583
3.25,-12.75,0,-21273.7837
3.25,-13.25,0,-22126.56653
3.25,-13.75,0,-27430.79632
3.25,-14.25,0,-41249.34632
3.25,-14.75,0,-71837.61509
3.75,14.75,0,7715.853742
3.75,14.25,0,3675.984546
3.75,13.75,0,1699.692005
3.75,13.25,0,781.2192053
3.75,12.75,0,360.2957048
3.75,12.25,0,169.218997
3.75,11.75,0,82.28383462
3.75,11.25,0,45.66060477
3.75,10.75,0,33.39795375
3.75,10.25,0,33.65276648
3.75,9.75,0,41.64370399
3.75,9.25,0,54.98144004
3.75,8.75,0,72.44789613
3.75,8.25,0,91.50430439
3.75,7.75,0,111.0752404
3.75,7.25,0,127.9011421
3.75,6.75,0,137.1194159
3.75,6.25,0,133.611368
3.75,5.75,0,101.4003983
3.75,5.25,0,13.65360177
3.75,4.75,0,-187.1912731
3.75,4.25,0,-644.3179266
3.75,3.75,0,-1660.150395
3.75,3.25,0,-3903.28017
3.75,2.75,0,-8866.826074
3.75,2.25,0,-19872.30614
3.75,1.75,0,-44310.48536
3.75,1.25,0,-98872.69636
3.75,0.75,0,-220621.9063
3.75,0.25,0,-494852.3856
3.75,-0.25,0,-1102995.393
3.75,-0.75,0,-2455702.871
3.75,-1.25,0,-4715144.498
3.75,-1.75,0,-6158027.432
3.75,-2.25,0,-6905503.345
3.75,-2.75,0,-7422713.829
3.75,-3.25,0,-7937034.593
3.75,-3.75,0,-8528045.152
3.75,-4.25,0,-9309684.999
3.75,-4.75,0,-1.05E+07
3.75,-5.25,0,-1.22E+07
3.75,-5.75,0,-1.42E+07
3.75,-6.25,0,-1.99E+07
3.75,-6.75,0,-1.94E+07
3.75,-7.25,0,-1.50E+07
3.75,-7.75,0,-5223491.176
3.75,-8.25,0,-2043653.356
3.75,-8.75,0,-872253.1512
3.75,-9.25,0,-395804.5758
3.75,-9.75,0,-197865.2367
3.75,-10.25,0,-113494.5892
3.75,-10.75,0,-76869.3762
3.75,-11.25,0,-59914.91869
3.75,-11.75,0,-51452.23184
3.75,-12.25,0,-46426.07187
3.75,-12.75,0,-42986.23324
3.75,-13.25,0,-41584.89944
3.75,-13.75,0,-44988.21067
3.75,-14.25,0,-58590.2455
3.75,-14.75,0,-92660.94097
4.25,14.75,0,7088.021842
4.25,14.25,0,3400.445185
4.25,13.75,0,1568.170751
4.25,13.25,0,717.1884763
4.25,12.75,0,331.9715437
4.25,12.25,0,153.6374371
4.25,11.75,0,72.71351131
4.25,11.25,0,37.54255994
4.25,10.75,0,23.24977968
4.25,10.25,0,19.48477522
4.25,9.75,0,21.26796723
4.25,9.25,0,26.38350434
4.25,8.75,0,33.48307989
4.25,8.25,0,41.4346475
4.25,7.75,0,49.03494164
4.25,7.25,0,54.34922353
4.25,6.75,0,54.48437394
4.25,6.25,0,43.17724307
4.25,5.75,0,8.932003071
4.25,5.25,0,-76.92616813
4.25,4.75,0,-268.508372
4.25,4.25,0,-702.069247
4.25,3.75,0,-1669.889272
4.25,3.25,0,-3830.284814
4.25,2.75,0,-8695.796939
4.25,2.25,0,-19889.58065
4.25,1.75,0,-44834.63873
4.25,1.25,0,-103545.2617
4.25,0.75,0,-240886.9134
4.25,0.25,0,-573107.2891
4.25,-0.25,0,-1439148.661
4.25,-0.75,0,-4017041.911
4.25,-1.25,0,-1.26E+07
4.25,-1.75,0,-1.52E+07
4.25,-2.25,0,-1.62E+07
4.25,-2.75,0,-1.65E+07
4.25,-3.25,0,-1.69E+07
4.25,-3.75,0,-1.72E+07
4.25,-4.25,0,-1.76E+07
4.25,-4.75,0,-1.82E+07
4.25,-5.25,0,-1.88E+07
4.25,-5.75,0,-1.96E+07
4.25,-6.25,0,-2.06E+07
4.25,-6.75,0,-2.00E+07
4.25,-7.25,0,-1.62E+07
4.25,-7.75,0,-5905348.488
4.25,-8.25,0,-2225648.712
4.25,-8.75,0,-962418.4257
4.25,-9.25,0,-464965.4547
4.25,-9.75,0,-258562.1726
4.25,-10.25,0,-172254.8968
4.25,-10.75,0,-135038.3489
4.25,-11.25,0,-117294.3232
4.25,-11.75,0,-107159.0852
4.25,-12.25,0,-99186.58298
4.25,-12.75,0,-90176.07114
4.25,-13.25,0,-83081.68596
4.25,-13.75,0,-80627.07611
4.25,-14.25,0,-91047.86021
4.25,-14.75,0,-126062.4665
4.75,14.75,0,6508.732878
4.75,14.25,0,3135.874871
4.75,13.75,0,1442.758751
4.75,13.25,0,664.5677654
4.75,12.75,0,303.3119947
4.75,12.25,0,141.170755
4.75,11.75,0,65.44513793
4.75,11.25,0,32.01399593
4.75,10.75,0,17.5991694
4.75,10.25,0,12.33012729
4.75,9.75,0,11.42824633
4.75,9.25,0,12.90610909
4.75,8.75,0,15.47751383
4.75,8.25,0,18.46840797
4.75,7.75,0,21.00406206
4.75,7.25,0,21.44744015
4.75,6.75,0,17.61473404
4.75,6.25,0,4.316208316
4.75,5.75,0,-29.96135045
4.75,5.25,0,-108.1606295
4.75,4.75,0,-285.8511162
4.75,4.25,0,-686.7892953
4.75,3.75,0,-1576.477238
4.75,3.25,0,-3589.260961
4.75,2.75,0,-8157.670671
4.75,2.25,0,-18671.64127
4.75,1.75,0,-42644.90416
4.75,1.25,0,-98884.07656
4.75,0.75,0,-231792.0019
4.75,0.25,0,-560040.5509
4.75,-0.25,0,-1401165.989
4.75,-0.75,0,-4038930.608
4.75,-1.25,0,-1.25E+07
4.75,-1.75,0,-1.50E+07
4.75,-2.25,0,-1.58E+07
4.75,-2.75,0,-1.63E+07
4.75,-3.25,0,-1.67E+07
4.75,-3.75,0,-1.68E+07
4.75,-4.25,0,-1.69E+07
4.75,-4.75,0,-1.72E+07
4.75,-5.25,0,-1.76E+07
4.75,-5.75,0,-1.77E+07
4.75,-6.25,0,-1.76E+07
4.75,-6.75,0,-1.69E+07
4.75,-7.25,0,-1.38E+07
4.75,-7.75,0,-5021400.117
4.75,-8.25,0,-2021665.513
4.75,-8.75,0,-975525.9875
4.75,-9.25,0,-549605.6424
4.75,-9.75,0,-372890.931
4.75,-10.25,0,-296743.1966
4.75,-10.75,0,-261834.5822
4.75,-11.25,0,-245418.6559
4.75,-11.75,0,-231240.8449
4.75,-12.25,0,-214969.9767
4.75,-12.75,0,-196081.0222
4.75,-13.25,0,-174055.271
4.75,-13.75,0,-157075.3075
4.75,-14.25,0,-152261.328
4.75,-14.75,0,-182500.966
5.25,14.75,0,6037.505733
5.25,14.25,0,2877.895656
5.25,13.75,0,1340.151798
5.25,13.25,0,609.9464002
5.25,12.75,0,281.4234722
5.25,12.25,0,128.7218009
5.25,11.75,0,59.59032315
5.25,11.25,0,28.37613412
5.25,10.75,0,14.41838574
5.25,10.25,0,8.588462837
5.25,9.75,0,6.61571694
5.25,9.25,0,6.483702933
5.25,8.75,0,7.198381212
5.25,8.25,0,8.060144474
5.25,7.75,0,8.335164538
5.25,7.25,0,7.095861459
5.25,6.75,0,2.039344284
5.25,6.25,0,-11.0582281
5.25,5.75,0,-41.83416002
5.25,5.25,0,-112.0634953
5.25,4.75,0,-270.6305893
5.25,4.25,0,-620.3718906
5.25,3.75,0,-1408.095143
5.25,3.25,0,-3192.440124
5.25,2.75,0,-7133.79034
5.25,2.25,0,-16190.00905
5.25,1.75,0,-36568.47736
5.25,1.25,0,-83374.35184
5.25,0.75,0,-190953.296
5.25,0.25,0,-439758.2436
5.25,-0.25,0,-1012536.334
5.25,-0.75,0,-2333483.236
5.25,-1.25,0,-4509058.912
5.25,-1.75,0,-5810393.358
5.25,-2.25,0,-6380030.897
5.25,-2.75,0,-6659968.457
5.25,-3.25,0,-6817955.465
5.25,-3.75,0,-6887927.446
5.25,-4.25,0,-7075621.352
5.25,-4.75,0,-7129263.857
5.25,-5.25,0,-7198104.129
5.25,-5.75,0,-7324190.532
5.25,-6.25,0,-7181661.633
5.25,-6.75,0,-6684888.9
5.25,-7.25,0,-5384730.928
5.25,-7.75,0,-3013142.949
5.25,-8.25,0,-1658471.818
5.25,-8.75,0,-1033168.783
5.25,-9.25,0,-754143.5781
5.25,-9.75,0,-627589.3608
5.25,-10.25,0,-574788.9031
5.25,-10.75,0,-544353.925
5.25,-11.25,0,-526341.3828
5.25,-11.75,0,-510334.4444
5.25,-12.25,0,-477507.604
5.25,-12.75,0,-434284.0046
5.25,-13.25,0,-375728.2118
5.25,-13.75,0,-316281.0585
5.25,-14.25,0,-276165.0526
5.25,-14.75,0,-281706.4017
5.75,14.75,0,5562.91618
5.75,14.25,0,2674.339356
5.75,13.75,0,1230.397841
5.75,13.25,0,563.4167461
5.75,12.75,0,257.6529184
5.75,12.25,0,119.3581667
5.75,11.75,0,54.43198441
5.75,11.25,0,25.35470198
5.75,10.75,0,12.32560823
5.75,10.25,0,6.570886744
5.75,9.75,0,4.261554836
5.75,9.25,0,3.464868995
5.75,8.75,0,3.350617042
5.75,8.25,0,3.307186713
5.75,7.75,0,2.833002719
5.75,7.25,0,0.975268516
5.75,6.75,0,-3.982875825
5.75,6.25,0,-15.75109076
5.75,5.75,0,-42.55843909
5.75,5.25,0,-102.7550333
5.75,4.75,0,-234.910753
5.75,4.25,0,-529.2637299
5.75,3.75,0,-1181.956418
5.75,3.25,0,-2619.962616
5.75,2.75,0,-5824.359929
5.75,2.25,0,-12862.06907
5.75,1.75,0,-28384.48567
5.75,1.25,0,-62537.95965
5.75,0.75,0,-136719.0381
5.75,0.25,0,-290395.7738
5.75,-0.25,0,-595283.1378
5.75,-0.75,0,-1109051.258
5.75,-1.25,0,-1739888.84
5.75,-1.75,0,-2261604.509
5.75,-2.25,0,-2578783.775
5.75,-2.75,0,-2741423.437
5.75,-3.25,0,-2853418.993
5.75,-3.75,0,-2895487.491
5.75,-4.25,0,-2950025.732
5.75,-4.75,0,-3018695.515
5.75,-5.25,0,-3092595.134
5.75,-5.75,0,-3152365.967
5.75,-6.25,0,-3120375.568
5.75,-6.75,0,-2953839.813
5.75,-7.25,0,-2605317.615
5.75,-7.75,0,-2078961.821
5.75,-8.25,0,-1659040.805
5.75,-8.75,0,-1413688.256
5.75,-9.25,0,-1291978.048
5.75,-9.75,0,-1224421.115
5.75,-10.25,0,-1190313.474
5.75,-10.75,0,-1172502.019
5.75,-11.25,0,-1158136.859
5.75,-11.75,0,-1122228.549
5.75,-12.25,0,-1070207.646
5.75,-12.75,0,-966206.6034
5.75,-13.25,0,-823970.9774
5.75,-13.75,0,-663124.8945
5.75,-14.25,0,-522443.4762
5.75,-14.75,0,-460425.238
6.25,14.75,0,5151.324281
6.25,14.25,0,2474.351518
6.25,13.75,0,1133.152907
6.25,13.25,0,522.054445
6.25,12.75,0,238.6526181
6.25,12.25,0,109.0821115
6.25,11.75,0,50.04002944
6.25,11.25,0,23.26698447
6.25,10.75,0,10.9443246
6.25,10.25,0,5.423316103
6.25,9.75,0,3.03622004
6.25,9.25,0,2.035971433
6.25,8.75,0,1.599851078
6.25,8.25,0,1.240068484
6.25,7.75,0,0.503003173
6.25,7.25,0,-1.355968576
6.25,6.75,0,-5.730181991
6.25,6.25,0,-15.66500389
6.25,5.75,0,-37.78922617
6.25,5.25,0,-86.36951624
6.25,4.75,0,-192.7523839
6.25,4.25,0,-425.9964882
6.25,3.75,0,-928.9812948
6.25,3.25,0,-2036.814883
6.25,2.75,0,-4386.959355
6.25,2.25,0,-9444.881697
6.25,1.75,0,-20155.29485
6.25,1.25,0,-42367.65368
6.25,0.75,0,-86774.58816
6.25,0.25,0,-170054.9899
6.25,-0.25,0,-315018.4662
6.25,-0.75,0,-523502.6053
6.25,-1.25,0,-767446.661
6.25,-1.75,0,-980162.5641
6.25,-2.25,0,-1124450.867
6.25,-2.75,0,-1217723.907
6.25,-3.25,0,-1282094.462
6.25,-3.75,0,-1319766.706
6.25,-4.25,0,-1363369.071
6.25,-4.75,0,-1418582.258
6.25,-5.25,0,-1502665.071
6.25,-5.75,0,-1612982.957
6.25,-6.25,0,-1779466.758
6.25,-6.75,0,-1997229.007
6.25,-7.25,0,-2210869.969
6.25,-7.75,0,-2422276.537
6.25,-8.25,0,-2547920.88
6.25,-8.75,0,-2592835.29
6.25,-9.25,0,-2592992.776
6.25,-9.75,0,-2594971.037
6.25,-10.25,0,-2587812.133
6.25,-10.75,0,-2563164.442
6.25,-11.25,0,-2566544.071
6.25,-11.75,0,-2503995.692
6.25,-12.25,0,-2394893.782
6.25,-12.75,0,-2191069.753
6.25,-13.25,0,-1848585.274
6.25,-13.75,0,-1412117.073
6.25,-14.25,0,-1015532.021
6.25,-14.75,0,-777868.6979
6.75,14.75,0,4759.452561
6.75,14.25,0,2271.424815
6.75,13.75,0,1054.16988
6.75,13.25,0,483.2156128
6.75,12.75,0,220.9788569
6.75,12.25,0,101.0986199
6.75,11.75,0,46.38481399
6.75,11.25,0,21.27875405
6.75,10.75,0,9.849758441
6.75,10.25,0,4.717792099
6.75,9.75,0,2.395207096
6.75,9.25,0,1.334061318
6.75,8.75,0,0.804126767
6.75,8.25,0,0.362007166
6.75,7.75,0,-0.390851941
6.75,7.25,0,-2.00761788
6.75,6.75,0,-5.623102713
6.75,6.25,0,-13.65141544
6.75,5.75,0,-31.03243907
6.75,5.25,0,-68.75000377
6.75,4.75,0,-149.5885629
6.75,4.25,0,-323.295231
6.75,3.75,0,-692.9916362
6.75,3.25,0,-1474.350331
6.75,2.75,0,-3097.06871
6.75,2.25,0,-6469.14552
6.75,1.75,0,-13152.28583
6.75,1.25,0,-26234.55937
6.75,0.75,0,-50525.74786
6.75,0.25,0,-92619.65254
6.75,-0.25,0,-155921.2336
6.75,-0.75,0,-245320.3031
6.75,-1.25,0,-343457.8311
6.75,-1.75,0,-432373.1108
6.75,-2.25,0,-502178.0446
6.75,-2.75,0,-552083.6562
6.75,-3.25,0,-584608.6097
6.75,-3.75,0,-618750.1387
6.75,-4.25,0,-662658.7402
6.75,-4.75,0,-743207.2467
6.75,-5.25,0,-877148.7806
6.75,-5.75,0,-1124397.377
6.75,-6.25,0,-1583743.031
6.75,-6.75,0,-2310940.472
6.75,-7.25,0,-3397014.797
6.75,-7.75,0,-4478936.391
6.75,-8.25,0,-5210001.1
6.75,-8.75,0,-5557481.334
6.75,-9.25,0,-5640475.208
6.75,-9.75,0,-5683426.554
6.75,-10.25,0,-5718277.508
6.75,-10.75,0,-5731071.903
6.75,-11.25,0,-5727420.114
6.75,-11.75,0,-5633081.866
6.75,-12.25,0,-5458529.463
6.75,-12.75,0,-5026076.479
6.75,-13.25,0,-4177885.316
6.75,-13.75,0,-3028358.552
6.75,-14.25,0,-1983794.657
6.75,-14.75,0,-1322107.11
7.25,14.75,0,4382.168625
7.25,14.25,0,2111.532632
7.25,13.75,0,970.7441758
7.25,13.25,0,443.8373271
7.25,12.75,0,203.880124
7.25,12.25,0,93.53779062
7.25,11.75,0,42.61695198
7.25,11.25,0,19.5400264
7.25,10.75,0,9.011298657
7.25,10.25,0,4.199996446
7.25,9.75,0,2.004634477
7.25,9.25,0,0.985462823
7.25,8.75,0,0.453746729
7.25,8.25,0,0.014611638
7.25,7.75,0,-0.641592888
7.25,7.25,0,-1.965908496
7.25,6.75,0,-4.793834741
7.25,6.25,0,-10.89237101
7.25,5.75,0,-23.96422183
7.25,5.25,0,-52.02834628
7.25,4.75,0,-110.5555518
7.25,4.25,0,-233.9041994
7.25,3.75,0,-488.0342245
7.25,3.25,0,-1010.382979
7.25,2.75,0,-2061.309315
7.25,2.25,0,-4133.13987
7.25,1.75,0,-8074.886316
7.25,1.25,0,-15301.82317
7.25,0.75,0,-27862.21897
7.25,0.25,0,-47821.24814
7.25,-0.25,0,-77122.4877
7.25,-0.75,0,-114561.5712
7.25,-1.25,0,-155346.1275
7.25,-1.75,0,-194163.5361
7.25,-2.25,0,-225907.8177
7.25,-2.75,0,-250537.68
7.25,-3.25,0,-276395.6329
7.25,-3.75,0,-310084.2735
7.25,-4.25,0,-364221.0055
7.25,-4.75,0,-473139.1986
7.25,-5.25,0,-702854.4074
7.25,-5.75,0,-1153600.536
7.25,-6.25,0,-2052918.957
7.25,-6.75,0,-3812511.023
7.25,-7.25,0,-6663309.293
7.25,-7.75,0,-1.07E+07
7.25,-8.25,0,-1.27E+07
7.25,-8.75,0,-1.36E+07
7.25,-9.25,0,-1.36E+07
7.25,-9.75,0,-1.36E+07
7.25,-10.25,0,-1.37E+07
7.25,-10.75,0,-1.35E+07
7.25,-11.25,0,-1.36E+07
7.25,-11.75,0,-1.35E+07
7.25,-12.25,0,-1.35E+07
7.25,-12.75,0,-1.34E+07
7.25,-13.25,0,-1.09E+07
7.25,-13.75,0,-6761666.238
7.25,-14.25,0,-3754574.983
7.25,-14.75,0,-2187740.099
7.75,14.75,0,4070.663038
7.75,14.25,0,1937.373688
7.75,13.75,0,899.7984784
7.75,13.25,0,411.6605614
7.75,12.75,0,188.1711356
7.75,12.25,0,86.63420586
7.75,11.75,0,39.33717097
7.75,11.25,0,18.0573931
7.75,10.75,0,8.287636685
7.75,10.25,0,3.809979502
7.75,9.75,0,1.760411164
7.75,9.25,0,0.802957273
7.75,8.75,0,0.290957676
7.75,8.25,0,-0.09998724
7.75,7.75,0,-0.637745454
7.75,7.25,0,-1.673550891
7.75,6.75,0,-3.806559569
7.75,6.25,0,-8.327104433
7.75,5.75,0,-17.7774311
7.75,5.25,0,-37.47005035
7.75,4.75,0,-78.11341856
7.75,4.25,0,-160.8543632
7.75,3.75,0,-326.2451208
7.75,3.25,0,-657.2155874
7.75,2.75,0,-1295.02401
7.75,2.25,0,-2506.836623
7.75,1.75,0,-4696.304993
7.75,1.25,0,-8503.301558
7.75,0.75,0,-14716.82361
7.75,0.25,0,-24195.69524
7.75,-0.25,0,-37163.42077
7.75,-0.75,0,-53188.62551
7.75,-1.25,0,-70428.70521
7.75,-1.75,0,-88025.66393
7.75,-2.25,0,-104022.2048
7.75,-2.75,0,-120511.1664
7.75,-3.25,0,-141569.1186
7.75,-3.75,0,-176763.4283
7.75,-4.25,0,-249931.1242
7.75,-4.75,0,-403511.2139
7.75,-5.25,0,-734249.8775
7.75,-5.75,0,-1462488.134
7.75,-6.25,0,-3127790.693
7.75,-6.75,0,-6624107.664
7.75,-7.25,0,-1.40E+07
7.75,-7.75,0,-2.94E+07
7.75,-8.25,0,-3.25E+07
7.75,-8.75,0,-3.32E+07
7.75,-9.25,0,-3.30E+07
7.75,-9.75,0,-3.30E+07
7.75,-10.25,0,-3.29E+07
7.75,-10.75,0,-3.30E+07
7.75,-11.25,0,-3.30E+07
7.75,-11.75,0,-3.28E+07
7.75,-12.25,0,-3.30E+07
7.75,-12.75,0,-3.28E+07
7.75,-13.25,0,-2.91E+07
7.75,-13.75,0,-1.43E+07
7.75,-14.25,0,-6871341.682
7.75,-14.75,0,-3379939.214
8.25,14.75,0,3772.408673
8.25,14.25,0,1800.782994
8.25,13.75,0,829.2941498
8.25,13.25,0,381.8145684
8.25,12.75,0,174.4703036
8.25,12.25,0,79.51265416
8.25,11.75,0,36.38524698
8.25,11.25,0,16.65210111
8.25,10.75,0,7.595026356
8.25,10.25,0,3.462202408
8.25,9.75,0,1.579911665
8.25,9.25,0,0.674502159
8.25,8.75,0,0.206804069
8.25,8.25,0,-0.133569549
8.25,7.75,0,-0.564043396
8.25,7.25,0,-1.332048203
8.25,6.75,0,-2.879353246
8.25,6.25,0,-6.064361213
8.25,5.75,0,-12.60161705
8.25,5.25,0,-25.77044938
8.25,4.75,0,-52.76077633
8.25,4.25,0,-106.028712
8.25,3.75,0,-210.5243802
8.25,3.25,0,-409.7453192
8.25,2.75,0,-781.7220874
8.25,2.25,0,-1457.028203
8.25,1.75,0,-2630.789673
8.25,1.25,0,-4567.971171
8.25,0.75,0,-7582.246605
8.25,0.25,0,-11972.11887
8.25,-0.25,0,-17789.03569
8.25,-0.75,0,-24874.65343
8.25,-1.25,0,-32934.89586
8.25,-1.75,0,-41243.281
8.25,-2.25,0,-50572.90196
8.25,-2.75,0,-63059.38504
8.25,-3.25,0,-83943.1579
8.25,-3.75,0,-126051.991
8.25,-4.25,0,-214724.9345
8.25,-4.75,0,-413506.8597
8.25,-5.25,0,-857928.0963
8.25,-5.75,0,-1883501.11
8.25,-6.25,0,-4265178.467
8.25,-6.75,0,-1.07E+07
8.25,-7.25,0,-2.93E+07
8.25,-7.75,0,-3.63E+07
8.25,-8.25,0,-3.56E+07
8.25,-8.75,0,-3.41E+07
8.25,-9.25,0,-3.34E+07
8.25,-9.75,0,-3.32E+07
8.25,-10.25,0,-3.28E+07
8.25,-10.75,0,-3.32E+07
8.25,-11.25,0,-3.33E+07
8.25,-11.75,0,-3.37E+07
8.25,-12.25,0,-3.43E+07
8.25,-12.75,0,-3.55E+07
8.25,-13.25,0,-3.61E+07
8.25,-13.75,0,-2.92E+07
8.25,-14.25,0,-1.13E+07
8.25,-14.75,0,-4670532.068
8.75,14.75,0,3496.198678
8.75,14.25,0,1662.20719
8.75,13.75,0,774.9179559
8.75,13.25,0,350.6173888
8.75,12.75,0,162.947464
8.75,12.25,0,73.35889249
8.75,11.75,0,33.74297732
8.75,11.25,0,15.38482231
8.75,10.75,0,7.004765658
8.75,10.25,0,3.170832527
8.75,9.75,0,1.39687801
8.75,9.25,0,0.559433492
8.75,8.75,0,0.128800911
8.75,8.25,0,-0.164869647
8.75,7.75,0,-0.501423058
8.75,7.25,0,-1.061583834
8.75,6.75,0,-2.154240651
8.75,6.25,0,-4.333875214
8.75,5.75,0,-8.658708602
8.75,5.25,0,-17.41114972
8.75,4.75,0,-34.4760105
8.75,4.25,0,-67.35551404
8.75,3.75,0,-129.7609634
8.75,3.25,0,-245.3512876
8.75,2.75,0,-456.2979444
8.75,2.25,0,-818.4534784
8.75,1.75,0,-1421.868673
8.75,1.25,0,-2398.263951
8.75,0.75,0,-3834.619278
8.75,0.25,0,-5890.458698
8.75,-0.25,0,-8571.328976
8.75,-0.75,0,-11834.41427
8.75,-1.25,0,-15718.71077
8.75,-1.75,0,-20556.02545
8.75,-2.25,0,-27068.45097
8.75,-2.75,0,-38429.15634
8.75,-3.25,0,-60105.91686
8.75,-3.75,0,-107445.6224
8.75,-4.25,0,-211159.8403
8.75,-4.75,0,-447585.6119
8.75,-5.25,0,-981668.9422
8.75,-5.75,0,-2209009.129
8.75,-6.25,0,-5073220.07
8.75,-6.75,0,-1.28E+07
8.75,-7.25,0,-3.25E+07
8.75,-7.75,0,-3.55E+07
8.75,-8.25,0,-2.17E+07
8.75,-8.75,0,-1.68E+07
8.75,-9.25,0,-1.51E+07
8.75,-9.75,0,-1.47E+07
8.75,-10.25,0,-1.44E+07
8.75,-10.75,0,-1.45E+07
8.75,-11.25,0,-1.48E+07
8.75,-11.75,0,-1.52E+07
8.75,-12.25,0,-1.69E+07
8.75,-12.75,0,-2.12E+07
8.75,-13.25,0,-3.56E+07
8.75,-13.75,0,-3.29E+07
8.75,-14.25,0,-1.32E+07
8.75,-14.75,0,-5612325.721
9.25,14.75,0,3240.087645
9.25,14.25,0,1545.645645
9.25,13.75,0,713.3552048
9.25,13.25,0,326.0268144
9.25,12.75,0,149.2605148
9.25,12.25,0,68.29842748
9.25,11.75,0,31.21135093
9.25,11.25,0,14.21805233
9.25,10.75,0,6.431757975
9.25,10.25,0,2.835989447
9.25,9.75,0,1.197379871
9.25,9.25,0,0.400914648
9.25,8.75,0,-9.45E-04
9.25,8.25,0,-0.262808948
9.25,7.75,0,-0.53200727
9.25,7.25,0,-0.946993615
9.25,6.75,0,-1.698844831
9.25,6.25,0,-3.174322247
9.25,5.75,0,-5.996449928
9.25,5.25,0,-11.50878201
9.25,4.75,0,-22.02045752
9.25,4.25,0,-41.7984518
9.25,3.75,0,-78.0640554
9.25,3.25,0,-143.4700519
9.25,2.75,0,-257.4932478
9.25,2.25,0,-449.6252466
9.25,1.75,0,-758.4264572
9.25,1.25,0,-1236.172529
9.25,0.75,0,-1935.083653
9.25,0.25,0,-2906.317473
9.25,-0.25,0,-4193.485134
9.25,-0.75,0,-5857.143345
9.25,-1.25,0,-8045.217126
9.25,-1.75,0,-11319.36838
9.25,-2.25,0,-16910.84613
9.25,-2.75,0,-27813.1806
9.25,-3.25,0,-51190.1002
9.25,-3.75,0,-101756.3307
9.25,-4.25,0,-216442.2908
9.25,-4.75,0,-479042.0115
9.25,-5.25,0,-1060853.184
9.25,-5.75,0,-2393444.992
9.25,-6.25,0,-5480230.388
9.25,-6.75,0,-1.34E+07
9.25,-7.25,0,-3.32E+07
9.25,-7.75,0,-3.43E+07
9.25,-8.25,0,-1.65E+07
9.25,-8.75,0,-1.01E+07
9.25,-9.25,0,-7937295.276
9.25,-9.75,0,-7229487.685
9.25,-10.25,0,-7134953.751
9.25,-10.75,0,-7323466.934
9.25,-11.25,0,-7725274.076
9.25,-11.75,0,-8449465.212
9.25,-12.25,0,-1.05E+07
9.25,-12.75,0,-1.68E+07
9.25,-13.25,0,-3.46E+07
9.25,-13.75,0,-3.34E+07
9.25,-14.25,0,-1.37E+07
9.25,-14.75,0,-6062461.083
9.75,14.75,0,3004.473426
9.75,14.25,0,1438.248973
9.75,13.75,0,662.66147
9.75,13.25,0,302.4447448
9.75,12.75,0,138.2772689
9.75,12.25,0,63.67875591
9.75,11.75,0,28.72065698
9.75,11.25,0,12.98254324
9.75,10.75,0,5.837371344
9.75,10.25,0,2.433726829
9.75,9.75,0,0.881576917
9.75,9.25,0,0.125751
9.75,8.75,0,-0.267412074
9.75,8.25,0,-0.523973688
9.75,7.75,0,-0.763894118
9.75,7.25,0,-1.090176459
9.75,6.75,0,-1.63805724
9.75,6.25,0,-2.616489929
9.75,5.75,0,-4.450708906
9.75,5.25,0,-7.853496126
9.75,4.75,0,-14.24329078
9.75,4.25,0,-25.79440142
9.75,3.75,0,-46.34915006
9.75,3.25,0,-82.39745345
9.75,2.75,0,-143.3008591
9.75,2.25,0,-242.2010183
9.75,1.75,0,-399.926242
9.75,1.25,0,-638.5371104
9.75,0.75,0,-981.3749377
9.75,0.25,0,-1462.449711
9.75,-0.25,0,-2132.148129
9.75,-0.75,0,-3085.501747
9.75,-1.25,0,-4586.594743
9.75,-1.75,0,-7220.335054
9.75,-2.25,0,-12300.6948
9.75,-2.75,0,-23132.48273
9.75,-3.25,0,-47074.25761
9.75,-3.75,0,-100708.7144
9.75,-4.25,0,-220296.5104
9.75,-4.75,0,-490252.4068
9.75,-5.25,0,-1104549.083
9.75,-5.75,0,-2475528.044
9.75,-6.25,0,-5617144.097
9.75,-6.75,0,-1.36E+07
9.75,-7.25,0,-3.32E+07
9.75,-7.75,0,-3.37E+07
9.75,-8.25,0,-1.55E+07
9.75,-8.75,0,-8174997.176
9.75,-9.25,0,-5732122.358
9.75,-9.75,0,-5085634.415
9.75,-10.25,0,-5437432.867
9.75,-10.75,0,-6177789.939
9.75,-11.25,0,-6630817.615
9.75,-11.75,0,-7085989.897
9.75,-12.25,0,-9023391.83
9.75,-12.75,0,-1.57E+07
9.75,-13.25,0,-3.41E+07
9.75,-13.75,0,-3.34E+07
9.75,-14.25,0,-1.38E+07
9.75,-14.75,0,-6224984.023
10.25,14.75,0,2790.761991
10.25,14.25,0,1327.536836
10.25,13.75,0,615.3461871
10.25,13.25,0,281.9486879
10.25,12.75,0,128.1608148
10.25,12.25,0,58.81847688
10.25,11.75,0,26.34424604
10.25,11.25,0,11.84718362
10.25,10.75,0,5.001409974
10.25,10.25,0,1.858984338
10.25,9.75,0,0.33489432
10.25,9.25,0,-0.417455389
10.25,8.75,0,-0.850626947
10.25,8.25,0,-1.150602172
10.25,7.75,0,-1.41176755
10.25,7.25,0,-1.727358703
10.25,6.75,0,-2.172688885
10.25,6.25,0,-2.904895752
10.25,5.75,0,-4.125316314
10.25,5.25,0,-6.300954762
10.25,4.75,0,-10.10641734
10.25,4.25,0,-16.8318946
10.25,3.75,0,-28.49628242
10.25,3.25,0,-47.98874195
10.25,2.75,0,-80.55084896
10.25,2.25,0,-131.9000978
10.25,1.75,0,-211.8771569
10.25,1.25,0,-332.8921969
10.25,0.75,0,-509.414515
10.25,0.25,0,-773.6648393
10.25,-0.25,0,-1172.390848
10.25,-0.75,0,-1819.439752
10.25,-1.25,0,-2988.046773
10.25,-1.75,0,-5286.635995
10.25,-2.25,0,-10138.61445
10.25,-2.75,0,-20804.99527
10.25,-3.25,0,-44301.84609
10.25,-3.75,0,-97991.37892
10.25,-4.25,0,-216670.6052
10.25,-4.75,0,-487961.7083
10.25,-5.25,0,-1099411.993
10.25,-5.75,0,-2467799.535
10.25,-6.25,0,-5648318.534
10.25,-6.75,0,-1.36E+07
10.25,-7.25,0,-3.31E+07
10.25,-7.75,0,-3.37E+07
10.25,-8.25,0,-1.53E+07
10.25,-8.75,0,-8003270.357
10.25,-9.25,0,-5580195.511
10.25,-9.75,0,-5253804.581
10.25,-10.25,0,-7012398.785
10.25,-10.75,0,-1.03E+07
10.25,-11.25,0,-1.10E+07
10.25,-11.75,0,-9171772.772
10.25,-12.25,0,-9663384.915
10.25,-12.75,0,-1.59E+07
10.25,-13.25,0,-3.40E+07
10.25,-13.75,0,-3.33E+07
10.25,-14.25,0,-1.39E+07
10.25,-14.75,0,-6211658.718
10.75,14.75,0,2590.201715
10.75,14.25,0,1241.247645
10.75,13.75,0,571.038802
10.75,13.25,0,260.5458519
10.75,12.75,0,118.9645504
10.75,12.25,0,54.13712282
10.75,11.75,0,24.19874398
10.75,11.25,0,10.34616671
10.75,10.75,0,3.911104385
10.75,10.25,0,0.796633531
10.75,9.75,0,-0.720320705
10.75,9.25,0,-1.581881139
10.75,8.75,0,-2.111922537
10.75,8.25,0,-2.520080562
10.75,7.75,0,-2.93106212
10.75,7.25,0,-3.33869018
10.75,6.75,0,-3.852446056
10.75,6.25,0,-4.546050641
10.75,5.75,0,-5.520648479
10.75,5.25,0,-7.061599337
10.75,4.75,0,-9.555024189
10.75,4.25,0,-13.66451947
10.75,3.75,0,-20.35742305
10.75,3.25,0,-31.24702259
10.75,2.75,0,-48.83865464
10.75,2.25,0,-76.19021914
10.75,1.75,0,-118.8370386
10.75,1.25,0,-184.5148347
10.75,0.75,0,-285.0881647
10.75,0.25,0,-444.988268
10.75,-0.25,0,-715.6621381
10.75,-0.75,0,-1220.501013
10.75,-1.25,0,-2203.821428
10.75,-1.75,0,-4290.550538
10.75,-2.25,0,-8841.42816
10.75,-2.75,0,-18917.74815
10.75,-3.25,0,-41314.4341
10.75,-3.75,0,-92744.16708
10.75,-4.25,0,-206436.7373
10.75,-4.75,0,-465534.0487
10.75,-5.25,0,-1055812.814
10.75,-5.75,0,-2382086.098
10.75,-6.25,0,-5462270.794
10.75,-6.75,0,-1.36E+07
10.75,-7.25,0,-3.31E+07
10.75,-7.75,0,-3.42E+07
10.75,-8.25,0,-1.63E+07
10.75,-8.75,0,-9545355.755
10.75,-9.25,0,-7120756.109
10.75,-9.75,0,-6900539.398
10.75,-10.25,0,-1.12E+07
10.75,-10.75,0,-2.66E+07
10.75,-11.25,0,-2.82E+07
10.75,-11.75,0,-1.50E+07
10.75,-12.25,0,-1.21E+07
10.75,-12.75,0,-1.74E+07
10.75,-13.25,0,-3.48E+07
10.75,-13.75,0,-3.32E+07
10.75,-14.25,0,-1.38E+07
10.75,-14.75,0,-6042061.895
11.25,14.75,0,2411.057196
11.25,14.25,0,1155.148375
11.25,13.75,0,528.9555163
11.25,13.25,0,243.1960405
11.25,12.75,0,110.1542811
11.25,12.25,0,49.77839554
11.25,11.75,0,21.22048591
11.25,11.25,0,8.194611989
11.25,10.75,0,1.899696708
11.25,10.25,0,-1.239983844
11.25,9.75,0,-3.012289399
11.25,9.25,0,-4.072130663
11.25,8.75,0,-4.869019167
11.25,8.25,0,-5.628361847
11.25,7.75,0,-6.300022939
11.25,7.25,0,-7.036011698
11.25,6.75,0,-7.863706033
11.25,6.25,0,-8.74618802
11.25,5.75,0,-9.885913236
11.25,5.25,0,-11.42343847
11.25,4.75,0,-13.45959715
11.25,4.25,0,-16.49568946
11.25,3.75,0,-20.92804231
11.25,3.25,0,-27.78371193
11.25,2.75,0,-38.22159868
11.25,2.25,0,-53.89392278
11.25,1.75,0,-78.97747218
11.25,1.25,0,-117.9507277
11.25,0.75,0,-182.923562
11.25,0.25,0,-295.1742748
11.25,-0.25,0,-500.0091058
11.25,-0.75,0,-912.8327793
11.25,-1.25,0,-1776.388689
11.25,-1.75,0,-3656.325719
11.25,-2.25,0,-7751.759895
11.25,-2.75,0,-16985.36028
11.25,-3.25,0,-37445.04776
11.25,-3.75,0,-83394.26764
11.25,-4.25,0,-187636.2131
11.25,-4.75,0,-421380.291
11.25,-5.25,0,-954185.695
11.25,-5.75,0,-2182504.948
11.25,-6.25,0,-5016747.122
11.25,-6.75,0,-1.28E+07
11.25,-7.25,0,-3.25E+07
11.25,-7.75,0,-3.51E+07
11.25,-8.25,0,-2.06E+07
11.25,-8.75,0,-1.53E+07
11.25,-9.25,0,-1.22E+07
11.25,-9.75,0,-1.00E+07
11.25,-10.25,0,-1.41E+07
11.25,-10.75,0,-3.23E+07
11.25,-11.25,0,-3.44E+07
11.25,-11.75,0,-2.11E+07
11.25,-12.25,0,-1.89E+07
11.25,-12.75,0,-2.20E+07
11.25,-13.25,0,-3.60E+07
11.25,-13.75,0,-3.29E+07
11.25,-14.25,0,-1.30E+07
11.25,-14.75,0,-5636211.632
11.75,14.75,0,2245.896323
11.75,14.25,0,1069.66926
11.75,13.75,0,491.5928617
11.75,13.25,0,226.1538134
11.75,12.75,0,101.1726939
11.75,12.25,0,44.07919604
11.75,11.75,0,17.41535505
11.75,11.25,0,4.519392499
11.75,10.75,0,-1.925785218
11.75,10.25,0,-5.56457024
11.75,9.75,0,-7.77502136
11.75,9.25,0,-9.507854523
11.75,8.75,0,-11.00616902
11.75,8.25,0,-12.26919023
11.75,7.75,0,-13.7284314
11.75,7.25,0,-15.16235525
11.75,6.75,0,-16.73383954
11.75,6.25,0,-18.44253832
11.75,5.75,0,-20.48491729
11.75,5.25,0,-22.62298684
11.75,4.75,0,-25.33969556
11.75,4.25,0,-28.65742685
11.75,3.75,0,-32.8305354
11.75,3.25,0,-38.45144633
11.75,2.75,0,-46.31616917
11.75,2.25,0,-57.82637819
11.75,1.75,0,-75.50946203
11.75,1.25,0,-102.6451863
11.75,0.75,0,-150.0031987
11.75,0.25,0,-236.6339524
11.75,-0.25,0,-407.0680178
11.75,-0.75,0,-756.5695119
11.75,-1.25,0,-1506.761071
11.75,-1.75,0,-3129.961598
11.75,-2.25,0,-6723.256381
11.75,-2.75,0,-14647.85962
11.75,-3.25,0,-32343.49028
11.75,-3.75,0,-71883.93562
11.75,-4.25,0,-159961.3325
11.75,-4.75,0,-356972.2841
11.75,-5.25,0,-805347.1381
11.75,-5.75,0,-1812702.86
11.75,-6.25,0,-4181282.211
11.75,-6.75,0,-1.10E+07
11.75,-7.25,0,-2.93E+07
11.75,-7.75,0,-3.56E+07
11.75,-8.25,0,-3.46E+07
11.75,-8.75,0,-3.21E+07
11.75,-9.25,0,-2.71E+07
11.75,-9.75,0,-1.28E+07
11.75,-10.25,0,-1.47E+07
11.75,-10.75,0,-3.30E+07
11.75,-11.25,0,-3.78E+07
11.75,-11.75,0,-3.62E+07
11.75,-12.25,0,-3.55E+07
11.75,-12.75,0,-3.62E+07
11.75,-13.25,0,-3.65E+07
11.75,-13.75,0,-2.96E+07
11.75,-14.25,0,-1.09E+07
11.75,-14.75,0,-4698255.614
12.25,14.75,0,2090.060023
12.25,14.25,0,995.4768486
12.25,13.75,0,460.6752534
12.25,13.25,0,208.5642018
12.25,12.75,0,92.30705133
12.25,12.25,0,37.45533098
12.25,11.75,0,10.92487531
12.25,11.25,0,-2.43161057
12.25,10.75,0,-10.02316005
12.25,10.25,0,-14.62132391
12.25,9.75,0,-18.27942381
12.25,9.25,0,-21.36183332
12.25,8.75,0,-24.11569675
12.25,8.25,0,-27.00894626
12.25,7.75,0,-30.1118772
12.25,7.25,0,-33.03811217
12.25,6.75,0,-36.42722192
12.25,6.25,0,-40.28597586
12.25,5.75,0,-43.70886067
12.25,5.25,0,-48.09755357
12.25,4.75,0,-52.58096979
12.25,4.25,0,-57.9638077
12.25,3.75,0,-64.08535863
12.25,3.25,0,-71.69202456
12.25,2.75,0,-81.29768712
12.25,2.25,0,-93.35890178
12.25,1.75,0,-109.8346969
12.25,1.25,0,-134.6847918
12.25,0.75,0,-176.5334901
12.25,0.25,0,-251.0593887
12.25,-0.25,0,-397.2991763
12.25,-0.75,0,-700.3374979
12.25,-1.25,0,-1328.697424
12.25,-1.75,0,-2710.299892
12.25,-2.25,0,-5680.319625
12.25,-2.75,0,-12222.84735
12.25,-3.25,0,-26756.59944
12.25,-3.75,0,-58296.84365
12.25,-4.25,0,-127781.655
12.25,-4.75,0,-280940.7045
12.25,-5.25,0,-616755.1751
12.25,-5.75,0,-1349795.244
12.25,-6.25,0,-2949169.367
12.25,-6.75,0,-6558073.053
12.25,-7.25,0,-1.43E+07
12.25,-7.75,0,-2.90E+07
12.25,-8.25,0,-3.16E+07
12.25,-8.75,0,-3.09E+07
12.25,-9.25,0,-2.65E+07
12.25,-9.75,0,-1.18E+07
12.25,-10.25,0,-1.26E+07
12.25,-10.75,0,-2.83E+07
12.25,-11.25,0,-3.26E+07
12.25,-11.75,0,-3.37E+07
12.25,-12.25,0,-3.37E+07
12.25,-12.75,0,-3.30E+07
12.25,-13.25,0,-2.96E+07
12.25,-13.75,0,-1.41E+07
12.25,-14.25,0,-6732517.084
12.25,-14.75,0,-3435233.935
12.75,14.75,0,1954.01504
12.75,14.25,0,933.3487054
12.75,13.75,0,432.9549674
12.75,13.25,0,192.3737201
12.75,12.75,0,80.39721806
12.75,12.25,0,26.48096917
12.75,11.75,0,-1.437485799
12.75,11.25,0,-17.10774334
12.75,10.75,0,-27.11171175
12.75,10.25,0,-34.96946605
12.75,9.75,0,-40.98488843
12.75,9.25,0,-47.26387613
12.75,8.75,0,-52.86595857
12.75,8.25,0,-59.17507366
12.75,7.75,0,-65.57047696
12.75,7.25,0,-72.62434261
12.75,6.75,0,-79.89209844
12.75,6.25,0,-86.94302339
12.75,5.75,0,-95.25810677
12.75,5.25,0,-104.0555391
12.75,4.75,0,-113.7653649
12.75,4.25,0,-124.4864055
12.75,3.75,0,-136.2004773
12.75,3.25,0,-149.7770651
12.75,2.75,0,-164.9587768
12.75,2.25,0,-183.7713747
12.75,1.75,0,-207.179747
12.75,1.25,0,-239.0110357
12.75,0.75,0,-283.3419831
12.75,0.25,0,-357.9933498
12.75,-0.25,0,-491.6831293
12.75,-0.75,0,-757.6157252
12.75,-1.25,0,-1290.488531
12.75,-1.75,0,-2413.883816
12.75,-2.25,0,-4799.823694
12.75,-2.75,0,-9954.709776
12.75,-3.25,0,-20972.24314
12.75,-3.75,0,-44813.19066
12.75,-4.25,0,-95892.5168
12.75,-4.75,0,-203340.559
12.75,-5.25,0,-430808.4615
12.75,-5.75,0,-893731.3899
12.75,-6.25,0,-1816826.42
12.75,-6.75,0,-3505297.093
12.75,-7.25,0,-6486557.192
12.75,-7.75,0,-1.05E+07
12.75,-8.25,0,-1.22E+07
12.75,-8.75,0,-1.19E+07
12.75,-9.25,0,-9979988.51
12.75,-9.75,0,-7133585.685
12.75,-10.25,0,-7395831.631
12.75,-10.75,0,-1.08E+07
12.75,-11.25,0,-1.28E+07
12.75,-11.75,0,-1.35E+07
12.75,-12.25,0,-1.34E+07
12.75,-12.75,0,-1.27E+07
12.75,-13.25,0,-1.07E+07
12.75,-13.75,0,-6609498.672
12.75,-14.25,0,-3777203.386
12.75,-14.75,0,-2214816.217
13.25,14.75,0,1838.526719
13.25,14.25,0,879.2877727
13.25,13.75,0,407.5715851
13.25,13.25,0,174.8169986
13.25,12.75,0,63.65636198
13.25,12.25,0,6.329953206
13.25,11.75,0,-26.94110953
13.25,11.25,0,-48.64907357
13.25,10.75,0,-64.53757469
13.25,10.25,0,-77.98493497
13.25,9.75,0,-91.10481127
13.25,9.25,0,-103.4383116
13.25,8.75,0,-115.3031942
13.25,8.25,0,-128.9226623
13.25,7.75,0,-143.4326676
13.25,7.25,0,-157.9082327
13.25,6.75,0,-173.9936801
13.25,6.25,0,-190.5226082
13.25,5.75,0,-208.0761101
13.25,5.25,0,-227.2348458
13.25,4.75,0,-246.6940533
13.25,4.25,0,-269.8128354
13.25,3.75,0,-296.2698551
13.25,3.25,0,-322.1628808
13.25,2.75,0,-353.7871718
13.25,2.25,0,-388.7615877
13.25,1.75,0,-430.523309
13.25,1.25,0,-480.7665551
13.25,0.75,0,-546.7231817
13.25,0.25,0,-634.6160186
13.25,-0.25,0,-779.3294985
13.25,-0.75,0,-1025.319328
13.25,-1.25,0,-1499.437453
13.25,-1.75,0,-2415.784189
13.25,-2.25,0,-4287.730854
13.25,-2.75,0,-8171.134081
13.25,-3.25,0,-16215.39305
13.25,-3.75,0,-32891.03199
13.25,-4.25,0,-67607.89038
13.25,-4.75,0,-136916.4077
13.25,-5.25,0,-276156.969
13.25,-5.75,0,-540633.9579
13.25,-6.25,0,-1019426.376
13.25,-6.75,0,-1806554.54
13.25,-7.25,0,-2880928.236
13.25,-7.75,0,-3996786.32
13.25,-8.25,0,-4634996.787
13.25,-8.75,0,-4638182.458
13.25,-9.25,0,-4139497.444
13.25,-9.75,0,-3574353.21
13.25,-10.25,0,-3687592.413
13.25,-10.75,0,-4441692.144
13.25,-11.25,0,-5138448.557
13.25,-11.75,0,-5485068.466
13.25,-12.25,0,-5537969.436
13.25,-12.75,0,-5079142.067
13.25,-13.25,0,-4246401.885
13.25,-13.75,0,-3101607.952
13.25,-14.25,0,-2005270.357
13.25,-14.75,0,-1344946.829
13.75,14.75,0,1749.130394
13.75,14.25,0,843.0086059
13.75,13.75,0,384.299583
13.75,13.25,0,155.3092901
13.75,12.75,0,35.51822176
13.75,12.25,0,-36.08299164
13.75,11.75,0,-81.40703382
13.75,11.25,0,-116.8513937
13.75,10.75,0,-146.5875849
13.75,10.25,0,-173.298671
13.75,9.75,0,-201.3169976
13.75,9.25,0,-226.4583648
13.75,8.75,0,-256.4474107
13.75,8.25,0,-285.3201507
13.75,7.75,0,-314.5379686
13.75,7.25,0,-345.2647988
13.75,6.75,0,-380.4536327
13.75,6.25,0,-416.4609562
13.75,5.75,0,-453.3469194
13.75,5.25,0,-497.0911287
13.75,4.75,0,-539.5750158
13.75,4.25,0,-593.7568297
13.75,3.75,0,-643.4057128
13.75,3.25,0,-704.9722091
13.75,2.75,0,-768.1089665
13.75,2.25,0,-837.9642258
13.75,1.75,0,-922.2651082
13.75,1.25,0,-1017.724815
13.75,0.75,0,-1128.67776
13.75,0.25,0,-1274.480245
13.75,-0.25,0,-1471.84665
13.75,-0.75,0,-1750.111431
13.75,-1.25,0,-2213.510499
13.75,-1.75,0,-3027.357913
13.75,-2.25,0,-4543.235023
13.75,-2.75,0,-7452.65867
13.75,-3.25,0,-13183.52549
13.75,-3.75,0,-24467.44187
13.75,-4.25,0,-46708.90609
13.75,-4.75,0,-89552.04443
13.75,-5.25,0,-168625.7728
13.75,-5.75,0,-309325.4175
13.75,-6.25,0,-541816.6271
13.75,-6.75,0,-882786.6849
13.75,-7.25,0,-1309997.743
13.75,-7.75,0,-1720117.393
13.75,-8.25,0,-1950991.403
13.75,-8.75,0,-2005281.179
13.75,-9.25,0,-1876484.128
13.75,-9.75,0,-1750591.412
13.75,-10.25,0,-1801582.884
13.75,-10.75,0,-2022559.892
13.75,-11.25,0,-2264855.378
13.75,-11.75,0,-2391709.052
13.75,-12.25,0,-2375784.57
13.75,-12.75,0,-2211892.873
13.75,-13.25,0,-1872826.377
13.75,-13.75,0,-1443818.52
13.75,-14.25,0,-1041853.083
13.75,-14.75,0,-821412.033
14.25,14.75,0,1713.238449
14.25,14.25,0,842.3273055
14.25,13.75,0,379.6933564
14.25,13.25,0,129.1136281
14.25,12.75,0,-21.85586331
14.25,12.25,0,-121.9256351
14.25,11.75,0,-199.4889719
14.25,11.25,0,-264.9572555
14.25,10.75,0,-322.0722604
14.25,10.25,0,-380.7261952
14.25,9.75,0,-433.391089
14.25,9.25,0,-495.6088036
14.25,8.75,0,-551.1121155
14.25,8.25,0,-612.3747245
14.25,7.75,0,-677.7248021
14.25,7.25,0,-748.8534615
14.25,6.75,0,-818.9777445
14.25,6.25,0,-902.8380953
14.25,5.75,0,-985.1812618
14.25,5.25,0,-1073.900431
14.25,4.75,0,-1168.042268
14.25,4.25,0,-1274.230129
14.25,3.75,0,-1387.517283
14.25,3.25,0,-1513.153716
14.25,2.75,0,-1659.595588
14.25,2.25,0,-1808.429922
14.25,1.75,0,-1999.660297
14.25,1.25,0,-2180.96017
14.25,0.75,0,-2412.604819
14.25,0.25,0,-2670.514079
14.25,-0.25,0,-2970.742678
14.25,-0.75,0,-3399.658779
14.25,-1.25,0,-3996.239167
14.25,-1.75,0,-4870.349629
14.25,-2.25,0,-6254.249609
14.25,-2.75,0,-8683.709712
14.25,-3.25,0,-12972.35321
14.25,-3.75,0,-20710.43698
14.25,-4.25,0,-34765.3057
14.25,-4.75,0,-60074.95884
14.25,-5.25,0,-103988.1409
14.25,-5.75,0,-175241.4891
14.25,-6.25,0,-285318.6894
14.25,-6.75,0,-433582.409
14.25,-7.25,0,-606659.1484
14.25,-7.75,0,-763907.5972
14.25,-8.25,0,-866915.1348
14.25,-8.75,0,-901241.7208
14.25,-9.25,0,-875941.0823
14.25,-9.75,0,-861390.292
14.25,-10.25,0,-882219.4905
14.25,-10.75,0,-955467.2435
14.25,-11.25,0,-1034101.158
14.25,-11.75,0,-1085363.159
14.25,-12.25,0,-1080344.511
14.25,-12.75,0,-997162.4781
14.25,-13.25,0,-862433.8986
14.25,-13.75,0,-709954.0201
14.25,-14.25,0,-578842.9723
14.25,-14.75,0,-528345.2921
14.75,14.75,0,1757.293553
14.75,14.25,0,899.6097369
14.75,13.75,0,393.8498439
14.75,13.25,0,80.01819669
14.75,12.75,0,-135.0047983
14.75,12.25,0,-301.3990704
14.75,11.75,0,-440.9172563
14.75,11.25,0,-566.3432635
14.75,10.75,0,-684.6465735
14.75,10.25,0,-795.3719439
14.75,9.75,0,-914.1450716
14.75,9.25,0,-1034.667296
14.75,8.75,0,-1159.952754
14.75,8.25,0,-1287.451877
14.75,7.75,0,-1413.717764
14.75,7.25,0,-1566.597651
14.75,6.75,0,-1718.20753
14.75,6.25,0,-1881.363663
14.75,5.75,0,-2062.458593
14.75,5.25,0,-2236.369199
14.75,4.75,0,-2447.977886
14.75,4.25,0,-2670.208463
14.75,3.75,0,-2917.451331
14.75,3.25,0,-3188.406366
14.75,2.75,0,-3469.783958
14.75,2.25,0,-3779.163142
14.75,1.75,0,-4140.245654
14.75,1.25,0,-4552.955508
14.75,0.75,0,-4953.584358
14.75,0.25,0,-5464.199406
14.75,-0.25,0,-6081.079201
14.75,-0.75,0,-6829.493249
14.75,-1.25,0,-7712.000264
14.75,-1.75,0,-8924.234584
14.75,-2.25,0,-10653.89346
14.75,-2.75,0,-13090.71312
14.75,-3.25,0,-16914.6714
14.75,-3.75,0,-22944.47892
14.75,-4.25,0,-32893.86458
14.75,-4.75,0,-48874.7989
14.75,-5.25,0,-74151.8922
14.75,-5.75,0,-112447.2417
14.75,-6.25,0,-164747.1946
14.75,-6.75,0,-232609.1545
14.75,-7.25,0,-308030.0664
14.75,-7.75,0,-374850.1208
14.75,-8.25,0,-422846.4543
14.75,-8.75,0,-445686.3254
14.75,-9.25,0,-451121.6206
14.75,-9.75,0,-451761.7236
14.75,-10.25,0,-466313.1114
14.75,-10.75,0,-495055.1019
14.75,-11.25,0,-524934.7109
14.75,-11.75,0,-542732.9371
14.75,-12.25,0,-538202.9048
14.75,-12.75,0,-510804.6505
14.75,-13.25,0,-460879.8958
14.75,-13.75,0,-410156.3845
14.75,-14.25,0,-377308.3331
14.75,-14.75,0,-394370.4523
