-14.75,14.75,0,-0.001041001
-14.75,14.25,0,-0.00130812
-14.75,13.75,0,-0.000358218
-14.75,13.25,0,0.002691957
-14.75,12.75,0,-3.54E-04
-14.75,12.25,0,-0.001286614
-14.75,11.75,0,0.000267211
-14.75,11.25,0,-5.24E-04
-14.75,10.75,0,0.001434965
-14.75,10.25,0,-0.001652092
-14.75,9.75,0,-0.000896283
-14.75,9.25,0,0.003824288
-14.75,8.75,0,-1.40E-03
-14.75,8.25,0,0.000298784
-14.75,7.75,0,0.000283335
-14.75,7.25,0,-1.15E-03
-14.75,6.75,0,1.00E-03
-14.75,6.25,0,0.000522054
-14.75,5.75,0,-0.000695412
-14.75,5.25,0,0.000823293
-14.75,4.75,0,-0.000536347
-14.75,4.25,0,-0.000797676
-14.75,3.75,0,0.001585957
-14.75,3.25,0,-0.003052498
-14.75,2.75,0,0.002728616
-14.75,2.25,0,0.000370088
-14.75,1.75,0,-0.000633541
-14.75,1.25,0,-0.00045138
-14.75,0.75,0,0.000124822
-14.75,0.25,0,0.00224213
-14.75,-0.25,0,4.95E-04
-14.75,-0.75,0,-0.002716298
-14.75,-1.25,0,0.002627161
-14.75,-1.75,0,-0.000879126
-14.75,-2.25,0,-1.40E-03
-14.75,-2.75,0,0.00079966
-14.75,-3.25,0,-0.000502327
-14.75,-3.75,0,-3.49E-04
-14.75,-4.25,0,-0.000416308
-14.75,-4.75,0,-0.002527499
-14.75,-5.25,0,0.001255062
-14.75,-5.75,0,2.90E-04
-14.75,-6.25,0,-0.000925027
-14.75,-6.75,0,0.000623331
-14.75,-7.25,0,0.003713914
-14.75,-7.75,0,-0.000994643
-14.75,-8.25,0,-0.001704956
-14.75,-8.75,0,0.000106942
-14.75,-9.25,0,0.000965436
-14.75,-9.75,0,0.001727389
-14.75,-10.25,0,-0.000101774
-14.75,-10.75,0,9.25E-05
-14.75,-11.25,0,-0.003365926
-14.75,-11.75,0,0.002795115
-14.75,-12.25,0,-5.96E-05
-14.75,-12.75,0,-0.000726489
-14.75,-13.25,0,0.000283058
-14.75,-13.75,0,0.001995652
-14.75,-14.25,0,-0.000436823
-14.75,-14.75,0,0.000267853
-14.25,14.75,0,0.002762938
-14.25,14.25,0,-0.001738692
-14.25,13.75,0,-0.000342355
-14.25,13.25,0,-0.000391529
-14.25,12.75,0,0.000749285
-14.25,12.25,0,0.000332678
-14.25,11.75,0,-0.002033139
-14.25,11.25,0,2.20E-03
-14.25,10.75,0,-0.001555747
-14.25,10.25,0,-0.00092782
-14.25,9.75,0,0.001914114
-14.25,9.25,0,-0.000467464
-14.25,8.75,0,-3.22E-07
-14.25,8.25,0,0.000257339
-14.25,7.75,0,-0.002057797
-14.25,7.25,0,-0.000535789
-14.25,6.75,0,-0.000202166
-14.25,6.25,0,-2.67E-04
-14.25,5.75,0,0.000593232
-14.25,5.25,0,-0.000476463
-14.25,4.75,0,0.000269449
-14.25,4.25,0,7.98E-04
-14.25,3.75,0,-1.74E-03
-14.25,3.25,0,0.000814992
-14.25,2.75,0,-0.002012704
-14.25,2.25,0,0.000747943
-14.25,1.75,0,0.001479605
-14.25,1.25,0,-0.00288408
-14.25,0.75,0,-0.000515692
-14.25,0.25,0,0.001440838
-14.25,-0.25,0,-2.10E-03
-14.25,-0.75,0,0.002825961
-14.25,-1.25,0,0.000358162
-14.25,-1.75,0,-1.91E-03
-14.25,-2.25,0,0.004293386
-14.25,-2.75,0,-3.75E-03
-14.25,-3.25,0,0.001522284
-14.25,-3.75,0,0.000466085
-14.25,-4.25,0,-1.56E-04
-14.25,-4.75,0,0.003566545
-14.25,-5.25,0,-0.002442247
-14.25,-5.75,0,0.000435892
-14.25,-6.25,0,-0.000137094
-14.25,-6.75,0,-0.000662779
-14.25,-7.25,0,-0.003419859
-14.25,-7.75,0,0.001430624
-14.25,-8.25,0,0.000308545
-14.25,-8.75,0,0.000294254
-14.25,-9.25,0,0.001164662
-14.25,-9.75,0,-0.001822216
-14.25,-10.25,0,0.000116999
-14.25,-10.75,0,0.001117119
-14.25,-11.25,0,0.000275138
-14.25,-11.75,0,0.002188666
-14.25,-12.25,0,-0.002343798
-14.25,-12.75,0,0.00135416
-14.25,-13.25,0,-0.001151136
-14.25,-13.75,0,-0.001467065
-14.25,-14.25,0,-0.000651698
-14.25,-14.75,0,0.00092931
-13.75,14.75,0,-0.002442767
-13.75,14.25,0,2.76E-03
-13.75,13.75,0,0.000207662
-13.75,13.25,0,-0.001769143
-13.75,12.75,0,0.002108047
-13.75,12.25,0,-0.000842999
-13.75,11.75,0,0.000248434
-13.75,11.25,0,0.001246881
-13.75,10.75,0,-0.000604163
-13.75,10.25,0,0.002598988
-13.75,9.75,0,-0.002667654
-13.75,9.25,0,0.001526309
-13.75,8.75,0,0.000109609
-13.75,8.25,0,0.001188854
-13.75,7.75,0,-0.000248218
-13.75,7.25,0,0.00149095
-13.75,6.75,0,-0.000244061
-13.75,6.25,0,0.00058992
-13.75,5.75,0,-0.000599589
-13.75,5.25,0,0.00162869
-13.75,4.75,0,-1.90E-03
-13.75,4.25,0,-6.13E-04
-13.75,3.75,0,0.001216232
-13.75,3.25,0,6.89E-04
-13.75,2.75,0,-5.34E-05
-13.75,2.25,0,-3.93E-05
-13.75,1.75,0,-0.00376651
-13.75,1.25,0,0.006496769
-13.75,0.75,0,-0.002122982
-13.75,0.25,0,0.000186731
-13.75,-0.25,0,-1.03E-03
-13.75,-0.75,0,0.000141307
-13.75,-1.25,0,-0.000431784
-13.75,-1.75,0,-0.001141076
-13.75,-2.25,0,-0.002543409
-13.75,-2.75,0,-0.000112561
-13.75,-3.25,0,0.002054767
-13.75,-3.75,0,-0.001028989
-13.75,-4.25,0,0.00051248
-13.75,-4.75,0,-9.54E-04
-13.75,-5.25,0,1.29E-03
-13.75,-5.75,0,0.000732494
-13.75,-6.25,0,0.000246489
-13.75,-6.75,0,0.000946883
-13.75,-7.25,0,4.87E-05
-13.75,-7.75,0,0.002310207
-13.75,-8.25,0,-4.85E-05
-13.75,-8.75,0,-0.000705857
-13.75,-9.25,0,-0.001097868
-13.75,-9.75,0,0.002085165
-13.75,-10.25,0,0.000259643
-13.75,-10.75,0,-0.000996674
-13.75,-11.25,0,0.000115358
-13.75,-11.75,0,-0.001732744
-13.75,-12.25,0,1.31E-04
-13.75,-12.75,0,0.000785569
-13.75,-13.25,0,-0.000214152
-13.75,-13.75,0,0.000727151
-13.75,-14.25,0,-0.001299207
-13.75,-14.75,0,0.000814896
-13.25,14.75,0,0.000932783
-13.25,14.25,0,-0.002644858
-13.25,13.75,0,0.000638843
-13.25,13.25,0,1.61E-03
-13.25,12.75,0,-0.001406153
-13.25,12.25,0,-0.000373762
-13.25,11.75,0,0.000309579
-13.25,11.25,0,-0.004764363
-13.25,10.75,0,7.39E-04
-13.25,10.25,0,-0.000199812
-13.25,9.75,0,1.61E-03
-13.25,9.25,0,1.51E-03
-13.25,8.75,0,-1.36E-03
-13.25,8.25,0,-1.98E-03
-13.25,7.75,0,-7.42E-04
-13.25,7.25,0,0.001602305
-13.25,6.75,0,0.000251094
-13.25,6.25,0,-0.000461126
-13.25,5.75,0,-0.002771509
-13.25,5.25,0,0.001485952
-13.25,4.75,0,2.96E-04
-13.25,4.25,0,-0.000852339
-13.25,3.75,0,0.000755168
-13.25,3.25,0,-5.20E-04
-13.25,2.75,0,0.000634514
-13.25,2.25,0,-0.002067913
-13.25,1.75,0,0.003039435
-13.25,1.25,0,-0.002585867
-13.25,0.75,0,0.000706032
-13.25,0.25,0,-0.000890008
-13.25,-0.25,0,1.72E-03
-13.25,-0.75,0,-0.001466452
-13.25,-1.25,0,0.002703927
-13.25,-1.75,0,-0.00165894
-13.25,-2.25,0,0.002446846
-13.25,-2.75,0,-2.13E-04
-13.25,-3.25,0,-4.20E-05
-13.25,-3.75,0,-0.00166716
-13.25,-4.25,0,0.000645385
-13.25,-4.75,0,2.54E-03
-13.25,-5.25,0,0.000542354
-13.25,-5.75,0,-0.001611908
-13.25,-6.25,0,0.000815894
-13.25,-6.75,0,-0.000882314
-13.25,-7.25,0,-0.000395569
-13.25,-7.75,0,1.17E-03
-13.25,-8.25,0,-4.09E-04
-13.25,-8.75,0,0.001308672
-13.25,-9.25,0,-0.000284995
-13.25,-9.75,0,-0.001292985
-13.25,-10.25,0,0.002499355
-13.25,-10.75,0,-1.76E-03
-13.25,-11.25,0,3.06E-04
-13.25,-11.75,0,0.000759591
-13.25,-12.25,0,-2.79E-04
-13.25,-12.75,0,-0.00175086
-13.25,-13.25,0,-0.00059295
-13.25,-13.75,0,-0.002035247
-13.25,-14.25,0,0.001075171
-13.25,-14.75,0,-0.001416751
-12.75,14.75,0,-0.00102717
-12.75,14.25,0,0.001503903
-12.75,13.75,0,2.54E-04
-12.75,13.25,0,0.000800012
-12.75,12.75,0,-2.84E-03
-12.75,12.25,0,0.000311783
-12.75,11.75,0,-3.54E-05
-12.75,11.25,0,0.003160907
-12.75,10.75,0,0.001100334
-12.75,10.25,0,1.77E-04
-12.75,9.75,0,-0.00141717
-12.75,9.25,0,1.08E-03
-12.75,8.75,0,2.65E-04
-12.75,8.25,0,1.72E-03
-12.75,7.75,0,-1.15E-04
-12.75,7.25,0,-0.00109321
-12.75,6.75,0,0.000505609
-12.75,6.25,0,-0.001087248
-12.75,5.75,0,0.003772107
-12.75,5.25,0,-0.000936198
-12.75,4.75,0,-0.000662435
-12.75,4.25,0,-0.001803477
-12.75,3.75,0,0.000616084
-12.75,3.25,0,-0.002989679
-12.75,2.75,0,0.002610196
-12.75,2.25,0,0.001452735
-12.75,1.75,0,-0.000667551
-12.75,1.25,0,-1.38E-03
-12.75,0.75,0,0.002107719
-12.75,0.25,0,-0.001155512
-12.75,-0.25,0,-9.78E-05
-12.75,-0.75,0,0.000834048
-12.75,-1.25,0,-0.001171167
-12.75,-1.75,0,-0.00080436
-12.75,-2.25,0,0.000753261
-12.75,-2.75,0,-0.00037409
-12.75,-3.25,0,0.002163615
-12.75,-3.75,0,0.001059028
-12.75,-4.25,0,-2.27E-03
-12.75,-4.75,0,-0.001563367
-12.75,-5.25,0,-0.000413749
-12.75,-5.75,0,1.21E-03
-12.75,-6.25,0,0.001674772
-12.75,-6.75,0,-0.00203852
-12.75,-7.25,0,0.000430665
-12.75,-7.75,0,-9.26E-04
-12.75,-8.25,0,-0.001313456
-12.75,-8.75,0,0.000375598
-12.75,-9.25,0,-0.000891436
-12.75,-9.75,0,-0.000176396
-12.75,-10.25,0,-0.003134315
-12.75,-10.75,0,0.004112009
-12.75,-11.25,0,-0.002728143
-12.75,-11.75,0,0.001325317
-12.75,-12.25,0,-0.000388521
-12.75,-12.75,0,0.003019449
-12.75,-13.25,0,0.000724322
-12.75,-13.75,0,0.000749934
-12.75,-14.25,0,-0.001907275
-12.75,-14.75,0,0.002220583
-12.25,14.75,0,0.001723912
-12.25,14.25,0,-0.002797025
-12.25,13.75,0,-1.55E-03
-12.25,13.25,0,0.001065881
-12.25,12.75,0,0.001031
-12.25,12.25,0,-0.001880529
-12.25,11.75,0,0.001127271
-12.25,11.25,0,-0.001301848
-12.25,10.75,0,-0.000966492
-12.25,10.25,0,-6.80E-05
-12.25,9.75,0,-0.002326934
-12.25,9.25,0,0.001082722
-12.25,8.75,0,-1.85E-03
-12.25,8.25,0,0.00085333
-12.25,7.75,0,0.000317692
-12.25,7.25,0,0.000593331
-12.25,6.75,0,9.99E-05
-12.25,6.25,0,-0.000114213
-12.25,5.75,0,-0.000255951
-12.25,5.25,0,-0.000782605
-12.25,4.75,0,0.002327742
-12.25,4.25,0,1.81E-03
-12.25,3.75,0,0.000813443
-12.25,3.25,0,0.000813426
-12.25,2.75,0,-1.87E-03
-12.25,2.25,0,-0.000400594
-12.25,1.75,0,1.40E-04
-12.25,1.25,0,3.76E-05
-12.25,0.75,0,0.000217929
-12.25,0.25,0,-0.001269798
-12.25,-0.25,0,9.89E-04
-12.25,-0.75,0,-0.001241746
-12.25,-1.25,0,-1.20E-05
-12.25,-1.75,0,0.002318002
-12.25,-2.25,0,7.62E-05
-12.25,-2.75,0,0.000716606
-12.25,-3.25,0,-0.0040216
-12.25,-3.75,0,-0.000187489
-12.25,-4.25,0,-0.000342985
-12.25,-4.75,0,2.55E-05
-12.25,-5.25,0,-5.16E-05
-12.25,-5.75,0,1.62E-03
-12.25,-6.25,0,-4.95E-03
-12.25,-6.75,0,0.003457569
-12.25,-7.25,0,0.000969318
-12.25,-7.75,0,-0.002585129
-12.25,-8.25,0,0.000935441
-12.25,-8.75,0,0.000832541
-12.25,-9.25,0,1.02E-03
-12.25,-9.75,0,8.59E-05
-12.25,-10.25,0,0.000696048
-12.25,-10.75,0,-0.000557702
-12.25,-11.25,0,0.0042631
-12.25,-11.75,0,-0.002469344
-12.25,-12.25,0,0.001447548
-12.25,-12.75,0,-0.004286927
-12.25,-13.25,0,0.001798024
-12.25,-13.75,0,-2.13E-05
-12.25,-14.25,0,-0.000289496
-12.25,-14.75,0,1.25E-03
-11.75,14.75,0,-0.000879183
-11.75,14.25,0,3.62E-03
-11.75,13.75,0,-0.00098957
-11.75,13.25,0,0.000560453
-11.75,12.75,0,-0.001754034
-11.75,12.25,0,-2.13E-04
-11.75,11.75,0,0.001352176
-11.75,11.25,0,-0.001619618
-11.75,10.75,0,0.000198592
-11.75,10.25,0,0.001206182
-11.75,9.75,0,0.001060211
-11.75,9.25,0,-0.002731653
-11.75,8.75,0,0.001080758
-11.75,8.25,0,-0.000776242
-11.75,7.75,0,-0.000612194
-11.75,7.25,0,-0.001087157
-11.75,6.75,0,0.000713288
-11.75,6.25,0,0.000940485
-11.75,5.75,0,-0.001612842
-11.75,5.25,0,-0.001305573
-11.75,4.75,0,-0.000120075
-11.75,4.25,0,-0.003080486
-11.75,3.75,0,0.00188589
-11.75,3.25,0,0.000880619
-11.75,2.75,0,0.000240022
-11.75,2.25,0,-0.001817671
-11.75,1.75,0,-6.13E-04
-11.75,1.25,0,0.00137764
-11.75,0.75,0,9.32E-05
-11.75,0.25,0,0.000531073
-11.75,-0.25,0,-6.18E-04
-11.75,-0.75,0,0.001110005
-11.75,-1.25,0,6.51E-05
-11.75,-1.75,0,-0.003705682
-11.75,-2.25,0,0.001297821
-11.75,-2.75,0,-0.002951366
-11.75,-3.25,0,0.005765109
-11.75,-3.75,0,0.000379182
-11.75,-4.25,0,0.000480053
-11.75,-4.75,0,-0.000886443
-11.75,-5.25,0,0.002218707
-11.75,-5.75,0,-1.53E-03
-11.75,-6.25,0,0.003640323
-11.75,-6.75,0,-0.001240433
-11.75,-7.25,0,-9.23E-04
-11.75,-7.75,0,0.000912383
-11.75,-8.25,0,0.001434507
-11.75,-8.75,0,-0.001260846
-11.75,-9.25,0,0.001332746
-11.75,-9.75,0,-9.36E-04
-11.75,-10.25,0,-0.000508497
-11.75,-10.75,0,-1.09E-03
-11.75,-11.25,0,-0.000185744
-11.75,-11.75,0,0.002235869
-11.75,-12.25,0,1.21E-03
-11.75,-12.75,0,-0.000296483
-11.75,-13.25,0,-8.57E-04
-11.75,-13.75,0,0.001167626
-11.75,-14.25,0,-1.29E-03
-11.75,-14.75,0,-0.001332145
-11.25,14.75,0,-0.001907769
-11.25,14.25,0,1.88E-04
-11.25,13.75,0,1.21E-03
-11.25,13.25,0,-5.26E-04
-11.25,12.75,0,-1.57E-05
-11.25,12.25,0,0.001316798
-11.25,11.75,0,-0.000789855
-11.25,11.25,0,0.000207895
-11.25,10.75,0,-0.00044971
-11.25,10.25,0,-0.000206483
-11.25,9.75,0,-0.00180183
-11.25,9.25,0,0.002303202
-11.25,8.75,0,0.002696081
-11.25,8.25,0,-0.003239856
-11.25,7.75,0,0.001128895
-11.25,7.25,0,4.10E-04
-11.25,6.75,0,-0.001521108
-11.25,6.25,0,0.000545503
-11.25,5.75,0,-0.000838235
-11.25,5.25,0,0.001193896
-11.25,4.75,0,0.000214897
-11.25,4.25,0,9.54E-04
-11.25,3.75,0,0.002061229
-11.25,3.25,0,-0.002586687
-11.25,2.75,0,-0.00027986
-11.25,2.25,0,0.002973636
-11.25,1.75,0,0.001974287
-11.25,1.25,0,-3.30E-04
-11.25,0.75,0,-0.00177004
-11.25,0.25,0,0.002391427
-11.25,-0.25,0,-1.37E-04
-11.25,-0.75,0,-0.000694434
-11.25,-1.25,0,-0.000218206
-11.25,-1.75,0,-0.000139631
-11.25,-2.25,0,0.000282217
-11.25,-2.75,0,-9.86E-04
-11.25,-3.25,0,-0.002250737
-11.25,-3.75,0,-0.00120777
-11.25,-4.25,0,0.001242391
-11.25,-4.75,0,-0.001019812
-11.25,-5.25,0,-0.000973735
-11.25,-5.75,0,0.001635569
-11.25,-6.25,0,-0.002691242
-11.25,-6.75,0,0.000125643
-11.25,-7.25,0,0.000877991
-11.25,-7.75,0,1.27E-03
-11.25,-8.25,0,-0.001714705
-11.25,-8.75,0,-0.000212741
-11.25,-9.25,0,-0.000711152
-11.25,-9.75,0,2.07E-03
-11.25,-10.25,0,0.000505977
-11.25,-10.75,0,0.000754813
-11.25,-11.25,0,0.001168903
-11.25,-11.75,0,-0.004093385
-11.25,-12.25,0,-0.001797913
-11.25,-12.75,0,0.004224992
-11.25,-13.25,0,-0.001650913
-11.25,-13.75,0,0.001342409
-11.25,-14.25,0,0.001839263
-11.25,-14.75,0,1.16E-03
-10.75,14.75,0,6.33E-04
-10.75,14.25,0,2.60E-03
-10.75,13.75,0,-0.000797954
-10.75,13.25,0,0.001128273
-10.75,12.75,0,-0.000462293
-10.75,12.25,0,-0.000248984
-10.75,11.75,0,-1.18E-03
-10.75,11.25,0,-5.00E-04
-10.75,10.75,0,2.21E-03
-10.75,10.25,0,-0.002096109
-10.75,9.75,0,0.002858444
-10.75,9.25,0,-0.001757908
-10.75,8.75,0,-1.42E-03
-10.75,8.25,0,-0.000233829
-10.75,7.75,0,0.002679169
-10.75,7.25,0,-0.001508258
-10.75,6.75,0,-1.89E-03
-10.75,6.25,0,9.73E-05
-10.75,5.75,0,0.000225755
-10.75,5.25,0,-0.001517996
-10.75,4.75,0,0.000771777
-10.75,4.25,0,-0.001874183
-10.75,3.75,0,0.001452374
-10.75,3.25,0,-2.19E-04
-10.75,2.75,0,2.14E-03
-10.75,2.25,0,-0.002403818
-10.75,1.75,0,0.000604818
-10.75,1.25,0,-0.002181707
-10.75,0.75,0,0.000846338
-10.75,0.25,0,-0.000315652
-10.75,-0.25,0,-1.97E-03
-10.75,-0.75,0,0.001324396
-10.75,-1.25,0,0.001009604
-10.75,-1.75,0,-0.000267142
-10.75,-2.25,0,0.00035133
-10.75,-2.75,0,0.001022881
-10.75,-3.25,0,0.000378834
-10.75,-3.75,0,0.000889614
-10.75,-4.25,0,-0.000361776
-10.75,-4.75,0,0.00160568
-10.75,-5.25,0,0.001876981
-10.75,-5.75,0,-0.001157832
-10.75,-6.25,0,-0.000654828
-10.75,-6.75,0,2.48E-05
-10.75,-7.25,0,-0.000583716
-10.75,-7.75,0,-1.95E-03
-10.75,-8.25,0,-0.001178732
-10.75,-8.75,0,0.002930272
-10.75,-9.25,0,0.000964678
-10.75,-9.75,0,5.53E-04
-10.75,-10.25,0,-0.001805182
-10.75,-10.75,0,2.61E-04
-10.75,-11.25,0,-0.001300689
-10.75,-11.75,0,0.001327063
-10.75,-12.25,0,0.002793062
-10.75,-12.75,0,-0.002281096
-10.75,-13.25,0,0.000797479
-10.75,-13.75,0,7.30E-05
-10.75,-14.25,0,9.14E-05
-10.75,-14.75,0,-2.17E-03
-10.25,14.75,0,-0.000534441
-10.25,14.25,0,5.96E-05
-10.25,13.75,0,0.00082275
-10.25,13.25,0,-0.001622678
-10.25,12.75,0,-2.32E-05
-10.25,12.25,0,-0.000932051
-10.25,11.75,0,2.01E-03
-10.25,11.25,0,-0.001818637
-10.25,10.75,0,0.002311558
-10.25,10.25,0,0.001486882
-10.25,9.75,0,-1.09E-03
-10.25,9.25,0,-0.000248766
-10.25,8.75,0,0.001121124
-10.25,8.25,0,0.002697221
-10.25,7.75,0,-0.003207381
-10.25,7.25,0,0.001980125
-10.25,6.75,0,-0.001750855
-10.25,6.25,0,0.000792776
-10.25,5.75,0,0.000898652
-10.25,5.25,0,-0.00045053
-10.25,4.75,0,-0.003482205
-10.25,4.25,0,0.002924332
-10.25,3.75,0,-0.003578359
-10.25,3.25,0,0.002089579
-10.25,2.75,0,-0.001423465
-10.25,2.25,0,0.000873724
-10.25,1.75,0,-0.000731875
-10.25,1.25,0,0.002283478
-10.25,0.75,0,-0.001981226
-10.25,0.25,0,-0.000541296
-10.25,-0.25,0,4.50E-03
-10.25,-0.75,0,-0.001657694
-10.25,-1.25,0,-0.001272248
-10.25,-1.75,0,0.001636231
-10.25,-2.25,0,0.001984077
-10.25,-2.75,0,-0.001610469
-10.25,-3.25,0,0.000245918
-10.25,-3.75,0,5.07E-04
-10.25,-4.25,0,-0.00032777
-10.25,-4.75,0,-2.20E-04
-10.25,-5.25,0,-0.002459843
-10.25,-5.75,0,3.15E-05
-10.25,-6.25,0,0.001809127
-10.25,-6.75,0,-0.000589865
-10.25,-7.25,0,-2.16E-04
-10.25,-7.75,0,0.003457222
-10.25,-8.25,0,-7.96E-04
-10.25,-8.75,0,-1.79E-03
-10.25,-9.25,0,0.000229793
-10.25,-9.75,0,-0.001421429
-10.25,-10.25,0,-0.000199792
-10.25,-10.75,0,0.002942807
-10.25,-11.25,0,-0.000590699
-10.25,-11.75,0,-2.58E-03
-10.25,-12.25,0,-1.09E-03
-10.25,-12.75,0,-0.001366315
-10.25,-13.25,0,7.39E-04
-10.25,-13.75,0,4.02E-04
-10.25,-14.25,0,-0.000824154
-10.25,-14.75,0,0.002040179
-9.75,14.75,0,0.001327618
-9.75,14.25,0,-0.001968137
-9.75,13.75,0,0.00167191
-9.75,13.25,0,7.42E-04
-9.75,12.75,0,-0.00149326
-9.75,12.25,0,0.000693615
-9.75,11.75,0,7.33E-04
-9.75,11.25,0,0.002531239
-9.75,10.75,0,-0.001867259
-9.75,10.25,0,-0.001736545
-9.75,9.75,0,2.47E-05
-9.75,9.25,0,-0.000433825
-9.75,8.75,0,-0.001246769
-9.75,8.25,0,-0.000939317
-9.75,7.75,0,-0.000950069
-9.75,7.25,0,0.00244113
-9.75,6.75,0,1.11E-03
-9.75,6.25,0,-1.93E-03
-9.75,5.75,0,0.001198586
-9.75,5.25,0,0.001057248
-9.75,4.75,0,0.001595995
-9.75,4.25,0,-7.00E-04
-9.75,3.75,0,4.28E-04
-9.75,3.25,0,-0.00055299
-9.75,2.75,0,-0.000581618
-9.75,2.25,0,0.000281508
-9.75,1.75,0,-0.00306397
-9.75,1.25,0,0.002144388
-9.75,0.75,0,-0.001011494
-9.75,0.25,0,0.000866095
-9.75,-0.25,0,-1.87E-03
-9.75,-0.75,0,0.000132711
-9.75,-1.25,0,0.001541513
-9.75,-1.75,0,-8.80E-04
-9.75,-2.25,0,-0.000104955
-9.75,-2.75,0,-0.002960063
-9.75,-3.25,0,0.001000806
-9.75,-3.75,0,0.000619498
-9.75,-4.25,0,-0.000792273
-9.75,-4.75,0,-0.000942206
-9.75,-5.25,0,0.000142773
-9.75,-5.75,0,0.003567238
-9.75,-6.25,0,-0.002141074
-9.75,-6.75,0,0.002942546
-9.75,-7.25,0,0.000197294
-9.75,-7.75,0,-0.001135422
-9.75,-8.25,0,-0.000256732
-9.75,-8.75,0,-5.91E-04
-9.75,-9.25,0,0.000834995
-9.75,-9.75,0,-2.21E-03
-9.75,-10.25,0,3.99E-05
-9.75,-10.75,0,-0.00271993
-9.75,-11.25,0,0.001036601
-9.75,-11.75,0,0.000732521
-9.75,-12.25,0,1.57E-03
-9.75,-12.75,0,0.000616423
-9.75,-13.25,0,1.58E-05
-9.75,-13.75,0,-0.003375307
-9.75,-14.25,0,0.003421581
-9.75,-14.75,0,-0.003710349
-9.25,14.75,0,0.003439932
-9.25,14.25,0,-0.001416183
-9.25,13.75,0,-0.001536334
-9.25,13.25,0,0.000435605
-9.25,12.75,0,0.001369088
-9.25,12.25,0,0.000541658
-9.25,11.75,0,-0.000238989
-9.25,11.25,0,-0.000566469
-9.25,10.75,0,-0.000817091
-9.25,10.25,0,7.91E-04
-9.25,9.75,0,0.000480897
-9.25,9.25,0,7.20E-05
-9.25,8.75,0,0.0021053
-9.25,8.25,0,-0.001475292
-9.25,7.75,0,0.002018288
-9.25,7.25,0,-0.00034126
-9.25,6.75,0,-0.002631548
-9.25,6.25,0,1.05E-03
-9.25,5.75,0,0.001131854
-9.25,5.25,0,-0.002460717
-9.25,4.75,0,-0.000338242
-9.25,4.25,0,0.002213428
-9.25,3.75,0,-0.00110225
-9.25,3.25,0,0.000684618
-9.25,2.75,0,-2.61E-04
-9.25,2.25,0,-1.54E-03
-9.25,1.75,0,0.001600257
-9.25,1.25,0,-0.002264624
-9.25,0.75,0,0.000192653
-9.25,0.25,0,7.29E-05
-9.25,-0.25,0,-6.34E-04
-9.25,-0.75,0,0.00069447
-9.25,-1.25,0,-0.002022293
-9.25,-1.75,0,0.002830339
-9.25,-2.25,0,-0.000749547
-9.25,-2.75,0,0.003998062
-9.25,-3.25,0,-0.003326701
-9.25,-3.75,0,-0.000623025
-9.25,-4.25,0,0.001411327
-9.25,-4.75,0,-0.001344371
-9.25,-5.25,0,0.002194703
-9.25,-5.75,0,-0.004023385
-9.25,-6.25,0,-0.000877233
-9.25,-6.75,0,0.001497871
-9.25,-7.25,0,-1.93E-03
-9.25,-7.75,0,0.000776794
-9.25,-8.25,0,0.000578711
-9.25,-8.75,0,0.001838289
-9.25,-9.25,0,-0.001586825
-9.25,-9.75,0,0.004010735
-9.25,-10.25,0,-0.001912168
-9.25,-10.75,0,3.87E-03
-9.25,-11.25,0,-0.002748146
-9.25,-11.75,0,-0.000798707
-9.25,-12.25,0,-0.001290222
-9.25,-12.75,0,-0.003241696
-9.25,-13.25,0,1.53E-03
-9.25,-13.75,0,0.000825271
-9.25,-14.25,0,-0.000677982
-9.25,-14.75,0,0.001143675
-8.75,14.75,0,-0.003329925
-8.75,14.25,0,0.002783986
-8.75,13.75,0,-0.001452903
-8.75,13.25,0,0.000212493
-8.75,12.75,0,0.000276222
-8.75,12.25,0,-0.000491634
-8.75,11.75,0,0.000940549
-8.75,11.25,0,-0.000113928
-8.75,10.75,0,0.001193
-8.75,10.25,0,-0.001186365
-8.75,9.75,0,-0.001234464
-8.75,9.25,0,0.000202777
-8.75,8.75,0,-0.002063267
-8.75,8.25,0,0.001745696
-8.75,7.75,0,-0.000649153
-8.75,7.25,0,0.000338133
-8.75,6.75,0,0.001702123
-8.75,6.25,0,0.001274275
-8.75,5.75,0,-0.000276644
-8.75,5.25,0,0.000804597
-8.75,4.75,0,-1.56E-05
-8.75,4.25,0,-0.002237033
-8.75,3.75,0,0.000906306
-8.75,3.25,0,-5.14E-04
-8.75,2.75,0,0.001220275
-8.75,2.25,0,0.001669004
-8.75,1.75,0,-4.97E-04
-8.75,1.25,0,0.000277265
-8.75,0.75,0,0.000947144
-8.75,0.25,0,-0.000169361
-8.75,-0.25,0,2.34E-03
-8.75,-0.75,0,0.000575401
-8.75,-1.25,0,0.000835162
-8.75,-1.75,0,-0.003057182
-8.75,-2.25,0,0.00107594
-8.75,-2.75,0,-0.002073887
-8.75,-3.25,0,0.001183964
-8.75,-3.75,0,0.000448301
-8.75,-4.25,0,-0.001024295
-8.75,-4.75,0,-0.000485668
-8.75,-5.25,0,0.000450378
-8.75,-5.75,0,-0.000164467
-8.75,-6.25,0,0.003415216
-8.75,-6.75,0,-0.001735032
-8.75,-7.25,0,-0.000453662
-8.75,-7.75,0,-0.000181006
-8.75,-8.25,0,0.00053468
-8.75,-8.75,0,0.001314107
-8.75,-9.25,0,-0.000701635
-8.75,-9.75,0,-2.72E-04
-8.75,-10.25,0,0.000522658
-8.75,-10.75,0,-0.001266875
-8.75,-11.25,0,-0.000324777
-8.75,-11.75,0,1.23E-03
-8.75,-12.25,0,-2.49E-04
-8.75,-12.75,0,0.001988852
-8.75,-13.25,0,-0.001272679
-8.75,-13.75,0,0.000172073
-8.75,-14.25,0,0.001394957
-8.75,-14.75,0,-0.000956703
-8.25,14.75,0,-0.001712056
-8.25,14.25,0,0.000687254
-8.25,13.75,0,-0.000649634
-8.25,13.25,0,0.001659166
-8.25,12.75,0,-1.42E-03
-8.25,12.25,0,0.000746437
-8.25,11.75,0,-6.24E-04
-8.25,11.25,0,-0.00012614
-8.25,10.75,0,-0.000499784
-8.25,10.25,0,0.001485211
-8.25,9.75,0,-8.63E-05
-8.25,9.25,0,-0.000771385
-8.25,8.75,0,0.00180601
-8.25,8.25,0,-0.001276514
-8.25,7.75,0,-0.002013624
-8.25,7.25,0,0.001104339
-8.25,6.75,0,-0.001533614
-8.25,6.25,0,-0.001999538
-8.25,5.75,0,0.001066291
-8.25,5.25,0,0.001123215
-8.25,4.75,0,-0.000246885
-8.25,4.25,0,0.000679655
-8.25,3.75,0,-0.000245004
-8.25,3.25,0,3.77E-04
-8.25,2.75,0,-0.000647859
-8.25,2.25,0,-0.000952689
-8.25,1.75,0,0.000792219
-8.25,1.25,0,-0.00316571
-8.25,0.75,0,0.001458463
-8.25,0.25,0,-0.002618935
-8.25,-0.25,0,-9.33E-04
-8.25,-0.75,0,0.001352707
-8.25,-1.25,0,-0.001390947
-8.25,-1.75,0,0.001033101
-8.25,-2.25,0,0.002589421
-8.25,-2.75,0,0.001206259
-8.25,-3.25,0,-0.001121256
-8.25,-3.75,0,-0.000744297
-8.25,-4.25,0,1.59E-03
-8.25,-4.75,0,-1.14E-03
-8.25,-5.25,0,5.15E-04
-8.25,-5.75,0,0.001954084
-8.25,-6.25,0,-0.003520133
-8.25,-6.75,0,0.002893403
-8.25,-7.25,0,-0.0004644
-8.25,-7.75,0,1.42E-03
-8.25,-8.25,0,-0.000694948
-8.25,-8.75,0,-0.000617358
-8.25,-9.25,0,-0.000149096
-8.25,-9.75,0,-0.003831034
-8.25,-10.25,0,0.000984632
-8.25,-10.75,0,0.00328329
-8.25,-11.25,0,-0.001195725
-8.25,-11.75,0,0.000352932
-8.25,-12.25,0,1.96E-03
-8.25,-12.75,0,-0.000790652
-8.25,-13.25,0,0.001442151
-8.25,-13.75,0,0.00261788
-8.25,-14.25,0,-0.002630145
-8.25,-14.75,0,0.001240968
-7.75,14.75,0,0.002331651
-7.75,14.25,0,1.66E-05
-7.75,13.75,0,0.00101811
-7.75,13.25,0,-0.000317835
-7.75,12.75,0,0.001369291
-7.75,12.25,0,-0.001012983
-7.75,11.75,0,0.002016309
-7.75,11.25,0,-3.26E-03
-7.75,10.75,0,0.002663058
-7.75,10.25,0,-0.002528746
-7.75,9.75,0,0.001061345
-7.75,9.25,0,0.000422394
-7.75,8.75,0,-0.000701021
-7.75,8.25,0,0.000626563
-7.75,7.75,0,0.001808886
-7.75,7.25,0,-0.000618572
-7.75,6.75,0,4.14E-03
-7.75,6.25,0,0.002581227
-7.75,5.75,0,0.001347704
-7.75,5.25,0,0.000263754
-7.75,4.75,0,0.003879476
-7.75,4.25,0,0.010913805
-7.75,3.75,0,-0.005838171
-7.75,3.25,0,0.012177215
-7.75,2.75,0,-0.002942805
-7.75,2.25,0,0.007708038
-7.75,1.75,0,0.000876772
-7.75,1.25,0,0.002747626
-7.75,0.75,0,0.00942721
-7.75,0.25,0,0.003086145
-7.75,-0.25,0,3.95E-03
-7.75,-0.75,0,-0.002058452
-7.75,-1.25,0,0.003146087
-7.75,-1.75,0,0.002501195
-7.75,-2.25,0,0.00281744
-7.75,-2.75,0,0.005572835
-7.75,-3.25,0,0.007431737
-7.75,-3.75,0,0.004008639
-7.75,-4.25,0,0.003638433
-7.75,-4.75,0,0.00190454
-7.75,-5.25,0,7.37E-03
-7.75,-5.75,0,0.000516769
-7.75,-6.25,0,-0.000174312
-7.75,-6.75,0,0.003303693
-7.75,-7.25,0,0.002261456
-7.75,-7.75,0,-0.001292035
-7.75,-8.25,0,0.000261767
-7.75,-8.75,0,-7.06E-04
-7.75,-9.25,0,0.001759191
-7.75,-9.75,0,0.003095349
-7.75,-10.25,0,-0.002104132
-7.75,-10.75,0,-0.001358783
-7.75,-11.25,0,0.002472799
-7.75,-11.75,0,-0.000787483
-7.75,-12.25,0,-0.002832771
-7.75,-12.75,0,0.001685293
-7.75,-13.25,0,-0.001629425
-7.75,-13.75,0,-0.003198481
-7.75,-14.25,0,0.001111368
-7.75,-14.75,0,-0.000278842
-7.25,14.75,0,-0.001289553
-7.25,14.25,0,-0.001201517
-7.25,13.75,0,-0.002867036
-7.25,13.25,0,0.002740746
-7.25,12.75,0,0.000225696
-7.25,12.25,0,1.64E-03
-7.25,11.75,0,-0.003086236
-7.25,11.25,0,2.65E-03
-7.25,10.75,0,-3.08E-03
-7.25,10.25,0,0.00020621
-7.25,9.75,0,9.49E-05
-7.25,9.25,0,-6.66E-05
-7.25,8.75,0,-0.002241653
-7.25,8.25,0,1.82E-03
-7.25,7.75,0,-0.004148337
-7.25,7.25,0,0.016909188
-7.25,6.75,0,-0.013168131
-7.25,6.25,0,6.49E-03
-7.25,5.75,0,0.018474612
-7.25,5.25,0,0.006922529
-7.25,4.75,0,-0.018692148
-7.25,4.25,0,-0.012577987
-7.25,3.75,0,2.29E-02
-7.25,3.25,0,-0.016495268
-7.25,2.75,0,0.016252238
-7.25,2.25,0,1.81E-05
-7.25,1.75,0,0.006391102
-7.25,1.25,0,0.005797196
-7.25,0.75,0,-0.008377354
-7.25,0.25,0,0.005906048
-7.25,-0.25,0,8.79E-03
-7.25,-0.75,0,0.018924678
-7.25,-1.25,0,0.008197198
-7.25,-1.75,0,-0.007562133
-7.25,-2.25,0,0.009121233
-7.25,-2.75,0,-1.47E-02
-7.25,-3.25,0,0.001005045
-7.25,-3.75,0,-7.53E-03
-7.25,-4.25,0,0.007982293
-7.25,-4.75,0,0.007189878
-7.25,-5.25,0,-0.017897059
-7.25,-5.75,0,1.69E-02
-7.25,-6.25,0,0.006477464
-7.25,-6.75,0,-0.009995837
-7.25,-7.25,0,0.006876903
-7.25,-7.75,0,0.002041773
-7.25,-8.25,0,-0.001778316
-7.25,-8.75,0,0.000507079
-7.25,-9.25,0,-1.69E-03
-7.25,-9.75,0,-2.92E-04
-7.25,-10.25,0,1.09E-03
-7.25,-10.75,0,-0.002729863
-7.25,-11.25,0,3.82E-03
-7.25,-11.75,0,-0.001164055
-7.25,-12.25,0,6.57E-04
-7.25,-12.75,0,-0.001880313
-7.25,-13.25,0,0.003127099
-7.25,-13.75,0,0.000566059
-7.25,-14.25,0,-0.000686418
-7.25,-14.75,0,2.69E-03
-6.75,14.75,0,3.71E-04
-6.75,14.25,0,-0.000108548
-6.75,13.75,0,0.000142776
-6.75,13.25,0,-0.001470839
-6.75,12.75,0,-0.002762187
-6.75,12.25,0,0.000951609
-6.75,11.75,0,0.002384402
-6.75,11.25,0,-0.00113064
-6.75,10.75,0,0.004237328
-6.75,10.25,0,-1.92E-03
-6.75,9.75,0,-0.001588652
-6.75,9.25,0,0.001544024
-6.75,8.75,0,0.003141752
-6.75,8.25,0,-0.001035197
-6.75,7.75,0,0.003553771
-6.75,7.25,0,-9.77E-03
-6.75,6.75,0,3.92E-01
-6.75,6.25,0,0.3704291
-6.75,5.75,0,0.348613136
-6.75,5.25,0,0.378275219
-6.75,4.75,0,0.448984883
-6.75,4.25,0,0.378769412
-6.75,3.75,0,0.364681238
-6.75,3.25,0,0.395046324
-6.75,2.75,0,0.345712681
-6.75,2.25,0,0.399544349
-6.75,1.75,0,3.86E-01
-6.75,1.25,0,0.370050814
-6.75,0.75,0,0.394741199
-6.75,0.25,0,0.376920028
-6.75,-0.25,0,3.68E-01
-6.75,-0.75,0,0.379097867
-6.75,-1.25,0,0.371435244
-6.75,-1.75,0,0.39423773
-6.75,-2.25,0,0.357246433
-6.75,-2.75,0,0.412674707
-6.75,-3.25,0,0.382740696
-6.75,-3.75,0,0.381509305
-6.75,-4.25,0,0.390441801
-6.75,-4.75,0,0.366496847
-6.75,-5.25,0,0.427962579
-6.75,-5.75,0,0.335302997
-6.75,-6.25,0,0.387243002
-6.75,-6.75,0,0.385788735
-6.75,-7.25,0,0.008750921
-6.75,-7.75,0,-0.00148071
-6.75,-8.25,0,0.001849398
-6.75,-8.75,0,-0.000629548
-6.75,-9.25,0,0.002019976
-6.75,-9.75,0,0.000437002
-6.75,-10.25,0,7.42E-05
-6.75,-10.75,0,0.002030762
-6.75,-11.25,0,-0.001716333
-6.75,-11.75,0,0.001410903
-6.75,-12.25,0,-0.00155788
-6.75,-12.75,0,1.86E-03
-6.75,-13.25,0,-0.005164157
-6.75,-13.75,0,-0.000557322
-6.75,-14.25,0,7.84E-04
-6.75,-14.75,0,-2.43E-03
-6.25,14.75,0,-1.78E-04
-6.25,14.25,0,-0.001237051
-6.25,13.75,0,0.00157259
-6.25,13.25,0,0.000355559
-6.25,12.75,0,0.001788745
-6.25,12.25,0,-2.73E-04
-6.25,11.75,0,-0.001871373
-6.25,11.25,0,0.001741601
-6.25,10.75,0,-0.002619374
-6.25,10.25,0,-0.000587706
-6.25,9.75,0,0.000994133
-6.25,9.25,0,-0.002544508
-6.25,8.75,0,-0.001289681
-6.25,8.25,0,0.00252749
-6.25,7.75,0,0.003089657
-6.25,7.25,0,4.49E-03
-6.25,6.75,0,0.389427455
-6.25,6.25,0,3.66E-01
-6.25,5.75,0,0.44148426
-6.25,5.25,0,0.362835448
-6.25,4.75,0,0.36006271
-6.25,4.25,0,0.393576916
-6.25,3.75,0,3.88E-01
-6.25,3.25,0,3.76E-01
-6.25,2.75,0,0.402476908
-6.25,2.25,0,0.357664849
-6.25,1.75,0,0.399522296
-6.25,1.25,0,0.388268307
-6.25,0.75,0,0.365815228
-6.25,0.25,0,0.397133568
-6.25,-0.25,0,3.82E-01
-6.25,-0.75,0,0.391739297
-6.25,-1.25,0,0.412856811
-6.25,-1.75,0,0.381795254
-6.25,-2.25,0,0.398962184
-6.25,-2.75,0,0.378159729
-6.25,-3.25,0,0.385212525
-6.25,-3.75,0,0.395281778
-6.25,-4.25,0,0.385463667
-6.25,-4.75,0,0.388005119
-6.25,-5.25,0,0.366306144
-6.25,-5.75,0,4.01E-01
-6.25,-6.25,0,0.376667123
-6.25,-6.75,0,0.365546231
-6.25,-7.25,0,1.85E-02
-6.25,-7.75,0,-3.10E-03
-6.25,-8.25,0,1.42E-03
-6.25,-8.75,0,1.47E-04
-6.25,-9.25,0,-0.001065227
-6.25,-9.75,0,-0.001994792
-6.25,-10.25,0,0.000452367
-6.25,-10.75,0,0.00034993
-6.25,-11.25,0,0.000173602
-6.25,-11.75,0,-0.001404594
-6.25,-12.25,0,0.002372349
-6.25,-12.75,0,-0.001014332
-6.25,-13.25,0,0.003550043
-6.25,-13.75,0,-9.21E-05
-6.25,-14.25,0,3.05E-04
-6.25,-14.75,0,0.000765172
-5.75,14.75,0,-0.000366416
-5.75,14.25,0,0.000430652
-5.75,13.75,0,-0.002911839
-5.75,13.25,0,0.001220562
-5.75,12.75,0,-0.003253278
-5.75,12.25,0,1.45E-03
-5.75,11.75,0,1.06E-03
-5.75,11.25,0,-0.00442252
-5.75,10.75,0,0.000129243
-5.75,10.25,0,0.001641262
-5.75,9.75,0,2.63E-03
-5.75,9.25,0,-0.000531652
-5.75,8.75,0,1.79E-03
-5.75,8.25,0,-0.001249443
-5.75,7.75,0,0.005357757
-5.75,7.25,0,-0.000596194
-5.75,6.75,0,0.386409649
-5.75,6.25,0,0.390575386
-5.75,5.75,0,0.367207051
-5.75,5.25,0,0.390178474
-5.75,4.75,0,0.405786858
-5.75,4.25,0,0.395063713
-5.75,3.75,0,0.406294104
-5.75,3.25,0,0.390978076
-5.75,2.75,0,0.380774815
-5.75,2.25,0,0.391390737
-5.75,1.75,0,0.396796698
-5.75,1.25,0,0.389683153
-5.75,0.75,0,0.399753809
-5.75,0.25,0,0.379390446
-5.75,-0.25,0,4.02E-01
-5.75,-0.75,0,0.403894456
-5.75,-1.25,0,0.367047701
-5.75,-1.75,0,0.398217881
-5.75,-2.25,0,0.373371335
-5.75,-2.75,0,0.399243794
-5.75,-3.25,0,0.381250246
-5.75,-3.75,0,0.413551395
-5.75,-4.25,0,3.64E-01
-5.75,-4.75,0,0.400665807
-5.75,-5.25,0,0.39535502
-5.75,-5.75,0,0.411589852
-5.75,-6.25,0,0.364476466
-5.75,-6.75,0,0.407778736
-5.75,-7.25,0,-0.000235307
-5.75,-7.75,0,-0.000279935
-5.75,-8.25,0,0.001278714
-5.75,-8.75,0,-0.000149127
-5.75,-9.25,0,-4.39E-05
-5.75,-9.75,0,0.003893926
-5.75,-10.25,0,-0.003109895
-5.75,-10.75,0,2.62E-03
-5.75,-11.25,0,-0.002219634
-5.75,-11.75,0,-0.000136708
-5.75,-12.25,0,-0.001668785
-5.75,-12.75,0,0.001250486
-5.75,-13.25,0,-0.002763079
-5.75,-13.75,0,0.001977466
-5.75,-14.25,0,0.000562655
-5.75,-14.75,0,-0.001516804
-5.25,14.75,0,0.000924143
-5.25,14.25,0,0.001219027
-5.25,13.75,0,0.002864832
-5.25,13.25,0,-0.003003344
-5.25,12.75,0,-2.14E-04
-5.25,12.25,0,1.29E-03
-5.25,11.75,0,-2.56E-03
-5.25,11.25,0,0.00308776
-5.25,10.75,0,-5.95E-06
-5.25,10.25,0,-0.001064792
-5.25,9.75,0,-0.000277855
-5.25,9.25,0,-0.001086478
-5.25,8.75,0,0.000829712
-5.25,8.25,0,-7.10E-04
-5.25,7.75,0,0.00459237
-5.25,7.25,0,-0.004811968
-5.25,6.75,0,3.74E-01
-5.25,6.25,0,4.11E-01
-5.25,5.75,0,0.377601301
-5.25,5.25,0,3.76E-01
-5.25,4.75,0,0.380675203
-5.25,4.25,0,4.11E-01
-5.25,3.75,0,0.371177313
-5.25,3.25,0,0.410511018
-5.25,2.75,0,0.390334125
-5.25,2.25,0,3.93E-01
-5.25,1.75,0,0.404827286
-5.25,1.25,0,0.383665999
-5.25,0.75,0,0.393522161
-5.25,0.25,0,0.391722687
-5.25,-0.25,0,4.00E-01
-5.25,-0.75,0,0.395040656
-5.25,-1.25,0,0.391869664
-5.25,-1.75,0,0.40437204
-5.25,-2.25,0,0.352045152
-5.25,-2.75,0,0.411991528
-5.25,-3.25,0,0.35945373
-5.25,-3.75,0,0.413086814
-5.25,-4.25,0,0.369692006
-5.25,-4.75,0,0.396331681
-5.25,-5.25,0,0.380182156
-5.25,-5.75,0,0.391245266
-5.25,-6.25,0,0.388328918
-5.25,-6.75,0,0.381469503
-5.25,-7.25,0,-0.003902654
-5.25,-7.75,0,0.005615408
-5.25,-8.25,0,-0.000611973
-5.25,-8.75,0,0.002062768
-5.25,-9.25,0,-0.001047427
-5.25,-9.75,0,-0.001619873
-5.25,-10.25,0,-5.37E-05
-5.25,-10.75,0,0.000592529
-5.25,-11.25,0,2.35E-03
-5.25,-11.75,0,-0.002087942
-5.25,-12.25,0,-0.000636773
-5.25,-12.75,0,0.001718386
-5.25,-13.25,0,1.84E-03
-5.25,-13.75,0,-0.003259072
-5.25,-14.25,0,-0.002388824
-5.25,-14.75,0,0.002444359
-4.75,14.75,0,-3.36E-06
-4.75,14.25,0,-0.002400195
-4.75,13.75,0,-0.000583289
-4.75,13.25,0,0.001928316
-4.75,12.75,0,0.002393036
-4.75,12.25,0,-0.003907074
-4.75,11.75,0,2.93E-03
-4.75,11.25,0,-0.00080709
-4.75,10.75,0,-1.30E-03
-4.75,10.25,0,0.00030398
-4.75,9.75,0,0.000722627
-4.75,9.25,0,-0.000391897
-4.75,8.75,0,8.26E-04
-4.75,8.25,0,-0.000270827
-4.75,7.75,0,5.07E-03
-4.75,7.25,0,0.006655395
-4.75,6.75,0,0.386831416
-4.75,6.25,0,0.358671566
-4.75,5.75,0,4.16E-01
-4.75,5.25,0,0.391769533
-4.75,4.75,0,0.574563943
-4.75,4.25,0,0.586120979
-4.75,3.75,0,0.568672131
-4.75,3.25,0,5.83E-01
-4.75,2.75,0,5.61E-01
-4.75,2.25,0,0.587491324
-4.75,1.75,0,0.570308779
-4.75,1.25,0,0.580944472
-4.75,0.75,0,0.57402304
-4.75,0.25,0,0.586940329
-4.75,-0.25,0,5.28E-01
-4.75,-0.75,0,0.604081388
-4.75,-1.25,0,0.578848173
-4.75,-1.75,0,0.553787945
-4.75,-2.25,0,0.592460992
-4.75,-2.75,0,0.583198941
-4.75,-3.25,0,0.600709671
-4.75,-3.75,0,0.551780876
-4.75,-4.25,0,0.588906043
-4.75,-4.75,0,0.598539169
-4.75,-5.25,0,0.42008737
-4.75,-5.75,0,0.393749065
-4.75,-6.25,0,0.357877111
-4.75,-6.75,0,0.389400304
-4.75,-7.25,0,0.017821662
-4.75,-7.75,0,-0.00470307
-4.75,-8.25,0,0.002807457
-4.75,-8.75,0,-0.000786869
-4.75,-9.25,0,0.000473879
-4.75,-9.75,0,-0.001952023
-4.75,-10.25,0,0.001238351
-4.75,-10.75,0,-0.000427047
-4.75,-11.25,0,-0.001645618
-4.75,-11.75,0,1.88E-03
-4.75,-12.25,0,-0.000647667
-4.75,-12.75,0,-2.56E-03
-4.75,-13.25,0,-6.91E-04
-4.75,-13.75,0,0.005346621
-4.75,-14.25,0,-5.73E-04
-4.75,-14.75,0,-1.54E-03
-4.25,14.75,0,-0.000517349
-4.25,14.25,0,9.19E-04
-4.25,13.75,0,0.001710362
-4.25,13.25,0,-0.002508452
-4.25,12.75,0,0.00076169
-4.25,12.25,0,-0.000252103
-4.25,11.75,0,0.000909395
-4.25,11.25,0,2.97E-04
-4.25,10.75,0,7.87E-05
-4.25,10.25,0,0.001206622
-4.25,9.75,0,-0.000269809
-4.25,9.25,0,-2.47E-03
-4.25,8.75,0,2.88E-03
-4.25,8.25,0,0.000273217
-4.25,7.75,0,0.002633043
-4.25,7.25,0,0.000802017
-4.25,6.75,0,0.378273164
-4.25,6.25,0,0.397415836
-4.25,5.75,0,0.369522679
-4.25,5.25,0,0.396288015
-4.25,4.75,0,0.583097063
-4.25,4.25,0,5.68E-01
-4.25,3.75,0,0.597393206
-4.25,3.25,0,0.611849064
-4.25,2.75,0,0.578202213
-4.25,2.25,0,0.552637703
-4.25,1.75,0,5.97E-01
-4.25,1.25,0,0.549635537
-4.25,0.75,0,0.572391911
-4.25,0.25,0,0.58290291
-4.25,-0.25,0,6.07E-01
-4.25,-0.75,0,0.560559616
-4.25,-1.25,0,0.560812778
-4.25,-1.75,0,0.633803449
-4.25,-2.25,0,0.597100821
-4.25,-2.75,0,0.576704387
-4.25,-3.25,0,0.578897377
-4.25,-3.75,0,0.605306867
-4.25,-4.25,0,0.577938557
-4.25,-4.75,0,5.66E-01
-4.25,-5.25,0,0.366097233
-4.25,-5.75,0,0.376443206
-4.25,-6.25,0,0.405736045
-4.25,-6.75,0,0.392922054
-4.25,-7.25,0,-0.016242484
-4.25,-7.75,0,0.009409322
-4.25,-8.25,0,-0.001374944
-4.25,-8.75,0,1.65E-04
-4.25,-9.25,0,0.0005823
-4.25,-9.75,0,1.04E-03
-4.25,-10.25,0,-0.000137486
-4.25,-10.75,0,0.000325434
-4.25,-11.25,0,0.001665797
-4.25,-11.75,0,2.00E-03
-4.25,-12.25,0,-0.000763581
-4.25,-12.75,0,0.003992566
-4.25,-13.25,0,-0.001551997
-4.25,-13.75,0,-0.00343189
-4.25,-14.25,0,2.83E-03
-4.25,-14.75,0,1.13E-04
-3.75,14.75,0,-0.000792773
-3.75,14.25,0,-0.000300075
-3.75,13.75,0,-0.00057203
-3.75,13.25,0,0.000266837
-3.75,12.75,0,0.00040625
-3.75,12.25,0,6.63E-04
-3.75,11.75,0,-0.001496641
-3.75,11.25,0,-7.12E-04
-3.75,10.75,0,-3.48E-04
-3.75,10.25,0,0.001568737
-3.75,9.75,0,0.001181294
-3.75,9.25,0,-0.00072797
-3.75,8.75,0,-2.97E-04
-3.75,8.25,0,0.00098869
-3.75,7.75,0,1.87E-03
-3.75,7.25,0,6.82E-03
-3.75,6.75,0,0.381950985
-3.75,6.25,0,0.386440221
-3.75,5.75,0,0.405279128
-3.75,5.25,0,3.67E-01
-3.75,4.75,0,5.93E-01
-3.75,4.25,0,0.577756293
-3.75,3.75,0,0.57427481
-3.75,3.25,0,0.581094353
-3.75,2.75,0,0.552903748
-3.75,2.25,0,0.629657419
-3.75,1.75,0,0.560140658
-3.75,1.25,0,0.62418498
-3.75,0.75,0,0.612879917
-3.75,0.25,0,0.532369199
-3.75,-0.25,0,6.03E-01
-3.75,-0.75,0,0.56011382
-3.75,-1.25,0,0.613724641
-3.75,-1.75,0,0.530793431
-3.75,-2.25,0,0.551586912
-3.75,-2.75,0,0.607871014
-3.75,-3.25,0,0.534003508
-3.75,-3.75,0,5.99E-01
-3.75,-4.25,0,0.573027074
-3.75,-4.75,0,0.602963434
-3.75,-5.25,0,0.425256391
-3.75,-5.75,0,0.375156127
-3.75,-6.25,0,3.91E-01
-3.75,-6.75,0,0.377150505
-3.75,-7.25,0,0.001373627
-3.75,-7.75,0,0.004747567
-3.75,-8.25,0,-8.82E-04
-3.75,-8.75,0,0.001697032
-3.75,-9.25,0,0.000583752
-3.75,-9.75,0,0.000615012
-3.75,-10.25,0,1.04E-03
-3.75,-10.75,0,-2.64E-03
-3.75,-11.25,0,-0.000347507
-3.75,-11.75,0,-1.85E-03
-3.75,-12.25,0,1.30E-03
-3.75,-12.75,0,-0.000600714
-3.75,-13.25,0,-0.00133319
-3.75,-13.75,0,2.48E-03
-3.75,-14.25,0,-0.002123873
-3.75,-14.75,0,-0.000426941
-3.25,14.75,0,-1.25E-03
-3.25,14.25,0,0.00211023
-3.25,13.75,0,-0.000674688
-3.25,13.25,0,-0.000728833
-3.25,12.75,0,0.000310288
-3.25,12.25,0,-0.001064916
-3.25,11.75,0,3.10E-04
-3.25,11.25,0,-0.000777187
-3.25,10.75,0,2.04E-03
-3.25,10.25,0,0.000490826
-3.25,9.75,0,-0.000903916
-3.25,9.25,0,5.83E-04
-3.25,8.75,0,-0.000398737
-3.25,8.25,0,-1.23E-03
-3.25,7.75,0,0.007256765
-3.25,7.25,0,-0.012706639
-3.25,6.75,0,4.10E-01
-3.25,6.25,0,0.363874552
-3.25,5.75,0,0.382501068
-3.25,5.25,0,0.389112841
-3.25,4.75,0,0.596279853
-3.25,4.25,0,0.582020631
-3.25,3.75,0,0.578728427
-3.25,3.25,0,0.545525212
-3.25,2.75,0,0.627908031
-3.25,2.25,0,0.5473663
-3.25,1.75,0,0.587319942
-3.25,1.25,0,0.57024649
-3.25,0.75,0,0.662113181
-3.25,0.25,0,0.566979355
-3.25,-0.25,0,6.08E-01
-3.25,-0.75,0,0.568551842
-3.25,-1.25,0,0.599159851
-3.25,-1.75,0,0.633292213
-3.25,-2.25,0,0.565791437
-3.25,-2.75,0,0.597463331
-3.25,-3.25,0,5.69E-01
-3.25,-3.75,0,0.574143487
-3.25,-4.25,0,0.579179059
-3.25,-4.75,0,0.548558062
-3.25,-5.25,0,0.382425993
-3.25,-5.75,0,0.402713384
-3.25,-6.25,0,0.366191114
-3.25,-6.75,0,4.03E-01
-3.25,-7.25,0,-0.004424855
-3.25,-7.75,0,0.007781176
-3.25,-8.25,0,-0.001259833
-3.25,-8.75,0,0.000579781
-3.25,-9.25,0,-0.000614433
-3.25,-9.75,0,-0.000580805
-3.25,-10.25,0,1.01E-03
-3.25,-10.75,0,0.000562703
-3.25,-11.25,0,0.000315677
-3.25,-11.75,0,0.001191407
-3.25,-12.25,0,9.81E-05
-3.25,-12.75,0,-0.002441692
-3.25,-13.25,0,0.001866925
-3.25,-13.75,0,-0.001007373
-3.25,-14.25,0,2.21E-04
-3.25,-14.75,0,0.001515518
-2.75,14.75,0,-0.000226917
-2.75,14.25,0,-1.94E-03
-2.75,13.75,0,0.001460696
-2.75,13.25,0,0.000443042
-2.75,12.75,0,-2.40E-03
-2.75,12.25,0,1.75E-03
-2.75,11.75,0,1.68E-04
-2.75,11.25,0,6.16E-04
-2.75,10.75,0,-2.62E-04
-2.75,10.25,0,6.34E-04
-2.75,9.75,0,0.000558999
-2.75,9.25,0,-0.001590376
-2.75,8.75,0,1.00E-03
-2.75,8.25,0,0.003304735
-2.75,7.75,0,-0.00326201
-2.75,7.25,0,0.028676966
-2.75,6.75,0,3.55E-01
-2.75,6.25,0,0.408026087
-2.75,5.75,0,0.405436588
-2.75,5.25,0,0.367048985
-2.75,4.75,0,5.79E-01
-2.75,4.25,0,0.580962262
-2.75,3.75,0,6.06E-01
-2.75,3.25,0,0.609458838
-2.75,2.75,0,0.757829839
-2.75,2.25,0,0.830377832
-2.75,1.75,0,0.784675374
-2.75,1.25,0,0.707264274
-2.75,0.75,0,0.779977429
-2.75,0.25,0,0.76546903
-2.75,-0.25,0,8.07E-01
-2.75,-0.75,0,0.800235859
-2.75,-1.25,0,0.73120854
-2.75,-1.75,0,0.782742434
-2.75,-2.25,0,0.779300794
-2.75,-2.75,0,0.768919361
-2.75,-3.25,0,5.84E-01
-2.75,-3.75,0,0.594414172
-2.75,-4.25,0,6.08E-01
-2.75,-4.75,0,0.58997583
-2.75,-5.25,0,4.32E-01
-2.75,-5.75,0,3.68E-01
-2.75,-6.25,0,0.386334469
-2.75,-6.75,0,0.387702902
-2.75,-7.25,0,0.005348071
-2.75,-7.75,0,-0.00053338
-2.75,-8.25,0,-0.001648854
-2.75,-8.75,0,0.001337759
-2.75,-9.25,0,2.89E-04
-2.75,-9.75,0,-0.001099537
-2.75,-10.25,0,6.82E-04
-2.75,-10.75,0,-0.002534742
-2.75,-11.25,0,0.00194931
-2.75,-11.75,0,-0.001353331
-2.75,-12.25,0,0.001328819
-2.75,-12.75,0,0.000630095
-2.75,-13.25,0,0.000870922
-2.75,-13.75,0,-0.001350053
-2.75,-14.25,0,-9.22E-06
-2.75,-14.75,0,-0.002325229
-2.25,14.75,0,-0.000871922
-2.25,14.25,0,0.002174818
-2.25,13.75,0,-0.002479089
-2.25,13.25,0,0.001472126
-2.25,12.75,0,0.002028096
-2.25,12.25,0,0.001262682
-2.25,11.75,0,-0.002150058
-2.25,11.25,0,0.002700664
-2.25,10.75,0,-0.001408605
-2.25,10.25,0,-0.001646955
-2.25,9.75,0,-0.000883785
-2.25,9.25,0,0.000670292
-2.25,8.75,0,-3.06E-04
-2.25,8.25,0,2.00E-04
-2.25,7.75,0,-0.001047584
-2.25,7.25,0,0.003237893
-2.25,6.75,0,4.01E-01
-2.25,6.25,0,0.360338211
-2.25,5.75,0,0.40195643
-2.25,5.25,0,0.369967402
-2.25,4.75,0,0.585259286
-2.25,4.25,0,0.550905222
-2.25,3.75,0,0.582374987
-2.25,3.25,0,0.557194235
-2.25,2.75,0,8.02E-01
-2.25,2.25,0,0.739414075
-2.25,1.75,0,0.80784951
-2.25,1.25,0,0.780842737
-2.25,0.75,0,0.744641926
-2.25,0.25,0,0.79446095
-2.25,-0.25,0,7.27E-01
-2.25,-0.75,0,0.725829082
-2.25,-1.25,0,0.783821098
-2.25,-1.75,0,0.790323654
-2.25,-2.25,0,0.816505511
-2.25,-2.75,0,7.68E-01
-2.25,-3.25,0,0.584200799
-2.25,-3.75,0,0.555284692
-2.25,-4.25,0,0.56397677
-2.25,-4.75,0,0.544587043
-2.25,-5.25,0,0.378991335
-2.25,-5.75,0,3.79E-01
-2.25,-6.25,0,0.390095469
-2.25,-6.75,0,0.37422886
-2.25,-7.25,0,3.68E-03
-2.25,-7.75,0,0.005724089
-2.25,-8.25,0,-0.000940274
-2.25,-8.75,0,0.000244389
-2.25,-9.25,0,-7.16E-04
-2.25,-9.75,0,0.002590168
-2.25,-10.25,0,-9.66E-04
-2.25,-10.75,0,8.55E-04
-2.25,-11.25,0,-0.002430894
-2.25,-11.75,0,7.68E-05
-2.25,-12.25,0,0.001434589
-2.25,-12.75,0,-0.000200483
-2.25,-13.25,0,-0.002577482
-2.25,-13.75,0,0.001724727
-2.25,-14.25,0,0.000619909
-2.25,-14.75,0,0.000517566
-1.75,14.75,0,-0.001788256
-1.75,14.25,0,2.95E-04
-1.75,13.75,0,0.001328476
-1.75,13.25,0,-0.001550842
-1.75,12.75,0,-0.001315122
-1.75,12.25,0,-0.000617924
-1.75,11.75,0,-0.00254367
-1.75,11.25,0,-0.000571288
-1.75,10.75,0,0.001744967
-1.75,10.25,0,-0.000230715
-1.75,9.75,0,-0.000138575
-1.75,9.25,0,0.000381411
-1.75,8.75,0,0.001878852
-1.75,8.25,0,3.04E-03
-1.75,7.75,0,1.22E-03
-1.75,7.25,0,-0.004460156
-1.75,6.75,0,3.80E-01
-1.75,6.25,0,0.398384079
-1.75,5.75,0,0.392792769
-1.75,5.25,0,0.411334015
-1.75,4.75,0,0.537377292
-1.75,4.25,0,0.627445777
-1.75,3.75,0,0.583771784
-1.75,3.25,0,0.549269694
-1.75,2.75,0,0.774370312
-1.75,2.25,0,0.807985233
-1.75,1.75,0,7.09E-01
-1.75,1.25,0,0.848456341
-1.75,0.75,0,0.714434175
-1.75,0.25,0,0.864068461
-1.75,-0.25,0,7.56E-01
-1.75,-0.75,0,0.831451938
-1.75,-1.25,0,0.744094202
-1.75,-1.75,0,0.808779676
-1.75,-2.25,0,0.745244549
-1.75,-2.75,0,0.782411063
-1.75,-3.25,0,0.54385559
-1.75,-3.75,0,6.12E-01
-1.75,-4.25,0,0.59323197
-1.75,-4.75,0,0.637845643
-1.75,-5.25,0,0.38984784
-1.75,-5.75,0,0.381603947
-1.75,-6.25,0,0.380577729
-1.75,-6.75,0,0.406650541
-1.75,-7.25,0,-0.011338332
-1.75,-7.75,0,0.004660445
-1.75,-8.25,0,-0.000265501
-1.75,-8.75,0,5.26E-04
-1.75,-9.25,0,0.001548442
-1.75,-9.75,0,-0.002570248
-1.75,-10.25,0,0.00436313
-1.75,-10.75,0,-0.001526868
-1.75,-11.25,0,1.57E-03
-1.75,-11.75,0,-2.03E-03
-1.75,-12.25,0,-0.000451995
-1.75,-12.75,0,0.001544581
-1.75,-13.25,0,0.000762123
-1.75,-13.75,0,-0.001788559
-1.75,-14.25,0,-1.25E-04
-1.75,-14.75,0,0.002025923
-1.25,14.75,0,-1.33E-03
-1.25,14.25,0,-0.000109962
-1.25,13.75,0,0.000374495
-1.25,13.25,0,3.55E-05
-1.25,12.75,0,0.002014309
-1.25,12.25,0,-0.000580047
-1.25,11.75,0,0.003083562
-1.25,11.25,0,-0.000611496
-1.25,10.75,0,0.001618762
-1.25,10.25,0,-0.000896564
-1.25,9.75,0,-0.000538738
-1.25,9.25,0,0.001322346
-1.25,8.75,0,-0.002022226
-1.25,8.25,0,-1.06E-03
-1.25,7.75,0,0.000822975
-1.25,7.25,0,0.013289754
-1.25,6.75,0,0.389665637
-1.25,6.25,0,3.83E-01
-1.25,5.75,0,3.96E-01
-1.25,5.25,0,3.54E-01
-1.25,4.75,0,0.639448341
-1.25,4.25,0,0.557781912
-1.25,3.75,0,5.68E-01
-1.25,3.25,0,0.634768719
-1.25,2.75,0,0.772605545
-1.25,2.25,0,0.750360057
-1.25,1.75,0,0.848113381
-1.25,1.25,0,0.749889083
-1.25,0.75,0,0.787085132
-1.25,0.25,0,0.693006093
-1.25,-0.25,0,7.92E-01
-1.25,-0.75,0,0.764866993
-1.25,-1.25,0,0.75700396
-1.25,-1.75,0,0.784896654
-1.25,-2.25,0,0.767067979
-1.25,-2.75,0,0.74256862
-1.25,-3.25,0,0.626234751
-1.25,-3.75,0,0.559541148
-1.25,-4.25,0,0.550811013
-1.25,-4.75,0,0.559051715
-1.25,-5.25,0,0.392637455
-1.25,-5.75,0,0.393522119
-1.25,-6.25,0,0.380215084
-1.25,-6.75,0,0.375292594
-1.25,-7.25,0,0.005439935
-1.25,-7.75,0,0.004109592
-1.25,-8.25,0,1.10E-03
-1.25,-8.75,0,0.001537881
-1.25,-9.25,0,-0.001977931
-1.25,-9.75,0,0.001222689
-1.25,-10.25,0,-0.002733841
-1.25,-10.75,0,0.002684789
-1.25,-11.25,0,-0.001907137
-1.25,-11.75,0,0.001116666
-1.25,-12.25,0,1.12E-03
-1.25,-12.75,0,-0.001331701
-1.25,-13.25,0,0.001217289
-1.25,-13.75,0,-4.26E-04
-1.25,-14.25,0,0.000579567
-1.25,-14.75,0,-0.001826297
-0.75,14.75,0,-0.002287154
-0.75,14.25,0,0.001786418
-0.75,13.75,0,0.000175717
-0.75,13.25,0,-0.002971566
-0.75,12.75,0,0.000200956
-0.75,12.25,0,-0.000541905
-0.75,11.75,0,-0.000489567
-0.75,11.25,0,-0.000372269
-0.75,10.75,0,0.000191222
-0.75,10.25,0,-0.003161871
-0.75,9.75,0,0.004222741
-0.75,9.25,0,-3.11E-03
-0.75,8.75,0,0.001703302
-0.75,8.25,0,0.001283421
-0.75,7.75,0,0.003033431
-0.75,7.25,0,-6.91E-03
-0.75,6.75,0,0.364236297
-0.75,6.25,0,0.382491046
-0.75,5.75,0,4.06E-01
-0.75,5.25,0,0.392957442
-0.75,4.75,0,0.579711158
-0.75,4.25,0,0.586009564
-0.75,3.75,0,0.595179262
-0.75,3.25,0,0.599336421
-0.75,2.75,0,7.63E-01
-0.75,2.25,0,0.773913596
-0.75,1.75,0,0.740622102
-0.75,1.25,0,0.744775297
-0.75,0.75,0,1.025863215
-0.75,0.25,0,0.97062091
-0.75,-0.25,0,9.86E-01
-0.75,-0.75,0,0.977391303
-0.75,-1.25,0,0.814992099
-0.75,-1.75,0,0.785949642
-0.75,-2.25,0,0.771895056
-0.75,-2.75,0,0.787593986
-0.75,-3.25,0,0.562205526
-0.75,-3.75,0,0.612344985
-0.75,-4.25,0,5.68E-01
-0.75,-4.75,0,5.88E-01
-0.75,-5.25,0,0.401999201
-0.75,-5.75,0,0.373650636
-0.75,-6.25,0,3.93E-01
-0.75,-6.75,0,0.380761447
-0.75,-7.25,0,1.56E-02
-0.75,-7.75,0,-3.76E-04
-0.75,-8.25,0,9.32E-06
-0.75,-8.75,0,-7.93E-05
-0.75,-9.25,0,0.000259657
-0.75,-9.75,0,-8.21E-04
-0.75,-10.25,0,0.000492743
-0.75,-10.75,0,-0.002817311
-0.75,-11.25,0,0.002779517
-0.75,-11.75,0,0.000281277
-0.75,-12.25,0,-0.00096069
-0.75,-12.75,0,-0.000321021
-0.75,-13.25,0,-0.000620713
-0.75,-13.75,0,2.30E-03
-0.75,-14.25,0,-2.10E-03
-0.75,-14.75,0,0.000177564
-0.25,14.75,0,0.001932926
-0.25,14.25,0,1.20E-03
-0.25,13.75,0,-0.002375181
-0.25,13.25,0,-0.000898288
-0.25,12.75,0,0.000856896
-0.25,12.25,0,-4.19E-05
-0.25,11.75,0,-0.001443816
-0.25,11.25,0,0.000524341
-0.25,10.75,0,-0.000249421
-0.25,10.25,0,0.00112421
-0.25,9.75,0,0.000499494
-0.25,9.25,0,-0.000576765
-0.25,8.75,0,-0.001695424
-0.25,8.25,0,1.96E-03
-0.25,7.75,0,-0.002121525
-0.25,7.25,0,1.42E-02
-0.25,6.75,0,0.398308324
-0.25,6.25,0,0.394494712
-0.25,5.75,0,3.73E-01
-0.25,5.25,0,0.40723994
-0.25,4.75,0,0.564139931
-0.25,4.25,0,0.576776847
-0.25,3.75,0,0.570923891
-0.25,3.25,0,0.627739188
-0.25,2.75,0,7.67E-01
-0.25,2.25,0,0.786522574
-0.25,1.75,0,0.761739687
-0.25,1.25,0,0.845847629
-0.25,0.75,0,0.882218284
-0.25,0.25,0,0.98669075
-0.25,-0.25,0,9.74E-01
-0.25,-0.75,0,0.96237175
-0.25,-1.25,0,0.750256073
-0.25,-1.75,0,0.783711322
-0.25,-2.25,0,0.785644508
-0.25,-2.75,0,0.737603755
-0.25,-3.25,0,0.583832784
-0.25,-3.75,0,0.573448752
-0.25,-4.25,0,0.627505634
-0.25,-4.75,0,0.586611276
-0.25,-5.25,0,0.3920196
-0.25,-5.75,0,0.376479123
-0.25,-6.25,0,0.387379366
-0.25,-6.75,0,0.399889684
-0.25,-7.25,0,-0.009624587
-0.25,-7.75,0,0.004281769
-0.25,-8.25,0,-0.002800971
-0.25,-8.75,0,0.001883445
-0.25,-9.25,0,-0.002012104
-0.25,-9.75,0,0.000826828
-0.25,-10.25,0,-0.001765119
-0.25,-10.75,0,0.003158574
-0.25,-11.25,0,-9.25E-04
-0.25,-11.75,0,-0.001175113
-0.25,-12.25,0,0.001040915
-0.25,-12.75,0,-0.001594517
-0.25,-13.25,0,0.000126368
-0.25,-13.75,0,-0.00180435
-0.25,-14.25,0,0.001636308
-0.25,-14.75,0,-0.000832068
0.25,14.75,0,-0.00018655
0.25,14.25,0,-0.002655931
0.25,13.75,0,0.001481659
0.25,13.25,0,0.002580671
0.25,12.75,0,-2.70E-03
0.25,12.25,0,0.000351246
0.25,11.75,0,0.000134709
0.25,11.25,0,2.29E-04
0.25,10.75,0,0.001269186
0.25,10.25,0,-0.001846605
0.25,9.75,0,-3.57E-05
0.25,9.25,0,-0.000650649
0.25,8.75,0,0.002102351
0.25,8.25,0,-0.001784664
0.25,7.75,0,0.005206005
0.25,7.25,0,0.005390671
0.25,6.75,0,0.370949991
0.25,6.25,0,0.366556798
0.25,5.75,0,4.05E-01
0.25,5.25,0,0.381736435
0.25,4.75,0,5.98E-01
0.25,4.25,0,0.595278752
0.25,3.75,0,0.584198015
0.25,3.25,0,0.564068105
0.25,2.75,0,0.778341171
0.25,2.25,0,0.772435014
0.25,1.75,0,7.57E-01
0.25,1.25,0,0.7737002
0.25,0.75,0,1.000335087
0.25,0.25,0,0.943323653
0.25,-0.25,0,9.96E-01
0.25,-0.75,0,0.94848826
0.25,-1.25,0,0.762708096
0.25,-1.75,0,0.797587962
0.25,-2.25,0,0.776120793
0.25,-2.75,0,0.85010817
0.25,-3.25,0,0.56039326
0.25,-3.75,0,6.21E-01
0.25,-4.25,0,0.523505193
0.25,-4.75,0,0.586955867
0.25,-5.25,0,0.383309531
0.25,-5.75,0,0.400787199
0.25,-6.25,0,0.368421698
0.25,-6.75,0,0.384050975
0.25,-7.25,0,0.005817719
0.25,-7.75,0,0.003536185
0.25,-8.25,0,2.14E-03
0.25,-8.75,0,0.000141691
0.25,-9.25,0,-0.002264394
0.25,-9.75,0,0.000897302
0.25,-10.25,0,0.000342381
0.25,-10.75,0,1.29E-03
0.25,-11.25,0,-0.001014407
0.25,-11.75,0,0.003316053
0.25,-12.25,0,-4.59E-04
0.25,-12.75,0,0.000299497
0.25,-13.25,0,0.000540314
0.25,-13.75,0,0.000280933
0.25,-14.25,0,0.000725191
0.25,-14.75,0,-0.001837355
0.75,14.75,0,-0.000519971
0.75,14.25,0,0.000408335
0.75,13.75,0,0.004217801
0.75,13.25,0,-0.0040735
0.75,12.75,0,0.001678529
0.75,12.25,0,0.000133535
0.75,11.75,0,-0.001806774
0.75,11.25,0,1.00E-03
0.75,10.75,0,-0.002015845
0.75,10.25,0,-1.72E-04
0.75,9.75,0,1.56E-03
0.75,9.25,0,-6.53E-04
0.75,8.75,0,0.000345653
0.75,8.25,0,0.001996989
0.75,7.75,0,1.14E-03
0.75,7.25,0,-0.00341271
0.75,6.75,0,0.406148688
0.75,6.25,0,0.391034971
0.75,5.75,0,0.374483277
0.75,5.25,0,0.412856568
0.75,4.75,0,0.541230695
0.75,4.25,0,0.623500692
0.75,3.75,0,5.66E-01
0.75,3.25,0,0.593932003
0.75,2.75,0,7.79E-01
0.75,2.25,0,0.764512397
0.75,1.75,0,0.814100433
0.75,1.25,0,0.758927585
0.75,0.75,0,0.93073755
0.75,0.25,0,0.962468574
0.75,-0.25,0,9.92E-01
0.75,-0.75,0,0.971486451
0.75,-1.25,0,0.794117485
0.75,-1.75,0,0.78307301
0.75,-2.25,0,0.717418151
0.75,-2.75,0,0.775303561
0.75,-3.25,0,0.536053527
0.75,-3.75,0,0.582978274
0.75,-4.25,0,6.41E-01
0.75,-4.75,0,0.573323338
0.75,-5.25,0,0.388673256
0.75,-5.75,0,0.400874937
0.75,-6.25,0,4.02E-01
0.75,-6.75,0,3.84E-01
0.75,-7.25,0,0.005152497
0.75,-7.75,0,-0.000271645
0.75,-8.25,0,-0.002955887
0.75,-8.75,0,0.001651487
0.75,-9.25,0,-1.63E-04
0.75,-9.75,0,0.000487311
0.75,-10.25,0,-1.58E-03
0.75,-10.75,0,0.00026282
0.75,-11.25,0,-0.002181489
0.75,-11.75,0,0.002540866
0.75,-12.25,0,-0.000215511
0.75,-12.75,0,0.000797999
0.75,-13.25,0,-0.002246771
0.75,-13.75,0,0.001463174
0.75,-14.25,0,8.75E-05
0.75,-14.75,0,0.002722317
1.25,14.75,0,0.002670722
1.25,14.25,0,-2.12E-03
1.25,13.75,0,-0.002245479
1.25,13.25,0,0.002921175
1.25,12.75,0,-0.001610847
1.25,12.25,0,0.001917429
1.25,11.75,0,-6.55E-04
1.25,11.25,0,-0.000644803
1.25,10.75,0,0.00072609
1.25,10.25,0,-5.10E-05
1.25,9.75,0,-2.96E-05
1.25,9.25,0,-0.000699147
1.25,8.75,0,-0.002078148
1.25,8.25,0,-3.16E-04
1.25,7.75,0,0.00371224
1.25,7.25,0,0.012777113
1.25,6.75,0,3.79E-01
1.25,6.25,0,0.39301819
1.25,5.75,0,0.402105713
1.25,5.25,0,0.370399838
1.25,4.75,0,0.594004799
1.25,4.25,0,0.553410575
1.25,3.75,0,0.565294747
1.25,3.25,0,6.18E-01
1.25,2.75,0,7.83E-01
1.25,2.25,0,0.762113192
1.25,1.75,0,0.770355514
1.25,1.25,0,0.77310396
1.25,0.75,0,0.825927983
1.25,0.25,0,0.775821334
1.25,-0.25,0,8.00E-01
1.25,-0.75,0,0.781649246
1.25,-1.25,0,0.754380129
1.25,-1.75,0,0.815908954
1.25,-2.25,0,0.773483754
1.25,-2.75,0,0.756390448
1.25,-3.25,0,0.591618045
1.25,-3.75,0,0.616284363
1.25,-4.25,0,0.549914094
1.25,-4.75,0,0.569741133
1.25,-5.25,0,0.3864893
1.25,-5.75,0,0.369011548
1.25,-6.25,0,3.67E-01
1.25,-6.75,0,0.376865499
1.25,-7.25,0,0.01135888
1.25,-7.75,0,0.000808382
1.25,-8.25,0,0.00472174
1.25,-8.75,0,-0.000354513
1.25,-9.25,0,-0.000720979
1.25,-9.75,0,-0.000285303
1.25,-10.25,0,-0.001515962
1.25,-10.75,0,-5.59E-04
1.25,-11.25,0,1.92E-03
1.25,-11.75,0,-0.002781101
1.25,-12.25,0,0.001480331
1.25,-12.75,0,-2.25E-03
1.25,-13.25,0,4.78E-04
1.25,-13.75,0,-1.04E-03
1.25,-14.25,0,0.000414079
1.25,-14.75,0,-0.001148741
1.75,14.75,0,-0.000179989
1.75,14.25,0,-1.67E-03
1.75,13.75,0,0.003456142
1.75,13.25,0,-0.002678557
1.75,12.75,0,0.000823614
1.75,12.25,0,0.00228605
1.75,11.75,0,-0.002303719
1.75,11.25,0,0.001177801
1.75,10.75,0,0.000949109
1.75,10.25,0,0.000782703
1.75,9.75,0,7.67E-06
1.75,9.25,0,0.000672212
1.75,8.75,0,1.94E-03
1.75,8.25,0,0.000608016
1.75,7.75,0,-0.002190651
1.75,7.25,0,0.010924666
1.75,6.75,0,0.352385939
1.75,6.25,0,0.399054461
1.75,5.75,0,3.55E-01
1.75,5.25,0,4.14E-01
1.75,4.75,0,0.590962828
1.75,4.25,0,0.5839957
1.75,3.75,0,0.613602653
1.75,3.25,0,0.494985553
1.75,2.75,0,8.31E-01
1.75,2.25,0,0.769698326
1.75,1.75,0,8.21E-01
1.75,1.25,0,0.744101258
1.75,0.75,0,0.759690915
1.75,0.25,0,0.802710427
1.75,-0.25,0,7.85E-01
1.75,-0.75,0,0.708594722
1.75,-1.25,0,0.840794273
1.75,-1.75,0,0.753815596
1.75,-2.25,0,0.771056312
1.75,-2.75,0,0.831065611
1.75,-3.25,0,0.605236826
1.75,-3.75,0,0.554316106
1.75,-4.25,0,0.598656206
1.75,-4.75,0,0.570217825
1.75,-5.25,0,4.08E-01
1.75,-5.75,0,3.83E-01
1.75,-6.25,0,0.404813694
1.75,-6.75,0,0.40812679
1.75,-7.25,0,-0.00973981
1.75,-7.75,0,0.006459052
1.75,-8.25,0,-0.003776617
1.75,-8.75,0,-4.19E-04
1.75,-9.25,0,0.001253401
1.75,-9.75,0,0.000788539
1.75,-10.25,0,0.000798061
1.75,-10.75,0,-0.000107531
1.75,-11.25,0,0.001786484
1.75,-11.75,0,0.000578944
1.75,-12.25,0,-0.000275382
1.75,-12.75,0,-0.000106908
1.75,-13.25,0,0.000323444
1.75,-13.75,0,-3.40E-04
1.75,-14.25,0,-0.000663317
1.75,-14.75,0,1.32E-03
2.25,14.75,0,0.002624661
2.25,14.25,0,-0.005445584
2.25,13.75,0,0.001091141
2.25,13.25,0,-0.001278885
2.25,12.75,0,7.97E-04
2.25,12.25,0,-0.000474301
2.25,11.75,0,0.00201535
2.25,11.25,0,-0.000207358
2.25,10.75,0,-0.002046458
2.25,10.25,0,1.14E-03
2.25,9.75,0,0.000772002
2.25,9.25,0,0.001098808
2.25,8.75,0,4.06E-05
2.25,8.25,0,7.30E-05
2.25,7.75,0,0.000832177
2.25,7.25,0,0.009843216
2.25,6.75,0,0.38905364
2.25,6.25,0,0.382009685
2.25,5.75,0,0.416762335
2.25,5.25,0,3.99E-01
2.25,4.75,0,0.552389197
2.25,4.25,0,0.567907939
2.25,3.75,0,5.66E-01
2.25,3.25,0,6.18E-01
2.25,2.75,0,0.7507765
2.25,2.25,0,0.79084267
2.25,1.75,0,0.749048009
2.25,1.25,0,0.830605486
2.25,0.75,0,0.771376423
2.25,0.25,0,7.62E-01
2.25,-0.25,0,7.78E-01
2.25,-0.75,0,0.775346379
2.25,-1.25,0,0.792259776
2.25,-1.75,0,0.76125629
2.25,-2.25,0,7.80E-01
2.25,-2.75,0,0.7723037
2.25,-3.25,0,0.5615992
2.25,-3.75,0,6.13E-01
2.25,-4.25,0,0.552971953
2.25,-4.75,0,0.596682302
2.25,-5.25,0,0.404196537
2.25,-5.75,0,0.377393394
2.25,-6.25,0,0.39621942
2.25,-6.75,0,0.379193977
2.25,-7.25,0,0.002818638
2.25,-7.75,0,0.001830439
2.25,-8.25,0,0.001342794
2.25,-8.75,0,0.000663353
2.25,-9.25,0,-0.000745246
2.25,-9.75,0,-0.001315343
2.25,-10.25,0,0.000220499
2.25,-10.75,0,-0.001223636
2.25,-11.25,0,-0.000729238
2.25,-11.75,0,-0.001599073
2.25,-12.25,0,0.000458916
2.25,-12.75,0,4.82E-04
2.25,-13.25,0,-0.000527228
2.25,-13.75,0,1.38E-03
2.25,-14.25,0,0.000468897
2.25,-14.75,0,0.00099654
2.75,14.75,0,-1.45E-03
2.75,14.25,0,0.003249014
2.75,13.75,0,1.63E-03
2.75,13.25,0,-0.001421953
2.75,12.75,0,-7.30E-04
2.75,12.25,0,0.00079771
2.75,11.75,0,-0.002418385
2.75,11.25,0,0.001995978
2.75,10.75,0,-0.00032066
2.75,10.25,0,-0.002242482
2.75,9.75,0,-0.000200987
2.75,9.25,0,-0.000108124
2.75,8.75,0,-0.002314853
2.75,8.25,0,-0.000124299
2.75,7.75,0,0.00466709
2.75,7.25,0,0.004336072
2.75,6.75,0,0.387228602
2.75,6.25,0,3.77E-01
2.75,5.75,0,0.388906592
2.75,5.25,0,0.37095197
2.75,4.75,0,0.601910886
2.75,4.25,0,0.600069467
2.75,3.75,0,0.587124643
2.75,3.25,0,0.582598019
2.75,2.75,0,0.77571568
2.75,2.25,0,0.772988748
2.75,1.75,0,0.765956422
2.75,1.25,0,0.77800881
2.75,0.75,0,0.742866414
2.75,0.25,0,0.837869978
2.75,-0.25,0,7.44E-01
2.75,-0.75,0,0.814599789
2.75,-1.25,0,0.727318202
2.75,-1.75,0,0.785368912
2.75,-2.25,0,7.46E-01
2.75,-2.75,0,0.756487713
2.75,-3.25,0,0.592040207
2.75,-3.75,0,5.64E-01
2.75,-4.25,0,0.600050898
2.75,-4.75,0,0.572029482
2.75,-5.25,0,0.372801835
2.75,-5.75,0,0.377390183
2.75,-6.25,0,0.399479478
2.75,-6.75,0,3.59E-01
2.75,-7.25,0,0.005183843
2.75,-7.75,0,0.00313961
2.75,-8.25,0,0.000828949
2.75,-8.75,0,0.000912114
2.75,-9.25,0,-0.002457339
2.75,-9.75,0,0.002533328
2.75,-10.25,0,0.001382277
2.75,-10.75,0,0.001116614
2.75,-11.25,0,-2.85E-04
2.75,-11.75,0,0.004777634
2.75,-12.25,0,-2.48E-03
2.75,-12.75,0,0.000795391
2.75,-13.25,0,-0.000130685
2.75,-13.75,0,0.000315361
2.75,-14.25,0,5.87E-05
2.75,-14.75,0,-2.65E-04
3.25,14.75,0,-0.000494947
3.25,14.25,0,0.000134447
3.25,13.75,0,-2.43E-03
3.25,13.25,0,0.001934642
3.25,12.75,0,-0.001610932
3.25,12.25,0,-0.000421914
3.25,11.75,0,0.000396499
3.25,11.25,0,-1.28E-03
3.25,10.75,0,0.000643985
3.25,10.25,0,4.10E-04
3.25,9.75,0,-0.000358691
3.25,9.25,0,0.002181247
3.25,8.75,0,7.14E-05
3.25,8.25,0,2.20E-03
3.25,7.75,0,0.001434877
3.25,7.25,0,0.004044577
3.25,6.75,0,0.371100166
3.25,6.25,0,3.93E-01
3.25,5.75,0,4.01E-01
3.25,5.25,0,3.77E-01
3.25,4.75,0,0.575222052
3.25,4.25,0,0.567936315
3.25,3.75,0,0.577779045
3.25,3.25,0,5.96E-01
3.25,2.75,0,0.572567676
3.25,2.25,0,6.30E-01
3.25,1.75,0,0.55820446
3.25,1.25,0,0.542216422
3.25,0.75,0,0.643920753
3.25,0.25,0,0.522989556
3.25,-0.25,0,6.19E-01
3.25,-0.75,0,0.548886077
3.25,-1.25,0,0.611757514
3.25,-1.75,0,0.596103223
3.25,-2.25,0,0.594674209
3.25,-2.75,0,6.11E-01
3.25,-3.25,0,0.572581084
3.25,-3.75,0,5.66E-01
3.25,-4.25,0,6.21E-01
3.25,-4.75,0,0.565290202
3.25,-5.25,0,0.400176649
3.25,-5.75,0,4.26E-01
3.25,-6.25,0,0.362178697
3.25,-6.75,0,0.415969435
3.25,-7.25,0,0.000525267
3.25,-7.75,0,0.001991173
3.25,-8.25,0,0.000229501
3.25,-8.75,0,1.35E-04
3.25,-9.25,0,0.000681899
3.25,-9.75,0,-0.002926395
3.25,-10.25,0,-0.000182938
3.25,-10.75,0,2.46E-04
3.25,-11.25,0,-2.39E-03
3.25,-11.75,0,-0.000488003
3.25,-12.25,0,0.00164499
3.25,-12.75,0,-3.17E-04
3.25,-13.25,0,0.000808574
3.25,-13.75,0,0.000382852
3.25,-14.25,0,0.000782911
3.25,-14.75,0,0.000747743
3.75,14.75,0,-0.001238608
3.75,14.25,0,0.000510078
3.75,13.75,0,0.002482122
3.75,13.25,0,0.001190268
3.75,12.75,0,-0.0005612
3.75,12.25,0,0.001874177
3.75,11.75,0,-0.003135977
3.75,11.25,0,0.003467842
3.75,10.75,0,-0.003628448
3.75,10.25,0,0.000787865
3.75,9.75,0,-0.001396386
3.75,9.25,0,0.000446134
3.75,8.75,0,0.00015165
3.75,8.25,0,-9.85E-04
3.75,7.75,0,0.001738385
3.75,7.25,0,3.75E-04
3.75,6.75,0,0.389735607
3.75,6.25,0,0.396788841
3.75,5.75,0,0.371455313
3.75,5.25,0,0.372429164
3.75,4.75,0,6.39E-01
3.75,4.25,0,0.561614238
3.75,3.75,0,0.606203788
3.75,3.25,0,5.65E-01
3.75,2.75,0,0.603705618
3.75,2.25,0,5.42E-01
3.75,1.75,0,0.610529035
3.75,1.25,0,0.56631367
3.75,0.75,0,0.580667241
3.75,0.25,0,0.618649412
3.75,-0.25,0,5.90E-01
3.75,-0.75,0,0.604111488
3.75,-1.25,0,0.596067045
3.75,-1.75,0,0.603442084
3.75,-2.25,0,0.559042305
3.75,-2.75,0,0.572165018
3.75,-3.25,0,6.04E-01
3.75,-3.75,0,0.564092075
3.75,-4.25,0,0.594500216
3.75,-4.75,0,5.60E-01
3.75,-5.25,0,4.03E-01
3.75,-5.75,0,0.380039205
3.75,-6.25,0,0.396520275
3.75,-6.75,0,0.377454295
3.75,-7.25,0,2.70E-03
3.75,-7.75,0,0.004331447
3.75,-8.25,0,0.0014328
3.75,-8.75,0,-0.001198356
3.75,-9.25,0,-0.001272039
3.75,-9.75,0,0.002270001
3.75,-10.25,0,-8.88E-04
3.75,-10.75,0,0.000686284
3.75,-11.25,0,0.002177712
3.75,-11.75,0,-0.002137453
3.75,-12.25,0,0.001273564
3.75,-12.75,0,0.00045274
3.75,-13.25,0,-0.001681749
3.75,-13.75,0,0.001050922
3.75,-14.25,0,-0.001677224
3.75,-14.75,0,-0.000115574
4.25,14.75,0,-0.000622333
4.25,14.25,0,0.001358942
4.25,13.75,0,-0.000285813
4.25,13.25,0,-0.001966081
4.25,12.75,0,-0.001700221
4.25,12.25,0,8.62E-05
4.25,11.75,0,0.004240386
4.25,11.25,0,-1.81E-03
4.25,10.75,0,1.74E-03
4.25,10.25,0,2.97E-03
4.25,9.75,0,-0.001067682
4.25,9.25,0,5.33E-04
4.25,8.75,0,-0.000851168
4.25,8.25,0,0.002367921
4.25,7.75,0,0.004444114
4.25,7.25,0,3.98E-03
4.25,6.75,0,3.87E-01
4.25,6.25,0,3.52E-01
4.25,5.75,0,0.422991293
4.25,5.25,0,0.37648642
4.25,4.75,0,0.558982119
4.25,4.25,0,5.60E-01
4.25,3.75,0,0.593433593
4.25,3.25,0,5.77E-01
4.25,2.75,0,0.567920835
4.25,2.25,0,0.582490942
4.25,1.75,0,0.557936786
4.25,1.25,0,0.591709152
4.25,0.75,0,0.593778143
4.25,0.25,0,0.569025091
4.25,-0.25,0,5.75E-01
4.25,-0.75,0,0.568341408
4.25,-1.25,0,0.537123988
4.25,-1.75,0,0.60321704
4.25,-2.25,0,0.562602412
4.25,-2.75,0,0.6048745
4.25,-3.25,0,5.75E-01
4.25,-3.75,0,5.70E-01
4.25,-4.25,0,6.10E-01
4.25,-4.75,0,0.590760571
4.25,-5.25,0,0.37030399
4.25,-5.75,0,0.383679073
4.25,-6.25,0,0.378647718
4.25,-6.75,0,0.386711404
4.25,-7.25,0,-0.001402506
4.25,-7.75,0,0.004134532
4.25,-8.25,0,0.00185967
4.25,-8.75,0,-1.59E-03
4.25,-9.25,0,0.002366464
4.25,-9.75,0,-0.001244539
4.25,-10.25,0,0.000254216
4.25,-10.75,0,0.001162859
4.25,-11.25,0,-0.003586633
4.25,-11.75,0,0.001536225
4.25,-12.25,0,-0.000286135
4.25,-12.75,0,-0.001971869
4.25,-13.25,0,8.04E-04
4.25,-13.75,0,6.62E-04
4.25,-14.25,0,-0.00155323
4.25,-14.75,0,0.001117953
4.75,14.75,0,-6.82E-05
4.75,14.25,0,-0.001531241
4.75,13.75,0,0.001103365
4.75,13.25,0,0.000512076
4.75,12.75,0,0.00186182
4.75,12.25,0,-0.000654685
4.75,11.75,0,-1.95E-03
4.75,11.25,0,1.57E-03
4.75,10.75,0,-0.00170584
4.75,10.25,0,-0.002077076
4.75,9.75,0,0.000680856
4.75,9.25,0,-0.000704159
4.75,8.75,0,0.000934063
4.75,8.25,0,-0.001708092
4.75,7.75,0,0.000434987
4.75,7.25,0,0.007493911
4.75,6.75,0,0.405509261
4.75,6.25,0,3.90E-01
4.75,5.75,0,0.398914104
4.75,5.25,0,0.377491446
4.75,4.75,0,0.604024863
4.75,4.25,0,0.635774385
4.75,3.75,0,0.541588627
4.75,3.25,0,6.19E-01
4.75,2.75,0,0.573082545
4.75,2.25,0,0.615475674
4.75,1.75,0,0.579223946
4.75,1.25,0,0.558573746
4.75,0.75,0,0.606282929
4.75,0.25,0,0.571494169
4.75,-0.25,0,5.88E-01
4.75,-0.75,0,0.616132498
4.75,-1.25,0,0.568577714
4.75,-1.75,0,0.587082609
4.75,-2.25,0,0.606914391
4.75,-2.75,0,0.520819916
4.75,-3.25,0,0.610134278
4.75,-3.75,0,0.594235808
4.75,-4.25,0,0.571333756
4.75,-4.75,0,0.589285131
4.75,-5.25,0,0.361167321
4.75,-5.75,0,0.416031614
4.75,-6.25,0,0.372286411
4.75,-6.75,0,0.367362149
4.75,-7.25,0,9.80E-03
4.75,-7.75,0,0.002153726
4.75,-8.25,0,-0.000672741
4.75,-8.75,0,0.00121035
4.75,-9.25,0,-0.000398738
4.75,-9.75,0,-0.000520206
4.75,-10.25,0,0.001460633
4.75,-10.75,0,-0.001522495
4.75,-11.25,0,0.002189672
4.75,-11.75,0,-0.001177588
4.75,-12.25,0,4.11E-04
4.75,-12.75,0,-0.000250569
4.75,-13.25,0,-1.25E-04
4.75,-13.75,0,0.002910454
4.75,-14.25,0,-0.001460622
4.75,-14.75,0,0.001959547
5.25,14.75,0,-0.00035793
5.25,14.25,0,-1.19E-03
5.25,13.75,0,9.41E-04
5.25,13.25,0,2.58E-05
5.25,12.75,0,-6.54E-05
5.25,12.25,0,3.39E-05
5.25,11.75,0,0.000480133
5.25,11.25,0,0.001736989
5.25,10.75,0,-0.002440947
5.25,10.25,0,0.003750346
5.25,9.75,0,-0.002076137
5.25,9.25,0,-1.77E-05
5.25,8.75,0,0.000578335
5.25,8.25,0,-0.001795495
5.25,7.75,0,1.80E-03
5.25,7.25,0,0.007138534
5.25,6.75,0,0.361426158
5.25,6.25,0,0.367226223
5.25,5.75,0,0.390696138
5.25,5.25,0,0.392933804
5.25,4.75,0,3.91E-01
5.25,4.25,0,0.372183815
5.25,3.75,0,0.404855222
5.25,3.25,0,0.374779689
5.25,2.75,0,3.94E-01
5.25,2.25,0,0.360548316
5.25,1.75,0,0.413900434
5.25,1.25,0,0.371506519
5.25,0.75,0,0.382750077
5.25,0.25,0,0.405683411
5.25,-0.25,0,3.69E-01
5.25,-0.75,0,0.369952115
5.25,-1.25,0,0.416825879
5.25,-1.75,0,0.393519191
5.25,-2.25,0,0.388058761
5.25,-2.75,0,4.34E-01
5.25,-3.25,0,3.38E-01
5.25,-3.75,0,0.406054862
5.25,-4.25,0,0.367985533
5.25,-4.75,0,3.91E-01
5.25,-5.25,0,3.93E-01
5.25,-5.75,0,0.427538476
5.25,-6.25,0,0.381473795
5.25,-6.75,0,0.387765981
5.25,-7.25,0,-0.00380724
5.25,-7.75,0,0.00338675
5.25,-8.25,0,8.16E-04
5.25,-8.75,0,-0.001732775
5.25,-9.25,0,0.000386115
5.25,-9.75,0,0.000891584
5.25,-10.25,0,-0.001644987
5.25,-10.75,0,1.06E-03
5.25,-11.25,0,-0.001846287
5.25,-11.75,0,2.12E-03
5.25,-12.25,0,-1.17E-03
5.25,-12.75,0,0.003083122
5.25,-13.25,0,-1.54E-03
5.25,-13.75,0,-0.001308494
5.25,-14.25,0,-0.000434718
5.25,-14.75,0,0.00045239
5.75,14.75,0,-3.12E-04
5.75,14.25,0,-0.00052132
5.75,13.75,0,-2.28E-03
5.75,13.25,0,0.001019785
5.75,12.75,0,-0.002194894
5.75,12.25,0,0.001189588
5.75,11.75,0,0.000215244
5.75,11.25,0,0.000348271
5.75,10.75,0,0.001339975
5.75,10.25,0,-1.77E-03
5.75,9.75,0,0.001719671
5.75,9.25,0,-4.89E-04
5.75,8.75,0,0.000414936
5.75,8.25,0,0.00313716
5.75,7.75,0,8.44E-04
5.75,7.25,0,0.007425005
5.75,6.75,0,3.90E-01
5.75,6.25,0,0.397918677
5.75,5.75,0,0.401201451
5.75,5.25,0,0.373175322
5.75,4.75,0,0.398961912
5.75,4.25,0,4.01E-01
5.75,3.75,0,3.94E-01
5.75,3.25,0,0.393350335
5.75,2.75,0,4.03E-01
5.75,2.25,0,0.364208869
5.75,1.75,0,0.387741857
5.75,1.25,0,0.389250217
5.75,0.75,0,0.387848018
5.75,0.25,0,0.37196136
5.75,-0.25,0,4.00E-01
5.75,-0.75,0,0.404233412
5.75,-1.25,0,0.381938037
5.75,-1.75,0,0.382756921
5.75,-2.25,0,0.380651628
5.75,-2.75,0,0.372687248
5.75,-3.25,0,0.412084701
5.75,-3.75,0,0.389629593
5.75,-4.25,0,0.394324638
5.75,-4.75,0,0.404256295
5.75,-5.25,0,0.371182131
5.75,-5.75,0,3.66E-01
5.75,-6.25,0,0.385348226
5.75,-6.75,0,4.02E-01
5.75,-7.25,0,1.26E-02
5.75,-7.75,0,-0.000861798
5.75,-8.25,0,1.83E-03
5.75,-8.75,0,1.16E-03
5.75,-9.25,0,-0.003070436
5.75,-9.75,0,9.72E-05
5.75,-10.25,0,0.002500791
5.75,-10.75,0,-0.002215585
5.75,-11.25,0,0.000343172
5.75,-11.75,0,0.00060591
5.75,-12.25,0,-0.000113752
5.75,-12.75,0,-0.002023024
5.75,-13.25,0,-0.000115767
5.75,-13.75,0,0.002050164
5.75,-14.25,0,0.00089357
5.75,-14.75,0,-0.000672975
6.25,14.75,0,0.001608234
6.25,14.25,0,0.000310299
6.25,13.75,0,0.00189824
6.25,13.25,0,0.000446673
6.25,12.75,0,0.00027357
6.25,12.25,0,1.97E-04
6.25,11.75,0,0.000891132
6.25,11.25,0,-0.000524343
6.25,10.75,0,-0.002004324
6.25,10.25,0,1.86E-03
6.25,9.75,0,-0.001024047
6.25,9.25,0,-0.000649391
6.25,8.75,0,0.00148081
6.25,8.25,0,-0.003799259
6.25,7.75,0,0.006198369
6.25,7.25,0,0.004427521
6.25,6.75,0,0.37364489
6.25,6.25,0,0.409452522
6.25,5.75,0,0.379131095
6.25,5.25,0,0.370350654
6.25,4.75,0,0.404320898
6.25,4.25,0,3.69E-01
6.25,3.75,0,0.385694514
6.25,3.25,0,0.394778295
6.25,2.75,0,0.374355388
6.25,2.25,0,0.413495521
6.25,1.75,0,0.391488748
6.25,1.25,0,4.21E-01
6.25,0.75,0,0.374472819
6.25,0.25,0,0.406093037
6.25,-0.25,0,3.80E-01
6.25,-0.75,0,0.387680253
6.25,-1.25,0,0.372619757
6.25,-1.75,0,0.408254823
6.25,-2.25,0,3.77E-01
6.25,-2.75,0,0.389723219
6.25,-3.25,0,0.379337381
6.25,-3.75,0,0.405012838
6.25,-4.25,0,0.403318686
6.25,-4.75,0,0.391788516
6.25,-5.25,0,0.371731215
6.25,-5.75,0,4.25E-01
6.25,-6.25,0,0.354314848
6.25,-6.75,0,3.94E-01
6.25,-7.25,0,-0.027823864
6.25,-7.75,0,0.012951485
6.25,-8.25,0,-0.003285419
6.25,-8.75,0,0.000877352
6.25,-9.25,0,0.002452878
6.25,-9.75,0,-0.000806636
6.25,-10.25,0,0.001870936
6.25,-10.75,0,-6.44E-05
6.25,-11.25,0,0.002365098
6.25,-11.75,0,-0.002782318
6.25,-12.25,0,0.001096916
6.25,-12.75,0,9.21E-05
6.25,-13.25,0,1.46E-03
6.25,-13.75,0,-2.44E-03
6.25,-14.25,0,-0.001317133
6.25,-14.75,0,0.000537829
6.75,14.75,0,-1.96E-03
6.75,14.25,0,1.35E-04
6.75,13.75,0,-0.001721554
6.75,13.25,0,5.90E-04
6.75,12.75,0,-0.000763319
6.75,12.25,0,-8.08E-04
6.75,11.75,0,-0.000625755
6.75,11.25,0,0.000464251
6.75,10.75,0,0.00234082
6.75,10.25,0,-0.000649466
6.75,9.75,0,-6.97E-04
6.75,9.25,0,0.001102715
6.75,8.75,0,-0.000230186
6.75,8.25,0,-0.00119959
6.75,7.75,0,0.001970092
6.75,7.25,0,-8.16E-03
6.75,6.75,0,0.378743191
6.75,6.25,0,0.362359455
6.75,5.75,0,3.98E-01
6.75,5.25,0,0.376214097
6.75,4.75,0,0.382488632
6.75,4.25,0,0.394731935
6.75,3.75,0,0.37595122
6.75,3.25,0,0.386535807
6.75,2.75,0,0.389609007
6.75,2.25,0,0.355934613
6.75,1.75,0,0.397823744
6.75,1.25,0,0.377159675
6.75,0.75,0,0.384814678
6.75,0.25,0,0.371080496
6.75,-0.25,0,3.84E-01
6.75,-0.75,0,0.392338845
6.75,-1.25,0,0.383691532
6.75,-1.75,0,0.365396607
6.75,-2.25,0,0.396955999
6.75,-2.75,0,3.76E-01
6.75,-3.25,0,0.393372727
6.75,-3.75,0,0.371240255
6.75,-4.25,0,0.359029038
6.75,-4.75,0,0.372035806
6.75,-5.25,0,0.395329061
6.75,-5.75,0,0.393202998
6.75,-6.25,0,0.384046691
6.75,-6.75,0,0.399777553
6.75,-7.25,0,-0.001228068
6.75,-7.75,0,0.000219798
6.75,-8.25,0,9.24E-04
6.75,-8.75,0,0.000386457
6.75,-9.25,0,-2.25E-03
6.75,-9.75,0,0.001427135
6.75,-10.25,0,-2.08E-03
6.75,-10.75,0,-0.001113408
6.75,-11.25,0,0.000671005
6.75,-11.75,0,0.000457857
6.75,-12.25,0,0.000588837
6.75,-12.75,0,-0.001639383
6.75,-13.25,0,-0.000766103
6.75,-13.75,0,0.002660584
6.75,-14.25,0,0.000729315
6.75,-14.75,0,-0.003136704
7.25,14.75,0,0.000275516
7.25,14.25,0,0.00062428
7.25,13.75,0,0.001773416
7.25,13.25,0,-0.00056963
7.25,12.75,0,5.87E-05
7.25,12.25,0,-6.73E-04
7.25,11.75,0,1.34E-03
7.25,11.25,0,-0.001571892
7.25,10.75,0,-0.001740028
7.25,10.25,0,-0.000552996
7.25,9.75,0,1.74E-03
7.25,9.25,0,-0.001982342
7.25,8.75,0,0.001349367
7.25,8.25,0,-1.58E-03
7.25,7.75,0,0.002969754
7.25,7.25,0,0.012475025
7.25,6.75,0,0.002677322
7.25,6.25,0,0.011313596
7.25,5.75,0,-0.001149278
7.25,5.25,0,0.007880914
7.25,4.75,0,9.21E-03
7.25,4.25,0,-0.011635083
7.25,3.75,0,0.00874825
7.25,3.25,0,-2.91E-03
7.25,2.75,0,-1.77E-03
7.25,2.25,0,0.015365802
7.25,1.75,0,0.001857323
7.25,1.25,0,-0.007828373
7.25,0.75,0,0.007761482
7.25,0.25,0,0.008740214
7.25,-0.25,0,7.29E-03
7.25,-0.75,0,0.008363175
7.25,-1.25,0,0.003694529
7.25,-1.75,0,0.030058377
7.25,-2.25,0,-0.005046087
7.25,-2.75,0,2.94E-03
7.25,-3.25,0,-9.32E-05
7.25,-3.75,0,0.011877469
7.25,-4.25,0,0.020746679
7.25,-4.75,0,4.14E-04
7.25,-5.25,0,-0.006795768
7.25,-5.75,0,-0.005022648
7.25,-6.25,0,-0.010399047
7.25,-6.75,0,0.001968292
7.25,-7.25,0,0.003953663
7.25,-7.75,0,0.000510803
7.25,-8.25,0,0.000308705
7.25,-8.75,0,3.43E-05
7.25,-9.25,0,0.001364914
7.25,-9.75,0,0.000879952
7.25,-10.25,0,-1.51E-03
7.25,-10.75,0,-3.75E-04
7.25,-11.25,0,0.000283131
7.25,-11.75,0,-0.000944129
7.25,-12.25,0,-0.00107407
7.25,-12.75,0,0.00067783
7.25,-13.25,0,-0.00128173
7.25,-13.75,0,-0.000736564
7.25,-14.25,0,-0.00060943
7.25,-14.75,0,0.001720556
7.75,14.75,0,-0.000974556
7.75,14.25,0,1.43E-03
7.75,13.75,0,-0.000418686
7.75,13.25,0,0.000245278
7.75,12.75,0,0.001752608
7.75,12.25,0,-1.68E-03
7.75,11.75,0,0.001604872
7.75,11.25,0,3.23E-04
7.75,10.75,0,0.000235939
7.75,10.25,0,0.000711512
7.75,9.75,0,0.00057543
7.75,9.25,0,1.04E-03
7.75,8.75,0,-0.001135578
7.75,8.25,0,0.002984172
7.75,7.75,0,-0.002400685
7.75,7.25,0,-0.000447668
7.75,6.75,0,0.000113479
7.75,6.25,0,3.40E-04
7.75,5.75,0,4.68E-03
7.75,5.25,0,0.000191761
7.75,4.75,0,3.23E-03
7.75,4.25,0,4.86E-03
7.75,3.75,0,-5.80E-04
7.75,3.25,0,0.004467599
7.75,2.75,0,0.009875831
7.75,2.25,0,-0.002240232
7.75,1.75,0,0.004630757
7.75,1.25,0,0.005934618
7.75,0.75,0,0.00331612
7.75,0.25,0,0.000648636
7.75,-0.25,0,-1.79E-03
7.75,-0.75,0,0.003905104
7.75,-1.25,0,-0.000786954
7.75,-1.75,0,-0.003875188
7.75,-2.25,0,0.00293722
7.75,-2.75,0,6.62E-03
7.75,-3.25,0,0.000547329
7.75,-3.75,0,0.00287291
7.75,-4.25,0,-0.001031104
7.75,-4.75,0,0.002158164
7.75,-5.25,0,0.006042437
7.75,-5.75,0,5.73E-03
7.75,-6.25,0,0.005044375
7.75,-6.75,0,0.001393374
7.75,-7.25,0,-0.000476396
7.75,-7.75,0,-0.000125998
7.75,-8.25,0,0.001132837
7.75,-8.75,0,-0.000372657
7.75,-9.25,0,-0.000439068
7.75,-9.75,0,1.73E-04
7.75,-10.25,0,-7.81E-04
7.75,-10.75,0,0.002702437
7.75,-11.25,0,-0.00160882
7.75,-11.75,0,2.56E-03
7.75,-12.25,0,-0.000639032
7.75,-12.75,0,-0.000605392
7.75,-13.25,0,0.002194392
7.75,-13.75,0,-0.003970835
7.75,-14.25,0,-0.000120191
7.75,-14.75,0,2.16E-03
8.25,14.75,0,0.000434645
8.25,14.25,0,0.000546678
8.25,13.75,0,-0.001232008
8.25,13.25,0,-6.76E-05
8.25,12.75,0,-0.00081213
8.25,12.25,0,-0.000612775
8.25,11.75,0,-8.62E-05
8.25,11.25,0,-0.000432384
8.25,10.75,0,-7.87E-04
8.25,10.25,0,-0.001941498
8.25,9.75,0,-5.63E-04
8.25,9.25,0,-0.001709415
8.25,8.75,0,0.000705577
8.25,8.25,0,-2.46E-03
8.25,7.75,0,0.001051053
8.25,7.25,0,-0.000282912
8.25,6.75,0,-2.64E-04
8.25,6.25,0,1.58E-03
8.25,5.75,0,-0.000194967
8.25,5.25,0,0.000766588
8.25,4.75,0,-2.50E-03
8.25,4.25,0,0.001297378
8.25,3.75,0,0.002906133
8.25,3.25,0,0.000480033
8.25,2.75,0,-0.000882536
8.25,2.25,0,-0.001031436
8.25,1.75,0,0.00061434
8.25,1.25,0,-0.002244983
8.25,0.75,0,0.001287537
8.25,0.25,0,-0.001578418
8.25,-0.25,0,3.83E-03
8.25,-0.75,0,-0.002935396
8.25,-1.25,0,0.000741929
8.25,-1.75,0,0.002673741
8.25,-2.25,0,0.000434957
8.25,-2.75,0,-0.002981127
8.25,-3.25,0,4.53E-03
8.25,-3.75,0,-0.001990461
8.25,-4.25,0,2.01E-03
8.25,-4.75,0,4.88E-05
8.25,-5.25,0,0.002327457
8.25,-5.75,0,8.86E-04
8.25,-6.25,0,-6.69E-05
8.25,-6.75,0,0.000912745
8.25,-7.25,0,-0.002949002
8.25,-7.75,0,0.002390614
8.25,-8.25,0,-0.003002058
8.25,-8.75,0,-0.000264026
8.25,-9.25,0,0.001478654
8.25,-9.75,0,4.42E-05
8.25,-10.25,0,0.000840542
8.25,-10.75,0,-0.001538738
8.25,-11.25,0,-0.000942388
8.25,-11.75,0,-0.001006172
8.25,-12.25,0,1.33E-03
8.25,-12.75,0,-0.001579436
8.25,-13.25,0,0.000222151
8.25,-13.75,0,0.001001947
8.25,-14.25,0,-0.000493291
8.25,-14.75,0,-0.001492139
8.75,14.75,0,0.000287392
8.75,14.25,0,0.001009746
8.75,13.75,0,-0.001857303
8.75,13.25,0,-0.000631891
8.75,12.75,0,0.001513746
8.75,12.25,0,-0.000955074
8.75,11.75,0,2.57E-04
8.75,11.25,0,0.001458157
8.75,10.75,0,-1.74E-03
8.75,10.25,0,0.00228027
8.75,9.75,0,-0.001146224
8.75,9.25,0,0.001760832
8.75,8.75,0,-0.002019499
8.75,8.25,0,0.001472409
8.75,7.75,0,-0.000991189
8.75,7.25,0,0.00075877
8.75,6.75,0,0.000135139
8.75,6.25,0,-0.001759888
8.75,5.75,0,0.000400729
8.75,5.25,0,-0.00105991
8.75,4.75,0,0.001616095
8.75,4.25,0,-1.64E-03
8.75,3.75,0,0.001145162
8.75,3.25,0,-0.000392712
8.75,2.75,0,0.000155585
8.75,2.25,0,8.93E-04
8.75,1.75,0,-2.24E-04
8.75,1.25,0,0.002095996
8.75,0.75,0,0.001350547
8.75,0.25,0,-0.003101881
8.75,-0.25,0,1.45E-03
8.75,-0.75,0,0.001468912
8.75,-1.25,0,-0.000527939
8.75,-1.75,0,-0.000987551
8.75,-2.25,0,-0.000156909
8.75,-2.75,0,-0.000135021
8.75,-3.25,0,-0.000117359
8.75,-3.75,0,-0.000726141
8.75,-4.25,0,-0.000746088
8.75,-4.75,0,0.000912583
8.75,-5.25,0,-0.001987142
8.75,-5.75,0,0.001645088
8.75,-6.25,0,-0.002412098
8.75,-6.75,0,0.001756097
8.75,-7.25,0,-0.000611874
8.75,-7.75,0,0.00199515
8.75,-8.25,0,1.11E-03
8.75,-8.75,0,1.16E-03
8.75,-9.25,0,-1.08E-03
8.75,-9.75,0,0.000475597
8.75,-10.25,0,-0.001322443
8.75,-10.75,0,0.001981877
8.75,-11.25,0,0.002089988
8.75,-11.75,0,0.000268215
8.75,-12.25,0,0.000329587
8.75,-12.75,0,0.002142318
8.75,-13.25,0,0.000388431
8.75,-13.75,0,-0.001511293
8.75,-14.25,0,0.000129468
8.75,-14.75,0,-3.20E-05
9.25,14.75,0,-0.002266835
9.25,14.25,0,3.15E-04
9.25,13.75,0,0.00115719
9.25,13.25,0,1.26E-04
9.25,12.75,0,1.52E-05
9.25,12.25,0,-0.000544143
9.25,11.75,0,0.001629722
9.25,11.25,0,-0.000556412
9.25,10.75,0,0.000933696
9.25,10.25,0,-0.001951483
9.25,9.75,0,0.004965098
9.25,9.25,0,-0.00257119
9.25,8.75,0,0.001169369
9.25,8.25,0,0.000509924
9.25,7.75,0,3.84E-05
9.25,7.25,0,0.001256201
9.25,6.75,0,-0.001840473
9.25,6.25,0,0.000869355
9.25,5.75,0,-0.000739411
9.25,5.25,0,0.000711203
9.25,4.75,0,0.000380874
9.25,4.25,0,0.002040861
9.25,3.75,0,-0.001924643
9.25,3.25,0,0.001482029
9.25,2.75,0,-0.002228784
9.25,2.25,0,-0.00054037
9.25,1.75,0,0.000886269
9.25,1.25,0,-0.002689263
9.25,0.75,0,-0.001324642
9.25,0.25,0,-0.000880321
9.25,-0.25,0,-9.18E-04
9.25,-0.75,0,-0.000817155
9.25,-1.25,0,0.003023177
9.25,-1.75,0,2.43E-05
9.25,-2.25,0,-0.000994329
9.25,-2.75,0,3.62E-05
9.25,-3.25,0,-0.000157848
9.25,-3.75,0,1.82E-03
9.25,-4.25,0,-0.000178605
9.25,-4.75,0,-0.001958125
9.25,-5.25,0,0.003374243
9.25,-5.75,0,-0.004629644
9.25,-6.25,0,0.002095117
9.25,-6.75,0,-0.002554369
9.25,-7.25,0,-0.001784761
9.25,-7.75,0,0.00155649
9.25,-8.25,0,0.001023988
9.25,-8.75,0,-0.001778354
9.25,-9.25,0,-0.001143827
9.25,-9.75,0,-0.001993036
9.25,-10.25,0,0.001853334
9.25,-10.75,0,-0.002393927
9.25,-11.25,0,-1.85E-03
9.25,-11.75,0,0.001120287
9.25,-12.25,0,-0.001276444
9.25,-12.75,0,0.000743215
9.25,-13.25,0,-0.001182782
9.25,-13.75,0,0.001018539
9.25,-14.25,0,-0.000983458
9.25,-14.75,0,0.002325132
9.75,14.75,0,-4.90E-05
9.75,14.25,0,-0.001026777
9.75,13.75,0,9.73E-04
9.75,13.25,0,0.000375199
9.75,12.75,0,-0.001566831
9.75,12.25,0,4.83E-04
9.75,11.75,0,-1.28E-03
9.75,11.25,0,2.97E-03
9.75,10.75,0,-0.002197965
9.75,10.25,0,-0.000285596
9.75,9.75,0,-2.89E-03
9.75,9.25,0,1.36E-03
9.75,8.75,0,0.001313326
9.75,8.25,0,-0.002050378
9.75,7.75,0,-0.001008393
9.75,7.25,0,-4.13E-04
9.75,6.75,0,-0.000750662
9.75,6.25,0,0.000512802
9.75,5.75,0,0.000521246
9.75,5.25,0,-0.00073244
9.75,4.75,0,0.00177685
9.75,4.25,0,-0.00207401
9.75,3.75,0,0.000660973
9.75,3.25,0,0.001570292
9.75,2.75,0,0.000151683
9.75,2.25,0,0.001214847
9.75,1.75,0,0.000923125
9.75,1.25,0,2.71E-03
9.75,0.75,0,-0.001327174
9.75,0.25,0,0.001258941
9.75,-0.25,0,-5.47E-04
9.75,-0.75,0,0.000648749
9.75,-1.25,0,-0.003029652
9.75,-1.75,0,0.001223924
9.75,-2.25,0,-0.000875072
9.75,-2.75,0,0.004106164
9.75,-3.25,0,-1.44E-05
9.75,-3.75,0,0.000608467
9.75,-4.25,0,-0.00283784
9.75,-4.75,0,0.002646423
9.75,-5.25,0,-0.002795006
9.75,-5.75,0,0.001616568
9.75,-6.25,0,-0.000660247
9.75,-6.75,0,0.00321101
9.75,-7.25,0,0.000499577
9.75,-7.75,0,-0.001707987
9.75,-8.25,0,-0.000810251
9.75,-8.75,0,0.001833144
9.75,-9.25,0,0.00087846
9.75,-9.75,0,0.000235344
9.75,-10.25,0,0.000468627
9.75,-10.75,0,-0.000934745
9.75,-11.25,0,3.67E-04
9.75,-11.75,0,-1.74E-03
9.75,-12.25,0,0.002135703
9.75,-12.75,0,-2.27E-04
9.75,-13.25,0,-6.00E-04
9.75,-13.75,0,-0.000547736
9.75,-14.25,0,0.001382442
9.75,-14.75,0,-0.000827206
10.25,14.75,0,0.001872901
10.25,14.25,0,-2.26E-05
10.25,13.75,0,-0.002650844
10.25,13.25,0,-0.000143357
10.25,12.75,0,0.000525022
10.25,12.25,0,-0.000914521
10.25,11.75,0,0.002272539
10.25,11.25,0,-3.67E-03
10.25,10.75,0,0.001680007
10.25,10.25,0,0.000825536
10.25,9.75,0,-0.003260935
10.25,9.25,0,0.003888398
10.25,8.75,0,-0.002821547
10.25,8.25,0,0.000779418
10.25,7.75,0,0.001481113
10.25,7.25,0,-4.58E-04
10.25,6.75,0,1.59E-03
10.25,6.25,0,1.03E-03
10.25,5.75,0,-0.001555973
10.25,5.25,0,0.001759122
10.25,4.75,0,-0.001093887
10.25,4.25,0,-0.002158803
10.25,3.75,0,0.000810257
10.25,3.25,0,1.00E-03
10.25,2.75,0,-5.99E-06
10.25,2.25,0,-0.001251547
10.25,1.75,0,-0.002209889
10.25,1.25,0,0.000781832
10.25,0.75,0,6.00E-05
10.25,0.25,0,-0.000335299
10.25,-0.25,0,4.94E-04
10.25,-0.75,0,-2.12E-03
10.25,-1.25,0,0.000695347
10.25,-1.75,0,-0.000205343
10.25,-2.25,0,0.000310125
10.25,-2.75,0,-0.000818587
10.25,-3.25,0,-0.001317536
10.25,-3.75,0,-0.000963924
10.25,-4.25,0,-0.000665522
10.25,-4.75,0,-0.000609109
10.25,-5.25,0,-1.56E-04
10.25,-5.75,0,-0.000315042
10.25,-6.25,0,0.003556571
10.25,-6.75,0,-0.003347446
10.25,-7.25,0,0.001018506
10.25,-7.75,0,-0.001307659
10.25,-8.25,0,-0.000378777
10.25,-8.75,0,1.49E-03
10.25,-9.25,0,-4.05E-03
10.25,-9.75,0,0.002438144
10.25,-10.25,0,0.001449064
10.25,-10.75,0,5.26E-04
10.25,-11.25,0,-0.001246415
10.25,-11.75,0,0.002305255
10.25,-12.25,0,-0.000351143
10.25,-12.75,0,-0.000489326
10.25,-13.25,0,-0.000598358
10.25,-13.75,0,0.000196155
10.25,-14.25,0,-0.000220625
10.25,-14.75,0,0.001685073
10.75,14.75,0,-0.001251868
10.75,14.25,0,0.001348209
10.75,13.75,0,-0.000343469
10.75,13.25,0,-0.001553204
10.75,12.75,0,0.002396268
10.75,12.25,0,-0.002137724
10.75,11.75,0,0.000922977
10.75,11.25,0,1.78E-03
10.75,10.75,0,-0.001350074
10.75,10.25,0,7.66E-05
10.75,9.75,0,-0.001016019
10.75,9.25,0,-0.001616198
10.75,8.75,0,9.30E-04
10.75,8.25,0,9.22E-04
10.75,7.75,0,-0.000418757
10.75,7.25,0,-0.002556582
10.75,6.75,0,-0.000208235
10.75,6.25,0,-0.000717602
10.75,5.75,0,-0.000900097
10.75,5.25,0,-0.001628908
10.75,4.75,0,0.002741284
10.75,4.25,0,-0.000291542
10.75,3.75,0,-0.001712792
10.75,3.25,0,0.003293194
10.75,2.75,0,-0.001148679
10.75,2.25,0,0.003083306
10.75,1.75,0,0.002340163
10.75,1.25,0,-0.002968734
10.75,0.75,0,-0.000775907
10.75,0.25,0,-0.002077808
10.75,-0.25,0,-2.68E-04
10.75,-0.75,0,0.001254787
10.75,-1.25,0,0.000638311
10.75,-1.75,0,1.22E-03
10.75,-2.25,0,-0.001303546
10.75,-2.75,0,0.001966805
10.75,-3.25,0,-0.00025486
10.75,-3.75,0,1.88E-04
10.75,-4.25,0,-0.000365489
10.75,-4.75,0,0.001810967
10.75,-5.25,0,-3.17E-04
10.75,-5.75,0,-0.000863158
10.75,-6.25,0,-0.000842812
10.75,-6.75,0,0.002474327
10.75,-7.25,0,0.000215878
10.75,-7.75,0,-0.001794183
10.75,-8.25,0,0.001171688
10.75,-8.75,0,-1.71E-03
10.75,-9.25,0,3.35E-03
10.75,-9.75,0,-0.003451851
10.75,-10.25,0,-2.78E-03
10.75,-10.75,0,0.002154312
10.75,-11.25,0,-0.001310919
10.75,-11.75,0,-7.24E-05
10.75,-12.25,0,-0.001587617
10.75,-12.75,0,0.001214414
10.75,-13.25,0,-0.002496026
10.75,-13.75,0,2.46E-05
10.75,-14.25,0,0.000682048
10.75,-14.75,0,-0.002314447
11.25,14.75,0,-0.000142438
11.25,14.25,0,-1.29E-04
11.25,13.75,0,-0.000704633
11.25,13.25,0,0.000370118
11.25,12.75,0,-0.000389394
11.25,12.25,0,-0.001211368
11.25,11.75,0,-0.000549575
11.25,11.25,0,4.35E-04
11.25,10.75,0,0.001653421
11.25,10.25,0,-0.001960213
11.25,9.75,0,0.002369061
11.25,9.25,0,6.79E-04
11.25,8.75,0,0.002367626
11.25,8.25,0,-0.001712622
11.25,7.75,0,0.00065566
11.25,7.25,0,0.003151449
11.25,6.75,0,-1.11E-03
11.25,6.25,0,0.000202103
11.25,5.75,0,0.002254308
11.25,5.25,0,0.00058897
11.25,4.75,0,-0.001175132
11.25,4.25,0,0.002592821
11.25,3.75,0,0.000813461
11.25,3.25,0,-0.004312493
11.25,2.75,0,-1.08E-04
11.25,2.25,0,-1.75E-03
11.25,1.75,0,-0.00150295
11.25,1.25,0,0.001011085
11.25,0.75,0,-1.07E-05
11.25,0.25,0,0.003264356
11.25,-0.25,0,-1.85E-03
11.25,-0.75,0,-0.000471677
11.25,-1.25,0,-0.003474758
11.25,-1.75,0,0.002827913
11.25,-2.25,0,-2.27E-03
11.25,-2.75,0,-1.51E-03
11.25,-3.25,0,0.002554554
11.25,-3.75,0,-8.23E-04
11.25,-4.25,0,0.003199906
11.25,-4.75,0,-0.000604832
11.25,-5.25,0,-0.000673158
11.25,-5.75,0,0.000934419
11.25,-6.25,0,-0.002869471
11.25,-6.75,0,-5.06E-04
11.25,-7.25,0,0.002004064
11.25,-7.75,0,0.000890527
11.25,-8.25,0,0.001325648
11.25,-8.75,0,-2.65E-03
11.25,-9.25,0,0.001550889
11.25,-9.75,0,0.002488627
11.25,-10.25,0,1.75E-03
11.25,-10.75,0,-0.001808763
11.25,-11.25,0,0.0008034
11.25,-11.75,0,1.60E-03
11.25,-12.25,0,0.002231977
11.25,-12.75,0,-0.000373344
11.25,-13.25,0,0.000825292
11.25,-13.75,0,-0.001891793
11.25,-14.25,0,0.000581105
11.25,-14.75,0,0.00016804
11.75,14.75,0,0.001220395
11.75,14.25,0,-8.03E-04
11.75,13.75,0,0.000333107
11.75,13.25,0,0.00130088
11.75,12.75,0,1.96E-05
11.75,12.25,0,0.001631781
11.75,11.75,0,0.000121347
11.75,11.25,0,0.000308994
11.75,10.75,0,-5.32E-05
11.75,10.25,0,-0.000964205
11.75,9.75,0,0.000675029
11.75,9.25,0,-0.002688112
11.75,8.75,0,-0.001372079
11.75,8.25,0,0.002336036
11.75,7.75,0,-0.001861581
11.75,7.25,0,0.000883758
11.75,6.75,0,0.00085312
11.75,6.25,0,3.02E-05
11.75,5.75,0,-1.05E-03
11.75,5.25,0,0.000704377
11.75,4.75,0,1.36E-04
11.75,4.25,0,-0.001098175
11.75,3.75,0,0.001297613
11.75,3.25,0,0.001349221
11.75,2.75,0,0.003424798
11.75,2.25,0,0.000944667
11.75,1.75,0,0.000845275
11.75,1.25,0,-0.003471872
11.75,0.75,0,-0.000580894
11.75,0.25,0,-0.001099625
11.75,-0.25,0,-4.83E-04
11.75,-0.75,0,0.00196448
11.75,-1.25,0,0.000597903
11.75,-1.75,0,0.000459999
11.75,-2.25,0,0.000216113
11.75,-2.75,0,-6.90E-06
11.75,-3.25,0,0.000128379
11.75,-3.75,0,8.08E-05
11.75,-4.25,0,-0.00318811
11.75,-4.75,0,-0.000927947
11.75,-5.25,0,0.003110199
11.75,-5.75,0,-0.003870346
11.75,-6.25,0,0.004631085
11.75,-6.75,0,-0.001124058
11.75,-7.25,0,-0.001641053
11.75,-7.75,0,0.00027349
11.75,-8.25,0,-0.001701782
11.75,-8.75,0,2.42E-03
11.75,-9.25,0,-1.96E-03
11.75,-9.75,0,-0.00352458
11.75,-10.25,0,0.001990728
11.75,-10.75,0,-0.001827088
11.75,-11.25,0,0.001665244
11.75,-11.75,0,-0.000643047
11.75,-12.25,0,-0.000898379
11.75,-12.75,0,2.59E-04
11.75,-13.25,0,-0.000297073
11.75,-13.75,0,0.001352783
11.75,-14.25,0,0.000153791
11.75,-14.75,0,-0.000195701
12.25,14.75,0,-0.002281335
12.25,14.25,0,0.001299751
12.25,13.75,0,-3.67E-05
12.25,13.25,0,-0.001556502
12.25,12.75,0,0.001190494
12.25,12.25,0,0.001168493
12.25,11.75,0,6.92E-04
12.25,11.25,0,4.59E-04
12.25,10.75,0,-5.90E-04
12.25,10.25,0,0.000755474
12.25,9.75,0,-8.84E-05
12.25,9.25,0,0.001310237
12.25,8.75,0,-9.00E-05
12.25,8.25,0,-0.001677823
12.25,7.75,0,1.38E-03
12.25,7.25,0,-0.00134276
12.25,6.75,0,-0.001266748
12.25,6.25,0,0.00148666
12.25,5.75,0,-0.001476981
12.25,5.25,0,2.30E-04
12.25,4.75,0,-2.35E-04
12.25,4.25,0,-7.68E-04
12.25,3.75,0,-0.000356699
12.25,3.25,0,-6.75E-05
12.25,2.75,0,-0.002019202
12.25,2.25,0,-0.001063455
12.25,1.75,0,1.41E-03
12.25,1.25,0,0.000687204
12.25,0.75,0,0.001249663
12.25,0.25,0,1.33E-05
12.25,-0.25,0,5.97E-04
12.25,-0.75,0,-0.002537172
12.25,-1.25,0,0.001219069
12.25,-1.75,0,-0.002415139
12.25,-2.25,0,0.001700229
12.25,-2.75,0,-0.000522848
12.25,-3.25,0,-0.000350041
12.25,-3.75,0,2.04E-05
12.25,-4.25,0,0.001555293
12.25,-4.75,0,-5.73E-04
12.25,-5.25,0,-0.001421284
12.25,-5.75,0,0.002717169
12.25,-6.25,0,-0.004388678
12.25,-6.75,0,0.001891526
12.25,-7.25,0,0.001266744
12.25,-7.75,0,0.000115157
12.25,-8.25,0,1.33E-03
12.25,-8.75,0,-5.17E-05
12.25,-9.25,0,1.32E-03
12.25,-9.75,0,0.001712725
12.25,-10.25,0,-1.52E-03
12.25,-10.75,0,0.000379763
12.25,-11.25,0,0.000835834
12.25,-11.75,0,0.000339102
12.25,-12.25,0,-0.001769954
12.25,-12.75,0,1.92E-03
12.25,-13.25,0,-0.000171492
12.25,-13.75,0,-2.46E-03
12.25,-14.25,0,2.26E-04
12.25,-14.75,0,0.002263165
12.75,14.75,0,0.002939861
12.75,14.25,0,-0.000457182
12.75,13.75,0,-0.000645227
12.75,13.25,0,-0.00180781
12.75,12.75,0,-0.00014248
12.75,12.25,0,6.15E-04
12.75,11.75,0,0.000246335
12.75,11.25,0,-0.001559206
12.75,10.75,0,6.29E-05
12.75,10.25,0,-4.03E-04
12.75,9.75,0,-4.73E-04
12.75,9.25,0,-8.26E-04
12.75,8.75,0,0.000965636
12.75,8.25,0,2.92E-04
12.75,7.75,0,-0.001280432
12.75,7.25,0,3.81E-05
12.75,6.75,0,0.0011574
12.75,6.25,0,-0.000354815
12.75,5.75,0,0.001185652
12.75,5.25,0,0.000705831
12.75,4.75,0,-8.06E-04
12.75,4.25,0,-1.81E-06
12.75,3.75,0,0.001280922
12.75,3.25,0,-2.20E-03
12.75,2.75,0,0.002654454
12.75,2.25,0,-0.001970382
12.75,1.75,0,0.001366688
12.75,1.25,0,0.001392559
12.75,0.75,0,-0.000472034
12.75,0.25,0,-0.001065891
12.75,-0.25,0,-1.77E-04
12.75,-0.75,0,0.00056404
12.75,-1.25,0,0.000792636
12.75,-1.75,0,0.000612799
12.75,-2.25,0,-0.000327382
12.75,-2.75,0,0.001717734
12.75,-3.25,0,-0.000205842
12.75,-3.75,0,-6.01E-05
12.75,-4.25,0,-0.000566827
12.75,-4.75,0,-0.00062929
12.75,-5.25,0,0.000406578
12.75,-5.75,0,0.000785189
12.75,-6.25,0,0.000298275
12.75,-6.75,0,-6.86E-04
12.75,-7.25,0,-8.27E-05
12.75,-7.75,0,-0.000299403
12.75,-8.25,0,-0.001120814
12.75,-8.75,0,-1.80E-03
12.75,-9.25,0,2.09E-03
12.75,-9.75,0,-0.004760903
12.75,-10.25,0,0.000858967
12.75,-10.75,0,-0.002283913
12.75,-11.25,0,2.74E-04
12.75,-11.75,0,0.000794423
12.75,-12.25,0,1.45E-03
12.75,-12.75,0,-0.000563626
12.75,-13.25,0,0.001260753
12.75,-13.75,0,0.000153935
12.75,-14.25,0,0.002737995
12.75,-14.75,0,-4.45E-03
13.25,14.75,0,-2.76E-03
13.25,14.25,0,-0.000328397
13.25,13.75,0,0.000891892
13.25,13.25,0,9.46E-04
13.25,12.75,0,0.002152468
13.25,12.25,0,-0.004125407
13.25,11.75,0,0.001769504
13.25,11.25,0,2.67E-03
13.25,10.75,0,-0.000499432
13.25,10.25,0,-0.002778135
13.25,9.75,0,0.00525186
13.25,9.25,0,-0.002153001
13.25,8.75,0,0.001088228
13.25,8.25,0,-0.0006728
13.25,7.75,0,1.05E-04
13.25,7.25,0,0.00280393
13.25,6.75,0,-0.00180662
13.25,6.25,0,0.001323833
13.25,5.75,0,0.001791422
13.25,5.25,0,2.02E-05
13.25,4.75,0,2.52E-04
13.25,4.25,0,0.001795347
13.25,3.75,0,-0.000868036
13.25,3.25,0,0.000830183
13.25,2.75,0,-0.001629334
13.25,2.25,0,0.001623729
13.25,1.75,0,5.46E-05
13.25,1.25,0,0.000524052
13.25,0.75,0,-0.001498309
13.25,0.25,0,-0.000319552
13.25,-0.25,0,3.49E-04
13.25,-0.75,0,-0.002299115
13.25,-1.25,0,-1.26E-05
13.25,-1.75,0,-0.000564982
13.25,-2.25,0,0.000456613
13.25,-2.75,0,0.000699437
13.25,-3.25,0,-0.001609517
13.25,-3.75,0,5.25E-04
13.25,-4.25,0,-1.03E-03
13.25,-4.75,0,-7.37E-06
13.25,-5.25,0,0.001623011
13.25,-5.75,0,-0.001963587
13.25,-6.25,0,0.000378513
13.25,-6.75,0,0.00206954
13.25,-7.25,0,-3.28E-03
13.25,-7.75,0,2.43E-03
13.25,-8.25,0,-0.000436362
13.25,-8.75,0,0.003812639
13.25,-9.25,0,-4.21E-05
13.25,-9.75,0,0.001435878
13.25,-10.25,0,0.002211334
13.25,-10.75,0,-0.000452679
13.25,-11.25,0,0.001788089
13.25,-11.75,0,-0.001107983
13.25,-12.25,0,-0.000150693
13.25,-12.75,0,-0.000326942
13.25,-13.25,0,-0.000285094
13.25,-13.75,0,-0.001986569
13.25,-14.25,0,-4.42E-04
13.25,-14.75,0,0.001385434
13.75,14.75,0,0.000892318
13.75,14.25,0,0.000388808
13.75,13.75,0,-1.26E-03
13.75,13.25,0,6.58E-04
13.75,12.75,0,-0.000562078
13.75,12.25,0,0.001827178
13.75,11.75,0,-1.22E-03
13.75,11.25,0,-0.002520157
13.75,10.75,0,3.10E-03
13.75,10.25,0,-0.000493262
13.75,9.75,0,-0.001182623
13.75,9.25,0,-8.38E-05
13.75,8.75,0,0.000136346
13.75,8.25,0,-9.06E-05
13.75,7.75,0,-0.000449611
13.75,7.25,0,-0.000648718
13.75,6.75,0,-0.001278034
13.75,6.25,0,-8.20E-04
13.75,5.75,0,-0.001436145
13.75,5.25,0,0.000208814
13.75,4.75,0,0.001234293
13.75,4.25,0,-0.001260076
13.75,3.75,0,-0.000357411
13.75,3.25,0,-0.001890357
13.75,2.75,0,0.001474414
13.75,2.25,0,-4.80E-04
13.75,1.75,0,-0.000121673
13.75,1.25,0,0.002255796
13.75,0.75,0,-0.002643917
13.75,0.25,0,0.002553258
13.75,-0.25,0,-3.10E-03
13.75,-0.75,0,0.002999293
13.75,-1.25,0,0.000355857
13.75,-1.75,0,-0.000583394
13.75,-2.25,0,0.001022451
13.75,-2.75,0,3.73E-04
13.75,-3.25,0,-0.000437274
13.75,-3.75,0,0.001174832
13.75,-4.25,0,0.001873761
13.75,-4.75,0,0.000578275
13.75,-5.25,0,1.85E-03
13.75,-5.75,0,-0.001157876
13.75,-6.25,0,-3.08E-04
13.75,-6.75,0,-2.84E-03
13.75,-7.25,0,0.003128604
13.75,-7.75,0,-0.00120954
13.75,-8.25,0,-0.000306956
13.75,-8.75,0,-0.002222281
13.75,-9.25,0,1.63E-06
13.75,-9.75,0,-0.001418936
13.75,-10.25,0,0.000540052
13.75,-10.75,0,-0.001534718
13.75,-11.25,0,-0.000326889
13.75,-11.75,0,-8.69E-05
13.75,-12.25,0,0.002219699
13.75,-12.75,0,0.001065192
13.75,-13.25,0,-0.001009005
13.75,-13.75,0,0.002365734
13.75,-14.25,0,0.001019025
13.75,-14.75,0,-0.001137688
14.25,14.75,0,-0.001084807
14.25,14.25,0,-0.000411661
14.25,13.75,0,0.002440022
14.25,13.25,0,-0.001493953
14.25,12.75,0,0.002279654
14.25,12.25,0,-1.81E-03
14.25,11.75,0,2.35E-03
14.25,11.25,0,0.0025186
14.25,10.75,0,-0.00391956
14.25,10.25,0,0.002000021
14.25,9.75,0,2.16E-04
14.25,9.25,0,-0.001265611
14.25,8.75,0,-0.001232755
14.25,8.25,0,0.002163107
14.25,7.75,0,-0.001429946
14.25,7.25,0,0.002191327
14.25,6.75,0,-4.94E-05
14.25,6.25,0,0.001503073
14.25,5.75,0,-1.77E-03
14.25,5.25,0,-0.000807521
14.25,4.75,0,6.89E-06
14.25,4.25,0,-7.70E-05
14.25,3.75,0,-0.000852978
14.25,3.25,0,0.002426655
14.25,2.75,0,-0.002008453
14.25,2.25,0,0.001540189
14.25,1.75,0,-0.001541484
14.25,1.25,0,-0.001699936
14.25,0.75,0,0.00077743
14.25,0.25,0,0.001603591
14.25,-0.25,0,2.11E-03
14.25,-0.75,0,-0.003422035
14.25,-1.25,0,-4.91E-05
14.25,-1.75,0,-0.00102246
14.25,-2.25,0,-0.002252449
14.25,-2.75,0,2.40E-03
14.25,-3.25,0,-0.000432309
14.25,-3.75,0,-0.002367324
14.25,-4.25,0,1.28E-04
14.25,-4.75,0,-0.00038376
14.25,-5.25,0,-1.95E-03
14.25,-5.75,0,0.002026757
14.25,-6.25,0,-0.001558542
14.25,-6.75,0,1.06E-03
14.25,-7.25,0,-0.000782308
14.25,-7.75,0,-0.001479076
14.25,-8.25,0,-0.00022671
14.25,-8.75,0,5.46E-04
14.25,-9.25,0,0.000153693
14.25,-9.75,0,0.001797203
14.25,-10.25,0,-0.001384615
14.25,-10.75,0,0.001084427
14.25,-11.25,0,-0.000506646
14.25,-11.75,0,0.00034323
14.25,-12.25,0,-0.002522152
14.25,-12.75,0,1.35E-03
14.25,-13.25,0,-0.000774153
14.25,-13.75,0,-0.000678962
14.25,-14.25,0,1.05E-03
14.25,-14.75,0,-0.001734464
14.75,14.75,0,0.001752255
14.75,14.25,0,-0.001847385
14.75,13.75,0,3.66E-04
14.75,13.25,0,-0.000142981
14.75,12.75,0,-0.001240644
14.75,12.25,0,0.000807824
14.75,11.75,0,0.000310681
14.75,11.25,0,-0.000361645
14.75,10.75,0,8.22E-04
14.75,10.25,0,4.19E-05
14.75,9.75,0,-0.001900896
14.75,9.25,0,-9.34E-04
14.75,8.75,0,0.002067468
14.75,8.25,0,-0.000887472
14.75,7.75,0,5.80E-05
14.75,7.25,0,-0.00051048
14.75,6.75,0,0.000319354
14.75,6.25,0,-0.000811776
14.75,5.75,0,0.00160555
14.75,5.25,0,-6.12E-05
14.75,4.75,0,-0.001536074
14.75,4.25,0,0.000627515
14.75,3.75,0,0.002244785
14.75,3.25,0,-0.001977853
14.75,2.75,0,0.001791575
14.75,2.25,0,-0.000849974
14.75,1.75,0,0.000318566
14.75,1.25,0,0.00107138
14.75,0.75,0,-0.001178379
14.75,0.25,0,0.000652862
14.75,-0.25,0,-1.23E-03
14.75,-0.75,0,0.000489506
14.75,-1.25,0,-4.15E-05
14.75,-1.75,0,0.002539946
14.75,-2.25,0,0.000294659
14.75,-2.75,0,-2.13E-03
14.75,-3.25,0,0.002063518
14.75,-3.75,0,-0.000429007
14.75,-4.25,0,0.001250391
14.75,-4.75,0,-0.000648084
14.75,-5.25,0,0.000454851
14.75,-5.75,0,-1.78E-03
14.75,-6.25,0,1.53E-03
14.75,-6.75,0,0.000603601
14.75,-7.25,0,-0.00103034
14.75,-7.75,0,-0.000251064
14.75,-8.25,0,0.00137786
14.75,-8.75,0,-0.001613838
14.75,-9.25,0,0.001661492
14.75,-9.75,0,-3.05E-03
14.75,-10.25,0,0.00209975
14.75,-10.75,0,-0.00096067
14.75,-11.25,0,-0.000553103
14.75,-11.75,0,1.68E-03
14.75,-12.25,0,-5.07E-04
14.75,-12.75,0,-0.002004599
14.75,-13.25,0,0.002815457
14.75,-13.75,0,-1.80E-03
14.75,-14.25,0,0.000737988
14.75,-14.75,0,9.06E-04
