-14.75,14.75,0,0.033986717
-14.75,14.25,0,-0.028029942
-14.75,13.75,0,-1.37E-02
-14.75,13.25,0,0.039343872
-14.75,12.75,0,-0.003810526
-14.75,12.25,0,-0.042184432
-14.75,11.75,0,-0.044646969
-14.75,11.25,0,0.0147975
-14.75,10.75,0,0.005041218
-14.75,10.25,0,-0.014005983
-14.75,9.75,0,-0.013077968
-14.75,9.25,0,0.004206751
-14.75,8.75,0,0.011999721
-14.75,8.25,0,0.014323847
-14.75,7.75,0,-0.002809526
-14.75,7.25,0,-0.029979799
-14.75,6.75,0,-0.010694292
-14.75,6.25,0,0.04162528
-14.75,5.75,0,-0.009459814
-14.75,5.25,0,-0.00433655
-14.75,4.75,0,0.012943488
-14.75,4.25,0,-0.051764683
-14.75,3.75,0,0.009270799
-14.75,3.25,0,1.63E-02
-14.75,2.75,0,-0.067037607
-14.75,2.25,0,-0.027444466
-14.75,1.75,0,0.019563158
-14.75,1.25,0,-0.011358511
-14.75,0.75,0,0.002618304
-14.75,0.25,0,0.003964465
-14.75,-0.25,0,-3.73E-02
-14.75,-0.75,0,0.007880212
-14.75,-1.25,0,0.021471691
-14.75,-1.75,0,-0.03736906
-14.75,-2.25,0,0.018968224
-14.75,-2.75,0,-0.01345434
-14.75,-3.25,0,0.014848954
-14.75,-3.75,0,0.006634175
-14.75,-4.25,0,0.020517881
-14.75,-4.75,0,-0.000707308
-14.75,-5.25,0,-0.010112338
-14.75,-5.75,0,8.82E-03
-14.75,-6.25,0,0.00815451
-14.75,-6.75,0,-0.010482037
-14.75,-7.25,0,0.021823538
-14.75,-7.75,0,0.023984113
-14.75,-8.25,0,-0.024483941
-14.75,-8.75,0,0.017135986
-14.75,-9.25,0,-0.013129336
-14.75,-9.75,0,6.85E-02
-14.75,-10.25,0,-0.044936187
-14.75,-10.75,0,7.78E-03
-14.75,-11.25,0,-0.030243884
-14.75,-11.75,0,-0.066183044
-14.75,-12.25,0,0.076499987
-14.75,-12.75,0,-2.24E-02
-14.75,-13.25,0,0.047858801
-14.75,-13.75,0,-0.037338441
-14.75,-14.25,0,0.023751337
-14.75,-14.75,0,-0.031221965
-14.25,14.75,0,-0.08147173
-14.25,14.25,0,0.08107209
-14.25,13.75,0,-0.005616128
-14.25,13.25,0,-0.021158037
-14.25,12.75,0,-0.010473266
-14.25,12.25,0,0.062139241
-14.25,11.75,0,-1.33E-02
-14.25,11.25,0,0.046530402
-14.25,10.75,0,-5.49E-03
-14.25,10.25,0,-0.027331055
-14.25,9.75,0,6.93E-02
-14.25,9.25,0,-0.080496464
-14.25,8.75,0,0.02287617
-14.25,8.25,0,0.028903364
-14.25,7.75,0,-8.48E-03
-14.25,7.25,0,0.018057296
-14.25,6.75,0,0.052559937
-14.25,6.25,0,-0.014177649
-14.25,5.75,0,-0.000873682
-14.25,5.25,0,0.008172142
-14.25,4.75,0,-0.043179717
-14.25,4.25,0,0.070912502
-14.25,3.75,0,-0.03713037
-14.25,3.25,0,0.044404567
-14.25,2.75,0,0.011523814
-14.25,2.25,0,-0.001792233
-14.25,1.75,0,-0.004099629
-14.25,1.25,0,0.031868248
-14.25,0.75,0,-0.0402956
-14.25,0.25,0,0.033423154
-14.25,-0.25,0,2.54E-02
-14.25,-0.75,0,-0.019050797
-14.25,-1.25,0,0.029285468
-14.25,-1.75,0,-0.007166559
-14.25,-2.25,0,0.033224565
-14.25,-2.75,0,-0.052835619
-14.25,-3.25,0,0.022727108
-14.25,-3.75,0,-1.56E-02
-14.25,-4.25,0,0.00342563
-14.25,-4.75,0,0.048255613
-14.25,-5.25,0,-2.70E-02
-14.25,-5.75,0,0.030138672
-14.25,-6.25,0,-3.19E-03
-14.25,-6.75,0,1.03E-02
-14.25,-7.25,0,-0.019708326
-14.25,-7.75,0,0.018807182
-14.25,-8.25,0,-2.82E-02
-14.25,-8.75,0,-0.007181139
-14.25,-9.25,0,0.001906884
-14.25,-9.75,0,-0.072301441
-14.25,-10.25,0,0.050873326
-14.25,-10.75,0,-1.61E-02
-14.25,-11.25,0,-9.36E-03
-14.25,-11.75,0,0.069597834
-14.25,-12.25,0,-2.32E-02
-14.25,-12.75,0,-1.08E-02
-14.25,-13.25,0,-0.03690447
-14.25,-13.75,0,0.063314495
-14.25,-14.25,0,-0.049758849
-14.25,-14.75,0,0.018985803
-13.75,14.75,0,0.027235987
-13.75,14.25,0,-3.36E-02
-13.75,13.75,0,0.011775731
-13.75,13.25,0,-0.02142634
-13.75,12.75,0,0.026404164
-13.75,12.25,0,-0.029613695
-13.75,11.75,0,0.022921955
-13.75,11.25,0,-0.011508054
-13.75,10.75,0,-0.026882597
-13.75,10.25,0,0.015110084
-13.75,9.75,0,-0.018504843
-13.75,9.25,0,0.057901222
-13.75,8.75,0,-0.007101218
-13.75,8.25,0,-0.005996522
-13.75,7.75,0,-0.01944093
-13.75,7.25,0,0.002192398
-13.75,6.75,0,-0.034698869
-13.75,6.25,0,-0.05800365
-13.75,5.75,0,0.030901661
-13.75,5.25,0,-0.022731904
-13.75,4.75,0,0.061653109
-13.75,4.25,0,2.96E-02
-13.75,3.75,0,0.027574884
-13.75,3.25,0,-0.01955649
-13.75,2.75,0,-1.09E-02
-13.75,2.25,0,0.018100284
-13.75,1.75,0,0.025921478
-13.75,1.25,0,-0.029171877
-13.75,0.75,0,0.025977902
-13.75,0.25,0,0.00171927
-13.75,-0.25,0,-4.14E-02
-13.75,-0.75,0,0.045783846
-13.75,-1.25,0,-0.054679338
-13.75,-1.75,0,-0.021775622
-13.75,-2.25,0,-0.006518963
-13.75,-2.75,0,0.014694258
-13.75,-3.25,0,-0.050536276
-13.75,-3.75,0,0.047656575
-13.75,-4.25,0,-1.48E-02
-13.75,-4.75,0,-0.022059796
-13.75,-5.25,0,0.019991409
-13.75,-5.75,0,-0.009156397
-13.75,-6.25,0,-0.030878189
-13.75,-6.75,0,-0.05217349
-13.75,-7.25,0,0.039036025
-13.75,-7.75,0,-0.028137428
-13.75,-8.25,0,-0.03498954
-13.75,-8.75,0,0.021467722
-13.75,-9.25,0,0.009098784
-13.75,-9.75,0,-0.002138399
-13.75,-10.25,0,0.036830985
-13.75,-10.75,0,-0.022579723
-13.75,-11.25,0,5.28E-03
-13.75,-11.75,0,-0.03578924
-13.75,-12.25,0,0.003828975
-13.75,-12.75,0,3.22E-02
-13.75,-13.25,0,-4.71E-03
-13.75,-13.75,0,-8.36E-03
-13.75,-14.25,0,0.019149632
-13.75,-14.75,0,-0.016131031
-13.25,14.75,0,0.011489376
-13.25,14.25,0,-2.95E-02
-13.25,13.75,0,0.037386057
-13.25,13.25,0,0.003564231
-13.25,12.75,0,-0.040968934
-13.25,12.25,0,0.024283625
-13.25,11.75,0,-0.004581262
-13.25,11.25,0,0.024921947
-13.25,10.75,0,0.010503677
-13.25,10.25,0,-0.013731283
-13.25,9.75,0,-3.95E-02
-13.25,9.25,0,-0.029298404
-13.25,8.75,0,0.015432446
-13.25,8.25,0,-0.031800058
-13.25,7.75,0,0.015127898
-13.25,7.25,0,0.013742597
-13.25,6.75,0,0.008763932
-13.25,6.25,0,0.031248914
-13.25,5.75,0,0.003975349
-13.25,5.25,0,0.008382393
-13.25,4.75,0,-0.0334417
-13.25,4.25,0,-0.059651649
-13.25,3.75,0,0.014137729
-13.25,3.25,0,-3.09E-02
-13.25,2.75,0,0.010983696
-13.25,2.25,0,0.03201365
-13.25,1.75,0,-0.001530133
-13.25,1.25,0,-0.018466275
-13.25,0.75,0,-0.05258693
-13.25,0.25,0,0.011196556
-13.25,-0.25,0,-9.84E-04
-13.25,-0.75,0,0.013466869
-13.25,-1.25,0,-0.003744874
-13.25,-1.75,0,0.017610427
-13.25,-2.25,0,-0.001118015
-13.25,-2.75,0,3.84E-02
-13.25,-3.25,0,0.027621143
-13.25,-3.75,0,-0.05433462
-13.25,-4.25,0,0.022906318
-13.25,-4.75,0,-0.043856019
-13.25,-5.25,0,-0.014070429
-13.25,-5.75,0,1.67E-03
-13.25,-6.25,0,-0.002756888
-13.25,-6.75,0,0.045967504
-13.25,-7.25,0,-0.067644474
-13.25,-7.75,0,0.07030389
-13.25,-8.25,0,0.002896608
-13.25,-8.75,0,0.016377646
-13.25,-9.25,0,0.034959559
-13.25,-9.75,0,-0.083028463
-13.25,-10.25,0,0.005634088
-13.25,-10.75,0,0.012237146
-13.25,-11.25,0,0.009325685
-13.25,-11.75,0,0.051774466
-13.25,-12.25,0,-0.011031648
-13.25,-12.75,0,-0.011515433
-13.25,-13.25,0,4.70E-02
-13.25,-13.75,0,-5.25E-03
-13.25,-14.25,0,0.000196198
-13.25,-14.75,0,-0.019922893
-12.75,14.75,0,-4.82E-02
-12.75,14.25,0,0.00804645
-12.75,13.75,0,-0.020642981
-12.75,13.25,0,-0.00780668
-12.75,12.75,0,-3.99E-05
-12.75,12.25,0,0.030185
-12.75,11.75,0,0.000996689
-12.75,11.25,0,-0.042483905
-12.75,10.75,0,0.012984942
-12.75,10.25,0,-3.90E-02
-12.75,9.75,0,0.047529841
-12.75,9.25,0,0.008284524
-12.75,8.75,0,0.062468734
-12.75,8.25,0,-0.047342118
-12.75,7.75,0,0.013270982
-12.75,7.25,0,0.006948199
-12.75,6.75,0,-2.29E-02
-12.75,6.25,0,0.030192092
-12.75,5.75,0,-1.31E-02
-12.75,5.25,0,-0.027923695
-12.75,4.75,0,0.024829417
-12.75,4.25,0,-0.012533838
-12.75,3.75,0,-0.007540254
-12.75,3.25,0,0.013447305
-12.75,2.75,0,0.003560177
-12.75,2.25,0,-0.01358146
-12.75,1.75,0,-0.041543978
-12.75,1.25,0,0.02133753
-12.75,0.75,0,0.044084162
-12.75,0.25,0,-0.00634736
-12.75,-0.25,0,-2.76E-02
-12.75,-0.75,0,0.027351409
-12.75,-1.25,0,-0.023010347
-12.75,-1.75,0,0.041331145
-12.75,-2.25,0,-0.001735942
-12.75,-2.75,0,-0.044854993
-12.75,-3.25,0,-0.017113276
-12.75,-3.75,0,0.0357262
-12.75,-4.25,0,0.029248588
-12.75,-4.75,0,-0.008656996
-12.75,-5.25,0,0.014366468
-12.75,-5.75,0,-0.013239125
-12.75,-6.25,0,-0.021590427
-12.75,-6.75,0,-5.86E-02
-12.75,-7.25,0,0.092928856
-12.75,-7.75,0,-0.041543753
-12.75,-8.25,0,0.013891777
-12.75,-8.75,0,-0.051678485
-12.75,-9.25,0,0.031685588
-12.75,-9.75,0,0.010046591
-12.75,-10.25,0,-0.011751887
-12.75,-10.75,0,-3.58E-02
-12.75,-11.25,0,-0.018267077
-12.75,-11.75,0,-0.014572223
-12.75,-12.25,0,2.92E-02
-12.75,-12.75,0,-0.013392722
-12.75,-13.25,0,-0.064522927
-12.75,-13.75,0,0.024477952
-12.75,-14.25,0,-2.11E-02
-12.75,-14.75,0,0.004798304
-12.25,14.75,0,0.037122553
-12.25,14.25,0,-0.01644094
-12.25,13.75,0,0.010851994
-12.25,13.25,0,-7.46E-03
-12.25,12.75,0,0.023655254
-12.25,12.25,0,-0.001379861
-12.25,11.75,0,-0.069197471
-12.25,11.25,0,0.032321571
-12.25,10.75,0,-0.023307583
-12.25,10.25,0,0.038751465
-12.25,9.75,0,2.94E-02
-12.25,9.25,0,-3.50E-02
-12.25,8.75,0,0.025170711
-12.25,8.25,0,0.019925145
-12.25,7.75,0,1.66E-02
-12.25,7.25,0,-0.004550307
-12.25,6.75,0,-0.010870641
-12.25,6.25,0,-0.021051808
-12.25,5.75,0,0.018241286
-12.25,5.25,0,0.0060704
-12.25,4.75,0,-0.000296286
-12.25,4.25,0,0.018939671
-12.25,3.75,0,-1.41E-02
-12.25,3.25,0,-0.023652072
-12.25,2.75,0,0.006589066
-12.25,2.25,0,-0.015791857
-12.25,1.75,0,0.019983126
-12.25,1.25,0,-0.035613653
-12.25,0.75,0,-0.012162356
-12.25,0.25,0,0.047318513
-12.25,-0.25,0,-3.28E-02
-12.25,-0.75,0,0.021509002
-12.25,-1.25,0,-0.007762251
-12.25,-1.75,0,-0.02190171
-12.25,-2.25,0,0.034917272
-12.25,-2.75,0,0.002007169
-12.25,-3.25,0,-0.016904417
-12.25,-3.75,0,0.018809781
-12.25,-4.25,0,-0.011439356
-12.25,-4.75,0,-0.026152239
-12.25,-5.25,0,0.021786756
-12.25,-5.75,0,0.047371018
-12.25,-6.25,0,1.45E-02
-12.25,-6.75,0,0.03440995
-12.25,-7.25,0,-0.092164448
-12.25,-7.75,0,0.06404155
-12.25,-8.25,0,0.021214369
-12.25,-8.75,0,0.021742353
-12.25,-9.25,0,0.020770088
-12.25,-9.75,0,-0.029797805
-12.25,-10.25,0,0.009841321
-12.25,-10.75,0,-0.002964188
-12.25,-11.25,0,0.042546801
-12.25,-11.75,0,-0.026649987
-12.25,-12.25,0,0.011271706
-12.25,-12.75,0,-0.005239944
-12.25,-13.25,0,0.049006947
-12.25,-13.75,0,-0.005238575
-12.25,-14.25,0,0.018319296
-12.25,-14.75,0,0.020402245
-11.75,14.75,0,-0.019286325
-11.75,14.25,0,0.026737946
-11.75,13.75,0,0.025883773
-11.75,13.25,0,-0.033712143
-11.75,12.75,0,0.020795659
-11.75,12.25,0,-0.010246037
-11.75,11.75,0,-0.001377094
-11.75,11.25,0,-0.011498285
-11.75,10.75,0,1.22E-02
-11.75,10.25,0,2.63E-02
-11.75,9.75,0,-0.010638205
-11.75,9.25,0,-0.020958764
-11.75,8.75,0,0.005139618
-11.75,8.25,0,-0.016127215
-11.75,7.75,0,-0.009990408
-11.75,7.25,0,0.004076909
-11.75,6.75,0,0.019794536
-11.75,6.25,0,0.025077039
-11.75,5.75,0,-0.034126318
-11.75,5.25,0,0.043051338
-11.75,4.75,0,-0.00052529
-11.75,4.25,0,0.013586052
-11.75,3.75,0,-1.34E-02
-11.75,3.25,0,0.002462236
-11.75,2.75,0,-0.035894758
-11.75,2.25,0,-0.019841361
-11.75,1.75,0,0.068452211
-11.75,1.25,0,-0.015167188
-11.75,0.75,0,0.048204016
-11.75,0.25,0,-0.000614643
-11.75,-0.25,0,-5.96E-03
-11.75,-0.75,0,-0.027347316
-11.75,-1.25,0,0.032454497
-11.75,-1.75,0,-0.006553365
-11.75,-2.25,0,-0.044816689
-11.75,-2.75,0,0.006545182
-11.75,-3.25,0,5.54E-02
-11.75,-3.75,0,-0.017555425
-11.75,-4.25,0,-0.003478339
-11.75,-4.75,0,0.040351108
-11.75,-5.25,0,-0.073936431
-11.75,-5.75,0,-0.008850869
-11.75,-6.25,0,-0.042130875
-11.75,-6.75,0,-0.070174112
-11.75,-7.25,0,5.07E-02
-11.75,-7.75,0,-0.014567432
-11.75,-8.25,0,-0.009888337
-11.75,-8.75,0,-0.021209127
-11.75,-9.25,0,0.002922428
-11.75,-9.75,0,-0.007365788
-11.75,-10.25,0,0.031904741
-11.75,-10.75,0,0.006826995
-11.75,-11.25,0,-0.020962529
-11.75,-11.75,0,0.032606953
-11.75,-12.25,0,4.39E-03
-11.75,-12.75,0,-0.0007703
-11.75,-13.25,0,-0.001483383
-11.75,-13.75,0,0.01310866
-11.75,-14.25,0,0.008709301
-11.75,-14.75,0,-0.008608797
-11.25,14.75,0,0.00477997
-11.25,14.25,0,-1.66E-02
-11.25,13.75,0,0.045517663
-11.25,13.25,0,0.002846715
-11.25,12.75,0,3.58E-02
-11.25,12.25,0,-3.67E-02
-11.25,11.75,0,0.01396661
-11.25,11.25,0,0.007843281
-11.25,10.75,0,0.019021418
-11.25,10.25,0,-0.010354441
-11.25,9.75,0,-0.01674429
-11.25,9.25,0,0.032056779
-11.25,8.75,0,0.029291215
-11.25,8.25,0,-0.023392195
-11.25,7.75,0,0.016881227
-11.25,7.25,0,-0.006649142
-11.25,6.75,0,1.06E-02
-11.25,6.25,0,-2.75E-02
-11.25,5.75,0,-0.002639207
-11.25,5.25,0,-0.011891558
-11.25,4.75,0,-0.047060714
-11.25,4.25,0,3.55E-02
-11.25,3.75,0,5.88E-03
-11.25,3.25,0,0.040789023
-11.25,2.75,0,-0.004336506
-11.25,2.25,0,0.056760151
-11.25,1.75,0,-0.044054497
-11.25,1.25,0,-0.002298013
-11.25,0.75,0,0.055791747
-11.25,0.25,0,-0.077812678
-11.25,-0.25,0,6.01E-02
-11.25,-0.75,0,0.018893941
-11.25,-1.25,0,-0.055215997
-11.25,-1.75,0,3.97E-02
-11.25,-2.25,0,0.018487155
-11.25,-2.75,0,-0.002512062
-11.25,-3.25,0,-0.021322135
-11.25,-3.75,0,0.047006546
-11.25,-4.25,0,-0.032283865
-11.25,-4.75,0,0.019089022
-11.25,-5.25,0,-2.96E-02
-11.25,-5.75,0,7.03E-02
-11.25,-6.25,0,0.00447899
-11.25,-6.75,0,0.023138919
-11.25,-7.25,0,-0.007618691
-11.25,-7.75,0,-0.03388737
-11.25,-8.25,0,0.026319339
-11.25,-8.75,0,1.46E-02
-11.25,-9.25,0,0.000705745
-11.25,-9.75,0,0.057947318
-11.25,-10.25,0,-0.058301145
-11.25,-10.75,0,0.001517754
-11.25,-11.25,0,0.013439112
-11.25,-11.75,0,-0.050718865
-11.25,-12.25,0,0.03435876
-11.25,-12.75,0,-0.023848535
-11.25,-13.25,0,-0.020971866
-11.25,-13.75,0,4.04E-02
-11.25,-14.25,0,-0.009874525
-11.25,-14.75,0,-0.063850539
-10.75,14.75,0,0.000612725
-10.75,14.25,0,0.019681441
-10.75,13.75,0,-0.025696652
-10.75,13.25,0,-0.03857763
-10.75,12.75,0,0.060705807
-10.75,12.25,0,-0.05356004
-10.75,11.75,0,-0.003583866
-10.75,11.25,0,-0.063096053
-10.75,10.75,0,1.57E-02
-10.75,10.25,0,-0.008330942
-10.75,9.75,0,0.002988122
-10.75,9.25,0,-0.013404095
-10.75,8.75,0,0.01111964
-10.75,8.25,0,-0.032441035
-10.75,7.75,0,0.043205811
-10.75,7.25,0,-0.026123276
-10.75,6.75,0,1.86E-02
-10.75,6.25,0,-0.035063113
-10.75,5.75,0,0.028515884
-10.75,5.25,0,-0.030785392
-10.75,4.75,0,0.081419059
-10.75,4.25,0,-4.11E-02
-10.75,3.75,0,-0.020073172
-10.75,3.25,0,-0.035681404
-10.75,2.75,0,-1.37E-02
-10.75,2.25,0,0.003883523
-10.75,1.75,0,0.005493668
-10.75,1.25,0,0.027380194
-10.75,0.75,0,-0.050845005
-10.75,0.25,0,0.004383694
-10.75,-0.25,0,1.36E-02
-10.75,-0.75,0,-0.009541603
-10.75,-1.25,0,-0.014688778
-10.75,-1.75,0,0.0209575
-10.75,-2.25,0,-0.026744527
-10.75,-2.75,0,-0.033253641
-10.75,-3.25,0,0.045561601
-10.75,-3.75,0,-0.040530756
-10.75,-4.25,0,-0.015471164
-10.75,-4.75,0,0.021407257
-10.75,-5.25,0,0.007870511
-10.75,-5.75,0,-0.030358317
-10.75,-6.25,0,0.039501881
-10.75,-6.75,0,-0.033800459
-10.75,-7.25,0,-0.002085763
-10.75,-7.75,0,0.118918365
-10.75,-8.25,0,-0.067288826
-10.75,-8.75,0,0.009140363
-10.75,-9.25,0,0.019385086
-10.75,-9.75,0,-0.056085496
-10.75,-10.25,0,0.045672297
-10.75,-10.75,0,-0.031541294
-10.75,-11.25,0,0.009025492
-10.75,-11.75,0,0.017428235
-10.75,-12.25,0,-0.051382248
-10.75,-12.75,0,5.75E-02
-10.75,-13.25,0,-0.047584215
-10.75,-13.75,0,0.016510585
-10.75,-14.25,0,-0.033525192
-10.75,-14.75,0,0.039546873
-10.25,14.75,0,0.016764664
-10.25,14.25,0,-1.33E-02
-10.25,13.75,0,0.026080583
-10.25,13.25,0,0.000976163
-10.25,12.75,0,-0.050659459
-10.25,12.25,0,0.047075551
-10.25,11.75,0,-0.012668472
-10.25,11.25,0,2.08E-02
-10.25,10.75,0,0.020717765
-10.25,10.25,0,-0.046618554
-10.25,9.75,0,0.054610981
-10.25,9.25,0,-0.020681816
-10.25,8.75,0,-0.031895925
-10.25,8.25,0,0.029517653
-10.25,7.75,0,-0.037375499
-10.25,7.25,0,0.022211489
-10.25,6.75,0,0.029416772
-10.25,6.25,0,-2.45E-02
-10.25,5.75,0,0.025294178
-10.25,5.25,0,0.006256652
-10.25,4.75,0,-0.040962354
-10.25,4.25,0,1.09E-02
-10.25,3.75,0,-0.046825131
-10.25,3.25,0,0.07522503
-10.25,2.75,0,-0.014050279
-10.25,2.25,0,-0.021596334
-10.25,1.75,0,0.00074624
-10.25,1.25,0,-0.030167287
-10.25,0.75,0,0.028423018
-10.25,0.25,0,0.007408042
-10.25,-0.25,0,-7.02E-02
-10.25,-0.75,0,0.058293054
-10.25,-1.25,0,0.033332071
-10.25,-1.75,0,0.033493159
-10.25,-2.25,0,-0.036610206
-10.25,-2.75,0,-0.004988471
-10.25,-3.25,0,0.016293476
-10.25,-3.75,0,-0.028667195
-10.25,-4.25,0,-0.011557768
-10.25,-4.75,0,-0.018691238
-10.25,-5.25,0,0.011862991
-10.25,-5.75,0,4.67E-05
-10.25,-6.25,0,1.22E-03
-10.25,-6.75,0,0.027387183
-10.25,-7.25,0,-0.020052121
-10.25,-7.75,0,-0.061521076
-10.25,-8.25,0,0.009200629
-10.25,-8.75,0,0.028520135
-10.25,-9.25,0,-2.81E-02
-10.25,-9.75,0,0.047911191
-10.25,-10.25,0,-0.062892031
-10.25,-10.75,0,0.04489103
-10.25,-11.25,0,0.006871009
-10.25,-11.75,0,0.020871691
-10.25,-12.25,0,0.010891627
-10.25,-12.75,0,3.55E-02
-10.25,-13.25,0,-0.013167702
-10.25,-13.75,0,-0.024874886
-10.25,-14.25,0,0.023703384
-10.25,-14.75,0,0.03996792
-9.75,14.75,0,-0.017069286
-9.75,14.25,0,-0.002026915
-9.75,13.75,0,-1.75E-02
-9.75,13.25,0,-0.016779386
-9.75,12.75,0,0.067416039
-9.75,12.25,0,-0.044117318
-9.75,11.75,0,0.01290686
-9.75,11.25,0,-0.002546022
-9.75,10.75,0,-0.013969232
-9.75,10.25,0,0.013447954
-9.75,9.75,0,-0.016192113
-9.75,9.25,0,0.016591617
-9.75,8.75,0,-0.01942345
-9.75,8.25,0,-0.016063428
-9.75,7.75,0,0.019434865
-9.75,7.25,0,0.004125793
-9.75,6.75,0,0.008297908
-9.75,6.25,0,0.019081184
-9.75,5.75,0,0.006318746
-9.75,5.25,0,3.14E-03
-9.75,4.75,0,-4.84E-02
-9.75,4.25,0,0.046704333
-9.75,3.75,0,0.008820416
-9.75,3.25,0,-0.018379334
-9.75,2.75,0,-0.013006226
-9.75,2.25,0,0.006802338
-9.75,1.75,0,0.002582791
-9.75,1.25,0,0.050927676
-9.75,0.75,0,0.008305265
-9.75,0.25,0,-0.006214133
-9.75,-0.25,0,1.54E-02
-9.75,-0.75,0,-0.007092928
-9.75,-1.25,0,0.012314674
-9.75,-1.75,0,-0.025006866
-9.75,-2.25,0,0.034297163
-9.75,-2.75,0,-0.010364459
-9.75,-3.25,0,-0.001227527
-9.75,-3.75,0,-0.016423096
-9.75,-4.25,0,0.01311205
-9.75,-4.75,0,2.41E-02
-9.75,-5.25,0,-0.01955381
-9.75,-5.75,0,0.031355004
-9.75,-6.25,0,0.001156681
-9.75,-6.75,0,-0.009117498
-9.75,-7.25,0,0.028002243
-9.75,-7.75,0,0.015457234
-9.75,-8.25,0,-0.027998112
-9.75,-8.75,0,0.034209844
-9.75,-9.25,0,-0.004973988
-9.75,-9.75,0,0.0071585
-9.75,-10.25,0,0.037668249
-9.75,-10.75,0,-0.026623057
-9.75,-11.25,0,-0.016236437
-9.75,-11.75,0,0.011409301
-9.75,-12.25,0,-0.013463725
-9.75,-12.75,0,-0.058880002
-9.75,-13.25,0,0.054779544
-9.75,-13.75,0,-0.026315863
-9.75,-14.25,0,0.036496772
-9.75,-14.75,0,-0.046461958
-9.25,14.75,0,-0.010890601
-9.25,14.25,0,0.012567177
-9.25,13.75,0,-0.01762988
-9.25,13.25,0,0.032966815
-9.25,12.75,0,-0.020277007
-9.25,12.25,0,-0.053696535
-9.25,11.75,0,0.045957991
-9.25,11.25,0,-0.061743688
-9.25,10.75,0,0.006059194
-9.25,10.25,0,-0.02329166
-9.25,9.75,0,0.00536604
-9.25,9.25,0,-0.021338719
-9.25,8.75,0,0.038282701
-9.25,8.25,0,-0.001586954
-9.25,7.75,0,-3.16E-02
-9.25,7.25,0,1.36E-02
-9.25,6.75,0,-1.73E-02
-9.25,6.25,0,-0.010269391
-9.25,5.75,0,4.69E-03
-9.25,5.25,0,-0.028519054
-9.25,4.75,0,0.084067764
-9.25,4.25,0,-0.043741371
-9.25,3.75,0,-0.006246214
-9.25,3.25,0,-0.004654966
-9.25,2.75,0,1.93E-02
-9.25,2.25,0,-0.022207536
-9.25,1.75,0,0.023186318
-9.25,1.25,0,-0.064407895
-9.25,0.75,0,0.046994055
-9.25,0.25,0,0.000831763
-9.25,-0.25,0,-2.85E-03
-9.25,-0.75,0,-0.035803333
-9.25,-1.25,0,-0.033533579
-9.25,-1.75,0,0.019070649
-9.25,-2.25,0,-0.063352423
-9.25,-2.75,0,0.013617236
-9.25,-3.25,0,-0.035208829
-9.25,-3.75,0,0.028718445
-9.25,-4.25,0,0.042554731
-9.25,-4.75,0,-0.041128052
-9.25,-5.25,0,0.005776415
-9.25,-5.75,0,-0.01246643
-9.25,-6.25,0,-0.045919887
-9.25,-6.75,0,0.034701835
-9.25,-7.25,0,-0.02014076
-9.25,-7.75,0,-0.058514458
-9.25,-8.25,0,0.041681241
-9.25,-8.75,0,-0.031317282
-9.25,-9.25,0,0.001481436
-9.25,-9.75,0,-0.039968249
-9.25,-10.25,0,0.012738093
-9.25,-10.75,0,-0.018619767
-9.25,-11.25,0,-0.00292005
-9.25,-11.75,0,-0.039966871
-9.25,-12.25,0,0.010711854
-9.25,-12.75,0,0.058386369
-9.25,-13.25,0,-0.082009699
-9.25,-13.75,0,0.02727405
-9.25,-14.25,0,-1.64E-02
-9.25,-14.75,0,0.001183059
-8.75,14.75,0,0.03908668
-8.75,14.25,0,-0.007345826
-8.75,13.75,0,-0.014677745
-8.75,13.25,0,0.029435128
-8.75,12.75,0,-0.004177149
-8.75,12.25,0,0.005526016
-8.75,11.75,0,0.050949774
-8.75,11.25,0,-0.014224775
-8.75,10.75,0,-0.020560698
-8.75,10.25,0,0.030492641
-8.75,9.75,0,0.027891833
-8.75,9.25,0,0.007083573
-8.75,8.75,0,-3.98E-02
-8.75,8.25,0,0.033892286
-8.75,7.75,0,0.010593324
-8.75,7.25,0,0.01338708
-8.75,6.75,0,-0.026900849
-8.75,6.25,0,0.045395145
-8.75,5.75,0,-0.039116366
-8.75,5.25,0,0.015685779
-8.75,4.75,0,-0.023755213
-8.75,4.25,0,-0.017196478
-8.75,3.75,0,0.043398449
-8.75,3.25,0,-0.00076484
-8.75,2.75,0,0.032545386
-8.75,2.25,0,0.004325903
-8.75,1.75,0,0.031344618
-8.75,1.25,0,0.013358366
-8.75,0.75,0,-0.006125301
-8.75,0.25,0,-0.021386509
-8.75,-0.25,0,1.48E-02
-8.75,-0.75,0,0.022196143
-8.75,-1.25,0,0.041241585
-8.75,-1.75,0,-0.036578259
-8.75,-2.25,0,-0.001847508
-8.75,-2.75,0,0.053951909
-8.75,-3.25,0,-0.000643114
-8.75,-3.75,0,0.005108583
-8.75,-4.25,0,-1.75E-02
-8.75,-4.75,0,3.16E-02
-8.75,-5.25,0,0.01974097
-8.75,-5.75,0,1.35E-02
-8.75,-6.25,0,0.013746333
-8.75,-6.75,0,-0.025535501
-8.75,-7.25,0,-0.00485177
-8.75,-7.75,0,0.014417304
-8.75,-8.25,0,-0.053122568
-8.75,-8.75,0,0.048527964
-8.75,-9.25,0,0.006217496
-8.75,-9.75,0,-2.81E-02
-8.75,-10.25,0,-0.01703739
-8.75,-10.75,0,0.059737049
-8.75,-11.25,0,-0.014441285
-8.75,-11.75,0,0.083845312
-8.75,-12.25,0,-0.014462032
-8.75,-12.75,0,-0.00514863
-8.75,-13.25,0,0.041871183
-8.75,-13.75,0,0.020738206
-8.75,-14.25,0,-0.007225609
-8.75,-14.75,0,0.015437581
-8.25,14.75,0,-0.066664506
-8.25,14.25,0,0.021202294
-8.25,13.75,0,0.01254347
-8.25,13.25,0,-0.017113825
-8.25,12.75,0,0.006345418
-8.25,12.25,0,-0.051674954
-8.25,11.75,0,0.029517227
-8.25,11.25,0,-0.022461083
-8.25,10.75,0,0.048510727
-8.25,10.25,0,-0.020783871
-8.25,9.75,0,0.006057142
-8.25,9.25,0,-0.0653803
-8.25,8.75,0,-0.002086687
-8.25,8.25,0,0.018972377
-8.25,7.75,0,-0.025940521
-8.25,7.25,0,0.004622795
-8.25,6.75,0,0.022781082
-8.25,6.25,0,-0.020407537
-8.25,5.75,0,0.020010909
-8.25,5.25,0,0.025535943
-8.25,4.75,0,0.001250109
-8.25,4.25,0,-0.015519669
-8.25,3.75,0,-4.19E-02
-8.25,3.25,0,0.024932857
-8.25,2.75,0,-0.036820208
-8.25,2.25,0,-0.02078054
-8.25,1.75,0,-0.027840624
-8.25,1.25,0,0.027388285
-8.25,0.75,0,-3.79E-02
-8.25,0.25,0,0.027686297
-8.25,-0.25,0,7.41E-03
-8.25,-0.75,0,-0.001282045
-8.25,-1.25,0,-0.028225014
-8.25,-1.75,0,0.050510749
-8.25,-2.25,0,-0.050600406
-8.25,-2.75,0,-0.030145695
-8.25,-3.25,0,0.018741467
-8.25,-3.75,0,-0.023228274
-8.25,-4.25,0,0.01411115
-8.25,-4.75,0,0.005335131
-8.25,-5.25,0,-1.64E-02
-8.25,-5.75,0,0.000795148
-8.25,-6.25,0,-0.021870461
-8.25,-6.75,0,0.036284437
-8.25,-7.25,0,0.038083982
-8.25,-7.75,0,-0.042757262
-8.25,-8.25,0,6.43E-04
-8.25,-8.75,0,-1.84E-04
-8.25,-9.25,0,-0.027774467
-8.25,-9.75,0,0.081534308
-8.25,-10.25,0,0.010940547
-8.25,-10.75,0,-2.51E-02
-8.25,-11.25,0,-0.040381324
-8.25,-11.75,0,0.021271645
-8.25,-12.25,0,-0.007295125
-8.25,-12.75,0,0.026963976
-8.25,-13.25,0,-0.028396547
-8.25,-13.75,0,-4.41E-02
-8.25,-14.25,0,0.022079438
-8.25,-14.75,0,-0.023946028
-7.75,14.75,0,0.02925727
-7.75,14.25,0,-0.042355081
-7.75,13.75,0,0.051061843
-7.75,13.25,0,0.005199116
-7.75,12.75,0,-0.015354095
-7.75,12.25,0,0.025841789
-7.75,11.75,0,-0.044304328
-7.75,11.25,0,0.024826508
-7.75,10.75,0,7.45E-03
-7.75,10.25,0,1.84E-02
-7.75,9.75,0,-0.021760831
-7.75,9.25,0,0.088761065
-7.75,8.75,0,-9.76E-03
-7.75,8.25,0,-0.026282273
-7.75,7.75,0,-0.029411765
-7.75,7.25,0,0.022664703
-7.75,6.75,0,0.013119529
-7.75,6.25,0,-4.54E-02
-7.75,5.75,0,0.006306962
-7.75,5.25,0,0.026216716
-7.75,4.75,0,0.018556643
-7.75,4.25,0,0.069130389
-7.75,3.75,0,1.93E-02
-7.75,3.25,0,0.002337171
-7.75,2.75,0,0.015308874
-7.75,2.25,0,0.046866848
-7.75,1.75,0,0.033578514
-7.75,1.25,0,-0.000997013
-7.75,0.75,0,-0.036918064
-7.75,0.25,0,-0.01638961
-7.75,-0.25,0,4.99E-02
-7.75,-0.75,0,-0.058539205
-7.75,-1.25,0,-0.015538565
-7.75,-1.75,0,-0.025891325
-7.75,-2.25,0,0.032191241
-7.75,-2.75,0,0.034137318
-7.75,-3.25,0,0.012234549
-7.75,-3.75,0,0.031970118
-7.75,-4.25,0,-0.052434053
-7.75,-4.75,0,0.048402681
-7.75,-5.25,0,0.016616944
-7.75,-5.75,0,0.017667349
-7.75,-6.25,0,-0.001273782
-7.75,-6.75,0,0.001445122
-7.75,-7.25,0,-0.013732875
-7.75,-7.75,0,0.031297702
-7.75,-8.25,0,-0.006197978
-7.75,-8.75,0,0.00313455
-7.75,-9.25,0,0.056559392
-7.75,-9.75,0,-0.064450583
-7.75,-10.25,0,-4.17E-03
-7.75,-10.75,0,0.010461938
-7.75,-11.25,0,-0.011756706
-7.75,-11.75,0,-1.24E-02
-7.75,-12.25,0,-0.011486488
-7.75,-12.75,0,-0.010864559
-7.75,-13.25,0,-0.014884403
-7.75,-13.75,0,0.063078378
-7.75,-14.25,0,2.13E-02
-7.75,-14.75,0,0.001161652
-7.25,14.75,0,-0.03798553
-7.25,14.25,0,0.048770332
-7.25,13.75,0,-0.04573379
-7.25,13.25,0,-0.002164531
-7.25,12.75,0,-0.016498743
-7.25,12.25,0,0.005495177
-7.25,11.75,0,0.00598883
-7.25,11.25,0,1.19E-04
-7.25,10.75,0,-0.011443953
-7.25,10.25,0,-0.015782876
-7.25,9.75,0,-0.02316799
-7.25,9.25,0,-6.42E-02
-7.25,8.75,0,0.030925757
-7.25,8.25,0,0.023344303
-7.25,7.75,0,0.032993451
-7.25,7.25,0,-0.019534176
-7.25,6.75,0,1.03E-02
-7.25,6.25,0,-1.04E-02
-7.25,5.75,0,0.015810274
-7.25,5.25,0,-0.026579677
-7.25,4.75,0,-2.20E-02
-7.25,4.25,0,-7.67E-02
-7.25,3.75,0,0.019308683
-7.25,3.25,0,-0.013340933
-7.25,2.75,0,-0.02550084
-7.25,2.25,0,0.039671586
-7.25,1.75,0,-0.052928756
-7.25,1.25,0,-0.044732929
-7.25,0.75,0,0.068590515
-7.25,0.25,0,0.014227757
-7.25,-0.25,0,-1.38E-02
-7.25,-0.75,0,0.035572358
-7.25,-1.25,0,0.01516509
-7.25,-1.75,0,0.013698072
-7.25,-2.25,0,0.002162399
-7.25,-2.75,0,-0.03157973
-7.25,-3.25,0,0.027121565
-7.25,-3.75,0,-0.041682861
-7.25,-4.25,0,0.00654111
-7.25,-4.75,0,0.015096485
-7.25,-5.25,0,-0.009522027
-7.25,-5.75,0,-0.004634657
-7.25,-6.25,0,0.051770067
-7.25,-6.75,0,0.001083003
-7.25,-7.25,0,0.012205708
-7.25,-7.75,0,0.023462229
-7.25,-8.25,0,-4.86E-02
-7.25,-8.75,0,0.052981685
-7.25,-9.25,0,-0.042732474
-7.25,-9.75,0,0.025053072
-7.25,-10.25,0,0.00279003
-7.25,-10.75,0,-0.029674446
-7.25,-11.25,0,-0.015216312
-7.25,-11.75,0,0.022852417
-7.25,-12.25,0,1.03E-02
-7.25,-12.75,0,0.014839566
-7.25,-13.25,0,2.25E-02
-7.25,-13.75,0,0.011268992
-7.25,-14.25,0,-0.017726763
-7.25,-14.75,0,-0.013234356
-6.75,14.75,0,0.067069152
-6.75,14.25,0,-0.02421489
-6.75,13.75,0,0.001966096
-6.75,13.25,0,-0.054332697
-6.75,12.75,0,0.029954867
-6.75,12.25,0,0.025937998
-6.75,11.75,0,0.001254293
-6.75,11.25,0,9.03E-03
-6.75,10.75,0,-0.009621686
-6.75,10.25,0,-0.005089994
-6.75,9.75,0,0.023157699
-6.75,9.25,0,0.041447892
-6.75,8.75,0,0.001748929
-6.75,8.25,0,0.009887524
-6.75,7.75,0,-0.023974159
-6.75,7.25,0,0.002866109
-6.75,6.75,0,0.367887103
-6.75,6.25,0,0.373334284
-6.75,5.75,0,0.36296326
-6.75,5.25,0,0.428962848
-6.75,4.75,0,0.446054698
-6.75,4.25,0,0.444617306
-6.75,3.75,0,0.337314539
-6.75,3.25,0,0.411773687
-6.75,2.75,0,0.369287452
-6.75,2.25,0,0.405401077
-6.75,1.75,0,0.415930124
-6.75,1.25,0,0.398552004
-6.75,0.75,0,0.327980563
-6.75,0.25,0,0.394927434
-6.75,-0.25,0,3.47E-01
-6.75,-0.75,0,0.384582662
-6.75,-1.25,0,0.386437622
-6.75,-1.75,0,0.354872508
-6.75,-2.25,0,0.376858405
-6.75,-2.75,0,0.43470865
-6.75,-3.25,0,0.33783255
-6.75,-3.75,0,0.422941746
-6.75,-4.25,0,0.373928058
-6.75,-4.75,0,0.316486699
-6.75,-5.25,0,4.06E-01
-6.75,-5.75,0,0.34874423
-6.75,-6.25,0,0.363805856
-6.75,-6.75,0,0.382427651
-6.75,-7.25,0,0.040389412
-6.75,-7.75,0,-2.32E-02
-6.75,-8.25,0,0.012105598
-6.75,-8.75,0,-0.012182155
-6.75,-9.25,0,-0.004425717
-6.75,-9.75,0,0.004409369
-6.75,-10.25,0,0.022209412
-6.75,-10.75,0,-0.009198753
-6.75,-11.25,0,-0.002506466
-6.75,-11.75,0,-0.020655661
-6.75,-12.25,0,0.031322834
-6.75,-12.75,0,-0.006128923
-6.75,-13.25,0,0.006816235
-6.75,-13.75,0,-0.01867817
-6.75,-14.25,0,-0.021265012
-6.75,-14.75,0,-0.000657314
-6.25,14.75,0,-0.003937633
-6.25,14.25,0,0.016129771
-6.25,13.75,0,-3.22E-02
-6.25,13.25,0,0.029467255
-6.25,12.75,0,-0.009264331
-6.25,12.25,0,-0.038225102
-6.25,11.75,0,0.043852598
-6.25,11.25,0,-0.043768535
-6.25,10.75,0,-0.021123673
-6.25,10.25,0,0.026072302
-6.25,9.75,0,0.006612523
-6.25,9.25,0,-0.007547268
-6.25,8.75,0,-0.012521346
-6.25,8.25,0,0.001700862
-6.25,7.75,0,0.042211504
-6.25,7.25,0,-0.009732899
-6.25,6.75,0,4.19E-01
-6.25,6.25,0,3.80E-01
-6.25,5.75,0,0.391262239
-6.25,5.25,0,0.355646229
-6.25,4.75,0,0.352023794
-6.25,4.25,0,0.362390066
-6.25,3.75,0,0.386382418
-6.25,3.25,0,0.372726807
-6.25,2.75,0,4.34E-01
-6.25,2.25,0,0.32923345
-6.25,1.75,0,0.412192867
-6.25,1.25,0,0.349533887
-6.25,0.75,0,0.426310072
-6.25,0.25,0,0.384082305
-6.25,-0.25,0,3.78E-01
-6.25,-0.75,0,0.374206114
-6.25,-1.25,0,0.431677096
-6.25,-1.75,0,0.389615592
-6.25,-2.25,0,0.421458546
-6.25,-2.75,0,0.340866339
-6.25,-3.25,0,0.415337357
-6.25,-3.75,0,0.371437643
-6.25,-4.25,0,0.404771276
-6.25,-4.75,0,4.06E-01
-6.25,-5.25,0,0.42776915
-6.25,-5.75,0,0.383443625
-6.25,-6.25,0,3.81E-01
-6.25,-6.75,0,0.338170788
-6.25,-7.25,0,0.009647571
-6.25,-7.75,0,0.025824057
-6.25,-8.25,0,-0.020094184
-6.25,-8.75,0,0.0310195
-6.25,-9.25,0,-0.053480978
-6.25,-9.75,0,-0.031566417
-6.25,-10.25,0,0.01494129
-6.25,-10.75,0,0.034396728
-6.25,-11.25,0,-0.030122462
-6.25,-11.75,0,0.042423192
-6.25,-12.25,0,-0.060314173
-6.25,-12.75,0,-0.039075848
-6.25,-13.25,0,0.023791524
-6.25,-13.75,0,-0.007411535
-6.25,-14.25,0,0.056908969
-6.25,-14.75,0,0.015366166
-5.75,14.75,0,-2.67E-02
-5.75,14.25,0,-1.14E-02
-5.75,13.75,0,0.034884376
-5.75,13.25,0,-0.008752111
-5.75,12.75,0,0.006895723
-5.75,12.25,0,4.42E-03
-5.75,11.75,0,-1.01E-02
-5.75,11.25,0,0.014429697
-5.75,10.75,0,0.018192888
-5.75,10.25,0,0.016997911
-5.75,9.75,0,-0.018531238
-5.75,9.25,0,-1.15E-02
-5.75,8.75,0,1.19E-02
-5.75,8.25,0,0.018072843
-5.75,7.75,0,0.018938551
-5.75,7.25,0,-0.036576957
-5.75,6.75,0,0.404295069
-5.75,6.25,0,0.379039357
-5.75,5.75,0,0.385034817
-5.75,5.25,0,0.391342789
-5.75,4.75,0,0.423217602
-5.75,4.25,0,0.384795227
-5.75,3.75,0,0.461099419
-5.75,3.25,0,3.55E-01
-5.75,2.75,0,3.65E-01
-5.75,2.25,0,0.377565525
-5.75,1.75,0,0.434059382
-5.75,1.25,0,0.36189905
-5.75,0.75,0,0.329797857
-5.75,0.25,0,0.453725416
-5.75,-0.25,0,3.86E-01
-5.75,-0.75,0,0.364892461
-5.75,-1.25,0,3.99E-01
-5.75,-1.75,0,0.43516904
-5.75,-2.25,0,0.366991165
-5.75,-2.75,0,0.420307213
-5.75,-3.25,0,0.38368731
-5.75,-3.75,0,0.424880187
-5.75,-4.25,0,0.362574807
-5.75,-4.75,0,0.394516276
-5.75,-5.25,0,0.369069459
-5.75,-5.75,0,0.411111758
-5.75,-6.25,0,3.65E-01
-5.75,-6.75,0,0.417243441
-5.75,-7.25,0,-2.86E-02
-5.75,-7.75,0,-0.000463784
-5.75,-8.25,0,0.00363991
-5.75,-8.75,0,-0.029887344
-5.75,-9.25,0,1.39E-02
-5.75,-9.75,0,0.0057369
-5.75,-10.25,0,-0.040510419
-5.75,-10.75,0,0.035128445
-5.75,-11.25,0,0.008161495
-5.75,-11.75,0,-0.050850467
-5.75,-12.25,0,0.042824768
-5.75,-12.75,0,0.026173552
-5.75,-13.25,0,-0.007365049
-5.75,-13.75,0,2.73E-02
-5.75,-14.25,0,-0.066080515
-5.75,-14.75,0,0.060019992
-5.25,14.75,0,0.029894961
-5.25,14.25,0,-0.035206381
-5.25,13.75,0,-4.16E-02
-5.25,13.25,0,-7.47E-03
-5.25,12.75,0,0.018464325
-5.25,12.25,0,2.76E-02
-5.25,11.75,0,-0.000373726
-5.25,11.25,0,0.012032979
-5.25,10.75,0,-0.031047427
-5.25,10.25,0,0.028008624
-5.25,9.75,0,-0.066796397
-5.25,9.25,0,0.024612491
-5.25,8.75,0,0.038560511
-5.25,8.25,0,-0.057227403
-5.25,7.75,0,0.002186817
-5.25,7.25,0,-0.026889012
-5.25,6.75,0,0.390764473
-5.25,6.25,0,0.422916981
-5.25,5.75,0,0.346733687
-5.25,5.25,0,0.438777575
-5.25,4.75,0,0.368611449
-5.25,4.25,0,0.359788129
-5.25,3.75,0,0.360263339
-5.25,3.25,0,0.396982673
-5.25,2.75,0,0.358633915
-5.25,2.25,0,0.45357927
-5.25,1.75,0,0.350825371
-5.25,1.25,0,0.394503619
-5.25,0.75,0,0.402750232
-5.25,0.25,0,0.315868684
-5.25,-0.25,0,4.36E-01
-5.25,-0.75,0,0.438187805
-5.25,-1.25,0,0.395137434
-5.25,-1.75,0,0.367838466
-5.25,-2.25,0,0.376572635
-5.25,-2.75,0,0.40323297
-5.25,-3.25,0,0.331623984
-5.25,-3.75,0,0.454922851
-5.25,-4.25,0,2.99E-01
-5.25,-4.75,0,0.4256613
-5.25,-5.25,0,0.400830684
-5.25,-5.75,0,0.408515262
-5.25,-6.25,0,0.432025039
-5.25,-6.75,0,0.359737003
-5.25,-7.25,0,0.036859254
-5.25,-7.75,0,-0.016580022
-5.25,-8.25,0,-0.014538587
-5.25,-8.75,0,0.047020147
-5.25,-9.25,0,0.010612023
-5.25,-9.75,0,-1.36E-02
-5.25,-10.25,0,0.022850795
-5.25,-10.75,0,-0.007487874
-5.25,-11.25,0,2.72E-02
-5.25,-11.75,0,-0.026245386
-5.25,-12.25,0,-0.006882305
-5.25,-12.75,0,-0.096769633
-5.25,-13.25,0,0.051936029
-5.25,-13.75,0,-0.018654059
-5.25,-14.25,0,0.015078844
-5.25,-14.75,0,-0.046387383
-4.75,14.75,0,-0.02260007
-4.75,14.25,0,0.014406839
-4.75,13.75,0,1.02E-01
-4.75,13.25,0,-1.55E-02
-4.75,12.75,0,-0.004722564
-4.75,12.25,0,3.86E-03
-4.75,11.75,0,-2.75E-02
-4.75,11.25,0,0.017165475
-4.75,10.75,0,-0.032712744
-4.75,10.25,0,0.003158854
-4.75,9.75,0,0.013110403
-4.75,9.25,0,-0.029913453
-4.75,8.75,0,-0.013615342
-4.75,8.25,0,0.063774592
-4.75,7.75,0,0.044116543
-4.75,7.25,0,0.017981023
-4.75,6.75,0,0.355873512
-4.75,6.25,0,0.316781631
-4.75,5.75,0,0.411190121
-4.75,5.25,0,3.88E-01
-4.75,4.75,0,0.553834417
-4.75,4.25,0,0.602040507
-4.75,3.75,0,0.611801122
-4.75,3.25,0,0.591281426
-4.75,2.75,0,0.590586926
-4.75,2.25,0,0.583961286
-4.75,1.75,0,0.542390456
-4.75,1.25,0,0.595406619
-4.75,0.75,0,0.595996576
-4.75,0.25,0,0.546647141
-4.75,-0.25,0,5.28E-01
-4.75,-0.75,0,0.627655923
-4.75,-1.25,0,0.520363666
-4.75,-1.75,0,0.558302735
-4.75,-2.25,0,0.592172547
-4.75,-2.75,0,0.587694124
-4.75,-3.25,0,0.659345171
-4.75,-3.75,0,0.536221851
-4.75,-4.25,0,0.609750102
-4.75,-4.75,0,0.592225913
-4.75,-5.25,0,0.456649973
-4.75,-5.75,0,0.321910275
-4.75,-6.25,0,0.321754401
-4.75,-6.75,0,0.431861196
-4.75,-7.25,0,0.022410596
-4.75,-7.75,0,0.012809042
-4.75,-8.25,0,0.028506066
-4.75,-8.75,0,-2.80E-03
-4.75,-9.25,0,-0.070116331
-4.75,-9.75,0,5.61E-02
-4.75,-10.25,0,-0.02397643
-4.75,-10.75,0,-0.025755092
-4.75,-11.25,0,-0.014280575
-4.75,-11.75,0,0.015696353
-4.75,-12.25,0,-4.51E-03
-4.75,-12.75,0,0.047073805
-4.75,-13.25,0,-0.005640385
-4.75,-13.75,0,-0.017103531
-4.75,-14.25,0,0.028415657
-4.75,-14.75,0,-0.00662428
-4.25,14.75,0,0.029020798
-4.25,14.25,0,-0.009472437
-4.25,13.75,0,-0.038580159
-4.25,13.25,0,-7.87E-03
-4.25,12.75,0,2.38E-02
-4.25,12.25,0,2.94E-03
-4.25,11.75,0,0.027561847
-4.25,11.25,0,-0.022411816
-4.25,10.75,0,0.05230552
-4.25,10.25,0,0.021872877
-4.25,9.75,0,-4.90E-02
-4.25,9.25,0,0.014057864
-4.25,8.75,0,-0.041429279
-4.25,8.25,0,0.005416744
-4.25,7.75,0,-0.048322455
-4.25,7.25,0,-0.019154002
-4.25,6.75,0,0.433872325
-4.25,6.25,0,0.405421214
-4.25,5.75,0,0.390197462
-4.25,5.25,0,3.65E-01
-4.25,4.75,0,0.610523996
-4.25,4.25,0,0.597600453
-4.25,3.75,0,0.559754752
-4.25,3.25,0,0.61784426
-4.25,2.75,0,0.547314376
-4.25,2.25,0,0.591045059
-4.25,1.75,0,0.568526824
-4.25,1.25,0,0.552546409
-4.25,0.75,0,0.547372402
-4.25,0.25,0,0.646175501
-4.25,-0.25,0,5.91E-01
-4.25,-0.75,0,0.568139098
-4.25,-1.25,0,0.532227727
-4.25,-1.75,0,0.68384141
-4.25,-2.25,0,0.549672042
-4.25,-2.75,0,0.595659013
-4.25,-3.25,0,0.529732666
-4.25,-3.75,0,0.614102154
-4.25,-4.25,0,0.556028995
-4.25,-4.75,0,0.548412888
-4.25,-5.25,0,0.358887167
-4.25,-5.75,0,3.87E-01
-4.25,-6.25,0,0.459659437
-4.25,-6.75,0,0.345323337
-4.25,-7.25,0,-0.06210992
-4.25,-7.75,0,-0.00626734
-4.25,-8.25,0,-0.022550753
-4.25,-8.75,0,0.005324394
-4.25,-9.25,0,-0.02327173
-4.25,-9.75,0,0.081347833
-4.25,-10.25,0,-0.028335066
-4.25,-10.75,0,0.022857486
-4.25,-11.25,0,-0.012581588
-4.25,-11.75,0,0.026577923
-4.25,-12.25,0,0.006198307
-4.25,-12.75,0,-0.063550651
-4.25,-13.25,0,-0.013182195
-4.25,-13.75,0,0.066322764
-4.25,-14.25,0,-1.93E-02
-4.25,-14.75,0,0.042801365
-3.75,14.75,0,9.51E-03
-3.75,14.25,0,-0.049182508
-3.75,13.75,0,0.041694762
-3.75,13.25,0,0.026289579
-3.75,12.75,0,-0.05286526
-3.75,12.25,0,-1.99E-03
-3.75,11.75,0,-0.011208105
-3.75,11.25,0,-0.029025383
-3.75,10.75,0,-5.86E-03
-3.75,10.25,0,0.019197962
-3.75,9.75,0,0.030706662
-3.75,9.25,0,-0.062855358
-3.75,8.75,0,0.02375123
-3.75,8.25,0,-0.061520837
-3.75,7.75,0,0.082233021
-3.75,7.25,0,-0.014036954
-3.75,6.75,0,0.37923877
-3.75,6.25,0,0.381206363
-3.75,5.75,0,0.424605303
-3.75,5.25,0,0.386505709
-3.75,4.75,0,0.558320989
-3.75,4.25,0,0.569014132
-3.75,3.75,0,0.603379504
-3.75,3.25,0,0.509902962
-3.75,2.75,0,0.613012567
-3.75,2.25,0,0.588645484
-3.75,1.75,0,0.581587434
-3.75,1.25,0,0.663773035
-3.75,0.75,0,0.623796506
-3.75,0.25,0,0.514283735
-3.75,-0.25,0,6.37E-01
-3.75,-0.75,0,0.605122534
-3.75,-1.25,0,0.591234852
-3.75,-1.75,0,0.486702926
-3.75,-2.25,0,0.636317038
-3.75,-2.75,0,0.57176784
-3.75,-3.25,0,0.527778985
-3.75,-3.75,0,0.59535331
-3.75,-4.25,0,0.583002858
-3.75,-4.75,0,6.15E-01
-3.75,-5.25,0,0.414076728
-3.75,-5.75,0,0.36838356
-3.75,-6.25,0,0.373372541
-3.75,-6.75,0,0.388506983
-3.75,-7.25,0,0.065586897
-3.75,-7.75,0,-0.034625667
-3.75,-8.25,0,0.005052394
-3.75,-8.75,0,0.033972012
-3.75,-9.25,0,0.009475872
-3.75,-9.75,0,-0.012388646
-3.75,-10.25,0,0.027418885
-3.75,-10.75,0,0.009200553
-3.75,-11.25,0,-0.014017934
-3.75,-11.75,0,-4.78E-02
-3.75,-12.25,0,-0.004356011
-3.75,-12.75,0,0.076557345
-3.75,-13.25,0,-3.56E-02
-3.75,-13.75,0,-0.004076938
-3.75,-14.25,0,0.00174257
-3.75,-14.75,0,-0.035602265
-3.25,14.75,0,0.023433614
-3.25,14.25,0,0.018501356
-3.25,13.75,0,-0.003132407
-3.25,13.25,0,-2.81E-02
-3.25,12.75,0,0.051353133
-3.25,12.25,0,-0.051606676
-3.25,11.75,0,0.004923244
-3.25,11.25,0,3.17E-02
-3.25,10.75,0,-0.022777156
-3.25,10.25,0,-0.021689862
-3.25,9.75,0,0.018954268
-3.25,9.25,0,0.041488161
-3.25,8.75,0,0.008721711
-3.25,8.25,0,-0.000409355
-3.25,7.75,0,-0.001513654
-3.25,7.25,0,-0.045970607
-3.25,6.75,0,0.460088263
-3.25,6.25,0,3.51E-01
-3.25,5.75,0,0.357831322
-3.25,5.25,0,4.04E-01
-3.25,4.75,0,5.89E-01
-3.25,4.25,0,0.600142293
-3.25,3.75,0,5.42E-01
-3.25,3.25,0,0.599263013
-3.25,2.75,0,0.618291094
-3.25,2.25,0,0.550559346
-3.25,1.75,0,0.590692612
-3.25,1.25,0,0.507980361
-3.25,0.75,0,0.639146215
-3.25,0.25,0,0.594505344
-3.25,-0.25,0,5.84E-01
-3.25,-0.75,0,0.505597696
-3.25,-1.25,0,0.6410632
-3.25,-1.75,0,0.617763028
-3.25,-2.25,0,0.576736725
-3.25,-2.75,0,0.617044595
-3.25,-3.25,0,0.562028488
-3.25,-3.75,0,5.62E-01
-3.25,-4.25,0,0.545106357
-3.25,-4.75,0,5.81E-01
-3.25,-5.25,0,0.378230718
-3.25,-5.75,0,4.35E-01
-3.25,-6.25,0,0.364147707
-3.25,-6.75,0,0.420256977
-3.25,-7.25,0,-1.86E-02
-3.25,-7.75,0,0.023209145
-3.25,-8.25,0,0.037538029
-3.25,-8.75,0,-0.082589268
-3.25,-9.25,0,0.006138958
-3.25,-9.75,0,-0.006620142
-3.25,-10.25,0,-0.040725387
-3.25,-10.75,0,0.01124828
-3.25,-11.25,0,-0.029836824
-3.25,-11.75,0,0.060835667
-3.25,-12.25,0,-0.00274085
-3.25,-12.75,0,-0.070407939
-3.25,-13.25,0,0.058373589
-3.25,-13.75,0,-0.017252248
-3.25,-14.25,0,-0.017756846
-3.25,-14.75,0,-0.02605538
-2.75,14.75,0,-0.018790156
-2.75,14.25,0,0.038067417
-2.75,13.75,0,-0.039750983
-2.75,13.25,0,0.01170339
-2.75,12.75,0,-0.013212985
-2.75,12.25,0,0.075227001
-2.75,11.75,0,-0.026598773
-2.75,11.25,0,-0.012469948
-2.75,10.75,0,0.003854198
-2.75,10.25,0,0.064302938
-2.75,9.75,0,-0.024691489
-2.75,9.25,0,-0.023207308
-2.75,8.75,0,0.002641122
-2.75,8.25,0,-0.003847727
-2.75,7.75,0,0.026614349
-2.75,7.25,0,0.02156801
-2.75,6.75,0,0.38836761
-2.75,6.25,0,0.386237353
-2.75,5.75,0,0.427186844
-2.75,5.25,0,3.74E-01
-2.75,4.75,0,0.557764686
-2.75,4.25,0,6.11E-01
-2.75,3.75,0,6.34E-01
-2.75,3.25,0,0.571798275
-2.75,2.75,0,0.771914593
-2.75,2.25,0,0.868665603
-2.75,1.75,0,0.745425671
-2.75,1.25,0,0.768184489
-2.75,0.75,0,0.736361574
-2.75,0.25,0,0.761991816
-2.75,-0.25,0,8.03E-01
-2.75,-0.75,0,0.80852558
-2.75,-1.25,0,0.724191802
-2.75,-1.75,0,0.774039951
-2.75,-2.25,0,0.798222028
-2.75,-2.75,0,0.758956153
-2.75,-3.25,0,0.607916388
-2.75,-3.75,0,0.611136935
-2.75,-4.25,0,0.644829785
-2.75,-4.75,0,0.570392801
-2.75,-5.25,0,0.41369697
-2.75,-5.75,0,0.36841347
-2.75,-6.25,0,0.380409235
-2.75,-6.75,0,0.417385567
-2.75,-7.25,0,0.006561633
-2.75,-7.75,0,-0.002784824
-2.75,-8.25,0,0.00470983
-2.75,-8.75,0,0.001410368
-2.75,-9.25,0,-0.015071997
-2.75,-9.75,0,0.021730933
-2.75,-10.25,0,0.019506945
-2.75,-10.75,0,-2.79E-02
-2.75,-11.25,0,0.063841358
-2.75,-11.75,0,-0.070823242
-2.75,-12.25,0,-0.016212578
-2.75,-12.75,0,1.09E-02
-2.75,-13.25,0,0.009105962
-2.75,-13.75,0,2.40E-02
-2.75,-14.25,0,-0.024528634
-2.75,-14.75,0,2.72E-02
-2.25,14.75,0,0.019248383
-2.25,14.25,0,-0.071518773
-2.25,13.75,0,0.015209355
-2.25,13.25,0,-0.003383468
-2.25,12.75,0,0.003171328
-2.25,12.25,0,-0.061659438
-2.25,11.75,0,0.033723515
-2.25,11.25,0,0.005717895
-2.25,10.75,0,-5.13E-02
-2.25,10.25,0,-0.007202416
-2.25,9.75,0,-4.06E-03
-2.25,9.25,0,-0.008722564
-2.25,8.75,0,0.017028016
-2.25,8.25,0,0.013083362
-2.25,7.75,0,-0.017829646
-2.25,7.25,0,0.017497607
-2.25,6.75,0,0.329034934
-2.25,6.25,0,4.25E-01
-2.25,5.75,0,0.375930262
-2.25,5.25,0,3.86E-01
-2.25,4.75,0,6.08E-01
-2.25,4.25,0,0.554971485
-2.25,3.75,0,0.572365757
-2.25,3.25,0,0.536401814
-2.25,2.75,0,0.872672467
-2.25,2.25,0,0.675992899
-2.25,1.75,0,0.807781744
-2.25,1.25,0,0.794603446
-2.25,0.75,0,0.749352044
-2.25,0.25,0,0.838555618
-2.25,-0.25,0,6.96E-01
-2.25,-0.75,0,0.768668411
-2.25,-1.25,0,0.755655229
-2.25,-1.75,0,0.759703645
-2.25,-2.25,0,8.38E-01
-2.25,-2.75,0,0.747133496
-2.25,-3.25,0,0.564836848
-2.25,-3.75,0,0.53742517
-2.25,-4.25,0,0.573563089
-2.25,-4.75,0,0.520784326
-2.25,-5.25,0,3.93E-01
-2.25,-5.75,0,0.387492086
-2.25,-6.25,0,0.390746144
-2.25,-6.75,0,0.380578179
-2.25,-7.25,0,-0.002353301
-2.25,-7.75,0,0.014522843
-2.25,-8.25,0,-0.003134876
-2.25,-8.75,0,-0.049516291
-2.25,-9.25,0,0.079914828
-2.25,-9.75,0,-0.025182641
-2.25,-10.25,0,-0.005050363
-2.25,-10.75,0,0.019738232
-2.25,-11.25,0,-0.012790845
-2.25,-11.75,0,0.013945281
-2.25,-12.25,0,0.046731773
-2.25,-12.75,0,-3.26E-03
-2.25,-13.25,0,0.020809133
-2.25,-13.75,0,-0.041777738
-2.25,-14.25,0,0.036460708
-2.25,-14.75,0,-0.008713887
-1.75,14.75,0,0.023854042
-1.75,14.25,0,0.03117874
-1.75,13.75,0,-0.045326613
-1.75,13.25,0,0.022765994
-1.75,12.75,0,0.029446576
-1.75,12.25,0,0.019406006
-1.75,11.75,0,-0.053883255
-1.75,11.25,0,-0.031521559
-1.75,10.75,0,0.048887528
-1.75,10.25,0,0.019231026
-1.75,9.75,0,-0.020301576
-1.75,9.25,0,0.020538272
-1.75,8.75,0,-0.009527709
-1.75,8.25,0,-0.04805529
-1.75,7.75,0,0.05869897
-1.75,7.25,0,-0.01711531
-1.75,6.75,0,0.392244684
-1.75,6.25,0,0.367877803
-1.75,5.75,0,3.77E-01
-1.75,5.25,0,4.14E-01
-1.75,4.75,0,0.492832076
-1.75,4.25,0,0.58840774
-1.75,3.75,0,0.656081234
-1.75,3.25,0,0.56741944
-1.75,2.75,0,0.698398075
-1.75,2.25,0,0.798914287
-1.75,1.75,0,0.747819479
-1.75,1.25,0,0.818266903
-1.75,0.75,0,0.707395493
-1.75,0.25,0,0.872633798
-1.75,-0.25,0,7.77E-01
-1.75,-0.75,0,0.847600307
-1.75,-1.25,0,0.752275213
-1.75,-1.75,0,0.830496065
-1.75,-2.25,0,0.736168036
-1.75,-2.75,0,0.785858071
-1.75,-3.25,0,0.553016596
-1.75,-3.75,0,0.616214962
-1.75,-4.25,0,0.575602667
-1.75,-4.75,0,0.646909704
-1.75,-5.25,0,3.93E-01
-1.75,-5.75,0,0.341053852
-1.75,-6.25,0,0.402056977
-1.75,-6.75,0,0.361219796
-1.75,-7.25,0,-0.037908032
-1.75,-7.75,0,-0.023644251
-1.75,-8.25,0,0.023397259
-1.75,-8.75,0,0.016500737
-1.75,-9.25,0,-0.044443939
-1.75,-9.75,0,0.010197401
-1.75,-10.25,0,0.006209687
-1.75,-10.75,0,-0.012124962
-1.75,-11.25,0,0.036032275
-1.75,-11.75,0,3.59E-03
-1.75,-12.25,0,-3.52E-02
-1.75,-12.75,0,-0.007122777
-1.75,-13.25,0,-0.011773426
-1.75,-13.75,0,0.019281201
-1.75,-14.25,0,-0.031273311
-1.75,-14.75,0,-0.022693427
-1.25,14.75,0,-0.035321018
-1.25,14.25,0,-0.021291013
-1.25,13.75,0,2.16E-02
-1.25,13.25,0,-0.011425256
-1.25,12.75,0,-2.70E-02
-1.25,12.25,0,0.008464828
-1.25,11.75,0,0.078733078
-1.25,11.25,0,-3.03E-02
-1.25,10.75,0,-0.033104367
-1.25,10.25,0,0.001600435
-1.25,9.75,0,-0.005889928
-1.25,9.25,0,-0.03638746
-1.25,8.75,0,1.73E-02
-1.25,8.25,0,0.038960261
-1.25,7.75,0,-0.031921805
-1.25,7.25,0,-0.019352519
-1.25,6.75,0,4.23E-01
-1.25,6.25,0,0.365077897
-1.25,5.75,0,0.391637202
-1.25,5.25,0,0.365180507
-1.25,4.75,0,0.689537029
-1.25,4.25,0,0.598420228
-1.25,3.75,0,0.499415158
-1.25,3.25,0,0.664359811
-1.25,2.75,0,0.787562094
-1.25,2.25,0,0.743271026
-1.25,1.75,0,0.893904927
-1.25,1.25,0,0.756008249
-1.25,0.75,0,0.745927395
-1.25,0.25,0,0.700333941
-1.25,-0.25,0,7.84E-01
-1.25,-0.75,0,0.697653007
-1.25,-1.25,0,0.737190866
-1.25,-1.75,0,0.792911623
-1.25,-2.25,0,0.795375012
-1.25,-2.75,0,0.758552112
-1.25,-3.25,0,0.639131608
-1.25,-3.75,0,0.518349446
-1.25,-4.25,0,0.583997289
-1.25,-4.75,0,0.536771189
-1.25,-5.25,0,0.405278169
-1.25,-5.75,0,0.431204977
-1.25,-6.25,0,0.365375608
-1.25,-6.75,0,0.445042432
-1.25,-7.25,0,0.000591799
-1.25,-7.75,0,0.038043327
-1.25,-8.25,0,0.01933976
-1.25,-8.75,0,-0.046165234
-1.25,-9.25,0,0.01889254
-1.25,-9.75,0,-2.24E-02
-1.25,-10.25,0,0.05380348
-1.25,-10.75,0,-0.074471326
-1.25,-11.25,0,0.041265515
-1.25,-11.75,0,-0.021453946
-1.25,-12.25,0,0.019669608
-1.25,-12.75,0,2.00E-02
-1.25,-13.25,0,0.046284285
-1.25,-13.75,0,0.022203655
-1.25,-14.25,0,0.033213382
-1.25,-14.75,0,0.043736137
-0.75,14.75,0,0.002019332
-0.75,14.25,0,0.034476247
-0.75,13.75,0,-0.03078837
-0.75,13.25,0,0.025899317
-0.75,12.75,0,-0.011321718
-0.75,12.25,0,-3.75E-02
-0.75,11.75,0,0.03219757
-0.75,11.25,0,0.024915582
-0.75,10.75,0,0.04723463
-0.75,10.25,0,-0.035123541
-0.75,9.75,0,4.35E-02
-0.75,9.25,0,-0.004586424
-0.75,8.75,0,-9.84E-03
-0.75,8.25,0,0.0264455
-0.75,7.75,0,0.002757844
-0.75,7.25,0,0.007060623
-0.75,6.75,0,0.356085882
-0.75,6.25,0,0.384146764
-0.75,5.75,0,0.464255951
-0.75,5.25,0,0.356972459
-0.75,4.75,0,0.592217554
-0.75,4.25,0,0.582188509
-0.75,3.75,0,0.610837304
-0.75,3.25,0,0.592356032
-0.75,2.75,0,0.762486215
-0.75,2.25,0,0.725057962
-0.75,1.75,0,0.735069818
-0.75,1.25,0,0.715934013
-0.75,0.75,0,1.101319661
-0.75,0.25,0,0.941836169
-0.75,-0.25,0,9.93E-01
-0.75,-0.75,0,0.981233588
-0.75,-1.25,0,0.825833357
-0.75,-1.75,0,0.753011543
-0.75,-2.25,0,7.49E-01
-0.75,-2.75,0,0.772696035
-0.75,-3.25,0,0.547890562
-0.75,-3.75,0,0.597647684
-0.75,-4.25,0,0.557068738
-0.75,-4.75,0,0.616106366
-0.75,-5.25,0,0.390539213
-0.75,-5.75,0,0.344265194
-0.75,-6.25,0,0.369902378
-0.75,-6.75,0,3.34E-01
-0.75,-7.25,0,0.026249573
-0.75,-7.75,0,-0.013813296
-0.75,-8.25,0,-0.006174181
-0.75,-8.75,0,0.011348909
-0.75,-9.25,0,-0.006159563
-0.75,-9.75,0,0.018932162
-0.75,-10.25,0,-1.76E-02
-0.75,-10.75,0,0.02269273
-0.75,-11.25,0,-0.010907568
-0.75,-11.75,0,0.011498754
-0.75,-12.25,0,0.002442409
-0.75,-12.75,0,-0.04230692
-0.75,-13.25,0,-1.99E-02
-0.75,-13.75,0,-0.032138796
-0.75,-14.25,0,-0.011555099
-0.75,-14.75,0,-0.002004063
-0.25,14.75,0,0.013521113
-0.25,14.25,0,-0.058043383
-0.25,13.75,0,0.055177742
-0.25,13.25,0,0.001155638
-0.25,12.75,0,-0.009171162
-0.25,12.25,0,0.045965482
-0.25,11.75,0,-0.030455274
-0.25,11.25,0,-0.042843147
-0.25,10.75,0,0.004679373
-0.25,10.25,0,0.026378484
-0.25,9.75,0,-0.010486547
-0.25,9.25,0,0.022952369
-0.25,8.75,0,0.014884875
-0.25,8.25,0,-0.013697022
-0.25,7.75,0,0.006740684
-0.25,7.25,0,0.001686402
-0.25,6.75,0,0.350658013
-0.25,6.25,0,0.413395584
-0.25,5.75,0,0.34347801
-0.25,5.25,0,0.442243022
-0.25,4.75,0,0.537135808
-0.25,4.25,0,0.581826162
-0.25,3.75,0,0.567121317
-0.25,3.25,0,0.578783575
-0.25,2.75,0,0.811364226
-0.25,2.25,0,0.756390289
-0.25,1.75,0,0.792033576
-0.25,1.25,0,0.831254449
-0.25,0.75,0,8.18E-01
-0.25,0.25,0,0.983763274
-0.25,-0.25,0,1.04E+00
-0.25,-0.75,0,0.940651125
-0.25,-1.25,0,0.800692722
-0.25,-1.75,0,0.801722191
-0.25,-2.25,0,0.801092568
-0.25,-2.75,0,0.775407731
-0.25,-3.25,0,0.565601002
-0.25,-3.75,0,0.572493953
-0.25,-4.25,0,0.65792774
-0.25,-4.75,0,5.71E-01
-0.25,-5.25,0,0.381477525
-0.25,-5.75,0,0.412259396
-0.25,-6.25,0,3.90E-01
-0.25,-6.75,0,0.458614944
-0.25,-7.25,0,-0.043312315
-0.25,-7.75,0,0.015685279
-0.25,-8.25,0,0.009280365
-0.25,-8.75,0,-0.001031056
-0.25,-9.25,0,-4.45E-02
-0.25,-9.75,0,0.030393236
-0.25,-10.25,0,-0.009118275
-0.25,-10.75,0,0.00243971
-0.25,-11.25,0,-1.80E-02
-0.25,-11.75,0,-0.030767783
-0.25,-12.25,0,-0.02062361
-0.25,-12.75,0,0.027325125
-0.25,-13.25,0,2.11E-02
-0.25,-13.75,0,-0.017084355
-0.25,-14.25,0,0.021563457
-0.25,-14.75,0,-0.03168873
0.25,14.75,0,0.000818582
0.25,14.25,0,0.014339126
0.25,13.75,0,-0.043164902
0.25,13.25,0,0.026900998
0.25,12.75,0,0.002635085
0.25,12.25,0,-0.00668743
0.25,11.75,0,0.001863034
0.25,11.25,0,0.066244
0.25,10.75,0,-0.040020547
0.25,10.25,0,-0.034540662
0.25,9.75,0,-0.010817605
0.25,9.25,0,-0.025844062
0.25,8.75,0,-0.038781153
0.25,8.25,0,0.060684262
0.25,7.75,0,-0.025636104
0.25,7.25,0,-0.004019398
0.25,6.75,0,0.431026826
0.25,6.25,0,0.341782298
0.25,5.75,0,4.05E-01
0.25,5.25,0,0.406395294
0.25,4.75,0,0.584563972
0.25,4.25,0,6.16E-01
0.25,3.75,0,0.557707737
0.25,3.25,0,0.563619874
0.25,2.75,0,0.776908913
0.25,2.25,0,0.770062492
0.25,1.75,0,0.775719445
0.25,1.25,0,0.793901992
0.25,0.75,0,1.027654867
0.25,0.25,0,0.939852738
0.25,-0.25,0,9.50E-01
0.25,-0.75,0,0.952034263
0.25,-1.25,0,0.680721011
0.25,-1.75,0,0.812763161
0.25,-2.25,0,0.741134767
0.25,-2.75,0,0.877187265
0.25,-3.25,0,0.589544715
0.25,-3.75,0,0.587654985
0.25,-4.25,0,0.513019796
0.25,-4.75,0,0.605594333
0.25,-5.25,0,4.00E-01
0.25,-5.75,0,0.344228958
0.25,-6.25,0,0.365673072
0.25,-6.75,0,0.3159624
0.25,-7.25,0,0.089992147
0.25,-7.75,0,-2.01E-02
0.25,-8.25,0,0.030551226
0.25,-8.75,0,0.03360789
0.25,-9.25,0,-0.036256127
0.25,-9.75,0,0.040377392
0.25,-10.25,0,-0.010083923
0.25,-10.75,0,0.00364071
0.25,-11.25,0,-0.0436882
0.25,-11.75,0,2.13E-02
0.25,-12.25,0,0.036368314
0.25,-12.75,0,-0.048431026
0.25,-13.25,0,-0.027594813
0.25,-13.75,0,0.017434603
0.25,-14.25,0,0.004657877
0.25,-14.75,0,2.32E-02
0.75,14.75,0,0.02047808
0.75,14.25,0,-0.001359519
0.75,13.75,0,-0.005085058
0.75,13.25,0,0.040640102
0.75,12.75,0,-0.040456611
0.75,12.25,0,0.00692912
0.75,11.75,0,0.004471609
0.75,11.25,0,-0.036424228
0.75,10.75,0,0.079899207
0.75,10.25,0,-0.028540313
0.75,9.75,0,0.034520366
0.75,9.25,0,-0.014046991
0.75,8.75,0,0.033611799
0.75,8.25,0,-0.037348581
0.75,7.75,0,0.026005885
0.75,7.25,0,0.002080772
0.75,6.75,0,0.421284755
0.75,6.25,0,0.380922915
0.75,5.75,0,0.414359314
0.75,5.25,0,3.28E-01
0.75,4.75,0,6.11E-01
0.75,4.25,0,5.88E-01
0.75,3.75,0,0.538813999
0.75,3.25,0,0.628686715
0.75,2.75,0,0.769956578
0.75,2.25,0,0.763675299
0.75,1.75,0,7.85E-01
0.75,1.25,0,0.732099603
0.75,0.75,0,9.12E-01
0.75,0.25,0,0.947746489
0.75,-0.25,0,1.02E+00
0.75,-0.75,0,0.978687226
0.75,-1.25,0,0.856378047
0.75,-1.75,0,0.761466691
0.75,-2.25,0,0.745386914
0.75,-2.75,0,0.793664599
0.75,-3.25,0,0.484118836
0.75,-3.75,0,0.587543769
0.75,-4.25,0,0.618331344
0.75,-4.75,0,0.587336199
0.75,-5.25,0,0.349092371
0.75,-5.75,0,0.463260241
0.75,-6.25,0,0.407285315
0.75,-6.75,0,0.40805334
0.75,-7.25,0,-0.053185321
0.75,-7.75,0,-3.06E-02
0.75,-8.25,0,0.051552134
0.75,-8.75,0,-0.026448403
0.75,-9.25,0,1.99E-02
0.75,-9.75,0,-0.023557165
0.75,-10.25,0,-0.019490036
0.75,-10.75,0,3.64E-02
0.75,-11.25,0,0.037055441
0.75,-11.75,0,-1.98E-03
0.75,-12.25,0,0.024972954
0.75,-12.75,0,0.046678202
0.75,-13.25,0,0.033431032
0.75,-13.75,0,-0.043802931
0.75,-14.25,0,-0.007040201
0.75,-14.75,0,0.011216299
1.25,14.75,0,-0.000265777
1.25,14.25,0,-0.018760733
1.25,13.75,0,2.09E-02
1.25,13.25,0,-0.047848226
1.25,12.75,0,0.016634787
1.25,12.25,0,0.01279426
1.25,11.75,0,0.004128585
1.25,11.25,0,-0.021657251
1.25,10.75,0,-0.041804695
1.25,10.25,0,0.056027091
1.25,9.75,0,-0.005686406
1.25,9.25,0,0.011820064
1.25,8.75,0,-0.009176185
1.25,8.25,0,0.002744552
1.25,7.75,0,-0.020657476
1.25,7.25,0,-6.63E-04
1.25,6.75,0,0.402269226
1.25,6.25,0,0.331873781
1.25,5.75,0,4.46E-01
1.25,5.25,0,0.357704567
1.25,4.75,0,5.85E-01
1.25,4.25,0,0.592412722
1.25,3.75,0,0.555917181
1.25,3.25,0,0.595097797
1.25,2.75,0,0.837489545
1.25,2.25,0,0.781080635
1.25,1.75,0,0.783121196
1.25,1.25,0,0.799041138
1.25,0.75,0,0.815228575
1.25,0.25,0,0.830696098
1.25,-0.25,0,7.41E-01
1.25,-0.75,0,0.807875114
1.25,-1.25,0,0.689469749
1.25,-1.75,0,0.847461941
1.25,-2.25,0,0.791453195
1.25,-2.75,0,0.737536635
1.25,-3.25,0,0.644889402
1.25,-3.75,0,6.29E-01
1.25,-4.25,0,0.541752459
1.25,-4.75,0,0.577367738
1.25,-5.25,0,0.372334361
1.25,-5.75,0,3.11E-01
1.25,-6.25,0,0.387908171
1.25,-6.75,0,0.357708158
1.25,-7.25,0,0.046728399
1.25,-7.75,0,0.033633359
1.25,-8.25,0,-0.073627429
1.25,-8.75,0,5.37E-02
1.25,-9.25,0,-0.049372959
1.25,-9.75,0,0.024426087
1.25,-10.25,0,4.28E-02
1.25,-10.75,0,-0.045610487
1.25,-11.25,0,-0.00258852
1.25,-11.75,0,0.00357829
1.25,-12.25,0,-0.049642697
1.25,-12.75,0,0.007517072
1.25,-13.25,0,-0.031635285
1.25,-13.75,0,0.039532938
1.25,-14.25,0,-0.013129539
1.25,-14.75,0,0.007262188
1.75,14.75,0,0.003274351
1.75,14.25,0,-0.001615716
1.75,13.75,0,0.003986576
1.75,13.25,0,-0.028536006
1.75,12.75,0,-0.00802774
1.75,12.25,0,-1.48E-02
1.75,11.75,0,-0.013235504
1.75,11.25,0,0.051681138
1.75,10.75,0,-0.023416977
1.75,10.25,0,-0.004281847
1.75,9.75,0,0.026198133
1.75,9.25,0,0.026903702
1.75,8.75,0,-0.010657811
1.75,8.25,0,0.021059353
1.75,7.75,0,3.19E-02
1.75,7.25,0,0.086277062
1.75,6.75,0,3.07E-01
1.75,6.25,0,0.430403889
1.75,5.75,0,0.335123877
1.75,5.25,0,4.44E-01
1.75,4.75,0,5.51E-01
1.75,4.25,0,0.542283702
1.75,3.75,0,0.615814992
1.75,3.25,0,0.472960851
1.75,2.75,0,0.807376414
1.75,2.25,0,0.743589637
1.75,1.75,0,8.66E-01
1.75,1.25,0,0.692848377
1.75,0.75,0,0.822263668
1.75,0.25,0,7.87E-01
1.75,-0.25,0,7.66E-01
1.75,-0.75,0,0.736779064
1.75,-1.25,0,0.858328901
1.75,-1.75,0,0.721451604
1.75,-2.25,0,0.756436954
1.75,-2.75,0,8.19E-01
1.75,-3.25,0,0.599828869
1.75,-3.75,0,0.567928704
1.75,-4.25,0,0.589348294
1.75,-4.75,0,0.557860782
1.75,-5.25,0,0.418126867
1.75,-5.75,0,4.27E-01
1.75,-6.25,0,0.393821345
1.75,-6.75,0,0.37774362
1.75,-7.25,0,0.014329077
1.75,-7.75,0,-0.021615734
1.75,-8.25,0,0.03436792
1.75,-8.75,0,-0.005268786
1.75,-9.25,0,0.00109532
1.75,-9.75,0,-0.040735538
1.75,-10.25,0,-0.029675525
1.75,-10.75,0,0.049418223
1.75,-11.25,0,-0.017968054
1.75,-11.75,0,-0.0034044
1.75,-12.25,0,0.021456592
1.75,-12.75,0,-0.016657967
1.75,-13.25,0,-3.52E-02
1.75,-13.75,0,0.006179786
1.75,-14.25,0,-0.010342189
1.75,-14.75,0,-0.045541473
2.25,14.75,0,-2.12E-02
2.25,14.25,0,0.022003375
2.25,13.75,0,-0.01370549
2.25,13.25,0,0.023601732
2.25,12.75,0,-0.024526699
2.25,12.25,0,0.048438865
2.25,11.75,0,0.001423504
2.25,11.25,0,0.004946628
2.25,10.75,0,-0.017368068
2.25,10.25,0,-0.005929236
2.25,9.75,0,0.012399597
2.25,9.25,0,-4.10E-03
2.25,8.75,0,-0.000524626
2.25,8.25,0,-0.004160213
2.25,7.75,0,-0.015293897
2.25,7.25,0,-0.038081887
2.25,6.75,0,0.421754663
2.25,6.25,0,3.87E-01
2.25,5.75,0,0.38533322
2.25,5.25,0,0.4005593
2.25,4.75,0,0.572745378
2.25,4.25,0,0.535469491
2.25,3.75,0,5.99E-01
2.25,3.25,0,0.637760423
2.25,2.75,0,7.48E-01
2.25,2.25,0,0.819687897
2.25,1.75,0,0.693062905
2.25,1.25,0,0.831187954
2.25,0.75,0,0.724529299
2.25,0.25,0,8.07E-01
2.25,-0.25,0,7.25E-01
2.25,-0.75,0,0.811050636
2.25,-1.25,0,0.760698357
2.25,-1.75,0,0.813593099
2.25,-2.25,0,0.781761927
2.25,-2.75,0,0.762812984
2.25,-3.25,0,0.591120366
2.25,-3.75,0,5.68E-01
2.25,-4.25,0,0.593188667
2.25,-4.75,0,0.595449082
2.25,-5.25,0,0.433184195
2.25,-5.75,0,0.375774792
2.25,-6.25,0,4.07E-01
2.25,-6.75,0,3.99E-01
2.25,-7.25,0,-0.025612492
2.25,-7.75,0,0.022488892
2.25,-8.25,0,-0.025705436
2.25,-8.75,0,0.010436575
2.25,-9.25,0,2.31E-02
2.25,-9.75,0,0.015225711
2.25,-10.25,0,0.006791067
2.25,-10.75,0,-0.022878408
2.25,-11.25,0,-0.0322181
2.25,-11.75,0,0.001803221
2.25,-12.25,0,0.035227435
2.25,-12.75,0,0.0080419
2.25,-13.25,0,0.00289355
2.25,-13.75,0,2.28E-02
2.25,-14.25,0,-0.001423938
2.25,-14.75,0,0.018855943
2.75,14.75,0,1.86E-03
2.75,14.25,0,0.0250535
2.75,13.75,0,-0.015743278
2.75,13.25,0,-0.032626995
2.75,12.75,0,0.06868045
2.75,12.25,0,-0.05131253
2.75,11.75,0,-0.006548504
2.75,11.25,0,0.008237985
2.75,10.75,0,-0.010774049
2.75,10.25,0,-0.003093233
2.75,9.75,0,0.001366426
2.75,9.25,0,-0.066888756
2.75,8.75,0,-0.001790435
2.75,8.25,0,0.011280059
2.75,7.75,0,-0.023954413
2.75,7.25,0,0.041402083
2.75,6.75,0,0.340978553
2.75,6.25,0,3.78E-01
2.75,5.75,0,0.378160307
2.75,5.25,0,0.387906437
2.75,4.75,0,6.11E-01
2.75,4.25,0,0.601128174
2.75,3.75,0,0.601074613
2.75,3.25,0,0.546023053
2.75,2.75,0,0.785634589
2.75,2.25,0,0.774934925
2.75,1.75,0,0.807043488
2.75,1.25,0,0.75825381
2.75,0.75,0,0.790682664
2.75,0.25,0,0.843595469
2.75,-0.25,0,7.71E-01
2.75,-0.75,0,0.788209641
2.75,-1.25,0,0.754460227
2.75,-1.75,0,0.731426119
2.75,-2.25,0,0.764241884
2.75,-2.75,0,7.66E-01
2.75,-3.25,0,0.576865928
2.75,-3.75,0,0.550179338
2.75,-4.25,0,0.59358983
2.75,-4.75,0,0.533546198
2.75,-5.25,0,3.47E-01
2.75,-5.75,0,0.338983976
2.75,-6.25,0,0.379128482
2.75,-6.75,0,0.38368614
2.75,-7.25,0,-0.043842027
2.75,-7.75,0,2.08E-02
2.75,-8.25,0,-0.047158741
2.75,-8.75,0,-1.64E-05
2.75,-9.25,0,-0.013389438
2.75,-9.75,0,0.011627231
2.75,-10.25,0,-0.016627591
2.75,-10.75,0,0.021197041
2.75,-11.25,0,0.031892028
2.75,-11.75,0,-0.000375325
2.75,-12.25,0,1.22E-02
2.75,-12.75,0,-0.040082902
2.75,-13.25,0,0.012891613
2.75,-13.75,0,-0.01353971
2.75,-14.25,0,-0.035355663
2.75,-14.75,0,0.041475468
3.25,14.75,0,-0.026649818
3.25,14.25,0,-1.45E-02
3.25,13.75,0,0.045893918
3.25,13.25,0,-0.002647369
3.25,12.75,0,-0.025445057
3.25,12.25,0,0.034985972
3.25,11.75,0,0.031459677
3.25,11.25,0,-0.021789543
3.25,10.75,0,0.034242199
3.25,10.25,0,0.007616233
3.25,9.75,0,0.019753515
3.25,9.25,0,0.03306916
3.25,8.75,0,8.45E-03
3.25,8.25,0,-0.046584135
3.25,7.75,0,0.043935372
3.25,7.25,0,0.005703758
3.25,6.75,0,0.359824645
3.25,6.25,0,0.407746642
3.25,5.75,0,0.391956052
3.25,5.25,0,0.390529163
3.25,4.75,0,0.564913562
3.25,4.25,0,0.624460059
3.25,3.75,0,0.524239847
3.25,3.25,0,0.631923324
3.25,2.75,0,0.572335098
3.25,2.25,0,0.614392169
3.25,1.75,0,0.524823628
3.25,1.25,0,0.561506512
3.25,0.75,0,0.580930246
3.25,0.25,0,0.544755539
3.25,-0.25,0,6.40E-01
3.25,-0.75,0,0.511537448
3.25,-1.25,0,0.620350045
3.25,-1.75,0,0.622217606
3.25,-2.25,0,0.599934431
3.25,-2.75,0,0.583941553
3.25,-3.25,0,0.611388544
3.25,-3.75,0,0.607832951
3.25,-4.25,0,6.06E-01
3.25,-4.75,0,5.84E-01
3.25,-5.25,0,3.92E-01
3.25,-5.75,0,0.497250471
3.25,-6.25,0,0.36906604
3.25,-6.75,0,0.397440674
3.25,-7.25,0,0.022970338
3.25,-7.75,0,-0.001640235
3.25,-8.25,0,0.051753459
3.25,-8.75,0,0.028149829
3.25,-9.25,0,0.028316083
3.25,-9.75,0,-0.005985074
3.25,-10.25,0,0.041967296
3.25,-10.75,0,-0.056100738
3.25,-11.25,0,-0.011958765
3.25,-11.75,0,8.50E-03
3.25,-12.25,0,-0.009864726
3.25,-12.75,0,0.043814731
3.25,-13.25,0,-0.031625131
3.25,-13.75,0,0.083342428
3.25,-14.25,0,-4.33E-02
3.25,-14.75,0,0.001005272
3.75,14.75,0,0.011725295
3.75,14.25,0,-1.82E-03
3.75,13.75,0,-0.009210935
3.75,13.25,0,0.045625576
3.75,12.75,0,-1.63E-02
3.75,12.25,0,-4.40E-02
3.75,11.75,0,0.027678473
3.75,11.25,0,-0.026818264
3.75,10.75,0,0.008121068
3.75,10.25,0,-0.007652401
3.75,9.75,0,0.020928634
3.75,9.25,0,-0.006481824
3.75,8.75,0,0.020337246
3.75,8.25,0,0.02556301
3.75,7.75,0,-0.046683264
3.75,7.25,0,0.039581037
3.75,6.75,0,3.60E-01
3.75,6.25,0,0.424633171
3.75,5.75,0,0.377358301
3.75,5.25,0,0.350814813
3.75,4.75,0,0.635751082
3.75,4.25,0,0.521254306
3.75,3.75,0,0.603047602
3.75,3.25,0,0.558750407
3.75,2.75,0,0.610039196
3.75,2.25,0,0.62069919
3.75,1.75,0,0.556582856
3.75,1.25,0,6.20E-01
3.75,0.75,0,0.614873572
3.75,0.25,0,0.61913372
3.75,-0.25,0,5.41E-01
3.75,-0.75,0,0.633705852
3.75,-1.25,0,0.56320904
3.75,-1.75,0,0.612716888
3.75,-2.25,0,0.537438356
3.75,-2.75,0,0.551919553
3.75,-3.25,0,0.567817739
3.75,-3.75,0,0.541654489
3.75,-4.25,0,5.90E-01
3.75,-4.75,0,0.57610724
3.75,-5.25,0,0.453615879
3.75,-5.75,0,0.324796267
3.75,-6.25,0,0.434474694
3.75,-6.75,0,4.00E-01
3.75,-7.25,0,-3.51E-02
3.75,-7.75,0,1.13E-02
3.75,-8.25,0,-0.024359656
3.75,-8.75,0,-0.039003684
3.75,-9.25,0,-0.030553505
3.75,-9.75,0,-1.00E-02
3.75,-10.25,0,-3.15E-03
3.75,-10.75,0,0.011625582
3.75,-11.25,0,-0.032990538
3.75,-11.75,0,1.51E-02
3.75,-12.25,0,-0.013083608
3.75,-12.75,0,-2.00E-02
3.75,-13.25,0,0.031429957
3.75,-13.75,0,-0.057432678
3.75,-14.25,0,-0.017992398
3.75,-14.75,0,4.33E-02
4.25,14.75,0,0.031178709
4.25,14.25,0,-0.002533517
4.25,13.75,0,-0.001193731
4.25,13.25,0,-0.034164823
4.25,12.75,0,3.44E-02
4.25,12.25,0,-0.016410863
4.25,11.75,0,-0.01104515
4.25,11.25,0,0.015182669
4.25,10.75,0,6.85E-03
4.25,10.25,0,-0.00185123
4.25,9.75,0,-0.008181427
4.25,9.25,0,-0.03959302
4.25,8.75,0,0.001376404
4.25,8.25,0,0.008946236
4.25,7.75,0,0.018341364
4.25,7.25,0,0.02872554
4.25,6.75,0,3.75E-01
4.25,6.25,0,0.342444623
4.25,5.75,0,0.422720086
4.25,5.25,0,0.418295607
4.25,4.75,0,0.563140219
4.25,4.25,0,0.588286347
4.25,3.75,0,6.10E-01
4.25,3.25,0,0.553757154
4.25,2.75,0,0.543728537
4.25,2.25,0,0.529647229
4.25,1.75,0,0.575440975
4.25,1.25,0,0.547556945
4.25,0.75,0,0.593008367
4.25,0.25,0,0.574696197
4.25,-0.25,0,5.63E-01
4.25,-0.75,0,0.588201457
4.25,-1.25,0,0.531825301
4.25,-1.75,0,0.631354853
4.25,-2.25,0,0.517405634
4.25,-2.75,0,0.636383191
4.25,-3.25,0,0.608715917
4.25,-3.75,0,0.541846174
4.25,-4.25,0,0.63023628
4.25,-4.75,0,5.82E-01
4.25,-5.25,0,0.345373934
4.25,-5.75,0,0.42319985
4.25,-6.25,0,3.48E-01
4.25,-6.75,0,3.94E-01
4.25,-7.25,0,-0.055352123
4.25,-7.75,0,0.021292837
4.25,-8.25,0,0.05191765
4.25,-8.75,0,-0.056934499
4.25,-9.25,0,1.10E-01
4.25,-9.75,0,-3.43E-02
4.25,-10.25,0,0.012716411
4.25,-10.75,0,0.000477172
4.25,-11.25,0,0.036610712
4.25,-11.75,0,-0.052450685
4.25,-12.25,0,0.035771578
4.25,-12.75,0,0.025810263
4.25,-13.25,0,-0.034447053
4.25,-13.75,0,0.031492044
4.25,-14.25,0,1.77E-02
4.25,-14.75,0,-0.031606928
4.75,14.75,0,-0.073695975
4.75,14.25,0,0.023688182
4.75,13.75,0,0.017171259
4.75,13.25,0,0.046589897
4.75,12.75,0,-0.009350755
4.75,12.25,0,0.031294285
4.75,11.75,0,-0.043452811
4.75,11.25,0,-0.00299148
4.75,10.75,0,-0.035347266
4.75,10.25,0,0.05552886
4.75,9.75,0,-0.057167607
4.75,9.25,0,0.067550134
4.75,8.75,0,0.034695769
4.75,8.25,0,0.006720667
4.75,7.75,0,-0.014875191
4.75,7.25,0,-0.008137876
4.75,6.75,0,3.71E-01
4.75,6.25,0,4.20E-01
4.75,5.75,0,0.304142408
4.75,5.25,0,4.62E-01
4.75,4.75,0,5.48E-01
4.75,4.25,0,0.621506195
4.75,3.75,0,0.561131472
4.75,3.25,0,0.593803984
4.75,2.75,0,0.601959921
4.75,2.25,0,0.667890033
4.75,1.75,0,0.590644966
4.75,1.25,0,0.591060501
4.75,0.75,0,0.593748566
4.75,0.25,0,0.595658604
4.75,-0.25,0,6.11E-01
4.75,-0.75,0,0.602990066
4.75,-1.25,0,0.552637848
4.75,-1.75,0,0.588248832
4.75,-2.25,0,0.602525325
4.75,-2.75,0,0.503048203
4.75,-3.25,0,0.651462873
4.75,-3.75,0,0.58986876
4.75,-4.25,0,0.534568384
4.75,-4.75,0,0.585887978
4.75,-5.25,0,0.374446133
4.75,-5.75,0,0.379141437
4.75,-6.25,0,0.338982344
4.75,-6.75,0,0.419108061
4.75,-7.25,0,-5.47E-03
4.75,-7.75,0,4.55E-02
4.75,-8.25,0,-0.025201755
4.75,-8.75,0,0.018132844
4.75,-9.25,0,-0.050546555
4.75,-9.75,0,0.001370534
4.75,-10.25,0,0.050694344
4.75,-10.75,0,-0.057998669
4.75,-11.25,0,-0.004441884
4.75,-11.75,0,4.68E-02
4.75,-12.25,0,-0.022066085
4.75,-12.75,0,0.033679734
4.75,-13.25,0,-0.057531135
4.75,-13.75,0,0.030080481
4.75,-14.25,0,-2.84E-02
4.75,-14.75,0,0.035811944
5.25,14.75,0,0.015305808
5.25,14.25,0,-0.012185493
5.25,13.75,0,-0.018818704
5.25,13.25,0,-0.041774814
5.25,12.75,0,-0.028984566
5.25,12.25,0,-0.02569031
5.25,11.75,0,0.075797158
5.25,11.25,0,0.006584724
5.25,10.75,0,8.67E-03
5.25,10.25,0,-0.013695976
5.25,9.75,0,0.003516553
5.25,9.25,0,5.73E-03
5.25,8.75,0,-0.052238678
5.25,8.25,0,-0.013186332
5.25,7.75,0,0.038143429
5.25,7.25,0,0.006652493
5.25,6.75,0,0.34502484
5.25,6.25,0,0.372150199
5.25,5.75,0,0.462369874
5.25,5.25,0,0.325576958
5.25,4.75,0,0.400557384
5.25,4.25,0,0.386281393
5.25,3.75,0,3.99E-01
5.25,3.25,0,0.423067461
5.25,2.75,0,0.354109809
5.25,2.25,0,0.318110036
5.25,1.75,0,0.428223106
5.25,1.25,0,0.359658956
5.25,0.75,0,0.385447941
5.25,0.25,0,0.410239631
5.25,-0.25,0,3.36E-01
5.25,-0.75,0,0.427169906
5.25,-1.25,0,0.407193131
5.25,-1.75,0,0.44369715
5.25,-2.25,0,0.398491148
5.25,-2.75,0,0.378105398
5.25,-3.25,0,0.349892778
5.25,-3.75,0,0.379210158
5.25,-4.25,0,0.425351273
5.25,-4.75,0,0.399538709
5.25,-5.25,0,0.341891687
5.25,-5.75,0,0.457056041
5.25,-6.25,0,0.377903805
5.25,-6.75,0,0.365740362
5.25,-7.25,0,0.006556807
5.25,-7.75,0,-0.004473704
5.25,-8.25,0,-0.002143165
5.25,-8.75,0,0.025247205
5.25,-9.25,0,-0.031923309
5.25,-9.75,0,0.006805405
5.25,-10.25,0,-0.042206384
5.25,-10.75,0,0.035986779
5.25,-11.25,0,1.29E-02
5.25,-11.75,0,-8.79E-03
5.25,-12.25,0,0.022242959
5.25,-12.75,0,0.003013691
5.25,-13.25,0,-0.006545248
5.25,-13.75,0,-0.003873613
5.25,-14.25,0,0.016839204
5.25,-14.75,0,-0.006050131
5.75,14.75,0,0.003881977
5.75,14.25,0,-0.008615556
5.75,13.75,0,0.027596145
5.75,13.25,0,0.021972505
5.75,12.75,0,-0.025697067
5.75,12.25,0,0.041037212
5.75,11.75,0,-3.73E-02
5.75,11.25,0,-0.012322141
5.75,10.75,0,-0.035328249
5.75,10.25,0,-0.00460082
5.75,9.75,0,0.0261058
5.75,9.25,0,0.003986946
5.75,8.75,0,-0.042814593
5.75,8.25,0,0.029204654
5.75,7.75,0,0.025263772
5.75,7.25,0,0.009542425
5.75,6.75,0,0.359899252
5.75,6.25,0,0.384084749
5.75,5.75,0,3.82E-01
5.75,5.25,0,0.404446952
5.75,4.75,0,0.450133427
5.75,4.25,0,0.354601911
5.75,3.75,0,0.436682291
5.75,3.25,0,0.343631053
5.75,2.75,0,0.426257532
5.75,2.25,0,0.376324232
5.75,1.75,0,0.358803835
5.75,1.25,0,0.368306738
5.75,0.75,0,0.392541783
5.75,0.25,0,0.376110938
5.75,-0.25,0,4.09E-01
5.75,-0.75,0,0.361891167
5.75,-1.25,0,0.417538465
5.75,-1.75,0,0.329045161
5.75,-2.25,0,0.371684121
5.75,-2.75,0,0.412827621
5.75,-3.25,0,0.368900281
5.75,-3.75,0,0.441973542
5.75,-4.25,0,0.385829368
5.75,-4.75,0,4.11E-01
5.75,-5.25,0,0.340869835
5.75,-5.75,0,0.403259381
5.75,-6.25,0,0.364673707
5.75,-6.75,0,0.383422601
5.75,-7.25,0,0.004313136
5.75,-7.75,0,0.003352409
5.75,-8.25,0,0.045316463
5.75,-8.75,0,-0.072495363
5.75,-9.25,0,0.008268266
5.75,-9.75,0,0.019968434
5.75,-10.25,0,8.98E-04
5.75,-10.75,0,0.011940712
5.75,-11.25,0,-0.013774141
5.75,-11.75,0,-0.042287318
5.75,-12.25,0,-3.16E-02
5.75,-12.75,0,-0.00522884
5.75,-13.25,0,-0.022736139
5.75,-13.75,0,0.037531929
5.75,-14.25,0,-0.076091635
5.75,-14.75,0,0.015578365
6.25,14.75,0,-0.072479136
6.25,14.25,0,0.070994759
6.25,13.75,0,-0.011089376
6.25,13.25,0,-0.024106652
6.25,12.75,0,0.050159717
6.25,12.25,0,-0.030747997
6.25,11.75,0,0.027548265
6.25,11.25,0,-0.002792739
6.25,10.75,0,-0.010583948
6.25,10.25,0,1.98E-02
6.25,9.75,0,-7.87E-02
6.25,9.25,0,0.047861714
6.25,8.75,0,0.012227426
6.25,8.25,0,-0.021013997
6.25,7.75,0,-0.001990847
6.25,7.25,0,0.001693626
6.25,6.75,0,0.425821998
6.25,6.25,0,0.415985686
6.25,5.75,0,0.329505467
6.25,5.25,0,4.00E-01
6.25,4.75,0,0.368669096
6.25,4.25,0,0.402362525
6.25,3.75,0,0.370312006
6.25,3.25,0,0.378795127
6.25,2.75,0,0.430342955
6.25,2.25,0,0.363664453
6.25,1.75,0,0.418572152
6.25,1.25,0,0.395543085
6.25,0.75,0,0.390650878
6.25,0.25,0,0.41923607
6.25,-0.25,0,4.06E-01
6.25,-0.75,0,0.385012342
6.25,-1.25,0,0.351734595
6.25,-1.75,0,0.441128991
6.25,-2.25,0,0.373236752
6.25,-2.75,0,0.368008849
6.25,-3.25,0,0.412550855
6.25,-3.75,0,3.90E-01
6.25,-4.25,0,0.356993821
6.25,-4.75,0,3.81E-01
6.25,-5.25,0,0.39614256
6.25,-5.75,0,4.53E-01
6.25,-6.25,0,0.365105097
6.25,-6.75,0,0.430562363
6.25,-7.25,0,-6.14E-02
6.25,-7.75,0,0.041953416
6.25,-8.25,0,-0.006494253
6.25,-8.75,0,-0.014119042
6.25,-9.25,0,0.021136987
6.25,-9.75,0,0.004208859
6.25,-10.25,0,-0.007808356
6.25,-10.75,0,-0.015917903
6.25,-11.25,0,0.04961604
6.25,-11.75,0,-0.021374876
6.25,-12.25,0,0.054002785
6.25,-12.75,0,-3.21E-02
6.25,-13.25,0,0.063316018
6.25,-13.75,0,-9.69E-02
6.25,-14.25,0,0.040265994
6.25,-14.75,0,-0.015866044
6.75,14.75,0,0.069246607
6.75,14.25,0,-0.050562949
6.75,13.75,0,0.026407201
6.75,13.25,0,0.016394826
6.75,12.75,0,0.002515989
6.75,12.25,0,-0.023577798
6.75,11.75,0,0.001504532
6.75,11.25,0,-0.001352818
6.75,10.75,0,-0.036656115
6.75,10.25,0,5.10E-02
6.75,9.75,0,1.09E-03
6.75,9.25,0,3.39E-04
6.75,8.75,0,0.019953226
6.75,8.25,0,0.031780912
6.75,7.75,0,-6.61E-03
6.75,7.25,0,0.003406258
6.75,6.75,0,0.327782638
6.75,6.25,0,0.371347103
6.75,5.75,0,0.394049899
6.75,5.25,0,3.65E-01
6.75,4.75,0,0.390364114
6.75,4.25,0,0.36978462
6.75,3.75,0,4.25E-01
6.75,3.25,0,0.377420386
6.75,2.75,0,0.355862372
6.75,2.25,0,0.412678191
6.75,1.75,0,0.315295367
6.75,1.25,0,0.427370622
6.75,0.75,0,0.417321211
6.75,0.25,0,0.347273046
6.75,-0.25,0,3.52E-01
6.75,-0.75,0,0.358731846
6.75,-1.25,0,0.408940617
6.75,-1.75,0,0.284861117
6.75,-2.25,0,0.433491093
6.75,-2.75,0,0.412156676
6.75,-3.25,0,0.39910028
6.75,-3.75,0,0.350438775
6.75,-4.25,0,0.406502609
6.75,-4.75,0,0.309146243
6.75,-5.25,0,0.433536083
6.75,-5.75,0,3.58E-01
6.75,-6.25,0,0.392016899
6.75,-6.75,0,0.377875795
6.75,-7.25,0,-0.029544872
6.75,-7.75,0,0.004876956
6.75,-8.25,0,0.017949611
6.75,-8.75,0,-0.008359852
6.75,-9.25,0,0.046214035
6.75,-9.75,0,-0.028547274
6.75,-10.25,0,0.054616856
6.75,-10.75,0,0.017684892
6.75,-11.25,0,-0.037408304
6.75,-11.75,0,0.000690987
6.75,-12.25,0,-0.049574417
6.75,-12.75,0,0.049332687
6.75,-13.25,0,0.009936104
6.75,-13.75,0,-0.010037737
6.75,-14.25,0,0.006706492
6.75,-14.75,0,0.005634859
7.25,14.75,0,-0.037325463
7.25,14.25,0,-0.009082757
7.25,13.75,0,0.015754991
7.25,13.25,0,-0.033616522
7.25,12.75,0,0.013227192
7.25,12.25,0,0.020874871
7.25,11.75,0,6.42E-02
7.25,11.25,0,-2.44E-02
7.25,10.75,0,-0.000375034
7.25,10.25,0,3.15E-02
7.25,9.75,0,-0.023590618
7.25,9.25,0,0.004669655
7.25,8.75,0,-0.035820717
7.25,8.25,0,-0.04445299
7.25,7.75,0,0.009756044
7.25,7.25,0,0.005743501
7.25,6.75,0,0.047046368
7.25,6.25,0,-0.007129426
7.25,5.75,0,0.048089057
7.25,5.25,0,0.011175129
7.25,4.75,0,0.071770119
7.25,4.25,0,-8.67E-02
7.25,3.75,0,6.28E-02
7.25,3.25,0,-0.040471317
7.25,2.75,0,-0.023600699
7.25,2.25,0,0.057183753
7.25,1.75,0,0.014735417
7.25,1.25,0,-0.077258179
7.25,0.75,0,0.059935329
7.25,0.25,0,-0.049141787
7.25,-0.25,0,6.37E-02
7.25,-0.75,0,0.043357463
7.25,-1.25,0,-0.015934597
7.25,-1.75,0,0.060376042
7.25,-2.25,0,-0.016186014
7.25,-2.75,0,-0.042756387
7.25,-3.25,0,0.046565452
7.25,-3.75,0,-4.42E-02
7.25,-4.25,0,0.051640367
7.25,-4.75,0,0.021653962
7.25,-5.25,0,-0.021453434
7.25,-5.75,0,6.30E-03
7.25,-6.25,0,0.007271924
7.25,-6.75,0,-1.41E-02
7.25,-7.25,0,0.010175142
7.25,-7.75,0,0.020164535
7.25,-8.25,0,-4.87E-02
7.25,-8.75,0,0.019123773
7.25,-9.25,0,-0.016027123
7.25,-9.75,0,-0.011675669
7.25,-10.25,0,-0.042449288
7.25,-10.75,0,-0.015433647
7.25,-11.25,0,0.025035419
7.25,-11.75,0,0.019690492
7.25,-12.25,0,-0.03604282
7.25,-12.75,0,0.022097215
7.25,-13.25,0,-0.035462223
7.25,-13.75,0,0.044819939
7.25,-14.25,0,-0.035198086
7.25,-14.75,0,0.001605396
7.75,14.75,0,0.022083303
7.75,14.25,0,0.035918995
7.75,13.75,0,-1.22E-02
7.75,13.25,0,-0.004819707
7.75,12.75,0,0.027592589
7.75,12.25,0,-0.043372946
7.75,11.75,0,-4.19E-02
7.75,11.25,0,0.078292654
7.75,10.75,0,-0.048486825
7.75,10.25,0,4.34E-02
7.75,9.75,0,-0.069533889
7.75,9.25,0,3.86E-02
7.75,8.75,0,-0.001819406
7.75,8.25,0,-0.012628389
7.75,7.75,0,0.004780023
7.75,7.25,0,-0.019669647
7.75,6.75,0,-0.006214935
7.75,6.25,0,0.005005398
7.75,5.75,0,-0.042638722
7.75,5.25,0,0.048160693
7.75,4.75,0,-0.064680613
7.75,4.25,0,0.092666104
7.75,3.75,0,-0.000119382
7.75,3.25,0,0.018799404
7.75,2.75,0,0.004299775
7.75,2.25,0,-0.009500772
7.75,1.75,0,0.013896471
7.75,1.25,0,0.009598826
7.75,0.75,0,0.019243881
7.75,0.25,0,-0.006963214
7.75,-0.25,0,-3.44E-03
7.75,-0.75,0,0.01172479
7.75,-1.25,0,-0.001115258
7.75,-1.75,0,-0.021656758
7.75,-2.25,0,0.022723131
7.75,-2.75,0,-0.004178284
7.75,-3.25,0,-0.018409113
7.75,-3.75,0,0.045764043
7.75,-4.25,0,-0.046660728
7.75,-4.75,0,-3.99E-03
7.75,-5.25,0,0.004628141
7.75,-5.75,0,-0.008058534
7.75,-6.25,0,0.027403389
7.75,-6.75,0,0.021527568
7.75,-7.25,0,1.32E-02
7.75,-7.75,0,-0.043297632
7.75,-8.25,0,1.86E-02
7.75,-8.75,0,-0.015219257
7.75,-9.25,0,0.014943111
7.75,-9.75,0,0.009127339
7.75,-10.25,0,-0.019996649
7.75,-10.75,0,0.022668449
7.75,-11.25,0,-0.019720707
7.75,-11.75,0,-0.03426605
7.75,-12.25,0,0.056937622
7.75,-12.75,0,-0.026476449
7.75,-13.25,0,0.05547944
7.75,-13.75,0,-2.60E-02
7.75,-14.25,0,0.037493815
7.75,-14.75,0,-1.32E-02
8.25,14.75,0,-2.67E-02
8.25,14.25,0,0.014991871
8.25,13.75,0,0.004477573
8.25,13.25,0,-0.058227113
8.25,12.75,0,0.034040902
8.25,12.25,0,0.006219156
8.25,11.75,0,0.016632743
8.25,11.25,0,-0.022851459
8.25,10.75,0,-0.012467504
8.25,10.25,0,-0.030779641
8.25,9.75,0,0.091674343
8.25,9.25,0,-0.056657948
8.25,8.75,0,0.062089457
8.25,8.25,0,0.02541138
8.25,7.75,0,-0.04444287
8.25,7.25,0,4.39E-02
8.25,6.75,0,-0.004005888
8.25,6.25,0,-0.033584724
8.25,5.75,0,0.058529355
8.25,5.25,0,-0.00815929
8.25,4.75,0,0.020637676
8.25,4.25,0,-0.004401243
8.25,3.75,0,0.00573585
8.25,3.25,0,-0.036960893
8.25,2.75,0,0.079330239
8.25,2.25,0,-0.029516595
8.25,1.75,0,-0.034229669
8.25,1.25,0,-0.007092251
8.25,0.75,0,0.02616955
8.25,0.25,0,0.006540349
8.25,-0.25,0,6.59E-03
8.25,-0.75,0,-3.01E-02
8.25,-1.25,0,0.0240159
8.25,-1.75,0,0.011111056
8.25,-2.25,0,0.005104256
8.25,-2.75,0,0.04014543
8.25,-3.25,0,-0.026858163
8.25,-3.75,0,-0.004784297
8.25,-4.25,0,0.019974798
8.25,-4.75,0,0.043187389
8.25,-5.25,0,-4.70E-02
8.25,-5.75,0,0.052462913
8.25,-6.25,0,-0.05746554
8.25,-6.75,0,-0.010709071
8.25,-7.25,0,-0.026214066
8.25,-7.75,0,0.045300327
8.25,-8.25,0,-0.057208229
8.25,-8.75,0,0.029901312
8.25,-9.25,0,0.033553654
8.25,-9.75,0,-0.039125307
8.25,-10.25,0,0.047101713
8.25,-10.75,0,0.034859249
8.25,-11.25,0,-1.33E-02
8.25,-11.75,0,0.021468419
8.25,-12.25,0,-0.061698588
8.25,-12.75,0,0.021079983
8.25,-13.25,0,-0.041286199
8.25,-13.75,0,0.052405242
8.25,-14.25,0,-3.12E-02
8.25,-14.75,0,-0.017110778
8.75,14.75,0,0.044811442
8.75,14.25,0,-0.033980966
8.75,13.75,0,-0.003935485
8.75,13.25,0,0.064015216
8.75,12.75,0,-0.054125328
8.75,12.25,0,0.008765278
8.75,11.75,0,-0.040403251
8.75,11.25,0,0.042384805
8.75,10.75,0,-0.060026504
8.75,10.25,0,1.07E-02
8.75,9.75,0,-0.013270199
8.75,9.25,0,2.71E-03
8.75,8.75,0,-0.036021314
8.75,8.25,0,-0.014054504
8.75,7.75,0,0.013548024
8.75,7.25,0,-0.042061444
8.75,6.75,0,-0.003994066
8.75,6.25,0,0.027117564
8.75,5.75,0,-0.116832584
8.75,5.25,0,0.036517473
8.75,4.75,0,-0.003065367
8.75,4.25,0,-0.011335636
8.75,3.75,0,-0.063086522
8.75,3.25,0,0.017648986
8.75,2.75,0,-0.061921503
8.75,2.25,0,-0.01862625
8.75,1.75,0,0.00586784
8.75,1.25,0,0.044440277
8.75,0.75,0,-0.015126607
8.75,0.25,0,-0.015052352
8.75,-0.25,0,3.89E-03
8.75,-0.75,0,-0.0123212
8.75,-1.25,0,-0.026954521
8.75,-1.75,0,0.000549776
8.75,-2.25,0,-0.016037927
8.75,-2.75,0,0.006204428
8.75,-3.25,0,0.008519454
8.75,-3.75,0,-0.030980449
8.75,-4.25,0,-0.03512273
8.75,-4.75,0,-2.71E-02
8.75,-5.25,0,0.025834051
8.75,-5.75,0,-0.041096657
8.75,-6.25,0,0.006201818
8.75,-6.75,0,0.037630027
8.75,-7.25,0,1.85E-02
8.75,-7.75,0,0.028473615
8.75,-8.25,0,0.057167381
8.75,-8.75,0,-0.048578177
8.75,-9.25,0,-0.025862035
8.75,-9.75,0,0.064353001
8.75,-10.25,0,-0.084625631
8.75,-10.75,0,0.020002338
8.75,-11.25,0,0.016997163
8.75,-11.75,0,-0.019356974
8.75,-12.25,0,0.008927786
8.75,-12.75,0,-4.00E-02
8.75,-13.25,0,0.044144281
8.75,-13.75,0,-0.04583343
8.75,-14.25,0,0.051639028
8.75,-14.75,0,-0.032560313
9.25,14.75,0,-0.020716911
9.25,14.25,0,0.055093759
9.25,13.75,0,-0.005591041
9.25,13.25,0,-0.014032624
9.25,12.75,0,0.03908689
9.25,12.25,0,-0.035989805
9.25,11.75,0,0.030410992
9.25,11.25,0,0.027788924
9.25,10.75,0,0.020094065
9.25,10.25,0,0.006745016
9.25,9.75,0,0.001118654
9.25,9.25,0,0.059402362
9.25,8.75,0,2.65E-02
9.25,8.25,0,-0.03785204
9.25,7.75,0,0.023715354
9.25,7.25,0,0.037585337
9.25,6.75,0,-0.014613772
9.25,6.25,0,0.053796409
9.25,5.75,0,0.025706498
9.25,5.25,0,1.17E-02
9.25,4.75,0,0.00542925
9.25,4.25,0,0.040912679
9.25,3.75,0,0.009540105
9.25,3.25,0,0.025237284
9.25,2.75,0,-0.011456953
9.25,2.25,0,0.06812892
9.25,1.75,0,-0.050085562
9.25,1.25,0,-0.012697926
9.25,0.75,0,0.011629189
9.25,0.25,0,0.017271488
9.25,-0.25,0,-1.60E-02
9.25,-0.75,0,6.55E-02
9.25,-1.25,0,-0.052979274
9.25,-1.75,0,0.037067456
9.25,-2.25,0,0.008676802
9.25,-2.75,0,-0.000133043
9.25,-3.25,0,-0.033599443
9.25,-3.75,0,0.076538124
9.25,-4.25,0,-2.04E-02
9.25,-4.75,0,-1.09E-02
9.25,-5.25,0,3.21E-03
9.25,-5.75,0,0.006006858
9.25,-6.25,0,0.011751544
9.25,-6.75,0,0.023292054
9.25,-7.25,0,-0.015329458
9.25,-7.75,0,-0.057812404
9.25,-8.25,0,-0.020989356
9.25,-8.75,0,0.03295138
9.25,-9.25,0,-0.019038007
9.25,-9.75,0,-0.032590251
9.25,-10.25,0,0.025534127
9.25,-10.75,0,-1.91E-02
9.25,-11.25,0,0.017437178
9.25,-11.75,0,-2.79E-03
9.25,-12.25,0,0.019201389
9.25,-12.75,0,0.023826892
9.25,-13.25,0,-0.058803433
9.25,-13.75,0,0.023304273
9.25,-14.25,0,-0.039073157
9.25,-14.75,0,0.047574747
9.75,14.75,0,0.008288268
9.75,14.25,0,-0.039437572
9.75,13.75,0,-6.42E-03
9.75,13.25,0,-7.63E-04
9.75,12.75,0,0.002605656
9.75,12.25,0,-0.057997876
9.75,11.75,0,0.038183441
9.75,11.25,0,-0.024387254
9.75,10.75,0,0.020630676
9.75,10.25,0,-0.004594298
9.75,9.75,0,-0.018058257
9.75,9.25,0,-0.068172938
9.75,8.75,0,0.046624129
9.75,8.25,0,0.024543476
9.75,7.75,0,-0.017929622
9.75,7.25,0,-0.021158816
9.75,6.75,0,-0.004500996
9.75,6.25,0,0.013933387
9.75,5.75,0,-0.083757175
9.75,5.25,0,0.041840444
9.75,4.75,0,-0.058160733
9.75,4.25,0,2.73E-02
9.75,3.75,0,0.038231213
9.75,3.25,0,-0.051568325
9.75,2.75,0,-0.011848115
9.75,2.25,0,-0.015184472
9.75,1.75,0,0.040596827
9.75,1.25,0,-0.004373447
9.75,0.75,0,0.036647253
9.75,0.25,0,-0.020510392
9.75,-0.25,0,-2.11E-03
9.75,-0.75,0,-0.001024133
9.75,-1.25,0,0.002931924
9.75,-1.75,0,0.006601121
9.75,-2.25,0,-0.019951413
9.75,-2.75,0,-0.021112745
9.75,-3.25,0,-0.035794069
9.75,-3.75,0,0.000406681
9.75,-4.25,0,0.01700152
9.75,-4.75,0,3.70E-03
9.75,-5.25,0,0.030197071
9.75,-5.75,0,-0.020604853
9.75,-6.25,0,-0.052065704
9.75,-6.75,0,-2.20E-03
9.75,-7.25,0,-0.016686626
9.75,-7.75,0,0.008456085
9.75,-8.25,0,0.049401293
9.75,-8.75,0,-0.046406183
9.75,-9.25,0,0.034068363
9.75,-9.75,0,-0.040172187
9.75,-10.25,0,0.016249988
9.75,-10.75,0,0.012485164
9.75,-11.25,0,-2.41E-02
9.75,-11.75,0,1.34E-02
9.75,-12.25,0,-0.010975519
9.75,-12.75,0,0.005560845
9.75,-13.25,0,0.01336106
9.75,-13.75,0,-0.015270674
9.75,-14.25,0,0.027325338
9.75,-14.75,0,-0.026217228
10.25,14.75,0,-0.03208011
10.25,14.25,0,0.009527927
10.25,13.75,0,-4.52E-03
10.25,13.25,0,-0.031687651
10.25,12.75,0,0.020610305
10.25,12.25,0,0.001446663
10.25,11.75,0,-0.053110859
10.25,11.25,0,0.024414155
10.25,10.75,0,0.02702157
10.25,10.25,0,-0.032050316
10.25,9.75,0,0.052823692
10.25,9.25,0,0.00712204
10.25,8.75,0,-0.012710339
10.25,8.25,0,-0.003788218
10.25,7.75,0,0.021314282
10.25,7.25,0,0.018137153
10.25,6.75,0,-3.19E-02
10.25,6.25,0,-0.025473277
10.25,5.75,0,1.92E-03
10.25,5.25,0,0.019900434
10.25,4.75,0,0.008874609
10.25,4.25,0,1.31E-02
10.25,3.75,0,-0.014098161
10.25,3.25,0,0.039041573
10.25,2.75,0,2.33E-02
10.25,2.25,0,-0.018131061
10.25,1.75,0,-0.012779378
10.25,1.25,0,-0.006749858
10.25,0.75,0,-0.029338897
10.25,0.25,0,0.09331073
10.25,-0.25,0,-9.27E-02
10.25,-0.75,0,0.030876375
10.25,-1.25,0,-0.008204021
10.25,-1.75,0,0.011398279
10.25,-2.25,0,-0.006304394
10.25,-2.75,0,0.024629232
10.25,-3.25,0,0.004480012
10.25,-3.75,0,0.012833827
10.25,-4.25,0,-0.00195579
10.25,-4.75,0,-0.050464389
10.25,-5.25,0,-0.005939992
10.25,-5.75,0,0.015556733
10.25,-6.25,0,0.043117027
10.25,-6.75,0,-0.03913515
10.25,-7.25,0,-0.023315654
10.25,-7.75,0,0.040965185
10.25,-8.25,0,-0.034658427
10.25,-8.75,0,0.008495091
10.25,-9.25,0,-0.010053155
10.25,-9.75,0,0.006392381
10.25,-10.25,0,-0.000372847
10.25,-10.75,0,-0.036600913
10.25,-11.25,0,0.043108104
10.25,-11.75,0,-0.002517426
10.25,-12.25,0,0.003373699
10.25,-12.75,0,-0.013486113
10.25,-13.25,0,0.010431167
10.25,-13.75,0,-0.013641152
10.25,-14.25,0,-0.03658711
10.25,-14.75,0,0.045073716
10.75,14.75,0,0.043786422
10.75,14.25,0,-0.055087512
10.75,13.75,0,0.056320907
10.75,13.25,0,0.01499092
10.75,12.75,0,1.07E-02
10.75,12.25,0,-0.028000864
10.75,11.75,0,4.11E-02
10.75,11.25,0,-0.001824236
10.75,10.75,0,-0.046006088
10.75,10.25,0,0.03399494
10.75,9.75,0,0.022557054
10.75,9.25,0,0.008083311
10.75,8.75,0,-0.042672505
10.75,8.25,0,0.012669719
10.75,7.75,0,-0.025083332
10.75,7.25,0,-0.035628001
10.75,6.75,0,0.027538902
10.75,6.25,0,-0.011536298
10.75,5.75,0,-1.66E-02
10.75,5.25,0,-0.00141643
10.75,4.75,0,-0.001370752
10.75,4.25,0,-2.64E-02
10.75,3.75,0,4.59E-02
10.75,3.25,0,-0.055549416
10.75,2.75,0,-0.001207055
10.75,2.25,0,-0.050420243
10.75,1.75,0,-0.010811696
10.75,1.25,0,0.031328658
10.75,0.75,0,-0.046925994
10.75,0.25,0,0.00364582
10.75,-0.25,0,1.01E-03
10.75,-0.75,0,0.026421247
10.75,-1.25,0,0.002950906
10.75,-1.75,0,-0.052278138
10.75,-2.25,0,0.019919554
10.75,-2.75,0,0.009708032
10.75,-3.25,0,-0.022841676
10.75,-3.75,0,0.018005338
10.75,-4.25,0,-0.001045247
10.75,-4.75,0,2.45E-02
10.75,-5.25,0,0.022450705
10.75,-5.75,0,-0.058786764
10.75,-6.25,0,-2.01E-03
10.75,-6.75,0,0.033022139
10.75,-7.25,0,1.36E-02
10.75,-7.75,0,0.022156908
10.75,-8.25,0,0.038256894
10.75,-8.75,0,-0.01130094
10.75,-9.25,0,-0.018497356
10.75,-9.75,0,0.042238905
10.75,-10.25,0,0.011935348
10.75,-10.75,0,-0.019291968
10.75,-11.25,0,-0.009523865
10.75,-11.75,0,0.007653189
10.75,-12.25,0,-0.035297664
10.75,-12.75,0,0.013991506
10.75,-13.25,0,-0.037098242
10.75,-13.75,0,0.006339607
10.75,-14.25,0,0.026500577
10.75,-14.75,0,-0.010436946
11.25,14.75,0,-0.027149434
11.25,14.25,0,0.01856033
11.25,13.75,0,0.001951254
11.25,13.25,0,-0.041922661
11.25,12.75,0,0.038370714
11.25,12.25,0,-0.054860472
11.25,11.75,0,0.035536845
11.25,11.25,0,0.011218763
11.25,10.75,0,-0.030966308
11.25,10.25,0,-0.007770878
11.25,9.75,0,-0.036530612
11.25,9.25,0,-0.036405718
11.25,8.75,0,0.047710098
11.25,8.25,0,0.005578424
11.25,7.75,0,0.017006294
11.25,7.25,0,4.53E-02
11.25,6.75,0,-0.018679045
11.25,6.25,0,0.02038019
11.25,5.75,0,-0.019827341
11.25,5.25,0,0.07001018
11.25,4.75,0,-0.007610617
11.25,4.25,0,0.003766188
11.25,3.75,0,-4.88E-02
11.25,3.25,0,0.036638224
11.25,2.75,0,0.004785213
11.25,2.25,0,0.006403905
11.25,1.75,0,4.68E-02
11.25,1.25,0,-0.0148243
11.25,0.75,0,0.047378924
11.25,0.25,0,-0.01244146
11.25,-0.25,0,-3.08E-02
11.25,-0.75,0,-0.020790091
11.25,-1.25,0,0.001530534
11.25,-1.75,0,0.051265277
11.25,-2.25,0,0.01110791
11.25,-2.75,0,-0.011874567
11.25,-3.25,0,-0.003638943
11.25,-3.75,0,-0.021959186
11.25,-4.25,0,0.037531237
11.25,-4.75,0,-0.039813498
11.25,-5.25,0,7.07E-04
11.25,-5.75,0,4.61E-03
11.25,-6.25,0,-6.98E-03
11.25,-6.75,0,0.029018202
11.25,-7.25,0,-0.036622931
11.25,-7.75,0,-0.058426635
11.25,-8.25,0,0.036957775
11.25,-8.75,0,0.003465429
11.25,-9.25,0,3.42E-02
11.25,-9.75,0,-0.041872623
11.25,-10.25,0,-0.020066266
11.25,-10.75,0,0.036209745
11.25,-11.25,0,0.007733863
11.25,-11.75,0,-6.30E-03
11.25,-12.25,0,4.46E-02
11.25,-12.75,0,-2.23E-02
11.25,-13.25,0,0.035853752
11.25,-13.75,0,-0.001118273
11.25,-14.25,0,0.004053168
11.25,-14.75,0,0.019993201
11.75,14.75,0,-0.027266605
11.75,14.25,0,0.037124375
11.75,13.75,0,0.00805315
11.75,13.25,0,0.01879122
11.75,12.75,0,-0.021791826
11.75,12.25,0,-0.030436512
11.75,11.75,0,-0.016704892
11.75,11.25,0,0.020531896
11.75,10.75,0,7.85E-03
11.75,10.25,0,-0.015032348
11.75,9.75,0,0.020523968
11.75,9.25,0,0.05410134
11.75,8.75,0,0.015079395
11.75,8.25,0,-0.016378549
11.75,7.75,0,0.022157848
11.75,7.25,0,-2.68E-02
11.75,6.75,0,0.044433085
11.75,6.25,0,-0.039970559
11.75,5.75,0,0.021551178
11.75,5.25,0,-0.00674675
11.75,4.75,0,0.015958518
11.75,4.25,0,-5.30E-02
11.75,3.75,0,5.27E-02
11.75,3.25,0,-0.016659505
11.75,2.75,0,-0.018878325
11.75,2.25,0,0.004909325
11.75,1.75,0,-0.022103497
11.75,1.25,0,-0.007477177
11.75,0.75,0,0.021395282
11.75,0.25,0,0.015998144
11.75,-0.25,0,1.74E-02
11.75,-0.75,0,0.00812816
11.75,-1.25,0,0.002101181
11.75,-1.75,0,-0.034205006
11.75,-2.25,0,0.038303269
11.75,-2.75,0,0.043890527
11.75,-3.25,0,-0.050377028
11.75,-3.75,0,0.003005664
11.75,-4.25,0,-0.012175251
11.75,-4.75,0,0.039986592
11.75,-5.25,0,-0.006627494
11.75,-5.75,0,-0.016937594
11.75,-6.25,0,-0.000170004
11.75,-6.75,0,-0.020005955
11.75,-7.25,0,0.003302797
11.75,-7.75,0,0.048027327
11.75,-8.25,0,1.78E-02
11.75,-8.75,0,-0.008583157
11.75,-9.25,0,0.0095543
11.75,-9.75,0,0.041629324
11.75,-10.25,0,-0.01854831
11.75,-10.75,0,-0.026294871
11.75,-11.25,0,-2.95E-02
11.75,-11.75,0,0.032282857
11.75,-12.25,0,-0.02191295
11.75,-12.75,0,0.004980705
11.75,-13.25,0,0.029178686
11.75,-13.75,0,0.013776345
11.75,-14.25,0,-0.003884113
11.75,-14.75,0,-5.01E-02
12.25,14.75,0,0.028762603
12.25,14.25,0,-0.009111152
12.25,13.75,0,-5.31E-03
12.25,13.25,0,0.013523684
12.25,12.75,0,0.003256166
12.25,12.25,0,0.026835607
12.25,11.75,0,0.031173632
12.25,11.25,0,-0.033408531
12.25,10.75,0,-0.018464292
12.25,10.25,0,-0.03813156
12.25,9.75,0,0.044813158
12.25,9.25,0,-0.026596372
12.25,8.75,0,7.49E-03
12.25,8.25,0,-2.10E-02
12.25,7.75,0,-4.29E-05
12.25,7.25,0,6.26E-03
12.25,6.75,0,-0.00863925
12.25,6.25,0,0.029411726
12.25,5.75,0,-0.034188343
12.25,5.25,0,0.030467061
12.25,4.75,0,-2.79E-02
12.25,4.25,0,0.049447422
12.25,3.75,0,-2.11E-04
12.25,3.25,0,-0.014639819
12.25,2.75,0,1.46E-02
12.25,2.25,0,-0.016256571
12.25,1.75,0,-0.015696988
12.25,1.25,0,0.039740294
12.25,0.75,0,-0.034412291
12.25,0.25,0,0.005110188
12.25,-0.25,0,2.23E-02
12.25,-0.75,0,-0.037726633
12.25,-1.25,0,-0.01410994
12.25,-1.75,0,0.04391076
12.25,-2.25,0,-0.026112983
12.25,-2.75,0,-0.013772037
12.25,-3.25,0,0.010607396
12.25,-3.75,0,0.020278373
12.25,-4.25,0,-0.031289069
12.25,-4.75,0,-0.042299651
12.25,-5.25,0,0.085720894
12.25,-5.75,0,0.022701612
12.25,-6.25,0,-0.009374509
12.25,-6.75,0,-0.013479709
12.25,-7.25,0,-0.016308799
12.25,-7.75,0,-0.004786537
12.25,-8.25,0,0.002938894
12.25,-8.75,0,-0.017687963
12.25,-9.25,0,0.004408135
12.25,-9.75,0,-0.043596656
12.25,-10.25,0,0.004757179
12.25,-10.75,0,0.043923883
12.25,-11.25,0,-0.015117502
12.25,-11.75,0,0.000888881
12.25,-12.25,0,-3.00E-02
12.25,-12.75,0,0.022125626
12.25,-13.25,0,-0.021434789
12.25,-13.75,0,0.03201012
12.25,-14.25,0,-0.041035896
12.25,-14.75,0,0.054917552
12.75,14.75,0,-0.020975807
12.75,14.25,0,0.028570676
12.75,13.75,0,-2.19E-02
12.75,13.25,0,0.041650357
12.75,12.75,0,-0.026321702
12.75,12.25,0,0.028356888
12.75,11.75,0,-0.029507169
12.75,11.25,0,0.042377796
12.75,10.75,0,-0.0049139
12.75,10.25,0,0.047035557
12.75,9.75,0,-0.040301194
12.75,9.25,0,0.011944502
12.75,8.75,0,0.004876631
12.75,8.25,0,-0.01481988
12.75,7.75,0,0.071188512
12.75,7.25,0,-0.018231964
12.75,6.75,0,0.011224341
12.75,6.25,0,-0.033530939
12.75,5.75,0,0.007252325
12.75,5.25,0,3.65E-02
12.75,4.75,0,-0.008177367
12.75,4.25,0,0.001940159
12.75,3.75,0,-7.08E-03
12.75,3.25,0,0.017486707
12.75,2.75,0,0.044979976
12.75,2.25,0,0.018347549
12.75,1.75,0,0.00218354
12.75,1.25,0,-0.007537386
12.75,0.75,0,0.016746308
12.75,0.25,0,0.008323367
12.75,-0.25,0,1.50E-02
12.75,-0.75,0,0.017323167
12.75,-1.25,0,-0.0245622
12.75,-1.75,0,0.025183474
12.75,-2.25,0,0.013469432
12.75,-2.75,0,0.012905315
12.75,-3.25,0,-0.055377066
12.75,-3.75,0,2.34E-02
12.75,-4.25,0,1.02E-02
12.75,-4.75,0,3.63E-02
12.75,-5.25,0,-0.069349417
12.75,-5.75,0,-0.007042974
12.75,-6.25,0,0.007888611
12.75,-6.75,0,0.021787273
12.75,-7.25,0,0.044245803
12.75,-7.75,0,-0.008842497
12.75,-8.25,0,-0.011230423
12.75,-8.75,0,2.75E-02
12.75,-9.25,0,-0.047297051
12.75,-9.75,0,0.044977623
12.75,-10.25,0,-0.027479793
12.75,-10.75,0,0.012319524
12.75,-11.25,0,-1.87E-02
12.75,-11.75,0,-0.00697308
12.75,-12.25,0,0.029849877
12.75,-12.75,0,0.00215331
12.75,-13.25,0,-0.001547265
12.75,-13.75,0,0.01187529
12.75,-14.25,0,-0.020848425
12.75,-14.75,0,-0.0302555
13.25,14.75,0,-0.000812086
13.25,14.25,0,0.003425509
13.25,13.75,0,2.66E-03
13.25,13.25,0,-0.050020018
13.25,12.75,0,0.041261395
13.25,12.25,0,-0.059003854
13.25,11.75,0,-8.66E-03
13.25,11.25,0,-0.012413885
13.25,10.75,0,0.044201753
13.25,10.25,0,-0.053069449
13.25,9.75,0,-0.007619644
13.25,9.25,0,-0.030424505
13.25,8.75,0,-1.31E-02
13.25,8.25,0,3.41E-02
13.25,7.75,0,-0.091336935
13.25,7.25,0,0.031987939
13.25,6.75,0,-2.06E-02
13.25,6.25,0,0.021808218
13.25,5.75,0,-0.04749266
13.25,5.25,0,-2.95E-02
13.25,4.75,0,0.016954585
13.25,4.25,0,-0.034032689
13.25,3.75,0,6.53E-02
13.25,3.25,0,-0.083326809
13.25,2.75,0,0.022493941
13.25,2.25,0,-2.40E-02
13.25,1.75,0,0.014674088
13.25,1.25,0,0.019111498
13.25,0.75,0,-0.041518559
13.25,0.25,0,-0.008095833
13.25,-0.25,0,-2.60E-02
13.25,-0.75,0,0.023867175
13.25,-1.25,0,-0.044684991
13.25,-1.75,0,0.056803898
13.25,-2.25,0,-0.014639504
13.25,-2.75,0,0.022418509
13.25,-3.25,0,0.01595561
13.25,-3.75,0,-1.44E-02
13.25,-4.25,0,-0.012439659
13.25,-4.75,0,-0.018692444
13.25,-5.25,0,2.37E-03
13.25,-5.75,0,-0.005718636
13.25,-6.25,0,0.047032473
13.25,-6.75,0,-0.063380817
13.25,-7.25,0,-1.22E-02
13.25,-7.75,0,0.009786903
13.25,-8.25,0,-3.14E-02
13.25,-8.75,0,-0.025574125
13.25,-9.25,0,0.0277021
13.25,-9.75,0,-0.018075686
13.25,-10.25,0,-0.018496735
13.25,-10.75,0,0.031814732
13.25,-11.25,0,-0.005211627
13.25,-11.75,0,0.010558796
13.25,-12.25,0,-0.015741932
13.25,-12.75,0,-0.012676114
13.25,-13.25,0,-0.001156485
13.25,-13.75,0,-0.005293205
13.25,-14.25,0,0.003655216
13.25,-14.75,0,0.003175038
13.75,14.75,0,-0.021082966
13.75,14.25,0,-0.003238604
13.75,13.75,0,-0.02269018
13.75,13.25,0,0.007168085
13.75,12.75,0,0.000616311
13.75,12.25,0,0.053676806
13.75,11.75,0,0.016583342
13.75,11.25,0,-0.043511405
13.75,10.75,0,-0.030538686
13.75,10.25,0,3.11E-02
13.75,9.75,0,-0.021333156
13.75,9.25,0,3.75E-02
13.75,8.75,0,0.004911637
13.75,8.25,0,0.02237739
13.75,7.75,0,1.61E-02
13.75,7.25,0,0.046785741
13.75,6.75,0,-0.05418035
13.75,6.25,0,0.046684814
13.75,5.75,0,-0.016114849
13.75,5.25,0,5.74E-02
13.75,4.75,0,-0.042208093
13.75,4.25,0,0.041636303
13.75,3.75,0,-0.029197148
13.75,3.25,0,-0.021120501
13.75,2.75,0,-0.001657091
13.75,2.25,0,-0.014409292
13.75,1.75,0,-0.016849394
13.75,1.25,0,0.025985364
13.75,0.75,0,-0.001243298
13.75,0.25,0,0.016298374
13.75,-0.25,0,4.45E-02
13.75,-0.75,0,-0.017563212
13.75,-1.25,0,5.15E-02
13.75,-1.75,0,-0.037284714
13.75,-2.25,0,0.005754753
13.75,-2.75,0,-0.065650495
13.75,-3.25,0,-0.005604733
13.75,-3.75,0,3.38E-02
13.75,-4.25,0,0.016453162
13.75,-4.75,0,0.011510739
13.75,-5.25,0,-0.004736048
13.75,-5.75,0,3.12E-02
13.75,-6.25,0,-0.028087026
13.75,-6.75,0,-0.004347622
13.75,-7.25,0,0.055735624
13.75,-7.75,0,-0.046497193
13.75,-8.25,0,0.053996579
13.75,-8.75,0,-0.002901855
13.75,-9.25,0,-0.053557364
13.75,-9.75,0,0.031016687
13.75,-10.25,0,5.10E-02
13.75,-10.75,0,-0.107357591
13.75,-11.25,0,0.087798466
13.75,-11.75,0,-0.058717473
13.75,-12.25,0,0.000448049
13.75,-12.75,0,-0.025670743
13.75,-13.25,0,0.031969058
13.75,-13.75,0,-0.015786993
13.75,-14.25,0,-0.017947864
13.75,-14.75,0,0.003132398
14.25,14.75,0,0.024986415
14.25,14.25,0,-0.030101876
14.25,13.75,0,0.020064722
14.25,13.25,0,0.012872494
14.25,12.75,0,0.047284049
14.25,12.25,0,-0.048025751
14.25,11.75,0,0.016529329
14.25,11.25,0,2.78E-04
14.25,10.75,0,-0.001082023
14.25,10.25,0,0.021593339
14.25,9.75,0,0.009790743
14.25,9.25,0,-0.020108046
14.25,8.75,0,-0.014989173
14.25,8.25,0,-0.012916862
14.25,7.75,0,-0.014175743
14.25,7.25,0,-0.033814855
14.25,6.75,0,0.071886222
14.25,6.25,0,-0.015848153
14.25,5.75,0,0.004790397
14.25,5.25,0,0.003989603
14.25,4.75,0,-0.028217861
14.25,4.25,0,-0.007892826
14.25,3.75,0,-0.022122409
14.25,3.25,0,0.067563051
14.25,2.75,0,-0.055224039
14.25,2.25,0,0.044791188
14.25,1.75,0,-0.001849122
14.25,1.25,0,-0.026579848
14.25,0.75,0,-0.017354017
14.25,0.25,0,0.029936577
14.25,-0.25,0,-5.94E-02
14.25,-0.75,0,-0.041606651
14.25,-1.25,0,-0.011700875
14.25,-1.75,0,-0.033420628
14.25,-2.25,0,-0.045179907
14.25,-2.75,0,0.031402628
14.25,-3.25,0,0.014698955
14.25,-3.75,0,0.003914403
14.25,-4.25,0,-0.016008315
14.25,-4.75,0,-0.02701083
14.25,-5.25,0,-3.87E-02
14.25,-5.75,0,-0.01692788
14.25,-6.25,0,0.016733141
14.25,-6.75,0,-0.030938318
14.25,-7.25,0,0.028854221
14.25,-7.75,0,-0.00605816
14.25,-8.25,0,-0.008042988
14.25,-8.75,0,-0.016747818
14.25,-9.25,0,0.011232892
14.25,-9.75,0,0.02694377
14.25,-10.25,0,-0.006630921
14.25,-10.75,0,0.054242831
14.25,-11.25,0,-0.093125074
14.25,-11.75,0,0.058092572
14.25,-12.25,0,-0.002432207
14.25,-12.75,0,0.048431381
14.25,-13.25,0,-0.078040308
14.25,-13.75,0,0.066467838
14.25,-14.25,0,-0.042421925
14.25,-14.75,0,0.046236736
14.75,14.75,0,-0.02477417
14.75,14.25,0,3.77E-02
14.75,13.75,0,-0.039600028
14.75,13.25,0,0.014425598
14.75,12.75,0,-2.65E-02
14.75,12.25,0,-0.029317444
14.75,11.75,0,0.031421852
14.75,11.25,0,0.020693567
14.75,10.75,0,-0.010850247
14.75,10.25,0,-0.018347834
14.75,9.75,0,-0.005605727
14.75,9.25,0,3.39E-03
14.75,8.75,0,0.013208838
14.75,8.25,0,-0.042139897
14.75,7.75,0,-0.002417099
14.75,7.25,0,0.022786336
14.75,6.75,0,-0.030451736
14.75,6.25,0,-0.023945895
14.75,5.75,0,-0.019082258
14.75,5.25,0,0.012822353
14.75,4.75,0,0.004288002
14.75,4.25,0,-0.033020792
14.75,3.75,0,0.04639828
14.75,3.25,0,0.007927898
14.75,2.75,0,0.012726565
14.75,2.25,0,-0.023786876
14.75,1.75,0,0.007017245
14.75,1.25,0,0.024650635
14.75,0.75,0,-0.002424782
14.75,0.25,0,-0.032347718
14.75,-0.25,0,1.38E-02
14.75,-0.75,0,0.058553578
14.75,-1.25,0,-0.013008329
14.75,-1.75,0,0.004849938
14.75,-2.25,0,-0.017054269
14.75,-2.75,0,0.052459492
14.75,-3.25,0,-0.010463974
14.75,-3.75,0,-3.17E-02
14.75,-4.25,0,-4.48E-03
14.75,-4.75,0,0.03836296
14.75,-5.25,0,0.029527061
14.75,-5.75,0,-0.008694006
14.75,-6.25,0,0.019606287
14.75,-6.75,0,0.015770108
14.75,-7.25,0,-0.039850752
14.75,-7.75,0,0.041478726
14.75,-8.25,0,-0.051211505
14.75,-8.75,0,0.045123469
14.75,-9.25,0,-0.001925243
14.75,-9.75,0,0.010247397
14.75,-10.25,0,-0.026776293
14.75,-10.75,0,-0.011659507
14.75,-11.25,0,0.017019076
14.75,-11.75,0,0.047694895
14.75,-12.25,0,-0.0210747
14.75,-12.75,0,-0.039791085
14.75,-13.25,0,0.060730461
14.75,-13.75,0,-0.037060874
14.75,-14.25,0,-0.039048308
14.75,-14.75,0,0.02153742
