-14.75,14.75,0,-12367.03609
-14.75,14.25,0,-23054.74669
-14.75,13.75,0,-3498.54543
-14.75,13.25,0,28517.57054
-14.75,12.75,0,1232.39369
-14.75,12.25,0,-16690.71624
-14.75,11.75,0,-6581.554586
-14.75,11.25,0,-325.9837329
-14.75,10.75,0,8522.899854
-14.75,10.25,0,-18172.09213
-14.75,9.75,0,3030.394384
-14.75,9.25,0,42653.56019
-14.75,8.75,0,-3148.587671
-14.75,8.25,0,146.4291918
-14.75,7.75,0,-5506.968869
-14.75,7.25,0,-14547.8608
-14.75,6.75,0,8562.695247
-14.75,6.25,0,6960.09628
-14.75,5.75,0,-3260.12984
-14.75,5.25,0,5557.030541
-14.75,4.75,0,-7071.81292
-14.75,4.25,0,-7661.545599
-14.75,3.75,0,3468.800202
-14.75,3.25,0,-26573.06107
-14.75,2.75,0,21703.02965
-14.75,2.25,0,10087.03628
-14.75,1.75,0,-4749.977617
-14.75,1.25,0,-11515.30647
-14.75,0.75,0,4763.401631
-14.75,0.25,0,31594.66345
-14.75,-0.25,0,4.85E+03
-14.75,-0.75,0,-17260.81633
-14.75,-1.25,0,24447.88436
-14.75,-1.75,0,-10977.99072
-14.75,-2.25,0,-12611.79057
-14.75,-2.75,0,-3679.768717
-14.75,-3.25,0,-5033.192734
-14.75,-3.75,0,-4595.838879
-14.75,-4.25,0,-9729.583149
-14.75,-4.75,0,-19447.20763
-14.75,-5.25,0,6800.134053
-14.75,-5.75,0,4575.358963
-14.75,-6.25,0,-6803.348249
-14.75,-6.75,0,12820.98957
-14.75,-7.25,0,37073.06108
-14.75,-7.75,0,-1708.740349
-14.75,-8.25,0,-17429.55998
-14.75,-8.75,0,4211.177514
-14.75,-9.25,0,21722.13788
-14.75,-9.75,0,22978.93033
-14.75,-10.25,0,5518.156611
-14.75,-10.75,0,-2526.379814
-14.75,-11.25,0,-29291.39641
-14.75,-11.75,0,28963.27482
-14.75,-12.25,0,1596.905859
-14.75,-12.75,0,-5944.621652
-14.75,-13.25,0,2683.051414
-14.75,-13.75,0,17802.7636
-14.75,-14.25,0,-1004.924435
-14.75,-14.75,0,5152.563246
-14.25,14.75,0,17820.56399
-14.25,14.25,0,-15187.74762
-14.25,13.75,0,-7812.224503
-14.25,13.25,0,-579.6923353
-14.25,12.75,0,10962.43053
-14.25,12.25,0,-4180.677885
-14.25,11.75,0,-18384.81392
-14.25,11.25,0,17661.38814
-14.25,10.75,0,-10337.89698
-14.25,10.25,0,-6930.157041
-14.25,9.75,0,17386.72085
-14.25,9.25,0,14028.3314
-14.25,8.75,0,3396.418317
-14.25,8.25,0,-170.0687545
-14.25,7.75,0,-24822.41211
-14.25,7.25,0,-11212.62675
-14.25,6.75,0,-1870.774622
-14.25,6.25,0,429.8371121
-14.25,5.75,0,3958.957129
-14.25,5.25,0,-711.0045683
-14.25,4.75,0,-2622.660932
-14.25,4.25,0,334.8948778
-14.25,3.75,0,-13647.93678
-14.25,3.25,0,-2026.616941
-14.25,2.75,0,-13984.83753
-14.25,2.25,0,6432.278331
-14.25,1.75,0,2605.841939
-14.25,1.25,0,-18825.8772
-14.25,0.75,0,-7845.002215
-14.25,0.25,0,15776.99717
-14.25,-0.25,0,-1.39E+04
-14.25,-0.75,0,25357.42038
-14.25,-1.25,0,9340.903198
-14.25,-1.75,0,-18886.81765
-14.25,-2.25,0,23460.42057
-14.25,-2.75,0,-28593.95444
-14.25,-3.25,0,13203.71832
-14.25,-3.75,0,7051.776936
-14.25,-4.25,0,6632.318938
-14.25,-4.75,0,28012.55673
-14.25,-5.25,0,-11799.90474
-14.25,-5.75,0,5657.172116
-14.25,-6.25,0,-619.887458
-14.25,-6.75,0,-8709.909448
-14.25,-7.25,0,-24745.24779
-14.25,-7.75,0,16418.83045
-14.25,-8.25,0,6802.07162
-14.25,-8.75,0,7719.51336
-14.25,-9.25,0,15578.95477
-14.25,-9.75,0,-3575.472935
-14.25,-10.25,0,5162.809608
-14.25,-10.75,0,10794.26018
-14.25,-11.25,0,3318.784574
-14.25,-11.75,0,20542.76743
-14.25,-12.25,0,-18440.76963
-14.25,-12.75,0,5130.107721
-14.25,-13.25,0,-14732.35551
-14.25,-13.75,0,-17953.79226
-14.25,-14.25,0,-12225.59181
-14.25,-14.75,0,10181.53865
-13.75,14.75,0,-17695.63457
-13.75,14.25,0,16403.24371
-13.75,13.75,0,3518.544437
-13.75,13.25,0,-11982.94444
-13.75,12.75,0,15937.64085
-13.75,12.25,0,-8305.665524
-13.75,11.75,0,-5487.795642
-13.75,11.25,0,4603.941826
-13.75,10.75,0,-1210.270378
-13.75,10.25,0,24203.56517
-13.75,9.75,0,-7842.01814
-13.75,9.25,0,20875.15717
-13.75,8.75,0,6500.653954
-13.75,8.25,0,7805.392116
-13.75,7.75,0,-4946.762474
-13.75,7.25,0,17191.80434
-13.75,6.75,0,3094.753044
-13.75,6.25,0,2055.574764
-13.75,5.75,0,-7382.124059
-13.75,5.25,0,13743.38481
-13.75,4.75,0,-19464.48006
-13.75,4.25,0,-11222.91093
-13.75,3.75,0,9780.944474
-13.75,3.25,0,8667.657256
-13.75,2.75,0,-2906.637958
-13.75,2.25,0,-9815.643297
-13.75,1.75,0,-22070.97614
-13.75,1.25,0,52810.26471
-13.75,0.75,0,-10860.25628
-13.75,0.25,0,-2820.549817
-13.75,-0.25,0,-1.06E+04
-13.75,-0.75,0,3086.430501
-13.75,-1.25,0,-1868.264856
-13.75,-1.75,0,-24981.54956
-13.75,-2.25,0,-22288.17715
-13.75,-2.75,0,-8195.154628
-13.75,-3.25,0,22291.60146
-13.75,-3.75,0,-6337.685495
-13.75,-4.25,0,8440.018664
-13.75,-4.75,0,10009.41826
-13.75,-5.25,0,17514.91789
-13.75,-5.75,0,12085.4155
-13.75,-6.25,0,9097.585681
-13.75,-6.75,0,8300.49611
-13.75,-7.25,0,3367.87569
-13.75,-7.75,0,33846.10587
-13.75,-8.25,0,8509.861415
-13.75,-8.75,0,-3545.517317
-13.75,-9.25,0,-5138.626019
-13.75,-9.75,0,19457.07651
-13.75,-10.25,0,11581.86067
-13.75,-10.75,0,-7858.375302
-13.75,-11.25,0,-2879.595415
-13.75,-11.75,0,-13258.68864
-13.75,-12.25,0,-5961.74608
-13.75,-12.75,0,2375.449498
-13.75,-13.25,0,-9201.881598
-13.75,-13.75,0,-8345.730721
-13.75,-14.25,0,-15262.0636
-13.75,-14.75,0,5381.007685
-13.25,14.75,0,-2906.152778
-13.25,14.25,0,-21002.06597
-13.25,13.75,0,6789.302968
-13.25,13.25,0,12334.78776
-13.25,12.75,0,-19757.49823
-13.25,12.25,0,-14084.68971
-13.25,11.75,0,-10321.02069
-13.25,11.25,0,-42584.70116
-13.25,10.75,0,2394.515768
-13.25,10.25,0,10022.38855
-13.25,9.75,0,18348.42497
-13.25,9.25,0,26074.55312
-13.25,8.75,0,-11537.28499
-13.25,8.25,0,-19747.83763
-13.25,7.75,0,-9596.293201
-13.25,7.25,0,18909.68252
-13.25,6.75,0,6345.080048
-13.25,6.25,0,-9197.911278
-13.25,5.75,0,-22220.66135
-13.25,5.25,0,12653.27785
-13.25,4.75,0,-3338.932787
-13.25,4.25,0,-15785.73116
-13.25,3.75,0,5936.758346
-13.25,3.25,0,-5820.097199
-13.25,2.75,0,7091.477713
-13.25,2.25,0,-11776.98313
-13.25,1.75,0,16590.30579
-13.25,1.25,0,-11288.55889
-13.25,0.75,0,2177.126752
-13.25,0.25,0,-7645.024985
-13.25,-0.25,0,1.26E+04
-13.25,-0.75,0,-5809.721321
-13.25,-1.25,0,19770.31937
-13.25,-1.75,0,-14648.04293
-13.25,-2.25,0,20056.85111
-13.25,-2.75,0,4324.333536
-13.25,-3.25,0,5791.586165
-13.25,-3.75,0,-14742.84005
-13.25,-4.25,0,4994.208919
-13.25,-4.75,0,26183.66492
-13.25,-5.25,0,13982.61863
-13.25,-5.75,0,-5348.808975
-13.25,-6.25,0,10686.70287
-13.25,-6.75,0,-9088.206454
-13.25,-7.25,0,-2340.864573
-13.25,-7.75,0,16104.38555
-13.25,-8.25,0,784.2469385
-13.25,-8.75,0,12620.6508
-13.25,-9.25,0,-5645.123566
-13.25,-9.75,0,-7729.906962
-13.25,-10.25,0,19057.44295
-13.25,-10.75,0,-7470.028805
-13.25,-11.25,0,-90.53910692
-13.25,-11.75,0,6882.675084
-13.25,-12.25,0,-4529.290985
-13.25,-12.75,0,-13275.91525
-13.25,-13.25,0,-13088.3215
-13.25,-13.75,0,-22068.50129
-13.25,-14.25,0,-2643.524097
-13.25,-14.75,0,-6819.293569
-12.75,14.75,0,-6385.832769
-12.75,14.25,0,1901.350239
-12.75,13.75,0,2870.630059
-12.75,13.25,0,5929.792413
-12.75,12.75,0,-34827.87076
-12.75,12.25,0,-12926.47674
-12.75,11.75,0,3392.825038
-12.75,11.25,0,23270.0025
-12.75,10.75,0,15299.71218
-12.75,10.25,0,1305.7604
-12.75,9.75,0,-12311.28661
-12.75,9.25,0,14731.24489
-12.75,8.75,0,3881.162763
-12.75,8.25,0,16058.57396
-12.75,7.75,0,-10.02882996
-12.75,7.25,0,-5284.496618
-12.75,6.75,0,4567.67415
-12.75,6.25,0,-3442.21277
-12.75,5.75,0,31854.16987
-12.75,5.25,0,-2046.535688
-12.75,4.75,0,-6303.389086
-12.75,4.25,0,-16322.10497
-12.75,3.75,0,2272.922983
-12.75,3.25,0,-23900.28999
-12.75,2.75,0,22537.17888
-12.75,2.25,0,17182.49717
-12.75,1.75,0,-593.3122703
-12.75,1.25,0,-13224.68487
-12.75,0.75,0,19541.99893
-12.75,0.25,0,-10745.41668
-12.75,-0.25,0,2.71E+03
-12.75,-0.75,0,4043.83458
-12.75,-1.25,0,-7565.355423
-12.75,-1.75,0,-5569.432467
-12.75,-2.25,0,13121.81722
-12.75,-2.75,0,4426.039765
-12.75,-3.25,0,18231.2462
-12.75,-3.75,0,5546.426041
-12.75,-4.25,0,-25551.87543
-12.75,-4.75,0,-17458.74662
-12.75,-5.25,0,-193.1221164
-12.75,-5.75,0,18223.23308
-12.75,-6.25,0,11385.03794
-12.75,-6.75,0,-13413.22279
-12.75,-7.25,0,89.81664552
-12.75,-7.75,0,-15205.31162
-12.75,-8.25,0,-13502.27552
-12.75,-8.75,0,5864.880754
-12.75,-9.25,0,-6324.692507
-12.75,-9.75,0,-11141.38512
-12.75,-10.25,0,-19069.17423
-12.75,-10.75,0,34465.75148
-12.75,-11.25,0,-5190.137624
-12.75,-11.75,0,10857.36785
-12.75,-12.25,0,6056.179494
-12.75,-12.75,0,22563.05938
-12.75,-13.25,0,13956.53678
-12.75,-13.75,0,1396.405891
-12.75,-14.25,0,-13810.13761
-12.75,-14.75,0,21224.05678
-12.25,14.75,0,11595.49586
-12.25,14.25,0,-22181.48927
-12.25,13.75,0,-18383.55678
-12.25,13.25,0,8728.936323
-12.25,12.75,0,-3651.17983
-12.25,12.25,0,-21308.13354
-12.25,11.75,0,6370.655244
-12.25,11.25,0,-11804.26921
-12.25,10.75,0,-11049.31133
-12.25,10.25,0,-6186.849765
-12.25,9.75,0,-27423.21495
-12.25,9.25,0,-1257.001673
-12.25,8.75,0,-15121.35418
-12.25,8.25,0,7824.660127
-12.25,7.75,0,4409.433835
-12.25,7.25,0,3141.487041
-12.25,6.75,0,3728.961412
-12.25,6.25,0,-84.04084042
-12.25,5.75,0,-937.2961284
-12.25,5.25,0,-7444.686769
-12.25,4.75,0,26157.36103
-12.25,4.25,0,20838.90552
-12.25,3.75,0,22022.42284
-12.25,3.25,0,8637.133616
-12.25,2.75,0,-11672.10714
-12.25,2.25,0,-5641.537021
-12.25,1.75,0,1035.588991
-12.25,1.25,0,4810.091399
-12.25,0.75,0,7432.547744
-12.25,0.25,0,-9128.932421
-12.25,-0.25,0,6.89E+03
-12.25,-0.75,0,-6660.74946
-12.25,-1.25,0,-1314.697336
-12.25,-1.75,0,17774.8748
-12.25,-2.25,0,9192.807441
-12.25,-2.75,0,-1280.992649
-12.25,-3.25,0,-24735.3541
-12.25,-3.75,0,-4286.298383
-12.25,-4.25,0,-7548.855801
-12.25,-4.75,0,-4411.663227
-12.25,-5.25,0,9087.566534
-12.25,-5.75,0,13996.07906
-12.25,-6.25,0,-31806.72204
-12.25,-6.75,0,26462.46679
-12.25,-7.25,0,11497.61203
-12.25,-7.75,0,-23264.68354
-12.25,-8.25,0,7627.551292
-12.25,-8.75,0,14888.7946
-12.25,-9.25,0,16531.57028
-12.25,-9.75,0,2878.745291
-12.25,-10.25,0,3111.804945
-12.25,-10.75,0,12393.94669
-12.25,-11.25,0,44689.01998
-12.25,-11.75,0,-4352.495851
-12.25,-12.25,0,8438.191009
-12.25,-12.75,0,-31575.62732
-12.25,-13.25,0,13172.18371
-12.25,-13.75,0,6876.455433
-12.25,-14.25,0,-3557.50089
-12.25,-14.75,0,15054.3418
-11.75,14.75,0,-2105.630341
-11.75,14.25,0,31475.92781
-11.75,13.75,0,-822.3284343
-11.75,13.25,0,767.0635759
-11.75,12.75,0,-19936.88034
-11.75,12.25,0,-7209.340863
-11.75,11.75,0,8901.690634
-11.75,11.25,0,-19874.8365
-11.75,10.75,0,-4577.450358
-11.75,10.25,0,10764.29653
-11.75,9.75,0,-384.2726117
-11.75,9.25,0,-21673.06153
-11.75,8.75,0,6487.321896
-11.75,8.25,0,-13087.87727
-11.75,7.75,0,-8959.473426
-11.75,7.25,0,-10296.89802
-11.75,6.75,0,4577.313577
-11.75,6.25,0,7725.315494
-11.75,5.75,0,-20945.52777
-11.75,5.25,0,-16172.77598
-11.75,4.75,0,-192.8563354
-11.75,4.25,0,-15478.44904
-11.75,3.75,0,32570.66301
-11.75,3.25,0,19183.31781
-11.75,2.75,0,2837.004425
-11.75,2.25,0,-8370.738652
-11.75,1.75,0,5573.651689
-11.75,1.25,0,20878.33081
-11.75,0.75,0,8931.458965
-11.75,0.25,0,13809.03124
-11.75,-0.25,0,4.30E+03
-11.75,-0.75,0,12184.27267
-11.75,-1.25,0,-2116.984169
-11.75,-1.75,0,-32269.95616
-11.75,-2.25,0,5193.032325
-11.75,-2.75,0,-18795.47292
-11.75,-3.25,0,47310.86487
-11.75,-3.75,0,17062.79575
-11.75,-4.25,0,10290.86228
-11.75,-4.75,0,-1011.961139
-11.75,-5.25,0,23805.69764
-11.75,-5.75,0,5427.377471
-11.75,-6.25,0,26153.80031
-11.75,-6.75,0,-510.3600965
-11.75,-7.25,0,-2832.663838
-11.75,-7.75,0,11277.29147
-11.75,-8.25,0,15213.3758
-11.75,-8.75,0,-3840.802163
-11.75,-9.25,0,17412.50316
-11.75,-9.75,0,765.0360194
-11.75,-10.25,0,-3115.018437
-11.75,-10.75,0,-6012.464486
-11.75,-11.25,0,12706.99312
-11.75,-11.75,0,16751.65487
-11.75,-12.25,0,15667.32458
-11.75,-12.75,0,-559.673416
-11.75,-13.25,0,-3631.49719
-11.75,-13.75,0,15859.7899
-11.75,-14.25,0,-5368.570976
-11.75,-14.75,0,-10278.26212
-11.25,14.75,0,-14311.53874
-11.25,14.25,0,17473.2136
-11.25,13.75,0,17609.31324
-11.25,13.25,0,-123.5010808
-11.25,12.75,0,-4193.759458
-11.25,12.25,0,8699.167649
-11.25,11.75,0,-8511.243989
-11.25,11.25,0,-5193.681457
-11.25,10.75,0,-1603.217007
-11.25,10.25,0,-6025.629344
-11.25,9.75,0,-9386.545857
-11.25,9.25,0,20879.11911
-11.25,8.75,0,24576.23363
-11.25,8.25,0,-28266.30754
-11.25,7.75,0,9643.248156
-11.25,7.25,0,65.31475593
-11.25,6.75,0,-17601.22557
-11.25,6.25,0,4443.994297
-11.25,5.75,0,-6127.398434
-11.25,5.25,0,10516.93015
-11.25,4.75,0,12712.87395
-11.25,4.25,0,17974.11217
-11.25,3.75,0,38244.94216
-11.25,3.25,0,-6221.358529
-11.25,2.75,0,15796.79155
-11.25,2.25,0,43328.48602
-11.25,1.75,0,38907.34478
-11.25,1.25,0,8707.23273
-11.25,0.75,0,-977.1815618
-11.25,0.25,0,35424.65892
-11.25,-0.25,0,1.10E+04
-11.25,-0.75,0,7938.9808
-11.25,-1.25,0,8144.606733
-11.25,-1.75,0,1572.819284
-11.25,-2.25,0,11760.37188
-11.25,-2.75,0,-5877.906134
-11.25,-3.25,0,-4281.215078
-11.25,-3.75,0,1061.607248
-11.25,-4.25,0,22052.02533
-11.25,-4.75,0,4208.175122
-11.25,-5.25,0,9736.657952
-11.25,-5.75,0,17026.16646
-11.25,-6.25,0,-13380.65929
-11.25,-6.75,0,530.3106023
-11.25,-7.25,0,13168.2363
-11.25,-7.75,0,13324.34168
-11.25,-8.25,0,-12654.05649
-11.25,-8.75,0,1635.466388
-11.25,-9.25,0,7566.436065
-11.25,-9.75,0,25840.46067
-11.25,-10.25,0,8917.980731
-11.25,-10.75,0,10471.57444
-11.25,-11.25,0,3160.601582
-11.25,-11.75,0,-38035.76644
-11.25,-12.25,0,-10920.52242
-11.25,-12.75,0,35107.75505
-11.25,-13.25,0,-2129.840764
-11.25,-13.75,0,22739.87554
-11.25,-14.25,0,26533.22337
-11.25,-14.75,0,9978.803782
-10.75,14.75,0,12055.08781
-10.75,14.25,0,33774.441
-10.75,13.75,0,7322.071184
-10.75,13.25,0,7721.865634
-10.75,12.75,0,-5501.402694
-10.75,12.25,0,-6054.93457
-10.75,11.75,0,-12530.58689
-10.75,11.25,0,-3746.027038
-10.75,10.75,0,24888.07613
-10.75,10.25,0,-8619.698468
-10.75,9.75,0,20918.36651
-10.75,9.25,0,-9675.587247
-10.75,8.75,0,-7604.816186
-10.75,8.25,0,5281.57294
-10.75,7.75,0,28591.58818
-10.75,7.25,0,-5524.216057
-10.75,6.75,0,-21238.82866
-10.75,6.25,0,10170.31287
-10.75,5.75,0,16736.97219
-10.75,5.25,0,2826.743429
-10.75,4.75,0,15546.85691
-10.75,4.25,0,13746.91957
-10.75,3.75,0,36099.45223
-10.75,3.25,0,28866.29735
-10.75,2.75,0,41858.52799
-10.75,2.25,0,12743.25243
-10.75,1.75,0,26508.24502
-10.75,1.25,0,6180.273815
-10.75,0.75,0,21432.4633
-10.75,0.25,0,24476.21867
-10.75,-0.25,0,1.75E+04
-10.75,-0.75,0,37125.61003
-10.75,-1.25,0,37162.87327
-10.75,-1.75,0,31418.59057
-10.75,-2.25,0,37026.10315
-10.75,-2.75,0,32217.76593
-10.75,-3.25,0,26436.28183
-10.75,-3.75,0,33802.90038
-10.75,-4.25,0,27664.47105
-10.75,-4.75,0,41531.3735
-10.75,-5.25,0,37716.0766
-10.75,-5.75,0,11138.63492
-10.75,-6.25,0,5881.999324
-10.75,-6.75,0,10574.26938
-10.75,-7.25,0,4565.217701
-10.75,-7.75,0,-8306.302979
-10.75,-8.25,0,-9138.225416
-10.75,-8.75,0,31941.50808
-10.75,-9.25,0,21765.02836
-10.75,-9.75,0,9080.571511
-10.75,-10.25,0,-14316.38576
-10.75,-10.75,0,4879.631943
-10.75,-11.25,0,-13845.02899
-10.75,-11.75,0,-924.2462187
-10.75,-12.25,0,18458.65616
-10.75,-12.75,0,-14351.77709
-10.75,-13.25,0,6011.345034
-10.75,-13.75,0,9088.166662
-10.75,-14.25,0,3378.711161
-10.75,-14.75,0,-16133.26761
-10.25,14.75,0,3672.222871
-10.25,14.25,0,8710.182224
-10.25,13.75,0,11551.4368
-10.25,13.25,0,-10827.27091
-10.25,12.75,0,-8708.169438
-10.25,12.25,0,-5155.078871
-10.25,11.75,0,20905.61801
-10.25,11.25,0,-2875.83179
-10.25,10.75,0,29706.38156
-10.25,10.25,0,15168.40822
-10.25,9.75,0,-4578.660798
-10.25,9.25,0,-3386.045666
-10.25,8.75,0,17698.12833
-10.25,8.25,0,34243.27131
-10.25,7.75,0,-3843.770452
-10.25,7.25,0,36609.51779
-10.25,6.75,0,12964.97106
-10.25,6.25,0,38786.38628
-10.25,5.75,0,54650.62077
-10.25,5.25,0,35515.51098
-10.25,4.75,0,17670.90008
-10.25,4.25,0,65562.88983
-10.25,3.75,0,25091.62231
-10.25,3.25,0,66802.71138
-10.25,2.75,0,45776.66379
-10.25,2.25,0,54043.79799
-10.25,1.75,0,43903.22852
-10.25,1.25,0,71883.40618
-10.25,0.75,0,35171.39794
-10.25,0.25,0,55250.29028
-10.25,-0.25,0,9.60E+04
-10.25,-0.75,0,49784.5307
-10.25,-1.25,0,50638.20238
-10.25,-1.75,0,78868.30885
-10.25,-2.25,0,80297.35725
-10.25,-2.75,0,38044.56744
-10.25,-3.25,0,56775.43938
-10.25,-3.75,0,62227.43179
-10.25,-4.25,0,47953.66927
-10.25,-4.75,0,42936.29334
-10.25,-5.25,0,24722.84695
-10.25,-5.75,0,48680.80915
-10.25,-6.25,0,54373.48915
-10.25,-6.75,0,36749.76743
-10.25,-7.25,0,29250.36054
-10.25,-7.75,0,47306.02289
-10.25,-8.25,0,4384.694428
-10.25,-8.75,0,-7855.586565
-10.25,-9.25,0,4513.870825
-10.25,-9.75,0,-17842.1976
-10.25,-10.25,0,-5782.602409
-10.25,-10.75,0,23954.24991
-10.25,-11.25,0,-10458.43418
-10.25,-11.75,0,-32093.74148
-10.25,-12.25,0,-16268.57107
-10.25,-12.75,0,-20318.85656
-10.25,-13.25,0,4112.795318
-10.25,-13.75,0,-220.5330845
-10.25,-14.25,0,-208.4156899
-10.25,-14.75,0,9135.798778
-9.75,14.75,0,20999.90835
-9.75,14.25,0,-12157.89414
-9.75,13.75,0,15136.89886
-9.75,13.25,0,7795.167993
-9.75,12.75,0,-8590.559883
-9.75,12.25,0,10404.36164
-9.75,11.75,0,23086.71499
-9.75,11.25,0,27411.5636
-9.75,10.75,0,-13067.57564
-9.75,10.25,0,-17177.95113
-9.75,9.75,0,-1962.32093
-9.75,9.25,0,46.47800192
-9.75,8.75,0,4719.52518
-9.75,8.25,0,12406.08526
-9.75,7.75,0,29517.4405
-9.75,7.25,0,82055.14516
-9.75,6.75,0,74665.04328
-9.75,6.25,0,70264.6612
-9.75,5.75,0,112993.0005
-9.75,5.25,0,118130.5003
-9.75,4.75,0,122597.5891
-9.75,4.25,0,119462.239
-9.75,3.75,0,113786.954
-9.75,3.25,0,114922.815
-9.75,2.75,0,109227.1662
-9.75,2.25,0,112504.9206
-9.75,1.75,0,91789.36759
-9.75,1.25,0,133694.7304
-9.75,0.75,0,112303.7996
-9.75,0.25,0,126255.3666
-9.75,-0.25,0,1.14E+05
-9.75,-0.75,0,125024.4756
-9.75,-1.25,0,135160.3044
-9.75,-1.75,0,128227.9528
-9.75,-2.25,0,120768.6617
-9.75,-2.75,0,96072.66402
-9.75,-3.25,0,120461.1935
-9.75,-3.75,0,123576.4181
-9.75,-4.25,0,106247.8304
-9.75,-4.75,0,95455.02281
-9.75,-5.25,0,108751.4622
-9.75,-5.75,0,124963.1813
-9.75,-6.25,0,77306.68537
-9.75,-6.75,0,100583.9518
-9.75,-7.25,0,58889.90346
-9.75,-7.75,0,34314.03004
-9.75,-8.25,0,21178.53046
-9.75,-8.75,0,10408.82187
-9.75,-9.25,0,10689.44378
-9.75,-9.75,0,-14650.16968
-9.75,-10.25,0,-9392.751947
-9.75,-10.75,0,-16981.94378
-9.75,-11.25,0,-1149.91415
-9.75,-11.75,0,-649.1969939
-9.75,-12.25,0,6465.00124
-9.75,-12.75,0,-3938.742662
-9.75,-13.25,0,-4953.867176
-9.75,-13.75,0,-27968.04991
-9.75,-14.25,0,19582.27067
-9.75,-14.75,0,-29594.6434
-9.25,14.75,0,31304.65372
-9.25,14.25,0,-9496.04191
-9.25,13.75,0,-16408.4836
-9.25,13.25,0,8197.59424
-9.25,12.75,0,19134.62995
-9.25,12.25,0,14439.66402
-9.25,11.75,0,7338.017822
-9.25,11.25,0,563.8879925
-9.25,10.75,0,-8368.301679
-9.25,10.25,0,3495.732865
-9.25,9.75,0,8673.004132
-9.25,9.25,0,17597.72846
-9.25,8.75,0,42109.61424
-9.25,8.25,0,41761.82797
-9.25,7.75,0,94963.01183
-9.25,7.25,0,116203.4199
-9.25,6.75,0,133147.7898
-9.25,6.25,0,198234.6511
-9.25,5.75,0,231273.9652
-9.25,5.25,0,217662.1929
-9.25,4.75,0,249668.502
-9.25,4.25,0,273868.6583
-9.25,3.75,0,256446.5033
-9.25,3.25,0,268715.1777
-9.25,2.75,0,261990.8913
-9.25,2.25,0,253013.9306
-9.25,1.75,0,269395.6544
-9.25,1.25,0,246882.1367
-9.25,0.75,0,267579.4539
-9.25,0.25,0,272189.0008
-9.25,-0.25,0,2.69E+05
-9.25,-0.75,0,277217.5774
-9.25,-1.25,0,260353.1664
-9.25,-1.75,0,291847.3516
-9.25,-2.25,0,275077.8398
-9.25,-2.75,0,295131.1819
-9.25,-3.25,0,237318.3052
-9.25,-3.75,0,252560.5533
-9.25,-4.25,0,263411.0509
-9.25,-4.75,0,236436.1036
-9.25,-5.25,0,251778.4067
-9.25,-5.75,0,182809.9736
-9.25,-6.25,0,177343.4734
-9.25,-6.75,0,169589.4686
-9.25,-7.25,0,98095.60178
-9.25,-7.75,0,83831.99856
-9.25,-8.25,0,65075.18941
-9.25,-8.75,0,53315.37207
-9.25,-9.25,0,11704.19313
-9.25,-9.75,0,41938.84338
-9.25,-10.25,0,-2035.77835
-9.25,-10.75,0,25682.63788
-9.25,-11.25,0,-23734.49678
-9.25,-11.75,0,-16774.51975
-9.25,-12.25,0,-22018.98502
-9.25,-12.75,0,-32939.01779
-9.25,-13.25,0,7707.82269
-9.25,-13.75,0,6305.84993
-9.25,-14.25,0,4366.923542
-9.25,-14.75,0,3177.145606
-8.75,14.75,0,-28225.83297
-8.75,14.25,0,17408.37959
-8.75,13.75,0,-12889.41539
-8.75,13.25,0,6022.145419
-8.75,12.75,0,8104.827917
-8.75,12.25,0,3381.953323
-8.75,11.75,0,11439.93503
-8.75,11.25,0,3750.609199
-8.75,10.75,0,10854.21977
-8.75,10.25,0,-3699.821789
-8.75,9.75,0,-2165.129347
-8.75,9.25,0,22852.46589
-8.75,8.75,0,41550.18067
-8.75,8.25,0,104289.4462
-8.75,7.75,0,157013.271
-8.75,7.25,0,251245.0176
-8.75,6.75,0,350728.9009
-8.75,6.25,0,435491.5527
-8.75,5.75,0,491496.0952
-8.75,5.25,0,535737.029
-8.75,4.75,0,553729.1761
-8.75,4.25,0,553212.8419
-8.75,3.75,0,582980.6287
-8.75,3.25,0,584667.2965
-8.75,2.75,0,600427.5527
-8.75,2.25,0,603466.9842
-8.75,1.75,0,588277.772
-8.75,1.25,0,581967.8062
-8.75,0.75,0,602079.0951
-8.75,0.25,0,593489.745
-8.75,-0.25,0,6.20E+05
-8.75,-0.75,0,609978.8302
-8.75,-1.25,0,594469.8618
-8.75,-1.75,0,570571.9222
-8.75,-2.25,0,602816.8995
-8.75,-2.75,0,583798.5343
-8.75,-3.25,0,586504.611
-8.75,-3.75,0,581158.8255
-8.75,-4.25,0,564059.9064
-8.75,-4.75,0,544064.4972
-8.75,-5.25,0,535329.0183
-8.75,-5.75,0,487511.1327
-8.75,-6.25,0,449332.9368
-8.75,-6.75,0,331940.1358
-8.75,-7.25,0,236698.2928
-8.75,-7.75,0,165932.7798
-8.75,-8.25,0,110426.6806
-8.75,-8.75,0,74298.7033
-8.75,-9.25,0,22440.73235
-8.75,-9.75,0,11010.74839
-8.75,-10.25,0,12263.25287
-8.75,-10.75,0,3586.534234
-8.75,-11.25,0,-6267.025088
-8.75,-11.75,0,10525.74805
-8.75,-12.25,0,2225.549217
-8.75,-12.75,0,11893.72677
-8.75,-13.25,0,-2908.04334
-8.75,-13.75,0,10866.90558
-8.75,-14.25,0,10429.84068
-8.75,-14.75,0,-3594.800657
-8.25,14.75,0,-18899.3097
-8.25,14.25,0,6490.385258
-8.25,13.75,0,-949.5520432
-8.25,13.25,0,17311.01754
-8.25,12.75,0,-3376.527785
-8.25,12.25,0,6234.137669
-8.25,11.75,0,426.4813769
-8.25,11.25,0,-5578.901534
-8.25,10.75,0,5535.353714
-8.25,10.25,0,18850.33122
-8.25,9.75,0,20840.85421
-8.25,9.25,0,42430.18981
-8.25,8.75,0,106566.4145
-8.25,8.25,0,171961.6972
-8.25,7.75,0,304846.9587
-8.25,7.25,0,529174.9448
-8.25,6.75,0,744945.9883
-8.25,6.25,0,939095.0203
-8.25,5.75,0,1112903.129
-8.25,5.25,0,1206127.148
-8.25,4.75,0,1246170.631
-8.25,4.25,0,1282834.707
-8.25,3.75,0,1271879.964
-8.25,3.25,0,1302569.357
-8.25,2.75,0,1289509.806
-8.25,2.25,0,1302944.496
-8.25,1.75,0,1298730.647
-8.25,1.25,0,1277343.285
-8.25,0.75,0,1326453.596
-8.25,0.25,0,1287109.279
-8.25,-0.25,0,1.30E+06
-8.25,-0.75,0,1315368.593
-8.25,-1.25,0,1293707.214
-8.25,-1.75,0,1313223.776
-8.25,-2.25,0,1341571.768
-8.25,-2.75,0,1323123.9
-8.25,-3.25,0,1296004.879
-8.25,-3.75,0,1288415.539
-8.25,-4.25,0,1284861.673
-8.25,-4.75,0,1236769.809
-8.25,-5.25,0,1205960.188
-8.25,-5.75,0,1106260.797
-8.25,-6.25,0,932304.9533
-8.25,-6.75,0,782654.0549
-8.25,-7.25,0,534045.8915
-8.25,-7.75,0,340087.7909
-8.25,-8.25,0,181161.5527
-8.25,-8.75,0,90910.86901
-8.25,-9.25,0,41897.42166
-8.25,-9.75,0,-9621.069133
-8.25,-10.25,0,20295.70968
-8.25,-10.75,0,40412.13978
-8.25,-11.25,0,4194.278647
-8.25,-11.75,0,9617.235209
-8.25,-12.25,0,17658.3946
-8.25,-12.75,0,4723.279045
-8.25,-13.25,0,15551.38347
-8.25,-13.75,0,19686.0947
-8.25,-14.25,0,-16102.30369
-8.25,-14.75,0,8242.669631
-7.75,14.75,0,16567.77996
-7.75,14.25,0,836.7411321
-7.75,13.75,0,4781.955272
-7.75,13.25,0,12864.81119
-7.75,12.75,0,16910.9398
-7.75,12.25,0,2541.262757
-7.75,11.75,0,10196.06704
-7.75,11.25,0,-19971.54053
-7.75,10.75,0,17026.62881
-7.75,10.25,0,-4885.603625
-7.75,9.75,0,41632.88394
-7.75,9.25,0,79938.78452
-7.75,8.75,0,153219.4809
-7.75,8.25,0,330197.0429
-7.75,7.75,0,638062.1599
-7.75,7.25,0,1125312.213
-7.75,6.75,0,1724527.4
-7.75,6.25,0,2208756.456
-7.75,5.75,0,2546987.498
-7.75,5.25,0,2674920.795
-7.75,4.75,0,2775692.841
-7.75,4.25,0,2846399.242
-7.75,3.75,0,2822524.26
-7.75,3.25,0,2883741.839
-7.75,2.75,0,2861124.39
-7.75,2.25,0,2915464.898
-7.75,1.75,0,2900473.859
-7.75,1.25,0,2893616.38
-7.75,0.75,0,2922023.575
-7.75,0.25,0,2918870.277
-7.75,-0.25,0,2.92E+06
-7.75,-0.75,0,2908925.5
-7.75,-1.25,0,2900536.155
-7.75,-1.75,0,2870857.25
-7.75,-2.25,0,2896696.543
-7.75,-2.75,0,2881467.81
-7.75,-3.25,0,2914660.164
-7.75,-3.75,0,2853725.662
-7.75,-4.25,0,2856326.761
-7.75,-4.75,0,2789160.923
-7.75,-5.25,0,2688604.021
-7.75,-5.75,0,2533393.307
-7.75,-6.25,0,2202325.38
-7.75,-6.75,0,1719399.116
-7.75,-7.25,0,1149278.262
-7.75,-7.75,0,626775.9394
-7.75,-8.25,0,321261.8476
-7.75,-8.75,0,154824.7394
-7.75,-9.25,0,97887.56124
-7.75,-9.75,0,67266.6346
-7.75,-10.25,0,1929.040815
-7.75,-10.75,0,477.3317701
-7.75,-11.25,0,37248.13031
-7.75,-11.75,0,-3028.46987
-7.75,-12.25,0,-25366.75581
-7.75,-12.75,0,5575.185235
-7.75,-13.25,0,-12859.28408
-7.75,-13.75,0,-30254.45269
-7.75,-14.25,0,1923.426937
-7.75,-14.75,0,7651.355552
-7.25,14.75,0,-14809.73572
-7.25,14.25,0,-25283.31994
-7.25,13.75,0,-30156.89744
-7.25,13.25,0,19275.74163
-7.25,12.75,0,9628.31579
-7.25,12.25,0,15137.73652
-7.25,11.75,0,-13056.73824
-7.25,11.25,0,15831.26788
-7.25,10.75,0,-5606.979107
-7.25,10.25,0,9288.38092
-7.25,9.75,0,48493.25736
-7.25,9.25,0,112696.7627
-7.25,8.75,0,231663.4086
-7.25,8.25,0,535977.8695
-7.25,7.75,0,1104809.456
-7.25,7.25,0,2387929.112
-7.25,6.75,0,4301420.001
-7.25,6.25,0,5560339.535
-7.25,5.75,0,6269886.28
-7.25,5.25,0,6541832.404
-7.25,4.75,0,6608836.754
-7.25,4.25,0,6708463.083
-7.25,3.75,0,6842797.011
-7.25,3.25,0,6792891.717
-7.25,2.75,0,6785088.664
-7.25,2.25,0,6800787.177
-7.25,1.75,0,6917026.623
-7.25,1.25,0,6795103.884
-7.25,0.75,0,6851449.877
-7.25,0.25,0,6788371.837
-7.25,-0.25,0,6.84E+06
-7.25,-0.75,0,6973445.22
-7.25,-1.25,0,6946111.015
-7.25,-1.75,0,6781623.263
-7.25,-2.25,0,6772768.898
-7.25,-2.75,0,6813729.094
-7.25,-3.25,0,6704382.295
-7.25,-3.75,0,6699116.472
-7.25,-4.25,0,6718688.976
-7.25,-4.75,0,6627909.304
-7.25,-5.25,0,6491867.377
-7.25,-5.75,0,6174233.261
-7.25,-6.25,0,5580865.602
-7.25,-6.75,0,4313272.481
-7.25,-7.25,0,2382980.057
-7.25,-7.75,0,1137405.386
-7.25,-8.25,0,518615.1671
-7.25,-8.75,0,243730.7033
-7.25,-9.25,0,107976.6607
-7.25,-9.75,0,58052.37261
-7.25,-10.25,0,29241.20758
-7.25,-10.75,0,-3499.018719
-7.25,-11.25,0,45897.78087
-7.25,-11.75,0,-310.3766946
-7.25,-12.25,0,-6185.440324
-7.25,-12.75,0,-13068.67763
-7.25,-13.25,0,11632.97618
-7.25,-13.75,0,-953.1660312
-7.25,-14.25,0,501.3577596
-7.25,-14.75,0,24330.37431
-6.75,14.75,0,-4853.449876
-6.75,14.25,0,-13656.91574
-6.75,13.75,0,-8326.268659
-6.75,13.25,0,-18021.43108
-6.75,12.75,0,-24170.21692
-6.75,12.25,0,12949.53424
-6.75,11.75,0,21148.34408
-6.75,11.25,0,11432.84726
-6.75,10.75,0,41020.02048
-6.75,10.25,0,8613.484562
-6.75,9.75,0,49715.87049
-6.75,9.25,0,166663.5948
-6.75,8.75,0,369258.1962
-6.75,8.25,0,764832.4551
-6.75,7.75,0,1727077.708
-6.75,7.25,0,4330321.008
-6.75,6.75,0,11606921.43
-6.75,6.25,0,14193629.94
-6.75,5.75,0,15191020.43
-6.75,5.25,0,15706111.24
-6.75,4.75,0,15892475.45
-6.75,4.25,0,15979560.38
-6.75,3.75,0,16102543.96
-6.75,3.25,0,16107257.35
-6.75,2.75,0,16008439.92
-6.75,2.25,0,16218895.91
-6.75,1.75,0,16196007.57
-6.75,1.25,0,16207798.95
-6.75,0.75,0,16185065.31
-6.75,0.25,0,16238516.01
-6.75,-0.25,0,1.62E+07
-6.75,-0.75,0,16093053.41
-6.75,-1.25,0,16192212.29
-6.75,-1.75,0,16209948.04
-6.75,-2.25,0,15986864.71
-6.75,-2.75,0,16197621.41
-6.75,-3.25,0,16190857.33
-6.75,-3.75,0,16198220.15
-6.75,-4.25,0,16113052.03
-6.75,-4.75,0,15798141.98
-6.75,-5.25,0,15705813.63
-6.75,-5.75,0,14982604.3
-6.75,-6.25,0,14118674.28
-6.75,-6.75,0,11604641
-6.75,-7.25,0,4440894.491
-6.75,-7.75,0,1729962.848
-6.75,-8.25,0,776460.0971
-6.75,-8.75,0,341942.6457
-6.75,-9.25,0,171856.3596
-6.75,-9.75,0,76091.51844
-6.75,-10.25,0,40838.17746
-6.75,-10.75,0,34797.56189
-6.75,-11.25,0,3959.948138
-6.75,-11.75,0,9445.989415
-6.75,-12.25,0,-7675.695109
-6.75,-12.75,0,3219.554095
-6.75,-13.25,0,-44470.45944
-6.75,-13.75,0,-13419.49061
-6.75,-14.25,0,2166.958045
-6.75,-14.75,0,-17886.66306
-6.25,14.75,0,-7883.914391
-6.25,14.25,0,-15424.76651
-6.25,13.75,0,4411.787149
-6.25,13.25,0,2615.090516
-6.25,12.75,0,5181.319423
-6.25,12.25,0,357.7912916
-6.25,11.75,0,-11147.54842
-6.25,11.25,0,6358.428921
-6.25,10.75,0,-7391.062559
-6.25,10.25,0,27847.82316
-6.25,9.75,0,90071.93581
-6.25,9.25,0,165772.0497
-6.25,8.75,0,422586.2104
-6.25,8.25,0,989546.9807
-6.25,7.75,0,2234290.605
-6.25,7.25,0,5575289.576
-6.25,6.75,0,14297173.98
-6.25,6.25,0,17584804.85
-6.25,5.75,0,18999272.34
-6.25,5.25,0,19602001.54
-6.25,4.75,0,19894749.6
-6.25,4.25,0,20096265.88
-6.25,3.75,0,20289774.03
-6.25,3.25,0,20308617.72
-6.25,2.75,0,20414684.72
-6.25,2.25,0,20372957
-6.25,1.75,0,20403884.94
-6.25,1.25,0,20409252.37
-6.25,0.75,0,20380014.68
-6.25,0.25,0,20400319.19
-6.25,-0.25,0,2.04E+07
-6.25,-0.75,0,20400434.03
-6.25,-1.25,0,20421436.62
-6.25,-1.75,0,20414352.31
-6.25,-2.25,0,20430843.34
-6.25,-2.75,0,20413864.81
-6.25,-3.25,0,20297316.99
-6.25,-3.75,0,20329680.58
-6.25,-4.25,0,20092798.57
-6.25,-4.75,0,19891451.52
-6.25,-5.25,0,19589044.92
-6.25,-5.75,0,19028481.93
-6.25,-6.25,0,17598748.56
-6.25,-6.75,0,14193852.88
-6.25,-7.25,0,5755490.365
-6.25,-7.75,0,2197506.059
-6.25,-8.25,0,976080.7936
-6.25,-8.75,0,428102.9002
-6.25,-9.25,0,179453.1462
-6.25,-9.75,0,72024.21904
-6.25,-10.25,0,39066.37307
-6.25,-10.75,0,31466.01049
-6.25,-11.25,0,2207.805245
-6.25,-11.75,0,-9417.815313
-6.25,-12.25,0,17283.54942
-6.25,-12.75,0,2077.028501
-6.25,-13.25,0,22259.3802
-6.25,-13.75,0,7773.738861
-6.25,-14.25,0,6136.177796
-6.25,-14.75,0,602.5229333
-5.75,14.75,0,-3309.437628
-5.75,14.25,0,-1757.528609
-5.75,13.75,0,-24252.87394
-5.75,13.25,0,-6481.29897
-5.75,12.75,0,-31909.80934
-5.75,12.25,0,9416.789619
-5.75,11.75,0,-1707.793584
-5.75,11.25,0,-36077.35245
-5.75,10.75,0,8510.305753
-5.75,10.25,0,63713.29848
-5.75,9.75,0,127897.0202
-5.75,9.25,0,215415.7123
-5.75,8.75,0,505477.9624
-5.75,8.25,0,1107336.009
-5.75,7.75,0,2547177.007
-5.75,7.25,0,6138031.977
-5.75,6.75,0,15201175.52
-5.75,6.25,0,18994002.66
-5.75,5.75,0,20511278.43
-5.75,5.25,0,21401642.14
-5.75,4.75,0,21993226.12
-5.75,4.25,0,22286181.39
-5.75,3.75,0,22474609.51
-5.75,3.25,0,22600961.63
-5.75,2.75,0,22715878.27
-5.75,2.25,0,22732474.35
-5.75,1.75,0,22807337.89
-5.75,1.25,0,22788515.09
-5.75,0.75,0,22800355.87
-5.75,0.25,0,22807538.08
-5.75,-0.25,0,2.28E+07
-5.75,-0.75,0,22802186.08
-5.75,-1.25,0,22791752.85
-5.75,-1.75,0,22794810.09
-5.75,-2.25,0,22701204.98
-5.75,-2.75,0,22696613.51
-5.75,-3.25,0,22588229.97
-5.75,-3.75,0,22483043.23
-5.75,-4.25,0,22290959.75
-5.75,-4.75,0,21987100.51
-5.75,-5.25,0,21409158.7
-5.75,-5.75,0,20494264.55
-5.75,-6.25,0,18910129.76
-5.75,-6.75,0,15209852.55
-5.75,-7.25,0,6197081.489
-5.75,-7.75,0,2503805.818
-5.75,-8.25,0,1119983.589
-5.75,-8.75,0,495899.2719
-5.75,-9.25,0,221259.2501
-5.75,-9.75,0,126981.7685
-5.75,-10.25,0,24832.04862
-5.75,-10.75,0,43422.57788
-5.75,-11.25,0,-6128.665536
-5.75,-11.75,0,-14913.17745
-5.75,-12.25,0,-14839.18684
-5.75,-12.75,0,10753.95929
-5.75,-13.25,0,-12309.30469
-5.75,-13.75,0,10951.15537
-5.75,-14.25,0,1572.326713
-5.75,-14.75,0,-11561.22522
-5.25,14.75,0,10685.14138
-5.25,14.25,0,14463.79989
-5.25,13.75,0,19964.32132
-5.25,13.25,0,-25703.10937
-5.25,12.75,0,-10527.24144
-5.25,12.25,0,3317.179936
-5.25,11.75,0,-13204.4978
-5.25,11.25,0,27884.36511
-5.25,10.75,0,20305.70469
-5.25,10.25,0,40961.48846
-5.25,9.75,0,108587.9796
-5.25,9.25,0,229933.2787
-5.25,8.75,0,544150.0141
-5.25,8.25,0,1192732.013
-5.25,7.75,0,2694975.87
-5.25,7.25,0,6509535.572
-5.25,6.75,0,15691910.62
-5.25,6.25,0,19586260.49
-5.25,5.75,0,21394742.02
-5.25,5.25,0,22592851.05
-5.25,4.75,0,23896194.48
-5.25,4.25,0,24703483.25
-5.25,3.75,0,25089156.25
-5.25,3.25,0,25310581.25
-5.25,2.75,0,25410119.76
-5.25,2.25,0,25394621.07
-5.25,1.75,0,25404768.57
-5.25,1.25,0,25497465.19
-5.25,0.75,0,25507729.25
-5.25,0.25,0,25494767.94
-5.25,-0.25,0,2.55E+07
-5.25,-0.75,0,25503295.3
-5.25,-1.25,0,25407142.52
-5.25,-1.75,0,25490019.93
-5.25,-2.25,0,25378552.92
-5.25,-2.75,0,25402333.13
-5.25,-3.25,0,25303524.31
-5.25,-3.75,0,25075993.78
-5.25,-4.25,0,24711210.17
-5.25,-4.75,0,23916513.92
-5.25,-5.25,0,22692366.05
-5.25,-5.75,0,21386187.15
-5.25,-6.25,0,19591866.22
-5.25,-6.75,0,15686170.53
-5.25,-7.25,0,6486725.335
-5.25,-7.75,0,2709466.008
-5.25,-8.25,0,1198739.334
-5.25,-8.75,0,552597.9411
-5.25,-9.25,0,229176.3518
-5.25,-9.75,0,88617.94269
-5.25,-10.25,0,44144.14486
-5.25,-10.75,0,37067.5953
-5.25,-11.25,0,26331.93457
-5.25,-11.75,0,-15335.6195
-5.25,-12.25,0,-11739.5749
-5.25,-12.75,0,17641.73319
-5.25,-13.25,0,13722.71746
-5.25,-13.75,0,-22890.06499
-5.25,-14.25,0,-25929.30919
-5.25,-14.75,0,13368.23684
-4.75,14.75,0,-5689.942626
-4.75,14.25,0,-20330.94657
-4.75,13.75,0,316.0050138
-4.75,13.25,0,15207.91285
-4.75,12.75,0,21398.80986
-4.75,12.25,0,-28760.782
-4.75,11.75,0,24701.29534
-4.75,11.25,0,10630.52161
-4.75,10.75,0,10572.71635
-4.75,10.25,0,55505.02182
-4.75,9.75,0,120094.5887
-4.75,9.25,0,246498.2672
-4.75,8.75,0,575555.6041
-4.75,8.25,0,1255377.315
-4.75,7.75,0,2818247.142
-4.75,7.25,0,6617055.593
-4.75,6.75,0,15901755.71
-4.75,6.25,0,19924870.99
-4.75,5.75,0,22006534.99
-4.75,5.25,0,23890667.21
-4.75,4.75,0,27906076.69
-4.75,4.25,0,29393187.55
-4.75,3.75,0,29901803.29
-4.75,3.25,0,30195202.42
-4.75,2.75,0,30302366.05
-4.75,2.25,0,30520094.7
-4.75,1.75,0,30520698.64
-4.75,1.25,0,30513563.25
-4.75,0.75,0,30604584.92
-4.75,0.25,0,30587476.14
-4.75,-0.25,0,3.06E+07
-4.75,-0.75,0,30496778.19
-4.75,-1.25,0,30505253.43
-4.75,-1.75,0,30496784.68
-4.75,-2.25,0,30503963.04
-4.75,-2.75,0,30416942.08
-4.75,-3.25,0,30225447.59
-4.75,-3.75,0,29907716.06
-4.75,-4.25,0,29384176.24
-4.75,-4.75,0,27884183.61
-4.75,-5.25,0,23996715.01
-4.75,-5.75,0,22008388.9
-4.75,-6.25,0,19907530.18
-4.75,-6.75,0,16005422.55
-4.75,-7.25,0,6726278.798
-4.75,-7.75,0,2755105.207
-4.75,-8.25,0,1268479.983
-4.75,-8.75,0,563356.8716
-4.75,-9.25,0,251434.8544
-4.75,-9.75,0,94940.73097
-4.75,-10.25,0,61143.2772
-4.75,-10.75,0,23504.27578
-4.75,-11.25,0,7900.659659
-4.75,-11.75,0,23568.36514
-4.75,-12.25,0,-6109.795171
-4.75,-12.75,0,-16101.06889
-4.75,-13.25,0,-376.0959647
-4.75,-13.75,0,44091.04373
-4.75,-14.25,0,1459.572853
-4.75,-14.75,0,-12548.64394
-4.25,14.75,0,-10414.23315
-4.25,14.25,0,3942.499893
-4.25,13.75,0,12172.5407
-4.25,13.25,0,-17050.8023
-4.25,12.75,0,9418.24439
-4.25,12.25,0,-2753.554435
-4.25,11.75,0,16087.88197
-4.25,11.25,0,14179.32805
-4.25,10.75,0,28230.19598
-4.25,10.25,0,74155.39922
-4.25,9.75,0,119116.1352
-4.25,9.25,0,239016.7115
-4.25,8.75,0,604402.0845
-4.25,8.25,0,1287124.714
-4.25,7.75,0,2840136.765
-4.25,7.25,0,6727398.274
-4.25,6.75,0,16001078.68
-4.25,6.25,0,20175361.49
-4.25,5.75,0,22303443.75
-4.25,5.25,0,24686963.75
-4.25,4.75,0,29316171.51
-4.25,4.25,0,31186986.17
-4.25,3.75,0,32020323.71
-4.25,3.25,0,32396258.86
-4.25,2.75,0,32574074.7
-4.25,2.25,0,32800310.52
-4.25,1.75,0,32920419.43
-4.25,1.25,0,32908637.6
-4.25,0.75,0,32987820.16
-4.25,0.25,0,33008439.53
-4.25,-0.25,0,3.30E+07
-4.25,-0.75,0,33035071.52
-4.25,-1.25,0,32915172.13
-4.25,-1.75,0,32931120.34
-4.25,-2.25,0,32778938.85
-4.25,-2.75,0,32607556.92
-4.25,-3.25,0,32413079.36
-4.25,-3.75,0,31987907.6
-4.25,-4.25,0,31192278.3
-4.25,-4.75,0,29269890.28
-4.25,-5.25,0,24710896.46
-4.25,-5.75,0,22279534.33
-4.25,-6.25,0,20219917.98
-4.25,-6.75,0,16104027.99
-4.25,-7.25,0,6715076.042
-4.25,-7.75,0,2849921.576
-4.25,-8.25,0,1275500.68
-4.25,-8.75,0,584064.0386
-4.25,-9.25,0,274861.6103
-4.25,-9.75,0,132203.003
-4.25,-10.25,0,59765.8017
-4.25,-10.75,0,27349.6352
-4.25,-11.25,0,31329.71023
-4.25,-11.75,0,33056.28559
-4.25,-12.25,0,9769.644347
-4.25,-12.75,0,34292.74324
-4.25,-13.25,0,-17204.32643
-4.25,-13.75,0,-19753.98555
-4.25,-14.25,0,21985.06944
-4.25,-14.75,0,725.4611942
-3.75,14.75,0,-16752.24019
-3.75,14.25,0,-2322.581596
-3.75,13.75,0,-5148.063393
-3.75,13.25,0,-4502.987848
-3.75,12.75,0,7105.72719
-3.75,12.25,0,4482.43158
-3.75,11.75,0,-9497.070612
-3.75,11.25,0,1083.691435
-3.75,10.75,0,33045.39518
-3.75,10.25,0,82414.98562
-3.75,9.75,0,136104.0838
-3.75,9.25,0,257695.0677
-3.75,8.75,0,585215.6186
-3.75,8.25,0,1302394.821
-3.75,7.75,0,2849863.172
-3.75,7.25,0,6759837.975
-3.75,6.75,0,16093831.19
-3.75,6.25,0,20305101.75
-3.75,5.75,0,22504634.39
-3.75,5.25,0,25110575.9
-3.75,4.75,0,29891235.97
-3.75,4.25,0,31997899.33
-3.75,3.75,0,32892520.94
-3.75,3.25,0,33505487.83
-3.75,2.75,0,33905750.86
-3.75,2.25,0,34195457.14
-3.75,1.75,0,34431558.93
-3.75,1.25,0,34476935.3
-3.75,0.75,0,34578087.23
-3.75,0.25,0,34577677.97
-3.75,-0.25,0,3.46E+07
-3.75,-0.75,0,34589943.53
-3.75,-1.25,0,34483006.2
-3.75,-1.75,0,34404241.01
-3.75,-2.25,0,34186194.09
-3.75,-2.75,0,33888442.04
-3.75,-3.25,0,33500027.66
-3.75,-3.75,0,32901794.22
-3.75,-4.25,0,31989659.76
-3.75,-4.75,0,29879824.75
-3.75,-5.25,0,25080522.6
-3.75,-5.75,0,22519589.09
-3.75,-6.25,0,20289934.17
-3.75,-6.75,0,16100216.48
-3.75,-7.25,0,6742813.452
-3.75,-7.75,0,2876845.461
-3.75,-8.25,0,1294545.089
-3.75,-8.75,0,607320.1631
-3.75,-9.25,0,281327.5618
-3.75,-9.75,0,135227.2242
-3.75,-10.25,0,66419.11029
-3.75,-10.75,0,2812.931592
-3.75,-11.25,0,5236.384861
-3.75,-11.75,0,-1990.687826
-3.75,-12.25,0,15597.22316
-3.75,-12.75,0,-1195.74445
-3.75,-13.25,0,-11516.72157
-3.75,-13.75,0,11374.0857
-3.75,-14.25,0,-14377.88669
-3.75,-14.75,0,-5358.713162
-3.25,14.75,0,-18364.26813
-3.25,14.25,0,11019.57799
-3.25,13.75,0,-4774.908022
-3.25,13.25,0,-8672.793308
-3.25,12.75,0,-3570.668986
-3.25,12.25,0,-5625.489465
-3.25,11.75,0,3359.75525
-3.25,11.25,0,9215.778869
-3.25,10.75,0,52647.66719
-3.25,10.25,0,73837.32684
-3.25,9.75,0,120125.1077
-3.25,9.25,0,267675.4186
-3.25,8.75,0,587895.2089
-3.25,8.25,0,1301533.131
-3.25,7.75,0,2905332.124
-3.25,7.25,0,6765317.511
-3.25,6.75,0,16201333.85
-3.25,6.25,0,20294657.98
-3.25,5.75,0,22592940.99
-3.25,5.25,0,25315589.21
-3.25,4.75,0,30216028.29
-3.25,4.25,0,32410297.05
-3.25,3.75,0,33490675.25
-3.25,3.25,0,34412646.35
-3.25,2.75,0,35601230.96
-3.25,2.25,0,36299124.98
-3.25,1.75,0,36694299.21
-3.25,1.25,0,36780088.47
-3.25,0.75,0,36892547.69
-3.25,0.25,0,36992629.7
-3.25,-0.25,0,3.69E+07
-3.25,-0.75,0,36861495.8
-3.25,-1.25,0,36781189.28
-3.25,-1.75,0,36609551.38
-3.25,-2.25,0,36271870.6
-3.25,-2.75,0,35625024.92
-3.25,-3.25,0,34502032.9
-3.25,-3.75,0,33513828.92
-3.25,-4.25,0,32400477.13
-3.25,-4.75,0,30227898.79
-3.25,-5.25,0,25293857.09
-3.25,-5.75,0,22696120.34
-3.25,-6.25,0,20303901.19
-3.25,-6.75,0,16212323.26
-3.25,-7.25,0,6784092.286
-3.25,-7.75,0,2908724.733
-3.25,-8.25,0,1289064.896
-3.25,-8.75,0,599460.7126
-3.25,-9.25,0,267957.9208
-3.25,-9.75,0,119227.2967
-3.25,-10.25,0,69264.49829
-3.25,-10.75,0,25445.80264
-3.25,-11.25,0,17997.179
-3.25,-11.75,0,17712.19065
-3.25,-12.25,0,7696.971683
-3.25,-12.75,0,-19424.1318
-3.25,-13.25,0,12381.66218
-3.25,-13.75,0,-7262.016697
-3.25,-14.25,0,-3435.659503
-3.25,-14.75,0,7911.291804
-2.75,14.75,0,-15669.50427
-2.75,14.25,0,-13641.29558
-2.75,13.75,0,6453.736652
-2.75,13.25,0,4249.757317
-2.75,12.75,0,-14049.17538
-2.75,12.25,0,18531.85485
-2.75,11.75,0,10025.99703
-2.75,11.25,0,24049.41849
-2.75,10.75,0,29814.55314
-2.75,10.25,0,62412.30766
-2.75,9.75,0,123912.1204
-2.75,9.25,0,257386.7869
-2.75,8.75,0,608507.012
-2.75,8.25,0,1334819.939
-2.75,7.75,0,2886826.61
-2.75,7.25,0,6943696.428
-2.75,6.75,0,16182560.68
-2.75,6.25,0,20399611.82
-2.75,5.75,0,22709877.78
-2.75,5.25,0,25399508
-2.75,4.75,0,30299493.3
-2.75,4.25,0,32586854.37
-2.75,3.75,0,33980074.59
-2.75,3.25,0,35609978.53
-2.75,2.75,0,39391088.99
-2.75,2.25,0,40772600.25
-2.75,1.75,0,41395400
-2.75,1.25,0,41602842.17
-2.75,0.75,0,41724434.88
-2.75,0.25,0,41804300.16
-2.75,-0.25,0,4.18E+07
-2.75,-0.75,0,41693008.01
-2.75,-1.25,0,41467182.08
-2.75,-1.75,0,41399006.57
-2.75,-2.25,0,40814907.58
-2.75,-2.75,0,39417737.38
-2.75,-3.25,0,35589015.56
-2.75,-3.75,0,33893527.19
-2.75,-4.25,0,32615886.2
-2.75,-4.75,0,30411943.6
-2.75,-5.25,0,25304794.92
-2.75,-5.75,0,22714308.39
-2.75,-6.25,0,20406134.84
-2.75,-6.75,0,16204103.97
-2.75,-7.25,0,6824396.965
-2.75,-7.75,0,2867639.145
-2.75,-8.25,0,1279572.882
-2.75,-8.75,0,604931.8085
-2.75,-9.25,0,274328.5487
-2.75,-9.75,0,119521.3394
-2.75,-10.25,0,60027.14018
-2.75,-10.75,0,3723.795974
-2.75,-11.25,0,21659.84657
-2.75,-11.75,0,107.0299231
-2.75,-12.25,0,20319.6215
-2.75,-12.75,0,8650.934941
-2.75,-13.25,0,6240.937976
-2.75,-13.75,0,-12904.20252
-2.75,-14.25,0,-6562.267188
-2.75,-14.75,0,-23674.57412
-2.25,14.75,0,-16379.8438
-2.25,14.25,0,9269.426317
-2.25,13.75,0,-16140.12521
-2.25,13.25,0,12640.55535
-2.25,12.75,0,20903.05428
-2.25,12.25,0,15740.39328
-2.25,11.75,0,-15889.74826
-2.25,11.25,0,35221.32174
-2.25,10.75,0,15794.47403
-2.25,10.25,0,33786.65036
-2.25,9.75,0,111394.5939
-2.25,9.25,0,275024.6104
-2.25,8.75,0,601761.9559
-2.25,8.25,0,1315982.948
-2.25,7.75,0,2865758.927
-2.25,7.25,0,6909924.787
-2.25,6.75,0,16197061.36
-2.25,6.25,0,20406105.04
-2.25,5.75,0,22798129.9
-2.25,5.25,0,25392478.97
-2.25,4.75,0,30398577.39
-2.25,4.25,0,32805609.11
-2.25,3.75,0,34325166.12
-2.25,3.25,0,36305027.76
-2.25,2.75,0,40782489.04
-2.25,2.25,0,42601924.72
-2.25,1.75,0,43305516.54
-2.25,1.25,0,43710025.11
-2.25,0.75,0,43890300.7
-2.25,0.25,0,43988226.48
-2.25,-0.25,0,4.40E+07
-2.25,-0.75,0,43884227.04
-2.25,-1.25,0,43697785.22
-2.25,-1.75,0,43304005.73
-2.25,-2.25,0,42613430.23
-2.25,-2.75,0,40805257.05
-2.25,-3.25,0,36281920.99
-2.25,-3.75,0,34182961.49
-2.25,-4.25,0,32808192.79
-2.25,-4.75,0,30491000.13
-2.25,-5.25,0,25405379.41
-2.25,-5.75,0,22711471.22
-2.25,-6.25,0,20409913.54
-2.25,-6.75,0,16219220.01
-2.25,-7.25,0,6753601.7
-2.25,-7.75,0,2921986.766
-2.25,-8.25,0,1295559.094
-2.25,-8.75,0,596768.7993
-2.25,-9.25,0,273046.195
-2.25,-9.75,0,145939.1963
-2.25,-10.25,0,63085.38508
-2.25,-10.75,0,24399.03325
-2.25,-11.25,0,-11355.87539
-2.25,-11.75,0,-1689.492973
-2.25,-12.25,0,20682.51017
-2.25,-12.75,0,4053.027296
-2.25,-13.25,0,-21620.32914
-2.25,-13.75,0,7875.451513
-2.25,-14.25,0,9318.937813
-2.25,-14.75,0,7240.119582
-1.75,14.75,0,-31132.91134
-1.75,14.25,0,-114.2006396
-1.75,13.75,0,5801.941448
-1.75,13.25,0,-14644.08812
-1.75,12.75,0,-9520.892147
-1.75,12.25,0,-9291.123154
-1.75,11.75,0,-22926.8211
-1.75,11.25,0,10066.4305
-1.75,10.75,0,43614.92712
-1.75,10.25,0,49916.75576
-1.75,9.75,0,118106.4072
-1.75,9.25,0,282346.6543
-1.75,8.75,0,617793.827
-1.75,8.25,0,1340278.402
-1.75,7.75,0,2875349.615
-1.75,7.25,0,6767310.652
-1.75,6.75,0,16211162.41
-1.75,6.25,0,20401017.68
-1.75,5.75,0,22784943.18
-1.75,5.25,0,25415353.22
-1.75,4.75,0,30505932.07
-1.75,4.25,0,32879517.05
-1.75,3.75,0,34416180.6
-1.75,3.25,0,36612577.22
-1.75,2.75,0,41295331.39
-1.75,2.25,0,43327737.82
-1.75,1.75,0,44178008.9
-1.75,1.25,0,44697145.7
-1.75,0.75,0,45101723.69
-1.75,0.25,0,45403508.93
-1.75,-0.25,0,4.53E+07
-1.75,-0.75,0,45070667.14
-1.75,-1.25,0,44682401.04
-1.75,-1.75,0,44201588.39
-1.75,-2.25,0,43301478.25
-1.75,-2.75,0,41412145.02
-1.75,-3.25,0,36623819.2
-1.75,-3.75,0,34382044.43
-1.75,-4.25,0,32899326.1
-1.75,-4.75,0,30517022.26
-1.75,-5.25,0,25395654.02
-1.75,-5.75,0,22788507.43
-1.75,-6.25,0,20387290.99
-1.75,-6.75,0,16209455.16
-1.75,-7.25,0,6801319.617
-1.75,-7.75,0,2889540.919
-1.75,-8.25,0,1315690.746
-1.75,-8.75,0,606109.0001
-1.75,-9.25,0,280370.7856
-1.75,-9.75,0,113922.0349
-1.75,-10.25,0,93640.24806
-1.75,-10.75,0,26783.48099
-1.75,-11.25,0,14708.14262
-1.75,-11.75,0,-12217.90304
-1.75,-12.25,0,2653.886097
-1.75,-12.75,0,16908.79072
-1.75,-13.25,0,5386.374195
-1.75,-13.75,0,-15301.81495
-1.75,-14.25,0,753.5883202
-1.75,-14.75,0,19867.06555
-1.25,14.75,0,-29313.23353
-1.25,14.25,0,-3235.855469
-1.25,13.75,0,2555.344687
-1.25,13.25,0,-8503.861412
-1.25,12.75,0,13817.66694
-1.25,12.25,0,757.4184103
-1.25,11.75,0,27585.07541
-1.25,11.25,0,12327.22014
-1.25,10.75,0,43110.10709
-1.25,10.25,0,43247.23218
-1.25,9.75,0,124569.2939
-1.25,9.25,0,278275.2366
-1.25,8.75,0,578825.9839
-1.25,8.25,0,1295655.862
-1.25,7.75,0,2885896.791
-1.25,7.25,0,6855172.827
-1.25,6.75,0,16199507.84
-1.25,6.25,0,20393645.76
-1.25,5.75,0,22809871.59
-1.25,5.25,0,25399538.4
-1.25,4.75,0,30503227.76
-1.25,4.25,0,32882623.15
-1.25,3.75,0,34496665.16
-1.25,3.25,0,36786698.23
-1.25,2.75,0,41602275.06
-1.25,2.25,0,43693693.61
-1.25,1.75,0,44689498.53
-1.25,1.25,0,45593966.76
-1.25,0.75,0,46714352.5
-1.25,0.25,0,47208893.78
-1.25,-0.25,0,4.72E+07
-1.25,-0.75,0,46706138.83
-1.25,-1.25,0,45694376.36
-1.25,-1.75,0,44696701.2
-1.25,-2.25,0,43691743.95
-1.25,-2.75,0,41596442.13
-1.25,-3.25,0,36878687.14
-1.25,-3.75,0,34487998.98
-1.25,-4.25,0,32886197.79
-1.25,-4.75,0,30482037.5
-1.25,-5.25,0,25511700.61
-1.25,-5.75,0,22799869.54
-1.25,-6.25,0,20372454.71
-1.25,-6.75,0,16188415.06
-1.25,-7.25,0,6795479.202
-1.25,-7.75,0,2909159.761
-1.25,-8.25,0,1323923.935
-1.25,-8.75,0,613756.3718
-1.25,-9.25,0,256385.5396
-1.25,-9.75,0,122154.7571
-1.25,-10.25,0,39852.38117
-1.25,-10.75,0,41529.16844
-1.25,-11.25,0,5699.593604
-1.25,-11.75,0,14869.31261
-1.25,-12.25,0,12338.56243
-1.25,-12.75,0,-5782.080506
-1.25,-13.25,0,11651.48923
-1.25,-13.75,0,-1661.808391
-1.25,-14.25,0,-3080.070321
-1.25,-14.75,0,-17037.04254
-0.75,14.75,0,-24209.81389
-0.75,14.25,0,12960.22313
-0.75,13.75,0,-10141.36036
-0.75,13.25,0,-37700.95236
-0.75,12.75,0,-4047.684143
-0.75,12.25,0,-7436.85723
-0.75,11.75,0,-1592.273711
-0.75,11.25,0,6949.848285
-0.75,10.75,0,23117.55623
-0.75,10.25,0,29058.45471
-0.75,9.75,0,156610.4217
-0.75,9.25,0,246990.7605
-0.75,8.75,0,599982.2984
-0.75,8.25,0,1318234.679
-0.75,7.75,0,2871209.258
-0.75,7.25,0,6776615.749
-0.75,6.75,0,16094950.32
-0.75,6.25,0,20397650.92
-0.75,5.75,0,22828858.51
-0.75,5.25,0,25510544.71
-0.75,4.75,0,30628161.66
-0.75,4.25,0,32979658.33
-0.75,3.75,0,34597420.6
-0.75,3.25,0,36883589.51
-0.75,2.75,0,41698246.78
-0.75,2.25,0,43889231.88
-0.75,1.75,0,45097653.97
-0.75,1.25,0,46693690.3
-0.75,0.75,0,50401914.99
-0.75,0.25,0,51507965.27
-0.75,-0.25,0,5.15E+07
-0.75,-0.75,0,50394940.44
-0.75,-1.25,0,46716272.22
-0.75,-1.75,0,45084279.37
-0.75,-2.25,0,43895370.47
-0.75,-2.75,0,41706183.19
-0.75,-3.25,0,36920783.97
-0.75,-3.75,0,34592092.3
-0.75,-4.25,0,32988121.65
-0.75,-4.75,0,30615881.84
-0.75,-5.25,0,25508748
-0.75,-5.75,0,22804984.56
-0.75,-6.25,0,20410540.69
-0.75,-6.75,0,16222702.09
-0.75,-7.25,0,6945995.853
-0.75,-7.75,0,2892065.741
-0.75,-8.25,0,1300549.913
-0.75,-8.75,0,597481.1997
-0.75,-9.25,0,262499.6442
-0.75,-9.75,0,112970.6736
-0.75,-10.25,0,47279.12658
-0.75,-10.75,0,13360.05971
-0.75,-11.25,0,37951.89796
-0.75,-11.75,0,14879.05015
-0.75,-12.25,0,-3760.663874
-0.75,-12.75,0,-11823.44986
-0.75,-13.25,0,-2950.730259
-0.75,-13.75,0,15384.71695
-0.75,-14.25,0,-16631.47322
-0.75,-14.75,0,-9399.999223
-0.25,14.75,0,16779.43581
-0.25,14.25,0,7394.929776
-0.25,13.75,0,-26205.25003
-0.25,13.25,0,-19086.55455
-0.25,12.75,0,-2716.431941
-0.25,12.25,0,-5722.406204
-0.25,11.75,0,-14367.06958
-0.25,11.25,0,11538.12148
-0.25,10.75,0,25402.67063
-0.25,10.25,0,59789.69617
-0.25,9.75,0,135503.7358
-0.25,9.25,0,255573.3898
-0.25,8.75,0,582468.146
-0.25,8.25,0,1319697.661
-0.25,7.75,0,2876202.243
-0.25,7.25,0,6884925.378
-0.25,6.75,0,16184286.76
-0.25,6.25,0,20409204.01
-0.25,5.75,0,22796636.01
-0.25,5.25,0,25401108.42
-0.25,4.75,0,30586948.87
-0.25,4.25,0,33024441.12
-0.25,3.75,0,34614674.74
-0.25,3.25,0,36901853.88
-0.25,2.75,0,41804783.35
-0.25,2.25,0,44009762.64
-0.25,1.75,0,45317229.77
-0.25,1.25,0,47278642.49
-0.25,0.75,0,51478203.12
-0.25,0.25,0,52890628.65
-0.25,-0.25,0,5.29E+07
-0.25,-0.75,0,51501755.56
-0.25,-1.25,0,47188247.68
-0.25,-1.75,0,45378450.12
-0.25,-2.25,0,44010745.96
-0.25,-2.75,0,41794406.52
-0.25,-3.25,0,36900790.86
-0.25,-3.75,0,34605307.71
-0.25,-4.25,0,33020349.08
-0.25,-4.75,0,30571628
-0.25,-5.25,0,25498681.16
-0.25,-5.75,0,22799130.13
-0.25,-6.25,0,20395265.69
-0.25,-6.75,0,16199657.84
-0.25,-7.25,0,6832674.483
-0.25,-7.75,0,2874647.254
-0.25,-8.25,0,1286049.09
-0.25,-8.75,0,601354.5678
-0.25,-9.25,0,243665.0187
-0.25,-9.75,0,119718.1393
-0.25,-10.25,0,44758.53228
-0.25,-10.75,0,55859.27456
-0.25,-11.25,0,15972.26961
-0.25,-11.75,0,4548.145962
-0.25,-12.25,0,8963.211613
-0.25,-12.75,0,-15676.41109
-0.25,-13.25,0,-6432.951063
-0.25,-13.75,0,-11429.20743
-0.25,-14.25,0,8594.066762
-0.25,-14.75,0,-11624.54263
0.25,14.75,0,-4238.7432
0.25,14.25,0,-21454.03662
0.25,13.75,0,18184.72372
0.25,13.25,0,15660.6548
0.25,12.75,0,-22197.23742
0.25,12.25,0,-2888.868194
0.25,11.75,0,-1900.611915
0.25,11.25,0,14911.7616
0.25,10.75,0,31033.76261
0.25,10.25,0,39251.44711
0.25,9.75,0,121423.3759
0.25,9.25,0,264020.3276
0.25,8.75,0,610010.9999
0.25,8.25,0,1307512.67
0.25,7.75,0,2914668.312
0.25,7.25,0,6809913.121
0.25,6.75,0,16210922.75
0.25,6.25,0,20399831.75
0.25,5.75,0,22791509.21
0.25,5.25,0,25506409.48
0.25,4.75,0,30613523.79
0.25,4.25,0,33023278.9
0.25,3.75,0,34615269.86
0.25,3.25,0,36891935.37
0.25,2.75,0,41813168.27
0.25,2.25,0,43997530.88
0.25,1.75,0,45374719.35
0.25,1.25,0,47192903.6
0.25,0.75,0,51480234.25
0.25,0.25,0,52929545.14
0.25,-0.25,0,5.29E+07
0.25,-0.75,0,51509734.25
0.25,-1.25,0,47180523.16
0.25,-1.75,0,45306273.38
0.25,-2.25,0,43983653.27
0.25,-2.75,0,41813562.31
0.25,-3.25,0,36908594.07
0.25,-3.75,0,34586245.31
0.25,-4.25,0,32983610.55
0.25,-4.75,0,30488954.3
0.25,-5.25,0,25501556.07
0.25,-5.75,0,22818095.88
0.25,-6.25,0,20430290.15
0.25,-6.75,0,16194733.58
0.25,-7.25,0,6827970.994
0.25,-7.75,0,2903199.579
0.25,-8.25,0,1318922.638
0.25,-8.75,0,596053.4474
0.25,-9.25,0,239749.6738
0.25,-9.75,0,125409.4382
0.25,-10.25,0,58390.98862
0.25,-10.75,0,44954.38205
0.25,-11.25,0,10752.59711
0.25,-11.75,0,46983.68314
0.25,-12.25,0,10966.83919
0.25,-12.75,0,2316.74401
0.25,-13.25,0,1815.62727
0.25,-13.75,0,5346.266838
0.25,-14.25,0,11245.75897
0.25,-14.75,0,-12520.00167
0.75,14.75,0,-1583.222666
0.75,14.25,0,1240.701234
0.75,13.75,0,39872.21278
0.75,13.25,0,-23524.66963
0.75,12.75,0,3368.701214
0.75,12.25,0,5156.057019
0.75,11.75,0,-15826.67142
0.75,11.25,0,12313.88707
0.75,10.75,0,6637.417369
0.75,10.25,0,49305.77465
0.75,9.75,0,137627.3707
0.75,9.25,0,264646.0006
0.75,8.75,0,599909.074
0.75,8.25,0,1330839.981
0.75,7.75,0,2902084.187
0.75,7.25,0,6804253.357
0.75,6.75,0,16106447.95
0.75,6.25,0,20399032.42
0.75,5.75,0,22807847.24
0.75,5.25,0,25506378.05
0.75,4.75,0,30595137.55
0.75,4.25,0,32998339.82
0.75,3.75,0,34579957.55
0.75,3.25,0,36906362.97
0.75,2.75,0,41663905.76
0.75,2.25,0,43905955.57
0.75,1.75,0,45088588.48
0.75,1.25,0,46700175.27
0.75,0.75,0,50398603.11
0.75,0.25,0,51416001.56
0.75,-0.25,0,5.15E+07
0.75,-0.75,0,50406753.12
0.75,-1.25,0,46698348.4
0.75,-1.75,0,45093102.99
0.75,-2.25,0,43902754.07
0.75,-2.75,0,41725101.6
0.75,-3.25,0,36925157.97
0.75,-3.75,0,34602501.23
0.75,-4.25,0,33000970.56
0.75,-4.75,0,30502899.84
0.75,-5.25,0,25474009.59
0.75,-5.75,0,22781762.97
0.75,-6.25,0,20403200.78
0.75,-6.75,0,16201572.69
0.75,-7.25,0,6832559.093
0.75,-7.75,0,2868188.329
0.75,-8.25,0,1287061.402
0.75,-8.75,0,604522.5039
0.75,-9.25,0,263810.1264
0.75,-9.75,0,120626.6606
0.75,-10.25,0,34745.1813
0.75,-10.75,0,21891.32656
0.75,-11.25,0,-1342.768513
0.75,-11.75,0,33736.88568
0.75,-12.25,0,11722.05453
0.75,-12.75,0,22.3764032
0.75,-13.25,0,-20993.81384
0.75,-13.75,0,11342.7949
0.75,-14.25,0,14111.19832
0.75,-14.75,0,28171.28284
1.25,14.75,0,23222.5399
1.25,14.25,0,-24284.22417
1.25,13.75,0,-10936.94371
1.25,13.25,0,16551.0943
1.25,12.75,0,-984.2615904
1.25,12.25,0,24552.8867
1.25,11.75,0,-5846.044456
1.25,11.25,0,5912.805035
1.25,10.75,0,31378.34965
1.25,10.25,0,60108.02144
1.25,9.75,0,126926.1124
1.25,9.25,0,261204.4558
1.25,8.75,0,574704.1265
1.25,8.25,0,1307147.151
1.25,7.75,0,2920838.465
1.25,7.25,0,6827373.786
1.25,6.75,0,16204693.92
1.25,6.25,0,20384781.84
1.25,5.75,0,22800560.72
1.25,5.25,0,25389256.41
1.25,4.75,0,30480909.5
1.25,4.25,0,32911854.41
1.25,3.75,0,34518803.47
1.25,3.25,0,36880369.05
1.25,2.75,0,41503693.66
1.25,2.25,0,43673502.51
1.25,1.75,0,44710414.7
1.25,1.25,0,45700942.47
1.25,0.75,0,46701871.76
1.25,0.25,0,47205355.51
1.25,-0.25,0,4.72E+07
1.25,-0.75,0,46712544.2
1.25,-1.25,0,45605489.21
1.25,-1.75,0,44667726.25
1.25,-2.25,0,43691213.49
1.25,-2.75,0,41589618.96
1.25,-3.25,0,36801033.13
1.25,-3.75,0,34520142.37
1.25,-4.25,0,32902049.67
1.25,-4.75,0,30507811.88
1.25,-5.25,0,25474398.86
1.25,-5.75,0,22811808.74
1.25,-6.25,0,20383470.84
1.25,-6.75,0,16210059.34
1.25,-7.25,0,6920521.171
1.25,-7.75,0,2894926.287
1.25,-8.25,0,1341940.363
1.25,-8.75,0,596744.4351
1.25,-9.25,0,262230.6973
1.25,-9.75,0,114925.3283
1.25,-10.25,0,33681.89647
1.25,-10.75,0,19283.07372
1.25,-11.25,0,28247.34431
1.25,-11.75,0,-10567.60575
1.25,-12.25,0,9841.081931
1.25,-12.75,0,-20438.11598
1.25,-13.25,0,-5906.537231
1.25,-13.75,0,-7035.296416
1.25,-14.25,0,5038.909292
1.25,-14.75,0,1780.966939
1.75,14.75,0,681.2827006
1.75,14.25,0,-30290.13309
1.75,13.75,0,22367.51209
1.75,13.25,0,-19780.41556
1.75,12.75,0,10309.46559
1.75,12.25,0,29254.18925
1.75,11.75,0,-8303.47123
1.75,11.25,0,21504.08444
1.75,10.75,0,38593.47953
1.75,10.25,0,71652.4465
1.75,9.75,0,132623.8074
1.75,9.25,0,284999.2057
1.75,8.75,0,614888.7297
1.75,8.25,0,1307187.84
1.75,7.75,0,2866174.921
1.75,7.25,0,6782538.402
1.75,6.75,0,16001144
1.75,6.25,0,20420055.93
1.75,5.75,0,22801529.08
1.75,5.25,0,25526946.33
1.75,4.75,0,30477265.12
1.75,4.25,0,32908444.95
1.75,3.75,0,34417196.96
1.75,3.25,0,36628391.84
1.75,2.75,0,41378175.64
1.75,2.25,0,43290855.44
1.75,1.75,0,44184741.32
1.75,1.25,0,44721218.37
1.75,0.75,0,45091968.52
1.75,0.25,0,45318188.42
1.75,-0.25,0,4.53E+07
1.75,-0.75,0,45107829.77
1.75,-1.25,0,44683310.08
1.75,-1.75,0,44205358.57
1.75,-2.25,0,43291151.89
1.75,-2.75,0,41369105.6
1.75,-3.25,0,36597326.05
1.75,-3.75,0,34390030.83
1.75,-4.25,0,32902594.61
1.75,-4.75,0,30389031.78
1.75,-5.25,0,25406781.47
1.75,-5.75,0,22792109.52
1.75,-6.25,0,20379700.58
1.75,-6.75,0,16119705.66
1.75,-7.25,0,6749586.564
1.75,-7.75,0,2899418.235
1.75,-8.25,0,1280549.056
1.75,-8.75,0,583981.5899
1.75,-9.25,0,279937.7875
1.75,-9.75,0,129977.7825
1.75,-10.25,0,62162.1979
1.75,-10.75,0,26827.59975
1.75,-11.25,0,34095.32007
1.75,-11.75,0,9704.323856
1.75,-12.25,0,2781.452312
1.75,-12.75,0,-2602.643047
1.75,-13.25,0,2477.568339
1.75,-13.75,0,-275.8371731
1.75,-14.25,0,2045.710526
1.75,-14.75,0,19962.63096
2.25,14.75,0,12087.33824
2.25,14.25,0,-51215.94908
2.25,13.75,0,5592.437418
2.25,13.25,0,-17726.60222
2.25,12.75,0,5324.183808
2.25,12.25,0,8726.808257
2.25,11.75,0,19718.46712
2.25,11.25,0,13884.64681
2.25,10.75,0,7961.217596
2.25,10.25,0,65045.23691
2.25,9.75,0,138398.6733
2.25,9.25,0,288370.004
2.25,8.75,0,596126.6634
2.25,8.25,0,1303954.597
2.25,7.75,0,2887173.061
2.25,7.25,0,6904651.013
2.25,6.75,0,16215497.91
2.25,6.25,0,20417669.39
2.25,5.75,0,22682580.87
2.25,5.25,0,25414823.63
2.25,4.75,0,30504929.73
2.25,4.25,0,32809199.78
2.25,3.75,0,34163803.92
2.25,3.25,0,36308139.45
2.25,2.75,0,40803603.79
2.25,2.25,0,42596879.49
2.25,1.75,0,43292580.55
2.25,1.25,0,43697731.63
2.25,0.75,0,43904418.51
2.25,0.25,0,4.40E+07
2.25,-0.25,0,4.40E+07
2.25,-0.75,0,43919678.98
2.25,-1.25,0,43688945.44
2.25,-1.75,0,43290381.16
2.25,-2.25,0,42582880.39
2.25,-2.75,0,40800103.45
2.25,-3.25,0,36296059.18
2.25,-3.75,0,34222455.79
2.25,-4.25,0,32794123.78
2.25,-4.75,0,30389352.57
2.25,-5.25,0,25372710.03
2.25,-5.75,0,22697930.68
2.25,-6.25,0,20409327
2.25,-6.75,0,16109492.26
2.25,-7.25,0,6775178.229
2.25,-7.75,0,2887160.4
2.25,-8.25,0,1316463.257
2.25,-8.75,0,598970.4657
2.25,-9.25,0,257844.1043
2.25,-9.75,0,114178
2.25,-10.25,0,61123.04362
2.25,-10.75,0,16344.65496
2.25,-11.25,0,5517.158338
2.25,-11.75,0,702.0002395
2.25,-12.25,0,4600.591033
2.25,-12.75,0,8850.409027
2.25,-13.25,0,2925.671371
2.25,-13.75,0,20826.07573
2.25,-14.25,0,16365.81446
2.25,-14.75,0,21043.36475
2.75,14.75,0,-8697.846585
2.75,14.25,0,22689.08641
2.75,13.75,0,18306.76053
2.75,13.25,0,-14052.63094
2.75,12.75,0,-12355.20589
2.75,12.25,0,1890.002596
2.75,11.75,0,-12990.08593
2.75,11.25,0,24803.03165
2.75,10.75,0,15520.36488
2.75,10.25,0,31329.53933
2.75,9.75,0,118754.0817
2.75,9.25,0,271185.9532
2.75,8.75,0,569373.9674
2.75,8.25,0,1307038.57
2.75,7.75,0,2905527.76
2.75,7.25,0,6814772.962
2.75,6.75,0,16198263.82
2.75,6.25,0,20399945.34
2.75,5.75,0,22704291
2.75,5.25,0,25323693.47
2.75,4.75,0,30409882.88
2.75,4.25,0,32599136.87
2.75,3.75,0,33884332.16
2.75,3.25,0,35590254.54
2.75,2.75,0,39405570.96
2.75,2.25,0,40810046.42
2.75,1.75,0,41317854.44
2.75,1.25,0,41594384.66
2.75,0.75,0,41802709.45
2.75,0.25,0,41813732.4
2.75,-0.25,0,4.18E+07
2.75,-0.75,0,41711344.77
2.75,-1.25,0,41614644.36
2.75,-1.75,0,41396071.15
2.75,-2.25,0,40809705.12
2.75,-2.75,0,39503590.75
2.75,-3.25,0,35588490.24
2.75,-3.75,0,33895856.12
2.75,-4.25,0,32613844.95
2.75,-4.75,0,30277521.08
2.75,-5.25,0,25392727.5
2.75,-5.75,0,22702381.58
2.75,-6.25,0,20386779.44
2.75,-6.75,0,16194662.14
2.75,-7.25,0,6808075.467
2.75,-7.75,0,2890123.376
2.75,-8.25,0,1319871.532
2.75,-8.75,0,599867.3667
2.75,-9.25,0,245301.5306
2.75,-9.75,0,140214.7958
2.75,-10.25,0,78728.7165
2.75,-10.75,0,40441.49274
2.75,-11.25,0,16007.52776
2.75,-11.75,0,52765.09715
2.75,-12.25,0,-4884.808012
2.75,-12.75,0,10157.30062
2.75,-13.25,0,7734.544662
2.75,-13.75,0,14170.52326
2.75,-14.25,0,11886.75027
2.75,-14.75,0,8349.485134
3.25,14.75,0,-10417.88372
3.25,14.25,0,4427.624564
3.25,13.75,0,-8483.786396
3.25,13.25,0,14403.6452
3.25,12.75,0,-17096.96083
3.25,12.25,0,-4327.079493
3.25,11.75,0,-4522.003965
3.25,11.25,0,5665.345312
3.25,10.75,0,21750.09914
3.25,10.25,0,53571.21885
3.25,9.75,0,119493.4436
3.25,9.25,0,291520.1602
3.25,8.75,0,596005.8084
3.25,8.25,0,1319948.44
3.25,7.75,0,2876855.571
3.25,7.25,0,6779016.41
3.25,6.75,0,16097801.93
3.25,6.25,0,20413145.93
3.25,5.75,0,22610670.53
3.25,5.25,0,25309051.46
3.25,4.75,0,30090595.03
3.25,4.25,0,32374723.5
3.25,3.75,0,33490371.55
3.25,3.25,0,34514126.61
3.25,2.75,0,35628779.5
3.25,2.25,0,36285518.83
3.25,1.75,0,36609594.14
3.25,1.25,0,36828675.76
3.25,0.75,0,36867005.25
3.25,0.25,0,36905816.53
3.25,-0.25,0,3.69E+07
3.25,-0.75,0,36778837.1
3.25,-1.25,0,36811299.1
3.25,-1.75,0,36705203.1
3.25,-2.25,0,36297555.65
3.25,-2.75,0,35595964.59
3.25,-3.25,0,34487761.12
3.25,-3.75,0,33492083.21
3.25,-4.25,0,32413326.09
3.25,-4.75,0,30099564.87
3.25,-5.25,0,25195569.2
3.25,-5.75,0,22689909.62
3.25,-6.25,0,20303669.77
3.25,-6.75,0,16221835.56
3.25,-7.25,0,6836196.744
3.25,-7.75,0,2881609.829
3.25,-8.25,0,1309622.143
3.25,-8.75,0,590552.7799
3.25,-9.25,0,260877.807
3.25,-9.75,0,98038.86824
3.25,-10.25,0,52367.91727
3.25,-10.75,0,28726.79221
3.25,-11.25,0,-8689.231451
3.25,-11.75,0,6313.10942
3.25,-12.25,0,21519.1679
3.25,-12.75,0,7841.024985
3.25,-13.25,0,11262.96596
3.25,-13.75,0,14516.31494
3.25,-14.25,0,13081.52843
3.25,-14.75,0,13343.33594
3.75,14.75,0,-17653.18747
3.75,14.25,0,11894.9138
3.75,13.75,0,29873.60989
3.75,13.25,0,15290.51186
3.75,12.75,0,-6644.955959
3.75,12.25,0,15690.71652
3.75,11.75,0,-8724.562294
3.75,11.25,0,34254.89568
3.75,10.75,0,-2420.442139
3.75,10.25,0,59059.02175
3.75,9.75,0,107389.4299
3.75,9.25,0,273224.09
3.75,8.75,0,586764.5085
3.75,8.25,0,1288850.997
3.75,7.75,0,2855090.263
3.75,7.25,0,6665974.502
3.75,6.75,0,16218352.08
3.75,6.25,0,20310869.26
3.75,5.75,0,22496282.68
3.75,5.25,0,25096789.8
3.75,4.75,0,29909007.2
3.75,4.25,0,32011914.65
3.75,3.75,0,32913132.56
3.75,3.25,0,33495371.94
3.75,2.75,0,33874256.4
3.75,2.25,0,34318760.48
3.75,1.75,0,34399196.13
3.75,1.25,0,34514216.17
3.75,0.75,0,34617381.41
3.75,0.25,0,34609398.28
3.75,-0.25,0,3.46E+07
3.75,-0.75,0,34590307.81
3.75,-1.25,0,34509414.66
3.75,-1.75,0,34408195.48
3.75,-2.25,0,34184859.68
3.75,-2.75,0,33883198.73
3.75,-3.25,0,33479707.54
3.75,-3.75,0,32862936.55
3.75,-4.25,0,31989986.01
3.75,-4.75,0,29971278.69
3.75,-5.25,0,25110041.19
3.75,-5.75,0,22494004.27
3.75,-6.25,0,20296674.98
3.75,-6.75,0,16075489.4
3.75,-7.25,0,6780655.097
3.75,-7.75,0,2890416.8
3.75,-8.25,0,1314853.096
3.75,-8.75,0,571276.4061
3.75,-9.25,0,254526.8765
3.75,-9.75,0,132393.8204
3.75,-10.25,0,50869.02726
3.75,-10.75,0,36348.14099
3.75,-11.25,0,19550.41178
3.75,-11.75,0,-10139.73763
3.75,-12.25,0,16788.9278
3.75,-12.75,0,2922.362451
3.75,-13.25,0,-10283.422
3.75,-13.75,0,10430.40214
3.75,-14.25,0,-14958.10571
3.75,-14.75,0,2237.483256
4.25,14.75,0,-10402.52402
4.25,14.25,0,12043.46288
4.25,13.75,0,5827.396984
4.25,13.25,0,-17624.87366
4.25,12.75,0,-16172.7386
4.25,12.25,0,13141.23102
4.25,11.75,0,44029.44119
4.25,11.25,0,13597.7357
4.25,10.75,0,38575.20501
4.25,10.25,0,83811.77696
4.25,9.75,0,111296.5377
4.25,9.25,0,261613.246
4.25,8.75,0,572081.0804
4.25,8.25,0,1296139.824
4.25,7.75,0,2869662.921
4.25,7.25,0,6741563.925
4.25,6.75,0,16093247.34
4.25,6.25,0,20096304.09
4.25,5.75,0,22311629.5
4.25,5.25,0,24713392.78
4.25,4.75,0,29294752.57
4.25,4.25,0,31192686.86
4.25,3.75,0,31991737.7
4.25,3.25,0,32402407.72
4.25,2.75,0,32607082.49
4.25,2.25,0,32823695.45
4.25,1.75,0,32897797.75
4.25,1.25,0,32897365.13
4.25,0.75,0,33026359.28
4.25,0.25,0,32982072.94
4.25,-0.25,0,3.30E+07
4.25,-0.75,0,32979408.23
4.25,-1.25,0,32891174.8
4.25,-1.75,0,32880600.62
4.25,-2.25,0,32811408.04
4.25,-2.75,0,32578410.01
4.25,-3.25,0,32394723.57
4.25,-3.75,0,31986358.28
4.25,-4.25,0,31183958.43
4.25,-4.75,0,29426221.92
4.25,-5.25,0,24682435.29
4.25,-5.75,0,22296218.82
4.25,-6.25,0,20092638.71
4.25,-6.75,0,16007244.68
4.25,-7.25,0,6702539.458
4.25,-7.75,0,2841499.209
4.25,-8.25,0,1299899.241
4.25,-8.75,0,565667.1585
4.25,-9.25,0,276301.9301
4.25,-9.75,0,113279.7702
4.25,-10.25,0,58034.60066
4.25,-10.75,0,30326.28441
4.25,-11.25,0,-17902.98532
4.25,-11.75,0,7397.118947
4.25,-12.25,0,-360.3750138
4.25,-12.75,0,-18419.39816
4.25,-13.25,0,5209.658951
4.25,-13.75,0,15509.74522
4.25,-14.25,0,-14687.46966
4.25,-14.75,0,15069.18591
4.75,14.75,0,-10243.56948
4.75,14.25,0,-18105.59295
4.75,13.75,0,10775.97971
4.75,13.25,0,8618.676165
4.75,12.75,0,15904.26223
4.75,12.25,0,2.417667255
4.75,11.75,0,-540.4727861
4.75,11.25,0,25390.55091
4.75,10.75,0,6460.971762
4.75,10.25,0,37905.78814
4.75,9.75,0,111355.2036
4.75,9.25,0,246251.6648
4.75,8.75,0,563548.8437
4.75,8.25,0,1229463.549
4.75,7.75,0,2781330.983
4.75,7.25,0,6744831.463
4.75,6.75,0,15986893.33
4.75,6.25,0,19877544.88
4.75,5.75,0,21990487.2
4.75,5.25,0,24000881.93
4.75,4.75,0,27901322.44
4.75,4.25,0,29414198.39
4.75,3.75,0,29904817.72
4.75,3.25,0,30206193.87
4.75,2.75,0,30414055.89
4.75,2.25,0,30499377.68
4.75,1.75,0,30487192.63
4.75,1.25,0,30489305.93
4.75,0.75,0,30601421.56
4.75,0.25,0,30603522.06
4.75,-0.25,0,3.06E+07
4.75,-0.75,0,30590544.82
4.75,-1.25,0,30488293.8
4.75,-1.75,0,30491853.08
4.75,-2.25,0,30404708.81
4.75,-2.75,0,30303101.65
4.75,-3.25,0,30212174.11
4.75,-3.75,0,29890843.07
4.75,-4.25,0,29379707.55
4.75,-4.75,0,27901974.14
4.75,-5.25,0,23884920.39
4.75,-5.75,0,22006124.39
4.75,-6.25,0,19907136.78
4.75,-6.75,0,15887418.01
4.75,-7.25,0,6607239.091
4.75,-7.75,0,2791529.907
4.75,-8.25,0,1244652.417
4.75,-8.75,0,565657.8334
4.75,-9.25,0,252520.706
4.75,-9.75,0,110100.6108
4.75,-10.25,0,62000.00071
4.75,-10.75,0,14789.80635
4.75,-11.25,0,21096.89165
4.75,-11.75,0,1779.879639
4.75,-12.25,0,2676.040123
4.75,-12.75,0,1157.969337
4.75,-13.25,0,4415.275349
4.75,-13.75,0,26434.25338
4.75,-14.25,0,-7292.627145
4.75,-14.75,0,24981.78994
5.25,14.75,0,-13288.23894
5.25,14.25,0,-19884.25766
5.25,13.75,0,3178.898738
5.25,13.25,0,5954.101951
5.25,12.75,0,1686.171163
5.25,12.25,0,6244.587089
5.25,11.75,0,15989.9304
5.25,11.25,0,30703.12197
5.25,10.75,0,6454.149832
5.25,10.25,0,74017.02793
5.25,9.75,0,94511.20151
5.25,9.25,0,232163.8205
5.25,8.75,0,537101.7748
5.25,8.25,0,1179254.986
5.25,7.75,0,2691018.491
5.25,7.25,0,6484531.948
5.25,6.75,0,15581819.91
5.25,6.25,0,19586296.75
5.25,5.75,0,21385110.24
5.25,5.25,0,22692762.03
5.25,4.75,0,23994683.6
5.25,4.25,0,24690350.06
5.25,3.75,0,25072502.12
5.25,3.25,0,25325825.66
5.25,2.75,0,25376224.13
5.25,2.25,0,25417366.38
5.25,1.75,0,25418912.73
5.25,1.25,0,25393093.18
5.25,0.75,0,25482503.51
5.25,0.25,0,25520186.65
5.25,-0.25,0,2.54E+07
5.25,-0.75,0,25484393.48
5.25,-1.25,0,25401233.06
5.25,-1.75,0,25376060.92
5.25,-2.25,0,25427202.1
5.25,-2.75,0,25409579.7
5.25,-3.25,0,25279965.52
5.25,-3.75,0,25123313.73
5.25,-4.25,0,24674939
5.25,-4.75,0,23883343.18
5.25,-5.25,0,22708149.15
5.25,-5.75,0,21412581.22
5.25,-6.25,0,19602145.27
5.25,-6.75,0,15730605.85
5.25,-7.25,0,6477540.376
5.25,-7.75,0,2694063.313
5.25,-8.25,0,1205508.23
5.25,-8.75,0,517025.7054
5.25,-9.25,0,234000.406
5.25,-9.75,0,113724.9452
5.25,-10.25,0,41785.85801
5.25,-10.75,0,21706.43012
5.25,-11.25,0,-300.4100784
5.25,-11.75,0,22905.89028
5.25,-12.25,0,562.1030566
5.25,-12.75,0,25210.40247
5.25,-13.25,0,-10800.86038
5.25,-13.75,0,-7534.077004
5.25,-14.25,0,-3191.282945
5.25,-14.75,0,8846.102083
5.75,14.75,0,-5694.492729
5.75,14.25,0,-13899.95111
5.75,13.75,0,-19581.79622
5.75,13.25,0,4763.342097
5.75,12.75,0,-17304.50429
5.75,12.25,0,14057.66068
5.75,11.75,0,17239.34676
5.75,11.25,0,20877.12943
5.75,10.75,0,27332.99173
5.75,10.25,0,39039.6328
5.75,9.75,0,107739.4598
5.75,9.25,0,214194.152
5.75,8.75,0,499966.3176
5.75,8.25,0,1130182.211
5.75,7.75,0,2537288.899
5.75,7.25,0,6258918.608
5.75,6.75,0,15189683.61
5.75,6.25,0,18976202.11
5.75,5.75,0,20495875.55
5.75,5.25,0,21416607.18
5.75,4.75,0,22019711.67
5.75,4.25,0,22312907.99
5.75,3.75,0,22480479.82
5.75,3.25,0,22672055.81
5.75,2.75,0,22702640.61
5.75,2.25,0,22712717.17
5.75,1.75,0,22791031.76
5.75,1.25,0,22820467.73
5.75,0.75,0,22797602.05
5.75,0.25,0,22781688.14
5.75,-0.25,0,2.28E+07
5.75,-0.75,0,22784834
5.75,-1.25,0,22792933.29
5.75,-1.75,0,22788884.8
5.75,-2.25,0,22702531.21
5.75,-2.75,0,22713414.28
5.75,-3.25,0,22697740.92
5.75,-3.75,0,22504540.75
5.75,-4.25,0,22284456.66
5.75,-4.75,0,22004999
5.75,-5.25,0,21408778.37
5.75,-5.75,0,20511228.43
5.75,-6.25,0,18903923.15
5.75,-6.75,0,15177905.3
5.75,-7.25,0,6192638.767
5.75,-7.75,0,2530780.986
5.75,-8.25,0,1122329.472
5.75,-8.75,0,497278.0702
5.75,-9.25,0,191164.4516
5.75,-9.75,0,100880.7947
5.75,-10.25,0,67687.22861
5.75,-10.75,0,4865.802373
5.75,-11.25,0,11776.89548
5.75,-11.75,0,10141.62604
5.75,-12.25,0,-2373.413119
5.75,-12.75,0,-15880.908
5.75,-13.25,0,-1758.23741
5.75,-13.75,0,15301.48365
5.75,-14.25,0,6392.802982
5.75,-14.75,0,-5061.182874
6.25,14.75,0,12335.66453
6.25,14.25,0,6921.683411
6.25,13.75,0,14482.5129
6.25,13.25,0,10549.18283
6.25,12.75,0,-491.2913264
6.25,12.25,0,6040.024959
6.25,11.75,0,14201.04397
6.25,11.25,0,4809.181785
6.25,10.75,0,5327.836015
6.25,10.25,0,49987.34675
6.25,9.75,0,76891.31578
6.25,9.25,0,183007.2094
6.25,8.75,0,431206.6424
6.25,8.25,0,934815.2231
6.25,7.75,0,2248434.953
6.25,7.25,0,5579535.793
6.25,6.75,0,14209407.02
6.25,6.25,0,17594499.71
6.25,5.75,0,18882820.01
6.25,5.25,0,19603228.93
6.25,4.75,0,19990737.98
6.25,4.25,0,20180513.67
6.25,3.75,0,20296231.31
6.25,3.25,0,20324562.51
6.25,2.75,0,20385502.69
6.25,2.25,0,20388211.17
6.25,1.75,0,20388630.71
6.25,1.25,0,20408429.27
6.25,0.75,0,20412348.31
6.25,0.25,0,20398209.79
6.25,-0.25,0,2.04E+07
6.25,-0.75,0,20380271.22
6.25,-1.25,0,20422460.29
6.25,-1.75,0,20379635.99
6.25,-2.25,0,20382389.82
6.25,-2.75,0,20388055.36
6.25,-3.25,0,20297326.4
6.25,-3.75,0,20307117.15
6.25,-4.25,0,20191614.13
6.25,-4.75,0,19908925.09
6.25,-5.25,0,19603473.78
6.25,-5.75,0,18990928.06
6.25,-6.25,0,17577501.22
6.25,-6.75,0,14202797.74
6.25,-7.25,0,5547852.248
6.25,-7.75,0,2233427.827
6.25,-8.25,0,952243.7457
6.25,-8.75,0,434080.3809
6.25,-9.25,0,207965.2582
6.25,-9.75,0,87894.21236
6.25,-10.25,0,58124.47842
6.25,-10.75,0,19649.47716
6.25,-11.25,0,28954.59807
6.25,-11.75,0,-18207.44221
6.25,-12.25,0,5438.224447
6.25,-12.75,0,-4811.075936
6.25,-13.25,0,6398.390861
6.25,-13.75,0,-17989.96903
6.25,-14.25,0,-18351.68396
6.25,-14.75,0,-6774.004088
6.75,14.75,0,-17302.53172
6.75,14.25,0,-874.0712924
6.75,13.75,0,-7897.301713
6.75,13.25,0,4080.731377
6.75,12.75,0,-8949.666766
6.75,12.25,0,-11664.35174
6.75,11.75,0,-1745.877946
6.75,11.25,0,9652.258333
6.75,10.75,0,30282.97777
6.75,10.25,0,28143.72021
6.75,9.75,0,62663.87845
6.75,9.25,0,157306.0066
6.75,8.75,0,335648.6551
6.75,8.25,0,739643.8214
6.75,7.75,0,1722195.913
6.75,7.25,0,4318011.306
6.75,6.75,0,11568221.63
6.75,6.25,0,14201781
6.75,5.75,0,15214088.8
6.75,5.25,0,15710403.22
6.75,4.75,0,15905411.16
6.75,4.25,0,16109673.75
6.75,3.75,0,16091716.35
6.75,3.25,0,16195626.48
6.75,2.75,0,16203321.95
6.75,2.25,0,16193378.94
6.75,1.75,0,16215335.67
6.75,1.25,0,16291598.3
6.75,0.75,0,16195833.63
6.75,0.25,0,16212432.89
6.75,-0.25,0,1.61E+07
6.75,-0.75,0,16197596.33
6.75,-1.25,0,16216787.81
6.75,-1.75,0,16185709.3
6.75,-2.25,0,16194595.96
6.75,-2.75,0,15998513.15
6.75,-3.25,0,16096578.11
6.75,-3.75,0,16087144.79
6.75,-4.25,0,15979910.54
6.75,-4.75,0,15795918.5
6.75,-5.25,0,15721573.94
6.75,-5.75,0,15215357.07
6.75,-6.25,0,14203204.63
6.75,-6.75,0,11613593.07
6.75,-7.25,0,4308682.986
6.75,-7.75,0,1715983.428
6.75,-8.25,0,760689.0836
6.75,-8.75,0,343648.6452
6.75,-9.25,0,141712.5996
6.75,-9.75,0,78894.22085
6.75,-10.25,0,7830.098751
6.75,-10.75,0,-1607.127244
6.75,-11.25,0,15196.37335
6.75,-11.75,0,2731.621206
6.75,-12.25,0,533.004744
6.75,-12.75,0,-20795.38371
6.75,-13.25,0,-12218.81103
6.75,-13.75,0,16288.42391
6.75,-14.25,0,-1748.435523
6.75,-14.75,0,-33063.65221
7.25,14.75,0,-835.7126035
7.25,14.25,0,14745.52862
7.25,13.75,0,19066.1528
7.25,13.25,0,613.3012293
7.25,12.75,0,-470.2689629
7.25,12.25,0,-9107.643024
7.25,11.75,0,12527.65268
7.25,11.25,0,-10986.95555
7.25,10.75,0,-8324.318107
7.25,10.25,0,16815.37136
7.25,9.75,0,66407.23752
7.25,9.25,0,102133.6596
7.25,8.75,0,250982.0529
7.25,8.25,0,518942.9144
7.25,7.75,0,1158156.937
7.25,7.25,0,2380847.199
7.25,6.75,0,4398403.766
7.25,6.25,0,5529509.661
7.25,5.75,0,6139384.07
7.25,5.25,0,6498668.908
7.25,4.75,0,6612381.326
7.25,4.25,0,6718280.964
7.25,3.75,0,6740544.158
7.25,3.25,0,6793203.822
7.25,2.75,0,6775867.418
7.25,2.25,0,6847721.135
7.25,1.75,0,6792315.229
7.25,1.25,0,6778666.234
7.25,0.75,0,6824386.054
7.25,0.25,0,6823355.512
7.25,-0.25,0,6.78E+06
7.25,-0.75,0,6894159.735
7.25,-1.25,0,6904620.025
7.25,-1.75,0,6962193.711
7.25,-2.25,0,6816592.058
7.25,-2.75,0,6847405.647
7.25,-3.25,0,6770759.58
7.25,-3.75,0,6802029.205
7.25,-4.25,0,6859559.294
7.25,-4.75,0,6586206.421
7.25,-5.25,0,6444874.448
7.25,-5.75,0,6177390.096
7.25,-6.25,0,5591029.605
7.25,-6.75,0,4328501.611
7.25,-7.25,0,2340736.133
7.25,-7.75,0,1111915.799
7.25,-8.25,0,531512.1477
7.25,-8.75,0,250706.959
7.25,-9.25,0,127277.0406
7.25,-9.75,0,63674.1203
7.25,-10.25,0,4001.656814
7.25,-10.75,0,4182.8204
7.25,-11.25,0,4683.919751
7.25,-11.75,0,-4580.710244
7.25,-12.25,0,-13576.35711
7.25,-12.75,0,-6928.289077
7.25,-13.25,0,-17477.59119
7.25,-13.75,0,-20407.65556
7.25,-14.25,0,-9602.481357
7.25,-14.75,0,13456.45453
7.75,14.75,0,-4889.780674
7.75,14.25,0,19393.95173
7.75,13.75,0,1991.478065
7.75,13.25,0,4486.315986
7.75,12.75,0,13523.88979
7.75,12.25,0,-15214.2815
7.75,11.75,0,17962.11902
7.75,11.25,0,3827.11678
7.75,10.75,0,2193.646234
7.75,10.25,0,18362.35704
7.75,9.75,0,45082.99806
7.75,9.25,0,80270.97825
7.75,8.75,0,155990.977
7.75,8.25,0,346593.4846
7.75,7.75,0,617139.1713
7.75,7.25,0,1125037.917
7.75,6.75,0,1712395.845
7.75,6.25,0,2240975.223
7.75,5.75,0,2540812.692
7.75,5.25,0,2697674.487
7.75,4.75,0,2801116.067
7.75,4.25,0,2834616.875
7.75,3.75,0,2839863.493
7.75,3.25,0,2902231.725
7.75,2.75,0,2949604.823
7.75,2.25,0,2891071.694
7.75,1.75,0,2907655.362
7.75,1.25,0,2911010.311
7.75,0.75,0,2912835.652
7.75,0.25,0,2893539.007
7.75,-0.25,0,2.89E+06
7.75,-0.75,0,2914043.354
7.75,-1.25,0,2874562.207
7.75,-1.75,0,2890730.724
7.75,-2.25,0,2904690.108
7.75,-2.75,0,2908635.811
7.75,-3.25,0,2875059.432
7.75,-3.75,0,2869729.243
7.75,-4.25,0,2848225.608
7.75,-4.75,0,2783797.804
7.75,-5.25,0,2722164.778
7.75,-5.75,0,2527130.645
7.75,-6.25,0,2207483.056
7.75,-6.75,0,1725498.625
7.75,-7.25,0,1106997.34
7.75,-7.75,0,626913.5675
7.75,-8.25,0,331213.5685
7.75,-8.75,0,159322.2404
7.75,-9.25,0,80101.66188
7.75,-9.75,0,40983.86668
7.75,-10.25,0,12582.67932
7.75,-10.75,0,28615.97471
7.75,-11.25,0,-5139.619541
7.75,-11.75,0,20127.94332
7.75,-12.25,0,-3791.341106
7.75,-12.75,0,-8138.87888
7.75,-13.25,0,7434.712745
7.75,-13.75,0,-45794.48196
7.75,-14.25,0,-11371.98657
7.75,-14.75,0,22863.0321
8.25,14.75,0,5892.521657
8.25,14.25,0,8219.606658
8.25,13.75,0,-16827.75118
8.25,13.25,0,-7350.838925
8.25,12.75,0,-6463.147949
8.25,12.25,0,-12515.02276
8.25,11.75,0,960.0166056
8.25,11.25,0,-1741.326074
8.25,10.75,0,-12969.47062
8.25,10.25,0,-11243.47355
8.25,9.75,0,9836.283288
8.25,9.25,0,31328.27822
8.25,8.75,0,88236.07637
8.25,8.25,0,164818.0698
8.25,7.75,0,324575.3393
8.25,7.25,0,523331.6278
8.25,6.75,0,756697.1386
8.25,6.25,0,973281.7627
8.25,5.75,0,1110528.555
8.25,5.25,0,1191923.438
8.25,4.75,0,1229189.039
8.25,4.25,0,1288915.112
8.25,3.75,0,1324705.481
8.25,3.25,0,1317344.882
8.25,2.75,0,1316282.184
8.25,2.25,0,1293425.573
8.25,1.75,0,1317438.542
8.25,1.25,0,1299990.79
8.25,0.75,0,1321800.292
8.25,0.25,0,1288970.987
8.25,-0.25,0,1.33E+06
8.25,-0.75,0,1291238.45
8.25,-1.25,0,1310291.022
8.25,-1.75,0,1327426.415
8.25,-2.25,0,1318593.375
8.25,-2.75,0,1290773.8
8.25,-3.25,0,1335383.948
8.25,-3.75,0,1285370.91
8.25,-4.25,0,1287673.824
8.25,-4.75,0,1263183.225
8.25,-5.25,0,1232394.717
8.25,-5.75,0,1122721.959
8.25,-6.25,0,959870.3531
8.25,-6.75,0,759796.6531
8.25,-7.25,0,495465.5046
8.25,-7.75,0,341728.7079
8.25,-8.25,0,161373.5643
8.25,-8.75,0,93464.00741
8.25,-9.25,0,63403.35428
8.25,-9.75,0,29954.35415
8.25,-10.25,0,16111.75914
8.25,-10.75,0,-2524.934386
8.25,-11.25,0,-7941.054233
8.25,-11.75,0,-1738.267627
8.25,-12.25,0,12932.38733
8.25,-12.75,0,-9349.511712
8.25,-13.25,0,2353.660665
8.25,-13.75,0,-5876.094277
8.25,-14.25,0,-12152.29723
8.25,-14.75,0,-13637.90622
8.75,14.75,0,192.1383528
8.75,14.25,0,6531.048591
8.75,13.75,0,-21811.87064
8.75,13.25,0,-10633.87718
8.75,12.75,0,9284.862921
8.75,12.25,0,-9496.593362
8.75,11.75,0,7909.199556
8.75,11.25,0,13859.29457
8.75,10.75,0,-11015.97457
8.75,10.25,0,17428.54401
8.75,9.75,0,13771.84522
8.75,9.25,0,35020.29212
8.75,8.75,0,39916.79852
8.75,8.25,0,102335.0676
8.75,7.75,0,156113.8159
8.75,7.25,0,251201.0398
8.75,6.75,0,330165.1206
8.75,6.25,0,406006.8059
8.75,5.75,0,485638.7851
8.75,5.25,0,523702.236
8.75,4.75,0,568184.2552
8.75,4.25,0,570588.8712
8.75,3.75,0,600973.8878
8.75,3.25,0,594113.3508
8.75,2.75,0,586910.3585
8.75,2.25,0,598653.7868
8.75,1.75,0,599778.4831
8.75,1.25,0,607980.1181
8.75,0.75,0,597893.4684
8.75,0.25,0,553823.3581
8.75,-0.25,0,6.09E+05
8.75,-0.75,0,607586.494
8.75,-1.25,0,598103.7379
8.75,-1.75,0,589805.3168
8.75,-2.25,0,590226.6156
8.75,-2.75,0,588645.1329
8.75,-3.25,0,596596.4069
8.75,-3.75,0,577796.5814
8.75,-4.25,0,567165.4963
8.75,-4.75,0,561306.8928
8.75,-5.25,0,524778.739
8.75,-5.75,0,490762.3003
8.75,-6.25,0,402916.7279
8.75,-6.75,0,343804.9049
8.75,-7.25,0,234699.3231
8.75,-7.75,0,190417.7763
8.75,-8.25,0,114540.8949
8.75,-8.75,0,63021.87521
8.75,-9.25,0,18023.14576
8.75,-9.75,0,10896.56171
8.75,-10.25,0,268.5335376
8.75,-10.75,0,18535.09359
8.75,-11.25,0,22676.83061
8.75,-11.75,0,10603.68862
8.75,-12.25,0,12971.67881
8.75,-12.75,0,25782.33834
8.75,-13.25,0,3710.071693
8.75,-13.75,0,-14870.09981
8.75,-14.25,0,-4965.346597
8.75,-14.75,0,2322.6396
9.25,14.75,0,-27492.62956
9.25,14.25,0,-2510.676507
9.25,13.75,0,8437.477211
9.25,13.25,0,-117.8984661
9.25,12.75,0,-3242.520242
9.25,12.25,0,-4044.391021
9.25,11.75,0,17518.2854
9.25,11.25,0,8796.912672
9.25,10.75,0,-52.193665
9.25,10.25,0,-7112.479656
9.25,9.75,0,46955.20124
9.25,9.25,0,3710.727609
9.25,8.75,0,37993.43746
9.25,8.25,0,53623.69918
9.25,7.75,0,74894.29126
9.25,7.25,0,122051.3001
9.25,6.75,0,131536.2106
9.25,6.25,0,188232.9832
9.25,5.75,0,212999.8902
9.25,5.25,0,244372.9922
9.25,4.75,0,269923.7986
9.25,4.25,0,276623.4565
9.25,3.75,0,257539.2249
9.25,3.25,0,283258.7775
9.25,2.75,0,250371.4755
9.25,2.25,0,267087.2381
9.25,1.75,0,277550.1497
9.25,1.25,0,248057.3038
9.25,0.75,0,243919.0355
9.25,0.25,0,246298.5949
9.25,-0.25,0,2.53E+05
9.25,-0.75,0,266726.4466
9.25,-1.25,0,295671.213
9.25,-1.75,0,274207.5898
9.25,-2.25,0,261153.399
9.25,-2.75,0,279212.078
9.25,-3.25,0,273082.7253
9.25,-3.75,0,282400.6985
9.25,-4.25,0,249438.2667
9.25,-4.75,0,236918.2479
9.25,-5.25,0,250546.373
9.25,-5.75,0,179597.5149
9.25,-6.25,0,192429.0238
9.25,-6.75,0,132382.4976
9.25,-7.25,0,92036.30673
9.25,-7.75,0,95431.2126
9.25,-8.25,0,64066.44406
9.25,-8.75,0,14921.03181
9.25,-9.25,0,-5459.215021
9.25,-9.75,0,-13819.9105
9.25,-10.25,0,12756.65628
9.25,-10.75,0,-24204.15614
9.25,-11.25,0,-19225.71333
9.25,-11.75,0,5590.573576
9.25,-12.25,0,-1311.612946
9.25,-12.75,0,9835.159562
9.25,-13.25,0,-11067.22459
9.25,-13.75,0,1874.582203
9.25,-14.25,0,-1353.325403
9.25,-14.75,0,25126.15451
9.75,14.75,0,-6418.046292
9.75,14.25,0,-12358.02033
9.75,13.75,0,2266.852352
9.75,13.25,0,-999.454446
9.75,12.75,0,-17478.96097
9.75,12.25,0,-2563.298175
9.75,11.75,0,479.0243085
9.75,11.25,0,20578.77114
9.75,10.75,0,-16736.76088
9.75,10.25,0,-14998.08806
9.75,9.75,0,-24200.47969
9.75,9.25,0,22572.79314
9.75,8.75,0,25093.1754
9.75,8.25,0,4249.665693
9.75,7.75,0,23347.18828
9.75,7.25,0,44615.37326
9.75,6.75,0,59519.14308
9.75,6.25,0,91131.79173
9.75,5.75,0,99199.29936
9.75,5.25,0,108436.7968
9.75,4.75,0,128340.6269
9.75,4.25,0,101005.4787
9.75,3.75,0,128087.6474
9.75,3.25,0,149235.8844
9.75,2.75,0,129008.266
9.75,2.25,0,135990.827
9.75,1.75,0,138755.239
9.75,1.25,0,144425.4186
9.75,0.75,0,107893.0765
9.75,0.25,0,121901.1375
9.75,-0.25,0,1.12E+05
9.75,-0.75,0,114393.3662
9.75,-1.25,0,98376.27696
9.75,-1.75,0,130516.1344
9.75,-2.25,0,125191.4889
9.75,-2.75,0,167945.1949
9.75,-3.25,0,130432.709
9.75,-3.75,0,120374.9594
9.75,-4.25,0,85698.35822
9.75,-4.75,0,122323.9881
9.75,-5.25,0,86055.69471
9.75,-5.75,0,99121.76294
9.75,-6.25,0,94284.13084
9.75,-6.75,0,95429.39771
9.75,-7.25,0,56930.85365
9.75,-7.75,0,15836.64777
9.75,-8.25,0,15786.62881
9.75,-8.75,0,34414.39801
9.75,-9.25,0,10592.95329
9.75,-9.75,0,9195.330277
9.75,-10.25,0,11907.93354
9.75,-10.75,0,-12725.55668
9.75,-11.25,0,-7670.749521
9.75,-11.75,0,-8350.867301
9.75,-12.25,0,20321.85848
9.75,-12.75,0,-786.5798263
9.75,-13.25,0,-14264.93211
9.75,-13.75,0,-4445.56001
9.75,-14.25,0,13230.79291
9.75,-14.75,0,4951.045599
10.25,14.75,0,16541.15031
10.25,14.25,0,-5453.604446
10.25,13.75,0,-34215.92965
10.25,13.25,0,-12440.99565
10.25,12.75,0,1242.523174
10.25,12.25,0,-8068.221638
10.25,11.75,0,16108.80641
10.25,11.25,0,-21995.62825
10.25,10.75,0,4289.049564
10.25,10.25,0,-1960.023464
10.25,9.75,0,-35695.13982
10.25,9.25,0,32606.01594
10.25,8.75,0,-7211.924588
10.25,8.25,0,16919.49758
10.25,7.75,0,29197.78252
10.25,7.25,0,16853.20568
10.25,6.75,0,46761.79116
10.25,6.25,0,48844.88511
10.25,5.75,0,30323.09199
10.25,5.25,0,59485.67514
10.25,4.75,0,47672.8103
10.25,4.25,0,26894.19116
10.25,3.75,0,63197.9843
10.25,3.25,0,82582.45808
10.25,2.75,0,62867.52477
10.25,2.25,0,50125.96473
10.25,1.75,0,39876.65895
10.25,1.25,0,57211.59048
10.25,0.75,0,45800.5759
10.25,0.25,0,42291.61774
10.25,-0.25,0,4.81E+04
10.25,-0.75,0,32225.41295
10.25,-1.25,0,53545.73412
10.25,-1.75,0,59907.5731
10.25,-2.25,0,58712.13307
10.25,-2.75,0,59555.17096
10.25,-3.25,0,40389.39176
10.25,-3.75,0,37596.6311
10.25,-4.25,0,34764.02298
10.25,-4.75,0,46408.08587
10.25,-5.25,0,37255.33806
10.25,-5.75,0,45615.14276
10.25,-6.25,0,72400.00577
10.25,-6.75,0,17151.15604
10.25,-7.25,0,28172.73754
10.25,-7.75,0,-4519.30239
10.25,-8.25,0,5430.915224
10.25,-8.75,0,15513.75008
10.25,-9.25,0,-25634.28242
10.25,-9.75,0,17478.79182
10.25,-10.25,0,18335.12011
10.25,-10.75,0,7708.460682
10.25,-11.25,0,-10850.55932
10.25,-11.75,0,19396.32542
10.25,-12.25,0,2023.840542
10.25,-12.75,0,-8699.186159
10.25,-13.25,0,-19114.22499
10.25,-13.75,0,-4490.33928
10.25,-14.25,0,3676.413722
10.25,-14.75,0,14128.91058
10.75,14.75,0,-9085.478823
10.75,14.25,0,6116.328425
10.75,13.75,0,-15245.45907
10.75,13.25,0,-17071.02829
10.75,12.75,0,16699.42149
10.75,12.25,0,-20815.43287
10.75,11.75,0,12999.86137
10.75,11.25,0,17881.18967
10.75,10.75,0,-6202.021638
10.75,10.25,0,-7630.551538
10.75,9.75,0,-17561.63771
10.75,9.25,0,-6817.059414
10.75,8.75,0,15020.29812
10.75,8.25,0,17812.7697
10.75,7.75,0,6273.780267
10.75,7.25,0,-9337.28484
10.75,6.75,0,8066.063516
10.75,6.25,0,10129.19225
10.75,5.75,0,9701.414924
10.75,5.25,0,13811.41121
10.75,4.75,0,49377.30868
10.75,4.25,0,26536.14983
10.75,3.75,0,17472.53119
10.75,3.25,0,54058.63744
10.75,2.75,0,28687.98454
10.75,2.25,0,55975.39604
10.75,1.75,0,43207.2288
10.75,1.25,0,-8861.744783
10.75,0.75,0,1080.193942
10.75,0.25,0,-302.4174172
10.75,-0.25,0,1.09E+04
10.75,-0.75,0,28220.73475
10.75,-1.25,0,29758.74263
10.75,-1.75,0,41696.97928
10.75,-2.25,0,15143.37187
10.75,-2.75,0,40502.43119
10.75,-3.25,0,27567.22548
10.75,-3.75,0,23376.7343
10.75,-4.25,0,27692.1807
10.75,-4.75,0,38847.92607
10.75,-5.25,0,16860.43962
10.75,-5.75,0,7851.436668
10.75,-6.25,0,11525.21786
10.75,-6.75,0,35005.65268
10.75,-7.25,0,21593.19977
10.75,-7.75,0,-7184.483637
10.75,-8.25,0,11728.84299
10.75,-8.75,0,-9428.916009
10.75,-9.25,0,24794.21717
10.75,-9.75,0,-27287.6097
10.75,-10.25,0,-22429.02468
10.75,-10.75,0,12335.7448
10.75,-11.25,0,-7448.992375
10.75,-11.75,0,5856.401859
10.75,-12.25,0,-7673.185974
10.75,-12.75,0,2264.819809
10.75,-13.25,0,-30039.81237
10.75,-13.75,0,-10930.27963
10.75,-14.25,0,1037.806207
10.75,-14.75,0,-21280.91839
11.25,14.75,0,-3136.716948
11.25,14.25,0,-4084.341391
11.25,13.75,0,-9072.335457
11.25,13.25,0,666.6994737
11.25,12.75,0,59.86489173
11.25,12.25,0,-11611.53379
11.25,11.75,0,-660.1848843
11.25,11.25,0,15004.03109
11.25,10.75,0,13448.08311
11.25,10.25,0,-16690.02751
11.25,9.75,0,20683.30725
11.25,9.25,0,8926.237482
11.25,8.75,0,26880.17379
11.25,8.25,0,-1037.872499
11.25,7.75,0,11954.60071
11.25,7.25,0,37067.40805
11.25,6.75,0,3351.513487
11.25,6.25,0,12770.96032
11.25,5.75,0,32879.72153
11.25,5.25,0,21539.62229
11.25,4.75,0,12961.96394
11.25,4.25,0,40200.61533
11.25,3.75,0,21942.0241
11.25,3.25,0,-19418.17617
11.25,2.75,0,9204.023756
11.25,2.25,0,723.698503
11.25,1.75,0,-3405.025338
11.25,1.25,0,2040.245657
11.25,0.75,0,6088.47925
11.25,0.25,0,29469.74094
11.25,-0.25,0,-1.05E+04
11.25,-0.75,0,-1723.733723
11.25,-1.25,0,-20298.81031
11.25,-1.75,0,34227.93972
11.25,-2.25,0,-12618.78555
11.25,-2.75,0,-81.55458205
11.25,-3.25,0,37866.67375
11.25,-3.75,0,14133.63162
11.25,-4.25,0,35953.40309
11.25,-4.75,0,10143.62999
11.25,-5.25,0,4933.974079
11.25,-5.75,0,1499.823758
11.25,-6.25,0,-17891.37989
11.25,-6.75,0,5068.062407
11.25,-7.25,0,28125.82345
11.25,-7.75,0,17950.86643
11.25,-8.25,0,13071.41817
11.25,-8.75,0,-18439.55558
11.25,-9.25,0,19188.19327
11.25,-9.75,0,20030.39784
11.25,-10.25,0,17922.29791
11.25,-10.75,0,-13393.25667
11.25,-11.25,0,12851.93187
11.25,-11.75,0,26720.59843
11.25,-12.25,0,26388.56059
11.25,-12.75,0,4266.965095
11.25,-13.25,0,-3394.804977
11.25,-13.75,0,-18161.88988
11.25,-14.25,0,1744.562656
11.25,-14.75,0,-2075.971768
11.75,14.75,0,6869.168307
11.75,14.25,0,-5205.900974
11.75,13.75,0,2220.549866
11.75,13.25,0,13128.75024
11.75,12.75,0,11087.29308
11.75,12.25,0,24947.37542
11.75,11.75,0,12705.02381
11.75,11.25,0,10420.38247
11.75,10.75,0,1412.856083
11.75,10.25,0,-10472.07893
11.75,9.75,0,3892.669148
11.75,9.25,0,-25385.24045
11.75,8.75,0,-10469.11825
11.75,8.25,0,15098.44512
11.75,7.75,0,-6956.178801
11.75,7.25,0,15218.78363
11.75,6.75,0,13517.61267
11.75,6.25,0,9234.665666
11.75,5.75,0,-654.387929
11.75,5.25,0,14850.02512
11.75,4.75,0,6709.746584
11.75,4.25,0,1490.740157
11.75,3.75,0,22959.56577
11.75,3.25,0,24151.01903
11.75,2.75,0,43581.59755
11.75,2.25,0,20231.35408
11.75,1.75,0,9059.144308
11.75,1.25,0,-31245.29347
11.75,0.75,0,-11053.88196
11.75,0.25,0,-7891.214423
11.75,-0.25,0,-5.15E+03
11.75,-0.75,0,16306.54851
11.75,-1.25,0,9847.34715
11.75,-1.75,0,12106.6261
11.75,-2.25,0,7211.428197
11.75,-2.75,0,3301.646158
11.75,-3.25,0,11058.43433
11.75,-3.75,0,1111.634254
11.75,-4.25,0,-24342.67064
11.75,-4.75,0,-9239.555678
11.75,-5.25,0,22625.70975
11.75,-5.75,0,-20145.19061
11.75,-6.25,0,27091.53412
11.75,-6.75,0,-1857.184222
11.75,-7.25,0,-6923.197602
11.75,-7.75,0,5068.5834
11.75,-8.25,0,-4132.156464
11.75,-8.75,0,18109.65495
11.75,-9.25,0,-16400.28552
11.75,-9.75,0,-29778.09532
11.75,-10.25,0,11065.06214
11.75,-10.75,0,-14161.10081
11.75,-11.25,0,20680.26091
11.75,-11.75,0,5446.120607
11.75,-12.25,0,-4075.132679
11.75,-12.75,0,6923.086926
11.75,-13.25,0,741.7233805
11.75,-13.75,0,5949.146283
11.75,-14.25,0,5137.801082
11.75,-14.75,0,3716.367867
12.25,14.75,0,-15342.76646
12.25,14.25,0,7542.034131
12.25,13.75,0,-3126.575108
12.25,13.25,0,-15235.30448
12.25,12.75,0,16765.52741
12.25,12.25,0,28666.95317
12.25,11.75,0,18897.44602
12.25,11.25,0,6843.129485
12.25,10.75,0,-4476.952625
12.25,10.25,0,3644.470073
12.25,9.75,0,1274.823073
12.25,9.25,0,6583.526643
12.25,8.75,0,-3260.816912
12.25,8.25,0,-13034.23745
12.25,7.75,0,4765.116403
12.25,7.25,0,-11208.03416
12.25,6.75,0,-5455.713246
12.25,6.25,0,16850.35918
12.25,5.75,0,-6073.396997
12.25,5.25,0,6360.924949
12.25,4.75,0,-1277.395713
12.25,4.25,0,-7639.655052
12.25,3.75,0,2481.498483
12.25,3.25,0,229.0758275
12.25,2.75,0,-7839.108198
12.25,2.25,0,-6247.983673
12.25,1.75,0,22937.60103
12.25,1.25,0,12219.85602
12.25,0.75,0,11953.07318
12.25,0.25,0,-3078.544274
12.25,-0.25,0,-1.31E+03
12.25,-0.75,0,-21306.86468
12.25,-1.25,0,8877.544375
12.25,-1.75,0,-13501.94757
12.25,-2.25,0,18534.28866
12.25,-2.75,0,4886.262417
12.25,-3.25,0,-416.9443039
12.25,-3.75,0,2056.059504
12.25,-4.25,0,6021.19151
12.25,-4.75,0,-9669.688208
12.25,-5.25,0,-4629.396563
12.25,-5.75,0,15623.34535
12.25,-6.25,0,-29911.10418
12.25,-6.75,0,13707.92374
12.25,-7.25,0,16294.65298
12.25,-7.75,0,7409.490149
12.25,-8.25,0,11328.96471
12.25,-8.75,0,6958.220206
12.25,-9.25,0,14829.67927
12.25,-9.75,0,-143.0621048
12.25,-10.25,0,-14971.3186
12.25,-10.75,0,-4681.387305
12.25,-11.25,0,15736.11335
12.25,-11.75,0,7783.233899
12.25,-12.25,0,-8497.673896
12.25,-12.75,0,19900.76895
12.25,-13.25,0,1731.034467
12.25,-13.75,0,-21547.1031
12.25,-14.25,0,6272.624136
12.25,-14.75,0,17125.44838
12.75,14.75,0,22118.05636
12.75,14.25,0,-1618.310069
12.75,13.75,0,-11412.05463
12.75,13.25,0,-19749.92944
12.75,12.75,0,4273.394191
12.75,12.25,0,8248.849987
12.75,11.75,0,11283.37541
12.75,11.25,0,-5562.947678
12.75,10.75,0,-4792.518567
12.75,10.25,0,-7833.153755
12.75,9.75,0,2159.711197
12.75,9.25,0,-6433.238454
12.75,8.75,0,9896.741327
12.75,8.25,0,-1261.050286
12.75,7.75,0,-10120.04274
12.75,7.25,0,4217.317179
12.75,6.75,0,10487.94159
12.75,6.25,0,11126.16122
12.75,5.75,0,22667.80871
12.75,5.25,0,15153.33602
12.75,4.75,0,-3021.785407
12.75,4.25,0,4892.922043
12.75,3.75,0,9355.843914
12.75,3.25,0,-16095.91974
12.75,2.75,0,15385.98171
12.75,2.25,0,-7890.185933
12.75,1.75,0,24051.63904
12.75,1.25,0,25137.07147
12.75,0.75,0,-4108.6752
12.75,0.25,0,-16685.41986
12.75,-0.25,0,-7.66E+03
12.75,-0.75,0,-4453.33594
12.75,-1.25,0,10783.28522
12.75,-1.75,0,4646.64304
12.75,-2.25,0,9733.32481
12.75,-2.75,0,23123.76096
12.75,-3.25,0,208.9336837
12.75,-3.75,0,-362.3870714
12.75,-4.25,0,-6284.230932
12.75,-4.75,0,-7898.989483
12.75,-5.25,0,6540.333393
12.75,-5.75,0,9873.636617
12.75,-6.25,0,-4560.416406
12.75,-6.75,0,-1433.88886
12.75,-7.25,0,-4271.598027
12.75,-7.75,0,402.1605574
12.75,-8.25,0,-9380.326555
12.75,-8.75,0,-3841.565926
12.75,-9.25,0,15796.89275
12.75,-9.75,0,-39307.3273
12.75,-10.25,0,-5879.59584
12.75,-10.75,0,-22137.68103
12.75,-11.25,0,7697.03373
12.75,-11.75,0,15392.8415
12.75,-12.25,0,17156.03471
12.75,-12.75,0,5337.271616
12.75,-13.25,0,12805.06025
12.75,-13.75,0,1980.343337
12.75,-14.25,0,18517.81069
12.75,-14.75,0,-36907.75258
13.25,14.75,0,-26072.15387
13.25,14.25,0,-8396.484782
13.25,13.75,0,6683.511442
13.25,13.25,0,14965.01391
13.25,12.75,0,19659.71579
13.25,12.25,0,-26475.77705
13.25,11.75,0,17956.40091
13.25,11.25,0,26796.19756
13.25,10.75,0,656.502596
13.25,10.25,0,-19878.02374
13.25,9.75,0,43711.27391
13.25,9.25,0,-12225.02424
13.25,8.75,0,8243.046679
13.25,8.25,0,-5020.836307
13.25,7.75,0,2106.040768
13.25,7.25,0,27164.29679
13.25,6.75,0,-10158.9447
13.25,6.25,0,16184.83578
13.25,5.75,0,24665.9989
13.25,5.25,0,11415.68429
13.25,4.75,0,10748.11677
13.25,4.25,0,18409.3204
13.25,3.75,0,-4854.105573
13.25,3.25,0,-2850.565131
13.25,2.75,0,-6785.605393
13.25,2.25,0,15652.72904
13.25,1.75,0,12906.9104
13.25,1.25,0,13093.52466
13.25,0.75,0,-21593.93319
13.25,0.25,0,-8780.599744
13.25,-0.25,0,-1.06E+04
13.25,-0.75,0,-22469.79116
13.25,-1.25,0,-3116.49238
13.25,-1.75,0,-3542.875635
13.25,-2.25,0,11105.78753
13.25,-2.75,0,14034.20984
13.25,-3.25,0,-13142.46182
13.25,-3.75,0,3902.750591
13.25,-4.25,0,-5051.488555
13.25,-4.75,0,5850.425632
13.25,-5.25,0,20502.90972
13.25,-5.75,0,-17899.72979
13.25,-6.25,0,415.5988988
13.25,-6.75,0,7709.225287
13.25,-7.25,0,-24231.59167
13.25,-7.75,0,16101.82917
13.25,-8.25,0,4729.1847
13.25,-8.75,0,35041.58433
13.25,-9.25,0,12274.6314
13.25,-9.75,0,11484.78066
13.25,-10.25,0,22338.81109
13.25,-10.75,0,-4407.040986
13.25,-11.25,0,16970.93154
13.25,-11.75,0,-2040.330067
13.25,-12.25,0,8489.905801
13.25,-12.75,0,2180.815745
13.25,-13.25,0,-4109.188784
13.25,-13.75,0,-14372.64774
13.25,-14.25,0,14.33497898
13.25,-14.75,0,1654.585526
13.75,14.75,0,673.5732001
13.75,14.25,0,380.6089024
13.75,13.75,0,-3110.203711
13.75,13.25,0,8330.051908
13.75,12.75,0,10764.74019
13.75,12.25,0,12218.72634
13.75,11.75,0,-308.543096
13.75,11.25,0,-7360.993095
13.75,10.75,0,23181.43573
13.75,10.25,0,-2409.349463
13.75,9.75,0,-6076.028036
13.75,9.25,0,-10891.44343
13.75,8.75,0,-1704.883578
13.75,8.25,0,917.1688847
13.75,7.75,0,-5565.901689
13.75,7.25,0,-1183.83802
13.75,6.75,0,-17659.65806
13.75,6.25,0,-9341.816046
13.75,5.75,0,-16133.06484
13.75,5.25,0,689.8848026
13.75,4.75,0,13304.67269
13.75,4.25,0,-7997.196303
13.75,3.75,0,-12686.25088
13.75,3.25,0,-14919.57812
13.75,2.75,0,8153.196171
13.75,2.25,0,3631.136948
13.75,1.75,0,2267.360076
13.75,1.25,0,16444.25245
13.75,0.75,0,-21500.76596
13.75,0.25,0,19910.67332
13.75,-0.25,0,-2.27E+04
13.75,-0.75,0,15170.82925
13.75,-1.25,0,3614.251828
13.75,-1.75,0,-7401.314
13.75,-2.25,0,9759.740228
13.75,-2.75,0,13196.04256
13.75,-3.25,0,-3340.511943
13.75,-3.75,0,12873.50455
13.75,-4.25,0,24457.45738
13.75,-4.75,0,16023.54668
13.75,-5.25,0,20367.50851
13.75,-5.75,0,-12424.10717
13.75,-6.25,0,-16044.13035
13.75,-6.75,0,-25920.98635
13.75,-7.25,0,14107.88223
13.75,-7.75,0,-11439.45272
13.75,-8.25,0,-12650.50783
13.75,-8.75,0,-16917.53538
13.75,-9.25,0,-3177.821829
13.75,-9.75,0,-7417.160807
13.75,-10.25,0,3216.923529
13.75,-10.75,0,-15143.94039
13.75,-11.25,0,-4447.952993
13.75,-11.75,0,2163.975179
13.75,-12.25,0,23303.89261
13.75,-12.75,0,17639.99121
13.75,-13.25,0,-4658.35903
13.75,-13.75,0,22465.41112
13.75,-14.25,0,14429.95549
13.75,-14.75,0,-12067.57927
14.25,14.75,0,-8547.093544
14.25,14.25,0,-4006.467679
14.25,13.75,0,20650.45464
14.25,13.25,0,-3902.859495
14.25,12.75,0,18592.12252
14.25,12.25,0,-1422.815942
14.25,11.75,0,29960.6082
14.25,11.25,0,23634.9872
14.25,10.75,0,-27268.57497
14.25,10.25,0,12647.28127
14.25,9.75,0,-7294.761462
14.25,9.25,0,-23336.16069
14.25,8.75,0,-9974.764221
14.25,8.25,0,17465.66496
14.25,7.75,0,-6898.864281
14.25,7.25,0,19445.14388
14.25,6.75,0,4575.602897
14.25,6.25,0,8055.711488
14.25,5.75,0,-19053.65849
14.25,5.25,0,-14468.66729
14.25,4.75,0,-3858.134542
14.25,4.25,0,-3687.302414
14.25,3.75,0,-2742.394664
14.25,3.25,0,16176.94753
14.25,2.75,0,-10794.6429
14.25,2.25,0,9375.170053
14.25,1.75,0,-15924.3668
14.25,1.25,0,-15721.13771
14.25,0.75,0,3180.641245
14.25,0.25,0,28184.05652
14.25,-0.25,0,1.30E+04
14.25,-0.75,0,-30186.11344
14.25,-1.25,0,-9582.908401
14.25,-1.75,0,-11221.20683
14.25,-2.25,0,-17879.71911
14.25,-2.75,0,18922.37012
14.25,-3.25,0,399.0351052
14.25,-3.75,0,-22355.06273
14.25,-4.25,0,4564.790153
14.25,-4.75,0,-4120.710456
14.25,-5.25,0,-14575.22882
14.25,-5.75,0,6938.668238
14.25,-6.25,0,-13037.45179
14.25,-6.75,0,-316.4706629
14.25,-7.25,0,-10532.01179
14.25,-7.75,0,-25163.18646
14.25,-8.25,0,-8322.015496
14.25,-8.75,0,-2857.195424
14.25,-9.25,0,6037.274721
14.25,-9.75,0,9301.997481
14.25,-10.25,0,-7218.530344
14.25,-10.75,0,2936.081693
14.25,-11.25,0,-5750.766418
14.25,-11.75,0,1669.699738
14.25,-12.25,0,-20016.88179
14.25,-12.75,0,8052.958497
14.25,-13.25,0,-1670.991115
14.25,-13.75,0,-2403.747101
14.25,-14.25,0,10648.62592
14.25,-14.75,0,-16630.12792
14.75,14.75,0,11233.15584
14.75,14.25,0,-15359.24525
14.75,13.75,0,4431.648506
14.75,13.25,0,-3270.990537
14.75,12.75,0,-6690.962497
14.75,12.25,0,9425.230982
14.75,11.75,0,14563.45422
14.75,11.25,0,7595.758268
14.75,10.75,0,2904.503491
14.75,10.25,0,-2004.541469
14.75,9.75,0,-26740.25885
14.75,9.25,0,-17354.6755
14.75,8.75,0,15422.04877
14.75,8.25,0,-1610.581705
14.75,7.75,0,-2760.913511
14.75,7.25,0,35.24202527
14.75,6.75,0,2633.301069
14.75,6.25,0,-2187.397979
14.75,5.75,0,10772.36718
14.75,5.25,0,-5578.571731
14.75,4.75,0,-17781.75071
14.75,4.25,0,8796.597293
14.75,3.75,0,22711.53446
14.75,3.25,0,-7341.534873
14.75,2.75,0,13541.98926
14.75,2.25,0,-2478.764374
14.75,1.75,0,139.1250763
14.75,1.25,0,5869.387137
14.75,0.75,0,-7399.857729
14.75,0.25,0,8335.425981
14.75,-0.25,0,-7.95E+03
14.75,-0.75,0,-4846.155613
14.75,-1.25,0,3604.136647
14.75,-1.75,0,26163.87831
14.75,-2.25,0,721.7598341
14.75,-2.75,0,-13411.9799
14.75,-3.25,0,17832.25388
14.75,-3.75,0,-1573.25878
14.75,-4.25,0,11532.44961
14.75,-4.75,0,-5548.757448
14.75,-5.25,0,-5029.990913
14.75,-5.75,0,-14681.84475
14.75,-6.25,0,11439.88155
14.75,-6.75,0,6546.824136
14.75,-7.25,0,-15889.40407
14.75,-7.75,0,-9446.133076
14.75,-8.25,0,7273.33975
14.75,-8.75,0,-12447.44571
14.75,-9.25,0,9192.32125
14.75,-9.75,0,-24137.78467
14.75,-10.25,0,11773.55582
14.75,-10.75,0,-6869.874218
14.75,-11.25,0,-5853.577973
14.75,-11.75,0,14991.58622
14.75,-12.25,0,-11322.58802
14.75,-12.75,0,-15936.69626
14.75,-13.25,0,21966.88909
14.75,-13.75,0,-12284.22307
14.75,-14.25,0,8428.98325
14.75,-14.75,0,8909.939366
