-14.75,14.75,0,-95423.8687
-14.75,14.25,0,-92687.40943
-14.75,13.75,0,516112.6173
-14.75,13.25,0,-700870.3699
-14.75,12.75,0,-2028851.593
-14.75,12.25,0,969254.7312
-14.75,11.75,0,198095.9792
-14.75,11.25,0,512951.2584
-14.75,10.75,0,858943.6693
-14.75,10.25,0,72690.90279
-14.75,9.75,0,-173064.6232
-14.75,9.25,0,-1054245.578
-14.75,8.75,0,-380038.7743
-14.75,8.25,0,-754559.3029
-14.75,7.75,0,-1357110.102
-14.75,7.25,0,278577.6043
-14.75,6.75,0,1368354.229
-14.75,6.25,0,852722.0005
-14.75,5.75,0,-1450118.343
-14.75,5.25,0,1250496.589
-14.75,4.75,0,-707782.5787
-14.75,4.25,0,474545.1592
-14.75,3.75,0,-581349.8598
-14.75,3.25,0,706050.9391
-14.75,2.75,0,51988.56948
-14.75,2.25,0,-17505.80577
-14.75,1.75,0,-92656.48807
-14.75,1.25,0,-305367.2532
-14.75,0.75,0,-447395.3045
-14.75,0.25,0,-202167.5383
-14.75,-0.25,0,3.75E+05
-14.75,-0.75,0,-1092920.748
-14.75,-1.25,0,-395024.5249
-14.75,-1.75,0,286870.1729
-14.75,-2.25,0,1044.899962
-14.75,-2.75,0,1318310.138
-14.75,-3.25,0,-441018.4178
-14.75,-3.75,0,-451347.0226
-14.75,-4.25,0,1285638.616
-14.75,-4.75,0,847353.1366
-14.75,-5.25,0,554732.7745
-14.75,-5.75,0,-1209771.217
-14.75,-6.25,0,-236027.0374
-14.75,-6.75,0,362062.7555
-14.75,-7.25,0,663776.8657
-14.75,-7.75,0,-286057.9606
-14.75,-8.25,0,199069.2507
-14.75,-8.75,0,378221.1199
-14.75,-9.25,0,506293.6302
-14.75,-9.75,0,156023.1959
-14.75,-10.25,0,-30654.66263
-14.75,-10.75,0,262315.5165
-14.75,-11.25,0,718532.6284
-14.75,-11.75,0,-107353.1778
-14.75,-12.25,0,216976.9376
-14.75,-12.75,0,727376.4483
-14.75,-13.25,0,-756104.3815
-14.75,-13.75,0,-149639.7113
-14.75,-14.25,0,7350.232477
-14.75,-14.75,0,-306369.8811
-14.25,14.75,0,-118815.5466
-14.25,14.25,0,184796.5926
-14.25,13.75,0,358300.8299
-14.25,13.25,0,-330913.811
-14.25,12.75,0,-1029431.176
-14.25,12.25,0,179643.8872
-14.25,11.75,0,119291.4092
-14.25,11.25,0,-182573.365
-14.25,10.75,0,1141848.274
-14.25,10.25,0,-16186.26489
-14.25,9.75,0,-40641.96647
-14.25,9.25,0,1367274.084
-14.25,8.75,0,-428226.4585
-14.25,8.25,0,-335918.8019
-14.25,7.75,0,741902.3819
-14.25,7.25,0,521695.2954
-14.25,6.75,0,604101.8085
-14.25,6.25,0,205167.3112
-14.25,5.75,0,1822234.728
-14.25,5.25,0,-502264.6036
-14.25,4.75,0,676728.4475
-14.25,4.25,0,-219768.2466
-14.25,3.75,0,-708631.372
-14.25,3.25,0,-535897.0023
-14.25,2.75,0,1670116.19
-14.25,2.25,0,-276654.1719
-14.25,1.75,0,652792.3539
-14.25,1.25,0,-598009.2682
-14.25,0.75,0,416319.8966
-14.25,0.25,0,230265.7357
-14.25,-0.25,0,2.97E+05
-14.25,-0.75,0,430851.7085
-14.25,-1.25,0,-664985.359
-14.25,-1.75,0,-814413.663
-14.25,-2.25,0,319905.4312
-14.25,-2.75,0,33018.43351
-14.25,-3.25,0,236469.0769
-14.25,-3.75,0,1038840.497
-14.25,-4.25,0,-298009.0036
-14.25,-4.75,0,-167753.0594
-14.25,-5.25,0,780115.2919
-14.25,-5.75,0,-435874.7668
-14.25,-6.25,0,314040.7206
-14.25,-6.75,0,394022.3982
-14.25,-7.25,0,-929900.8279
-14.25,-7.75,0,218547.9405
-14.25,-8.25,0,1273031.933
-14.25,-8.75,0,-1204874.878
-14.25,-9.25,0,-529920.6914
-14.25,-9.75,0,-891997.0337
-14.25,-10.25,0,-217842.6038
-14.25,-10.75,0,-1009742.198
-14.25,-11.25,0,-68899.84071
-14.25,-11.75,0,240664.7968
-14.25,-12.25,0,-140400.4982
-14.25,-12.75,0,39696.80565
-14.25,-13.25,0,-872243.7302
-14.25,-13.75,0,303178.0252
-14.25,-14.25,0,-175749.8611
-14.25,-14.75,0,1029955.476
-13.75,14.75,0,278561.3277
-13.75,14.25,0,-628070.8194
-13.75,13.75,0,727579.5975
-13.75,13.25,0,896260.4455
-13.75,12.75,0,191735.0687
-13.75,12.25,0,82854.70554
-13.75,11.75,0,-76196.94225
-13.75,11.25,0,-1467975.958
-13.75,10.75,0,-108141.1554
-13.75,10.25,0,355429.0005
-13.75,9.75,0,-300948.751
-13.75,9.25,0,-534894.273
-13.75,8.75,0,-916490.7693
-13.75,8.25,0,-939454.1264
-13.75,7.75,0,-819342.8575
-13.75,7.25,0,-582315.4476
-13.75,6.75,0,241472.6152
-13.75,6.25,0,1556316.771
-13.75,5.75,0,1016118.781
-13.75,5.25,0,1069446.932
-13.75,4.75,0,899985.7102
-13.75,4.25,0,596813.9391
-13.75,3.75,0,900769.7534
-13.75,3.25,0,-309414.9611
-13.75,2.75,0,-180610.5616
-13.75,2.25,0,681271.8894
-13.75,1.75,0,-297702.6813
-13.75,1.25,0,521812.2385
-13.75,0.75,0,610984.0884
-13.75,0.25,0,-100343.8839
-13.75,-0.25,0,5.89E+05
-13.75,-0.75,0,-728342.0373
-13.75,-1.25,0,-517364.5832
-13.75,-1.75,0,-1308411.096
-13.75,-2.25,0,170600.3127
-13.75,-2.75,0,-275903.9127
-13.75,-3.25,0,448572.6349
-13.75,-3.75,0,-275050.1314
-13.75,-4.25,0,-204099.6365
-13.75,-4.75,0,573202.6457
-13.75,-5.25,0,1000090.222
-13.75,-5.75,0,639842.5948
-13.75,-6.25,0,-455977.5945
-13.75,-6.75,0,337699.8687
-13.75,-7.25,0,-278531.9018
-13.75,-7.75,0,-340834.4837
-13.75,-8.25,0,-406204.1765
-13.75,-8.75,0,-186781.6783
-13.75,-9.25,0,973398.2604
-13.75,-9.75,0,-275159.8013
-13.75,-10.25,0,-275134.2517
-13.75,-10.75,0,598478.2763
-13.75,-11.25,0,677553.6469
-13.75,-11.75,0,-144986.6602
-13.75,-12.25,0,-119223.2847
-13.75,-12.75,0,854027.0801
-13.75,-13.25,0,397641.2629
-13.75,-13.75,0,-125545.4217
-13.75,-14.25,0,-257999.5315
-13.75,-14.75,0,974892.5667
-13.25,14.75,0,-186136.5816
-13.25,14.25,0,-1873852.19
-13.25,13.75,0,473016.2404
-13.25,13.25,0,-550992.9067
-13.25,12.75,0,-902871.3608
-13.25,12.25,0,-658226.6777
-13.25,11.75,0,-934684.4999
-13.25,11.25,0,623991.4929
-13.25,10.75,0,-223782.2979
-13.25,10.25,0,-1891349.893
-13.25,9.75,0,1445317.251
-13.25,9.25,0,-255854.706
-13.25,8.75,0,-343937.0127
-13.25,8.25,0,388697.4875
-13.25,7.75,0,504584.9465
-13.25,7.25,0,402148.403
-13.25,6.75,0,-1096607.33
-13.25,6.25,0,592193.7654
-13.25,5.75,0,-636074.1152
-13.25,5.25,0,481921.1621
-13.25,4.75,0,872520.9409
-13.25,4.25,0,1179841.886
-13.25,3.75,0,627082.4628
-13.25,3.25,0,921411.9092
-13.25,2.75,0,93870.75458
-13.25,2.25,0,1075857.739
-13.25,1.75,0,-850467.26
-13.25,1.25,0,-780265.7695
-13.25,0.75,0,429803.6255
-13.25,0.25,0,-1421951.378
-13.25,-0.25,0,3.35E+05
-13.25,-0.75,0,1111721.999
-13.25,-1.25,0,-371610.3065
-13.25,-1.75,0,160349.827
-13.25,-2.25,0,-208607.3937
-13.25,-2.75,0,-341278.6834
-13.25,-3.25,0,454377.6424
-13.25,-3.75,0,448094.1184
-13.25,-4.25,0,-356495.3667
-13.25,-4.75,0,-146075.6319
-13.25,-5.25,0,-696946.5277
-13.25,-5.75,0,-295659.1413
-13.25,-6.25,0,-5721.479939
-13.25,-6.75,0,496850.8577
-13.25,-7.25,0,-1422858.968
-13.25,-7.75,0,1483821.017
-13.25,-8.25,0,1236456.073
-13.25,-8.75,0,677957.1021
-13.25,-9.25,0,-317937.0306
-13.25,-9.75,0,542940.2109
-13.25,-10.25,0,702759.6747
-13.25,-10.75,0,980392.8928
-13.25,-11.25,0,-260838.9156
-13.25,-11.75,0,-126629.0431
-13.25,-12.25,0,1493177.842
-13.25,-12.75,0,372328.1195
-13.25,-13.25,0,-1237247.767
-13.25,-13.75,0,501662.8604
-13.25,-14.25,0,425136.6684
-13.25,-14.75,0,579448.7932
-12.75,14.75,0,1729.430569
-12.75,14.25,0,580749.9583
-12.75,13.75,0,80043.27123
-12.75,13.25,0,825315.2031
-12.75,12.75,0,236471.6956
-12.75,12.25,0,184836.2162
-12.75,11.75,0,77224.8542
-12.75,11.25,0,-577735.2579
-12.75,10.75,0,1724530.259
-12.75,10.25,0,244919.0276
-12.75,9.75,0,235745.8219
-12.75,9.25,0,-249455.0919
-12.75,8.75,0,-8697.758293
-12.75,8.25,0,449140.0141
-12.75,7.75,0,345958.8709
-12.75,7.25,0,-502395.0007
-12.75,6.75,0,18738.70889
-12.75,6.25,0,-1176570.977
-12.75,5.75,0,-792334.6358
-12.75,5.25,0,-233396.2809
-12.75,4.75,0,232661.4457
-12.75,4.25,0,655802.5298
-12.75,3.75,0,1542856.089
-12.75,3.25,0,-493062.4492
-12.75,2.75,0,-1860131.559
-12.75,2.25,0,1124041.452
-12.75,1.75,0,636169.003
-12.75,1.25,0,815322.7027
-12.75,0.75,0,647411.2556
-12.75,0.25,0,837075.5143
-12.75,-0.25,0,-3.10E+05
-12.75,-0.75,0,-324585.1072
-12.75,-1.25,0,-98343.54989
-12.75,-1.75,0,-687682.9026
-12.75,-2.25,0,-115774.1796
-12.75,-2.75,0,831193.9325
-12.75,-3.25,0,-51393.59748
-12.75,-3.75,0,483491.6495
-12.75,-4.25,0,-48976.19374
-12.75,-4.75,0,-803566.0736
-12.75,-5.25,0,724143.6432
-12.75,-5.75,0,-356146.6078
-12.75,-6.25,0,-798695.1587
-12.75,-6.75,0,-781782.0647
-12.75,-7.25,0,387522.6313
-12.75,-7.75,0,-787532.4923
-12.75,-8.25,0,853968.4709
-12.75,-8.75,0,-9610.096439
-12.75,-9.25,0,-71421.5692
-12.75,-9.75,0,35752.48137
-12.75,-10.25,0,636478.566
-12.75,-10.75,0,-700235.6968
-12.75,-11.25,0,-11862.04871
-12.75,-11.75,0,1000548.657
-12.75,-12.25,0,285793.8751
-12.75,-12.75,0,44362.76895
-12.75,-13.25,0,110339.6771
-12.75,-13.75,0,-824905.6755
-12.75,-14.25,0,-97853.14681
-12.75,-14.75,0,496419.9944
-12.25,14.75,0,1118457.748
-12.25,14.25,0,-325932.2636
-12.25,13.75,0,-525342.557
-12.25,13.25,0,-501931.4955
-12.25,12.75,0,-353.2118467
-12.25,12.25,0,788228.5544
-12.25,11.75,0,267845.4891
-12.25,11.25,0,475315.9256
-12.25,10.75,0,-922465.552
-12.25,10.25,0,-152066.382
-12.25,9.75,0,805040.3544
-12.25,9.25,0,-412444.4727
-12.25,8.75,0,110295.5813
-12.25,8.25,0,-746760.9131
-12.25,7.75,0,-956272.3576
-12.25,7.25,0,9337.814934
-12.25,6.75,0,-187944.9291
-12.25,6.25,0,1254056.321
-12.25,5.75,0,337604.6361
-12.25,5.25,0,-179018.5568
-12.25,4.75,0,-422300.0541
-12.25,4.25,0,147436.7313
-12.25,3.75,0,79598.80322
-12.25,3.25,0,956411.9998
-12.25,2.75,0,1102596.232
-12.25,2.25,0,254895.1255
-12.25,1.75,0,821526.333
-12.25,1.25,0,-289670.3832
-12.25,0.75,0,610922.1433
-12.25,0.25,0,-136400.7617
-12.25,-0.25,0,-1.04E+06
-12.25,-0.75,0,-437162.8641
-12.25,-1.25,0,635876.8791
-12.25,-1.75,0,637527.6026
-12.25,-2.25,0,323784.9034
-12.25,-2.75,0,-715616.098
-12.25,-3.25,0,584259.5157
-12.25,-3.75,0,-296155.0108
-12.25,-4.25,0,138416.6815
-12.25,-4.75,0,-609044.5371
-12.25,-5.25,0,301191.6646
-12.25,-5.75,0,531311.3252
-12.25,-6.25,0,208806.8936
-12.25,-6.75,0,233080.9443
-12.25,-7.25,0,1115100.847
-12.25,-7.75,0,-39064.23096
-12.25,-8.25,0,-790829.5071
-12.25,-8.75,0,330618.4997
-12.25,-9.25,0,1156604.186
-12.25,-9.75,0,935580.0015
-12.25,-10.25,0,1491183.973
-12.25,-10.75,0,-305861.8989
-12.25,-11.25,0,-678941.9851
-12.25,-11.75,0,303027.9049
-12.25,-12.25,0,469760.162
-12.25,-12.75,0,-1108841.07
-12.25,-13.25,0,272397.7832
-12.25,-13.75,0,490433.6571
-12.25,-14.25,0,422105.9697
-12.25,-14.75,0,232250.8393
-11.75,14.75,0,-136817.2995
-11.75,14.25,0,658739.7739
-11.75,13.75,0,-338849.584
-11.75,13.25,0,348816.2865
-11.75,12.75,0,-149526.3708
-11.75,12.25,0,-159875.1606
-11.75,11.75,0,-287124.3816
-11.75,11.25,0,-673986.322
-11.75,10.75,0,680744.3649
-11.75,10.25,0,-597883.978
-11.75,9.75,0,-450313.1071
-11.75,9.25,0,-1091241.442
-11.75,8.75,0,-559302.0262
-11.75,8.25,0,-378185.8926
-11.75,7.75,0,302263.477
-11.75,7.25,0,-280234.4398
-11.75,6.75,0,1156261.521
-11.75,6.25,0,463296.2136
-11.75,5.75,0,-1023427.79
-11.75,5.25,0,925858.9417
-11.75,4.75,0,-947233.7518
-11.75,4.25,0,283100.9157
-11.75,3.75,0,280045.8275
-11.75,3.25,0,698165.1718
-11.75,2.75,0,-314810.9429
-11.75,2.25,0,-760510.0185
-11.75,1.75,0,-415573.3396
-11.75,1.25,0,-62834.44409
-11.75,0.75,0,-508949.5523
-11.75,0.25,0,-127979.3551
-11.75,-0.25,0,-1.63E+06
-11.75,-0.75,0,63647.89148
-11.75,-1.25,0,-657138.9601
-11.75,-1.75,0,48290.36887
-11.75,-2.25,0,-892973.2849
-11.75,-2.75,0,-204367.3395
-11.75,-3.25,0,362618.705
-11.75,-3.75,0,577098.3604
-11.75,-4.25,0,-929324.7276
-11.75,-4.75,0,-529917.9206
-11.75,-5.25,0,313370.2816
-11.75,-5.75,0,-308857.5747
-11.75,-6.25,0,-85841.6214
-11.75,-6.75,0,996475.2816
-11.75,-7.25,0,-350972.3434
-11.75,-7.75,0,-282654.6033
-11.75,-8.25,0,872004.586
-11.75,-8.75,0,-883672.8635
-11.75,-9.25,0,-960678.6796
-11.75,-9.75,0,29591.14156
-11.75,-10.25,0,1077397.456
-11.75,-10.75,0,-1136225.439
-11.75,-11.25,0,-120942.5152
-11.75,-11.75,0,759089.1076
-11.75,-12.25,0,1534458.478
-11.75,-12.75,0,-451094.2359
-11.75,-13.25,0,-126071.2479
-11.75,-13.75,0,818785.6288
-11.75,-14.25,0,-159594.7434
-11.75,-14.75,0,227153.247
-11.25,14.75,0,-469055.5533
-11.25,14.25,0,-285213.5151
-11.25,13.75,0,-172529.7437
-11.25,13.25,0,55806.32721
-11.25,12.75,0,-198211.86
-11.25,12.25,0,354368.9
-11.25,11.75,0,-53071.26227
-11.25,11.25,0,-138444.6089
-11.25,10.75,0,-367145.2196
-11.25,10.25,0,1222531.012
-11.25,9.75,0,-1233638.081
-11.25,9.25,0,-29653.17518
-11.25,8.75,0,496427.8809
-11.25,8.25,0,184762.3307
-11.25,7.75,0,-875841.7396
-11.25,7.25,0,-175197.9202
-11.25,6.75,0,-722962.2146
-11.25,6.25,0,1329758.579
-11.25,5.75,0,1319679.213
-11.25,5.25,0,-66821.83473
-11.25,4.75,0,270427.0177
-11.25,4.25,0,-426689.464
-11.25,3.75,0,370939.8625
-11.25,3.25,0,-473585.6836
-11.25,2.75,0,1033210.051
-11.25,2.25,0,-210882.0968
-11.25,1.75,0,1297765.555
-11.25,1.25,0,1347101.456
-11.25,0.75,0,524545.6191
-11.25,0.25,0,60706.32185
-11.25,-0.25,0,4.08E+05
-11.25,-0.75,0,-380347.655
-11.25,-1.25,0,-1362997.014
-11.25,-1.75,0,-12993.62672
-11.25,-2.25,0,-382131.0629
-11.25,-2.75,0,957660.5185
-11.25,-3.25,0,47458.82703
-11.25,-3.75,0,736728.0955
-11.25,-4.25,0,296525.2087
-11.25,-4.75,0,54266.75761
-11.25,-5.25,0,-2123425.795
-11.25,-5.75,0,-1162740.251
-11.25,-6.25,0,279211.4152
-11.25,-6.75,0,1063531.322
-11.25,-7.25,0,409093.1557
-11.25,-7.75,0,582869.426
-11.25,-8.25,0,-492328.6344
-11.25,-8.75,0,83989.98873
-11.25,-9.25,0,33103.98227
-11.25,-9.75,0,288841.2466
-11.25,-10.25,0,5335.34258
-11.25,-10.75,0,-347286.1344
-11.25,-11.25,0,-1739528.539
-11.25,-11.75,0,-2176006.384
-11.25,-12.25,0,-10600.15357
-11.25,-12.75,0,-916640.0391
-11.25,-13.25,0,1200382.769
-11.25,-13.75,0,-445092.0249
-11.25,-14.25,0,-140362.4595
-11.25,-14.75,0,-672802.2076
-10.75,14.75,0,400239.3721
-10.75,14.25,0,-183321.6191
-10.75,13.75,0,-410955.6174
-10.75,13.25,0,591244.3397
-10.75,12.75,0,1119932.61
-10.75,12.25,0,-192740.4325
-10.75,11.75,0,-336938.0102
-10.75,11.25,0,-441285.1613
-10.75,10.75,0,1233382.042
-10.75,10.25,0,-787138.2756
-10.75,9.75,0,234042.7067
-10.75,9.25,0,-559839.972
-10.75,8.75,0,-326449.3237
-10.75,8.25,0,1133819.949
-10.75,7.75,0,-1635759.989
-10.75,7.25,0,930051.0222
-10.75,6.75,0,-96721.15214
-10.75,6.25,0,-1159644.116
-10.75,5.75,0,566991.7487
-10.75,5.25,0,1383686.959
-10.75,4.75,0,108170.2055
-10.75,4.25,0,-14903.15061
-10.75,3.75,0,-589570.8954
-10.75,3.25,0,-327567.322
-10.75,2.75,0,146117.2565
-10.75,2.25,0,1143746.61
-10.75,1.75,0,-178114.8192
-10.75,1.25,0,815677.9812
-10.75,0.75,0,950226.3189
-10.75,0.25,0,683902.202
-10.75,-0.25,0,-4.34E+01
-10.75,-0.75,0,934480.7616
-10.75,-1.25,0,-1496947.544
-10.75,-1.75,0,-281067.1932
-10.75,-2.25,0,-518355.2639
-10.75,-2.75,0,217284.8504
-10.75,-3.25,0,-156997.9167
-10.75,-3.75,0,-576620.1722
-10.75,-4.25,0,1995653.365
-10.75,-4.75,0,496102.6924
-10.75,-5.25,0,-487017.8227
-10.75,-5.75,0,935707.0158
-10.75,-6.25,0,297448.231
-10.75,-6.75,0,-120052.7083
-10.75,-7.25,0,-717235.898
-10.75,-7.75,0,-796083.2357
-10.75,-8.25,0,-954976.8473
-10.75,-8.75,0,533942.0776
-10.75,-9.25,0,-674533.9096
-10.75,-9.75,0,-237692.9664
-10.75,-10.25,0,699704.6288
-10.75,-10.75,0,632487.5774
-10.75,-11.25,0,-147831.5861
-10.75,-11.75,0,285973.693
-10.75,-12.25,0,1594748.463
-10.75,-12.75,0,289430.9512
-10.75,-13.25,0,840988.5103
-10.75,-13.75,0,-1067208.942
-10.75,-14.25,0,331323.758
-10.75,-14.75,0,729392.2991
-10.25,14.75,0,-752478.1276
-10.25,14.25,0,-1052420.59
-10.25,13.75,0,-1195130.365
-10.25,13.25,0,-812312.8047
-10.25,12.75,0,1074957.168
-10.25,12.25,0,999974.0644
-10.25,11.75,0,-98264.97543
-10.25,11.25,0,-960013.6368
-10.25,10.75,0,-406277.2923
-10.25,10.25,0,-1283809.847
-10.25,9.75,0,-1199577.789
-10.25,9.25,0,633385.1109
-10.25,8.75,0,-104313.3936
-10.25,8.25,0,61803.17962
-10.25,7.75,0,-664907.0417
-10.25,7.25,0,483992.5202
-10.25,6.75,0,545016.2265
-10.25,6.25,0,-172647.0436
-10.25,5.75,0,-82669.13199
-10.25,5.25,0,-176662.748
-10.25,4.75,0,93429.45378
-10.25,4.25,0,-675995.7329
-10.25,3.75,0,-109352.3999
-10.25,3.25,0,-1901866.024
-10.25,2.75,0,875984.8889
-10.25,2.25,0,-241985.802
-10.25,1.75,0,710781.7942
-10.25,1.25,0,-457068.6897
-10.25,0.75,0,-1090949.829
-10.25,0.25,0,544721.6707
-10.25,-0.25,0,1.04E+06
-10.25,-0.75,0,-594542.8871
-10.25,-1.25,0,-34957.08924
-10.25,-1.75,0,-707336.7879
-10.25,-2.25,0,-1829233.619
-10.25,-2.75,0,-482042.7254
-10.25,-3.25,0,1858304.956
-10.25,-3.75,0,-47103.43853
-10.25,-4.25,0,-442052.0686
-10.25,-4.75,0,454754.4254
-10.25,-5.25,0,-116310.4775
-10.25,-5.75,0,522273.836
-10.25,-6.25,0,723180.3397
-10.25,-6.75,0,637511.2701
-10.25,-7.25,0,1100093.65
-10.25,-7.75,0,808593.7597
-10.25,-8.25,0,-1005519.854
-10.25,-8.75,0,10017.41028
-10.25,-9.25,0,-306391.6308
-10.25,-9.75,0,1006813.021
-10.25,-10.25,0,183514.2388
-10.25,-10.75,0,482087.8537
-10.25,-11.25,0,-1255638.198
-10.25,-11.75,0,259249.8885
-10.25,-12.25,0,-194935.0756
-10.25,-12.75,0,-195489.4112
-10.25,-13.25,0,-919728.2756
-10.25,-13.75,0,464610.2638
-10.25,-14.25,0,1869606.252
-10.25,-14.75,0,1027852.16
-9.75,14.75,0,235842.6035
-9.75,14.25,0,-257989.4815
-9.75,13.75,0,-762539.3519
-9.75,13.25,0,-788335.6651
-9.75,12.75,0,30383.64878
-9.75,12.25,0,-27773.43181
-9.75,11.75,0,-1254533.631
-9.75,11.25,0,-118033.1223
-9.75,10.75,0,-1173072.958
-9.75,10.25,0,747646.596
-9.75,9.75,0,-91276.10148
-9.75,9.25,0,821255.8681
-9.75,8.75,0,131360.0342
-9.75,8.25,0,738828.7137
-9.75,7.75,0,318554.9536
-9.75,7.25,0,-2658.020792
-9.75,6.75,0,263145.755
-9.75,6.25,0,1473639.394
-9.75,5.75,0,-2097364.125
-9.75,5.25,0,-918000.2365
-9.75,4.75,0,-302647.4278
-9.75,4.25,0,614325.9115
-9.75,3.75,0,776957.1632
-9.75,3.25,0,-1514388.704
-9.75,2.75,0,732273.0026
-9.75,2.25,0,-569261.6778
-9.75,1.75,0,429169.4904
-9.75,1.25,0,-15388.6104
-9.75,0.75,0,-497333.321
-9.75,0.25,0,-6749.515963
-9.75,-0.25,0,9.59E+05
-9.75,-0.75,0,-513462.8565
-9.75,-1.25,0,879221.9894
-9.75,-1.75,0,285697.5786
-9.75,-2.25,0,269350.3076
-9.75,-2.75,0,361202.61
-9.75,-3.25,0,-269793.8692
-9.75,-3.75,0,83626.6569
-9.75,-4.25,0,-49769.88344
-9.75,-4.75,0,-470746.0235
-9.75,-5.25,0,-703065.0881
-9.75,-5.75,0,345250.3307
-9.75,-6.25,0,483948.4953
-9.75,-6.75,0,-440640.941
-9.75,-7.25,0,-417692.4899
-9.75,-7.75,0,18086.39955
-9.75,-8.25,0,-363432.7398
-9.75,-8.75,0,790107.5157
-9.75,-9.25,0,-21665.56684
-9.75,-9.75,0,-876029.9031
-9.75,-10.25,0,903512.7217
-9.75,-10.75,0,-996127.2349
-9.75,-11.25,0,-251171.3799
-9.75,-11.75,0,555494.7446
-9.75,-12.25,0,512800.529
-9.75,-12.75,0,-832978.2828
-9.75,-13.25,0,109888.9048
-9.75,-13.75,0,-163095.5925
-9.75,-14.25,0,-510799.4804
-9.75,-14.75,0,-33554.86649
-9.25,14.75,0,414822.3936
-9.25,14.25,0,1287256.546
-9.25,13.75,0,-528149.9862
-9.25,13.25,0,351479.8898
-9.25,12.75,0,-226955.1448
-9.25,12.25,0,-1281036.916
-9.25,11.75,0,-797902.4852
-9.25,11.25,0,27098.79378
-9.25,10.75,0,169994.9712
-9.25,10.25,0,787258.9985
-9.25,9.75,0,697658.3653
-9.25,9.25,0,-493851.5353
-9.25,8.75,0,-358925.4099
-9.25,8.25,0,-250502.5675
-9.25,7.75,0,-172079.5129
-9.25,7.25,0,81020.21063
-9.25,6.75,0,150053.6595
-9.25,6.25,0,-49130.78089
-9.25,5.75,0,-95406.73343
-9.25,5.25,0,934998.1453
-9.25,4.75,0,263233.6478
-9.25,4.25,0,989249.3144
-9.25,3.75,0,309968.9818
-9.25,3.25,0,-466134.5497
-9.25,2.75,0,890104.5845
-9.25,2.25,0,-808098.443
-9.25,1.75,0,1857694.393
-9.25,1.25,0,-374000.8943
-9.25,0.75,0,697908.7402
-9.25,0.25,0,321131.4938
-9.25,-0.25,0,7.57E+05
-9.25,-0.75,0,265358.1946
-9.25,-1.25,0,-346012.3387
-9.25,-1.75,0,104755.9115
-9.25,-2.25,0,-211397.181
-9.25,-2.75,0,-179520.6957
-9.25,-3.25,0,457016.663
-9.25,-3.75,0,755332.213
-9.25,-4.25,0,531824.0796
-9.25,-4.75,0,-1050775.95
-9.25,-5.25,0,-961807.5719
-9.25,-5.75,0,-669755.091
-9.25,-6.25,0,767522.2885
-9.25,-6.75,0,1613356.77
-9.25,-7.25,0,589495.0787
-9.25,-7.75,0,-107274.4402
-9.25,-8.25,0,-225871.506
-9.25,-8.75,0,-705545.0857
-9.25,-9.25,0,-1708315.765
-9.25,-9.75,0,-435908.5635
-9.25,-10.25,0,1011623.616
-9.25,-10.75,0,622431.7152
-9.25,-11.25,0,1142913.012
-9.25,-11.75,0,1592476.325
-9.25,-12.25,0,562810.2839
-9.25,-12.75,0,-1130072.651
-9.25,-13.25,0,-1224577.911
-9.25,-13.75,0,1298912.89
-9.25,-14.25,0,487938.7402
-9.25,-14.75,0,600680.5433
-8.75,14.75,0,846321.9366
-8.75,14.25,0,88671.02277
-8.75,13.75,0,736510.1292
-8.75,13.25,0,911061.1436
-8.75,12.75,0,-437582.1058
-8.75,12.25,0,-707834.2733
-8.75,11.75,0,-210368.1898
-8.75,11.25,0,-479603.9351
-8.75,10.75,0,-473483.3573
-8.75,10.25,0,-1939451.294
-8.75,9.75,0,7882.719556
-8.75,9.25,0,-420065.953
-8.75,8.75,0,-597653.0128
-8.75,8.25,0,688573.6991
-8.75,7.75,0,-253831.2303
-8.75,7.25,0,-323753.4882
-8.75,6.75,0,820296.703
-8.75,6.25,0,384654.4668
-8.75,5.75,0,889443.767
-8.75,5.25,0,502461.8906
-8.75,4.75,0,-713821.6327
-8.75,4.25,0,607369.5426
-8.75,3.75,0,614263.1876
-8.75,3.25,0,662564.931
-8.75,2.75,0,521481.4452
-8.75,2.25,0,941623.6897
-8.75,1.75,0,300997.047
-8.75,1.25,0,108592.3284
-8.75,0.75,0,-771212.2908
-8.75,0.25,0,1260400.411
-8.75,-0.25,0,-1.95E+05
-8.75,-0.75,0,-198169.1958
-8.75,-1.25,0,-117369.0573
-8.75,-1.75,0,-858721.485
-8.75,-2.25,0,1366503.424
-8.75,-2.75,0,731706.4995
-8.75,-3.25,0,1340362.863
-8.75,-3.75,0,887739.2895
-8.75,-4.25,0,863784.5767
-8.75,-4.75,0,-952691.7579
-8.75,-5.25,0,251201.7137
-8.75,-5.75,0,1165931.241
-8.75,-6.25,0,-1600025.432
-8.75,-6.75,0,-236176.4076
-8.75,-7.25,0,-56818.02579
-8.75,-7.75,0,-1194520.05
-8.75,-8.25,0,1033365.719
-8.75,-8.75,0,-1020008.637
-8.75,-9.25,0,-755640.9185
-8.75,-9.75,0,-298771.6613
-8.75,-10.25,0,-868428.4514
-8.75,-10.75,0,-984483.9685
-8.75,-11.25,0,1190544.218
-8.75,-11.75,0,266230.329
-8.75,-12.25,0,806814.1562
-8.75,-12.75,0,-495777.9234
-8.75,-13.25,0,1209823.344
-8.75,-13.75,0,243656.3511
-8.75,-14.25,0,1005820.216
-8.75,-14.75,0,-612084.7786
-8.25,14.75,0,299523.1997
-8.25,14.25,0,-104556.8457
-8.25,13.75,0,-522009.8357
-8.25,13.25,0,919192.5133
-8.25,12.75,0,638536.8298
-8.25,12.25,0,128161.1693
-8.25,11.75,0,672191.3782
-8.25,11.25,0,-695509.2882
-8.25,10.75,0,-287313.8665
-8.25,10.25,0,82920.50655
-8.25,9.75,0,-213869.0169
-8.25,9.25,0,-1066922.639
-8.25,8.75,0,549024.6878
-8.25,8.25,0,814940.7625
-8.25,7.75,0,583677.1137
-8.25,7.25,0,375706.659
-8.25,6.75,0,1191863.798
-8.25,6.25,0,460515.3156
-8.25,5.75,0,1791640.867
-8.25,5.25,0,2569846.336
-8.25,4.75,0,2670286.254
-8.25,4.25,0,1140452.973
-8.25,3.75,0,501141.1775
-8.25,3.25,0,410278.5285
-8.25,2.75,0,1791431.378
-8.25,2.25,0,2065949.346
-8.25,1.75,0,1743962.174
-8.25,1.25,0,662116.6959
-8.25,0.75,0,621986.6679
-8.25,0.25,0,2587684.387
-8.25,-0.25,0,1.25E+06
-8.25,-0.75,0,1536410.487
-8.25,-1.25,0,2804373.111
-8.25,-1.75,0,1692139.949
-8.25,-2.25,0,433209.5208
-8.25,-2.75,0,352686.7691
-8.25,-3.25,0,2176981.443
-8.25,-3.75,0,1262804.934
-8.25,-4.25,0,1260373.514
-8.25,-4.75,0,1397471.914
-8.25,-5.25,0,2551405.56
-8.25,-5.75,0,1044616.493
-8.25,-6.25,0,-869899.2172
-8.25,-6.75,0,935437.243
-8.25,-7.25,0,474910.8528
-8.25,-7.75,0,-613917.8639
-8.25,-8.25,0,-1014622.762
-8.25,-8.75,0,-871732.6702
-8.25,-9.25,0,-515188.3339
-8.25,-9.75,0,1568441.705
-8.25,-10.25,0,-101033.2009
-8.25,-10.75,0,-130485.915
-8.25,-11.25,0,-79641.16841
-8.25,-11.75,0,-617582.2209
-8.25,-12.25,0,1165140.479
-8.25,-12.75,0,218186.5891
-8.25,-13.25,0,168323.3039
-8.25,-13.75,0,-820245.6004
-8.25,-14.25,0,-280005.3501
-8.25,-14.75,0,-53174.80337
-7.75,14.75,0,-148779.111
-7.75,14.25,0,-360257.5174
-7.75,13.75,0,550629.5536
-7.75,13.25,0,470760.5005
-7.75,12.75,0,-999340.6591
-7.75,12.25,0,686442.1145
-7.75,11.75,0,-443238.113
-7.75,11.25,0,-536934.2974
-7.75,10.75,0,-518243.5213
-7.75,10.25,0,794854.9344
-7.75,9.75,0,312909.5633
-7.75,9.25,0,-779967.0601
-7.75,8.75,0,-438830.4493
-7.75,8.25,0,1089442.831
-7.75,7.75,0,664840.2902
-7.75,7.25,0,1764691.217
-7.75,6.75,0,2574684.951
-7.75,6.25,0,2325570.124
-7.75,5.75,0,2528604.038
-7.75,5.25,0,2456943.797
-7.75,4.75,0,2759414.176
-7.75,4.25,0,3077086.204
-7.75,3.75,0,3658452.96
-7.75,3.25,0,2909187.15
-7.75,2.75,0,2347428
-7.75,2.25,0,2878294.179
-7.75,1.75,0,605238.0746
-7.75,1.25,0,573499.3702
-7.75,0.75,0,3137743.318
-7.75,0.25,0,2644456.517
-7.75,-0.25,0,3.25E+06
-7.75,-0.75,0,1903957.234
-7.75,-1.25,0,2301167.906
-7.75,-1.75,0,3625974.771
-7.75,-2.25,0,3640685.096
-7.75,-2.75,0,1602582.167
-7.75,-3.25,0,1811266.607
-7.75,-3.75,0,3879054.777
-7.75,-4.25,0,3799818.116
-7.75,-4.75,0,4530179.804
-7.75,-5.25,0,3076452.445
-7.75,-5.75,0,3270301.534
-7.75,-6.25,0,2197853.61
-7.75,-6.75,0,1948959.726
-7.75,-7.25,0,1412644.464
-7.75,-7.75,0,-480337.2784
-7.75,-8.25,0,1008894.94
-7.75,-8.75,0,133423.8517
-7.75,-9.25,0,276707.5279
-7.75,-9.75,0,554019.2239
-7.75,-10.25,0,501301.183
-7.75,-10.75,0,-1639598.46
-7.75,-11.25,0,-648943.8047
-7.75,-11.75,0,155523.7564
-7.75,-12.25,0,287845.0228
-7.75,-12.75,0,116198.7291
-7.75,-13.25,0,-836959.0172
-7.75,-13.75,0,60888.58056
-7.75,-14.25,0,-676634.8868
-7.75,-14.75,0,1204216.693
-7.25,14.75,0,511099.9293
-7.25,14.25,0,-77230.07466
-7.25,13.75,0,606408.4567
-7.25,13.25,0,76301.7759
-7.25,12.75,0,-253368.6377
-7.25,12.25,0,-525892.412
-7.25,11.75,0,-805088.5829
-7.25,11.25,0,-388037.8627
-7.25,10.75,0,604187.2079
-7.25,10.25,0,-1379988.304
-7.25,9.75,0,476946.0579
-7.25,9.25,0,-1616028.062
-7.25,8.75,0,221660.7812
-7.25,8.25,0,249194.4334
-7.25,7.75,0,1777628.638
-7.25,7.25,0,2603137.575
-7.25,6.75,0,5971466.034
-7.25,6.25,0,5834102.621
-7.25,5.75,0,6375451.3
-7.25,5.25,0,6551432.767
-7.25,4.75,0,6928608.616
-7.25,4.25,0,5868036.308
-7.25,3.75,0,6836015.854
-7.25,3.25,0,6548009.296
-7.25,2.75,0,8421809.996
-7.25,2.25,0,7741284.636
-7.25,1.75,0,6637034.702
-7.25,1.25,0,7326245.039
-7.25,0.75,0,5360613.5
-7.25,0.25,0,7643952.141
-7.25,-0.25,0,6.64E+06
-7.25,-0.75,0,6029419.599
-7.25,-1.25,0,8129295.847
-7.25,-1.75,0,6799006.204
-7.25,-2.25,0,6202742.199
-7.25,-2.75,0,7602854.801
-7.25,-3.25,0,7481814.642
-7.25,-3.75,0,6254839.372
-7.25,-4.25,0,7299638.38
-7.25,-4.75,0,6206664.19
-7.25,-5.25,0,6546882.839
-7.25,-5.75,0,4822497.45
-7.25,-6.25,0,5047657.062
-7.25,-6.75,0,4484767.48
-7.25,-7.25,0,3044709.666
-7.25,-7.75,0,881006.0539
-7.25,-8.25,0,1026659.229
-7.25,-8.75,0,210167.4508
-7.25,-9.25,0,-482151.4821
-7.25,-9.75,0,959781.0556
-7.25,-10.25,0,950853.5903
-7.25,-10.75,0,277441.4076
-7.25,-11.25,0,1381329.394
-7.25,-11.75,0,17585.41362
-7.25,-12.25,0,1088330.475
-7.25,-12.75,0,151962.0846
-7.25,-13.25,0,649688.9278
-7.25,-13.75,0,930148.3345
-7.25,-14.25,0,520087.6164
-7.25,-14.75,0,570912.4573
-6.75,14.75,0,1309630.222
-6.75,14.25,0,-773921.7792
-6.75,13.75,0,753472.2016
-6.75,13.25,0,161282.293
-6.75,12.75,0,809326.0836
-6.75,12.25,0,1526229.143
-6.75,11.75,0,-34960.59676
-6.75,11.25,0,851008.9137
-6.75,10.75,0,958339.1279
-6.75,10.25,0,-13366.1201
-6.75,9.75,0,-806250.3558
-6.75,9.25,0,571018.4847
-6.75,8.75,0,501651.5265
-6.75,8.25,0,-370913.4161
-6.75,7.75,0,1849812.943
-6.75,7.25,0,4366911.087
-6.75,6.75,0,12719847.88
-6.75,6.25,0,13332012.36
-6.75,5.75,0,15422393.86
-6.75,5.25,0,14480598.41
-6.75,4.75,0,16216062.51
-6.75,4.25,0,16191324.8
-6.75,3.75,0,15684912.04
-6.75,3.25,0,15292920.19
-6.75,2.75,0,15050601.78
-6.75,2.25,0,16252915.63
-6.75,1.75,0,14695860.22
-6.75,1.25,0,17057016.62
-6.75,0.75,0,15214113.39
-6.75,0.25,0,15388950.96
-6.75,-0.25,0,1.70E+07
-6.75,-0.75,0,16943952.75
-6.75,-1.25,0,15534624.93
-6.75,-1.75,0,16707140.36
-6.75,-2.25,0,15540423.27
-6.75,-2.75,0,17116374.62
-6.75,-3.25,0,16873984.38
-6.75,-3.75,0,15605629.73
-6.75,-4.25,0,16265203.07
-6.75,-4.75,0,15988003.92
-6.75,-5.25,0,16386394.34
-6.75,-5.75,0,15454535.47
-6.75,-6.25,0,14026070.76
-6.75,-6.75,0,12558663.21
-6.75,-7.25,0,4604764.348
-6.75,-7.75,0,1106694.008
-6.75,-8.25,0,-19657.85328
-6.75,-8.75,0,-908262.6381
-6.75,-9.25,0,1019499.311
-6.75,-9.75,0,71798.43161
-6.75,-10.25,0,-297360.7864
-6.75,-10.75,0,699948.857
-6.75,-11.25,0,246399.1547
-6.75,-11.75,0,-1179582.579
-6.75,-12.25,0,489340.6606
-6.75,-12.75,0,754400.9613
-6.75,-13.25,0,108093.2576
-6.75,-13.75,0,-162.9435103
-6.75,-14.25,0,-681605.7525
-6.75,-14.75,0,606938.6338
-6.25,14.75,0,-1111894.858
-6.25,14.25,0,-254966.673
-6.25,13.75,0,-1012397.83
-6.25,13.25,0,-1951713.578
-6.25,12.75,0,193644.8313
-6.25,12.25,0,-1247183.388
-6.25,11.75,0,116852.823
-6.25,11.25,0,1302961.348
-6.25,10.75,0,-1129722.28
-6.25,10.25,0,304801.8126
-6.25,9.75,0,-120698.1073
-6.25,9.25,0,-551407.4943
-6.25,8.75,0,1096277.228
-6.25,8.25,0,2270214.438
-6.25,7.75,0,1868779.099
-6.25,7.25,0,5741450.304
-6.25,6.75,0,13968894.17
-6.25,6.25,0,18497281.93
-6.25,5.75,0,19081345.67
-6.25,5.25,0,19760979.12
-6.25,4.75,0,20814156.06
-6.25,4.25,0,20786629.26
-6.25,3.75,0,19818819.77
-6.25,3.25,0,19537282.04
-6.25,2.75,0,21575406.87
-6.25,2.25,0,20196924.88
-6.25,1.75,0,18966322.31
-6.25,1.25,0,19937587.47
-6.25,0.75,0,20227822.68
-6.25,0.25,0,20738216.06
-6.25,-0.25,0,1.99E+07
-6.25,-0.75,0,18862082.49
-6.25,-1.25,0,21167018.07
-6.25,-1.75,0,21265310.45
-6.25,-2.25,0,22019603.23
-6.25,-2.75,0,20600576.17
-6.25,-3.25,0,20412087.38
-6.25,-3.75,0,20085363.58
-6.25,-4.25,0,20849797.73
-6.25,-4.75,0,20459720.78
-6.25,-5.25,0,19366368.77
-6.25,-5.75,0,18964860.08
-6.25,-6.25,0,16688786.74
-6.25,-6.75,0,13532104.08
-6.25,-7.25,0,6137365.943
-6.25,-7.75,0,988002.2168
-6.25,-8.25,0,983772.9175
-6.25,-8.75,0,1819890.19
-6.25,-9.25,0,832322.3596
-6.25,-9.75,0,360071.1063
-6.25,-10.25,0,460871.7358
-6.25,-10.75,0,266468.2084
-6.25,-11.25,0,-202971.0817
-6.25,-11.75,0,-1225762.199
-6.25,-12.25,0,-154166.9194
-6.25,-12.75,0,942833.5838
-6.25,-13.25,0,116294.2881
-6.25,-13.75,0,-1021142.331
-6.25,-14.25,0,-710804.1324
-6.25,-14.75,0,-698890.4984
-5.75,14.75,0,1977541.833
-5.75,14.25,0,-381987.6476
-5.75,13.75,0,997141.5709
-5.75,13.25,0,-801550.0027
-5.75,12.75,0,227319.9626
-5.75,12.25,0,-966207.2748
-5.75,11.75,0,538466.3011
-5.75,11.25,0,-511569.3033
-5.75,10.75,0,-539049.5539
-5.75,10.25,0,952863.1291
-5.75,9.75,0,-193618.195
-5.75,9.25,0,-676494.1786
-5.75,8.75,0,574431.2557
-5.75,8.25,0,533260.1616
-5.75,7.75,0,3858879.799
-5.75,7.25,0,5968095.216
-5.75,6.75,0,15141597.43
-5.75,6.25,0,17960760.79
-5.75,5.75,0,22328260
-5.75,5.25,0,21337583.78
-5.75,4.75,0,21388263.24
-5.75,4.25,0,20501100.05
-5.75,3.75,0,21893794.85
-5.75,3.25,0,23257447.2
-5.75,2.75,0,22706596.94
-5.75,2.25,0,23456664.53
-5.75,1.75,0,21484372.8
-5.75,1.25,0,23275956.16
-5.75,0.75,0,22116692.32
-5.75,0.25,0,22915751.9
-5.75,-0.25,0,2.39E+07
-5.75,-0.75,0,23305036.91
-5.75,-1.25,0,22997827.83
-5.75,-1.75,0,23377759.11
-5.75,-2.25,0,22866803.1
-5.75,-2.75,0,23666724.9
-5.75,-3.25,0,22206893.65
-5.75,-3.75,0,21422432.93
-5.75,-4.25,0,22385861.72
-5.75,-4.75,0,21279383.95
-5.75,-5.25,0,21013652.13
-5.75,-5.75,0,20369437.6
-5.75,-6.25,0,19241527.93
-5.75,-6.75,0,16063654.44
-5.75,-7.25,0,7038879.521
-5.75,-7.75,0,3494264.745
-5.75,-8.25,0,2334337.651
-5.75,-8.75,0,-506059.4419
-5.75,-9.25,0,646727.2849
-5.75,-9.75,0,313392.4553
-5.75,-10.25,0,-1644517.771
-5.75,-10.75,0,918228.1457
-5.75,-11.25,0,-503587.3809
-5.75,-11.75,0,-254462.8256
-5.75,-12.25,0,-439067.8363
-5.75,-12.75,0,-630490.5676
-5.75,-13.25,0,-155503.5094
-5.75,-13.75,0,1793336.249
-5.75,-14.25,0,-327419.6242
-5.75,-14.75,0,77576.60462
-5.25,14.75,0,549013.0887
-5.25,14.25,0,66768.57001
-5.25,13.75,0,-292198.0478
-5.25,13.25,0,-30960.5734
-5.25,12.75,0,423403.3837
-5.25,12.25,0,897407.8398
-5.25,11.75,0,472434.9905
-5.25,11.25,0,1330539.581
-5.25,10.75,0,194582.241
-5.25,10.25,0,-646968.2709
-5.25,9.75,0,366153.394
-5.25,9.25,0,641610.1103
-5.25,8.75,0,450951.4854
-5.25,8.25,0,1515361.186
-5.25,7.75,0,3490455.685
-5.25,7.25,0,5367888.095
-5.25,6.75,0,15528723.64
-5.25,6.25,0,19698535.2
-5.25,5.75,0,21866472.31
-5.25,5.25,0,21682914.43
-5.25,4.75,0,23893992.04
-5.25,4.25,0,23847946.89
-5.25,3.75,0,25642418.27
-5.25,3.25,0,24474120.53
-5.25,2.75,0,25978852.48
-5.25,2.25,0,24934055.89
-5.25,1.75,0,25099058.12
-5.25,1.25,0,25088297.39
-5.25,0.75,0,25562547.52
-5.25,0.25,0,25134505.88
-5.25,-0.25,0,2.51E+07
-5.25,-0.75,0,26087643.55
-5.25,-1.25,0,24690119.42
-5.25,-1.75,0,26272028.14
-5.25,-2.25,0,26154898.71
-5.25,-2.75,0,25361365.52
-5.25,-3.25,0,25656448.37
-5.25,-3.75,0,25434360.06
-5.25,-4.25,0,23820292.81
-5.25,-4.75,0,25766385.56
-5.25,-5.25,0,23530941.86
-5.25,-5.75,0,21642936.38
-5.25,-6.25,0,17567294.46
-5.25,-6.75,0,14880406.34
-5.25,-7.25,0,5552277.316
-5.25,-7.75,0,2818459.096
-5.25,-8.25,0,1947515.684
-5.25,-8.75,0,-239092.3264
-5.25,-9.25,0,24027.19758
-5.25,-9.75,0,257780.6193
-5.25,-10.25,0,-396576.1282
-5.25,-10.75,0,-340040.8099
-5.25,-11.25,0,252174.8643
-5.25,-11.75,0,365933.1966
-5.25,-12.25,0,2068839.906
-5.25,-12.75,0,885663.1383
-5.25,-13.25,0,866743.7119
-5.25,-13.75,0,332222.4696
-5.25,-14.25,0,1015813.815
-5.25,-14.75,0,-1010903.516
-4.75,14.75,0,438363.0546
-4.75,14.25,0,331248.9024
-4.75,13.75,0,-484921.6659
-4.75,13.25,0,483477.1915
-4.75,12.75,0,721037.1518
-4.75,12.25,0,-390285.3888
-4.75,11.75,0,1395426.061
-4.75,11.25,0,159720.4028
-4.75,10.75,0,-365682.2674
-4.75,10.25,0,265445.8485
-4.75,9.75,0,-921485.3067
-4.75,9.25,0,-217178.9432
-4.75,8.75,0,294103.7853
-4.75,8.25,0,1666814.932
-4.75,7.75,0,2162963.785
-4.75,7.25,0,6677677.689
-4.75,6.75,0,14711957.14
-4.75,6.25,0,20850060.66
-4.75,5.75,0,22851512.29
-4.75,5.25,0,24381354.08
-4.75,4.75,0,27087904.45
-4.75,4.25,0,30440716.38
-4.75,3.75,0,29861596.71
-4.75,3.25,0,29261055.14
-4.75,2.75,0,30585918.99
-4.75,2.25,0,31489409.21
-4.75,1.75,0,30117528.99
-4.75,1.25,0,31268285.6
-4.75,0.75,0,31008332.06
-4.75,0.25,0,29218053.68
-4.75,-0.25,0,3.05E+07
-4.75,-0.75,0,31272589.54
-4.75,-1.25,0,30145652.53
-4.75,-1.75,0,31316912.82
-4.75,-2.25,0,29270968.9
-4.75,-2.75,0,31957453.37
-4.75,-3.25,0,30297561.95
-4.75,-3.75,0,30045133.9
-4.75,-4.25,0,29942477.69
-4.75,-4.75,0,27795426.05
-4.75,-5.25,0,23496829.47
-4.75,-5.75,0,22498532.22
-4.75,-6.25,0,20838793.67
-4.75,-6.75,0,15301773.66
-4.75,-7.25,0,7260973.718
-4.75,-7.75,0,3249526.011
-4.75,-8.25,0,1159430.872
-4.75,-8.75,0,1151141.221
-4.75,-9.25,0,170906.165
-4.75,-9.75,0,813169.1804
-4.75,-10.25,0,-775288.6009
-4.75,-10.75,0,-1605696.372
-4.75,-11.25,0,98518.90822
-4.75,-11.75,0,-282090.1442
-4.75,-12.25,0,-743069.2749
-4.75,-12.75,0,-296327.7821
-4.75,-13.25,0,1047458.794
-4.75,-13.75,0,715256.1816
-4.75,-14.25,0,1112603.833
-4.75,-14.75,0,-710700.8807
-4.25,14.75,0,1013896.004
-4.25,14.25,0,-1055549.846
-4.25,13.75,0,38727.53589
-4.25,13.25,0,-502372.4526
-4.25,12.75,0,475568.6712
-4.25,12.25,0,-585666.8686
-4.25,11.75,0,950286.5666
-4.25,11.25,0,394726.5833
-4.25,10.75,0,1353376.595
-4.25,10.25,0,1225945.562
-4.25,9.75,0,-1574983.073
-4.25,9.25,0,-271884.9426
-4.25,8.75,0,38058.65272
-4.25,8.25,0,707578.8322
-4.25,7.75,0,3713285.64
-4.25,7.25,0,7147052.114
-4.25,6.75,0,16130583.92
-4.25,6.25,0,20376345.69
-4.25,5.75,0,22389538.93
-4.25,5.25,0,24203440.93
-4.25,4.75,0,29410015.06
-4.25,4.25,0,30454713.44
-4.25,3.75,0,32094022.81
-4.25,3.25,0,31673701.73
-4.25,2.75,0,32459406.1
-4.25,2.25,0,32237459.36
-4.25,1.75,0,33676192.31
-4.25,1.25,0,32053782.59
-4.25,0.75,0,32613988.73
-4.25,0.25,0,33860487.9
-4.25,-0.25,0,3.36E+07
-4.25,-0.75,0,32138739.03
-4.25,-1.25,0,32600437.12
-4.25,-1.75,0,32946784.73
-4.25,-2.25,0,32502588.41
-4.25,-2.75,0,32728147.79
-4.25,-3.25,0,32170160.9
-4.25,-3.75,0,31668290.55
-4.25,-4.25,0,31336578.19
-4.25,-4.75,0,29802584.16
-4.25,-5.25,0,25325995.46
-4.25,-5.75,0,22862137.6
-4.25,-6.25,0,19760634.79
-4.25,-6.75,0,16350076.36
-4.25,-7.25,0,5959826.325
-4.25,-7.75,0,2756762.103
-4.25,-8.25,0,151563.8774
-4.25,-8.75,0,1474954.473
-4.25,-9.25,0,299763.099
-4.25,-9.75,0,1414129.605
-4.25,-10.25,0,645237.747
-4.25,-10.75,0,-269967.9201
-4.25,-11.25,0,231515.7931
-4.25,-11.75,0,182757.8253
-4.25,-12.25,0,450294.8274
-4.25,-12.75,0,490747.23
-4.25,-13.25,0,99362.50757
-4.25,-13.75,0,-306182.7917
-4.25,-14.25,0,1160180.061
-4.25,-14.75,0,346121.0068
-3.75,14.75,0,538967.8663
-3.75,14.25,0,794775.5707
-3.75,13.75,0,322379.3303
-3.75,13.25,0,747112.2596
-3.75,12.75,0,-703751.4787
-3.75,12.25,0,60938.51052
-3.75,11.75,0,-20238.96496
-3.75,11.25,0,-58339.7275
-3.75,10.75,0,857604.765
-3.75,10.25,0,52600.20797
-3.75,9.75,0,-690337.0863
-3.75,9.25,0,498242.1364
-3.75,8.75,0,1063274.319
-3.75,8.25,0,1602094.878
-3.75,7.75,0,2788472.557
-3.75,7.25,0,6365823.203
-3.75,6.75,0,16242786.88
-3.75,6.25,0,19563894.96
-3.75,5.75,0,23369251.01
-3.75,5.25,0,24738963.66
-3.75,4.75,0,30015618.55
-3.75,4.25,0,32571683.32
-3.75,3.75,0,31925105.96
-3.75,3.25,0,33754411.48
-3.75,2.75,0,34205291.21
-3.75,2.25,0,34951560.09
-3.75,1.75,0,35613227.18
-3.75,1.25,0,35688382.6
-3.75,0.75,0,36303659.27
-3.75,0.25,0,33740092.41
-3.75,-0.25,0,3.41E+07
-3.75,-0.75,0,34884546.77
-3.75,-1.25,0,33437164.86
-3.75,-1.75,0,33521322.3
-3.75,-2.25,0,34986676.84
-3.75,-2.75,0,33730022.9
-3.75,-3.25,0,33798380.9
-3.75,-3.75,0,32797942.95
-3.75,-4.25,0,31157306.08
-3.75,-4.75,0,29103599.09
-3.75,-5.25,0,25745705.98
-3.75,-5.75,0,23612075.02
-3.75,-6.25,0,19704772.12
-3.75,-6.75,0,15791013.58
-3.75,-7.25,0,7156717.398
-3.75,-7.75,0,2573691.246
-3.75,-8.25,0,1306780.216
-3.75,-8.75,0,-1489855.169
-3.75,-9.25,0,-990506.8936
-3.75,-9.75,0,573400.354
-3.75,-10.25,0,639314.6182
-3.75,-10.75,0,856608.969
-3.75,-11.25,0,-617453.2744
-3.75,-11.75,0,-298395.2252
-3.75,-12.25,0,453099.7596
-3.75,-12.75,0,1047517.596
-3.75,-13.25,0,798435.9666
-3.75,-13.75,0,-1138712.595
-3.75,-14.25,0,61095.22684
-3.75,-14.75,0,-665147.6471
-3.25,14.75,0,287399.7404
-3.25,14.25,0,295537.0951
-3.25,13.75,0,-103608.8101
-3.25,13.25,0,-287867.6353
-3.25,12.75,0,-441330.4803
-3.25,12.25,0,568567.1226
-3.25,11.75,0,702084.8104
-3.25,11.25,0,-604504.7085
-3.25,10.75,0,1698202.722
-3.25,10.25,0,135744.5284
-3.25,9.75,0,872649.6171
-3.25,9.25,0,1546733.728
-3.25,8.75,0,1674537.557
-3.25,8.25,0,940513.7854
-3.25,7.75,0,2976274.238
-3.25,7.25,0,7361861.443
-3.25,6.75,0,15268019.16
-3.25,6.25,0,19800764.43
-3.25,5.75,0,22289873.72
-3.25,5.25,0,24563530.97
-3.25,4.75,0,30636114.5
-3.25,4.25,0,30999328.18
-3.25,3.75,0,33732458.57
-3.25,3.25,0,35359298.3
-3.25,2.75,0,35922410.47
-3.25,2.25,0,36319671.99
-3.25,1.75,0,36552658.44
-3.25,1.25,0,36987236.21
-3.25,0.75,0,37394670.37
-3.25,0.25,0,37169523.56
-3.25,-0.25,0,3.72E+07
-3.25,-0.75,0,35742799.31
-3.25,-1.25,0,37458741.28
-3.25,-1.75,0,36745950.84
-3.25,-2.25,0,35227222.49
-3.25,-2.75,0,35900308.77
-3.25,-3.25,0,33862072.58
-3.25,-3.75,0,33701886.56
-3.25,-4.25,0,31735680.17
-3.25,-4.75,0,30881538.86
-3.25,-5.25,0,25566431.14
-3.25,-5.75,0,23619561.11
-3.25,-6.25,0,21595316.29
-3.25,-6.75,0,16902234.46
-3.25,-7.25,0,6855416.066
-3.25,-7.75,0,3308605.656
-3.25,-8.25,0,1462041
-3.25,-8.75,0,319952.5947
-3.25,-9.25,0,-947423.1986
-3.25,-9.75,0,-850285.5651
-3.25,-10.25,0,-934565.9058
-3.25,-10.75,0,-397021.7732
-3.25,-11.25,0,-1028265.779
-3.25,-11.75,0,447205.4313
-3.25,-12.25,0,177055.3956
-3.25,-12.75,0,-1262431.293
-3.25,-13.25,0,-1468064.251
-3.25,-13.75,0,-274249.4793
-3.25,-14.25,0,493560.5534
-3.25,-14.75,0,-340026.4927
-2.75,14.75,0,-1101468.388
-2.75,14.25,0,-1096557.613
-2.75,13.75,0,689807.9745
-2.75,13.25,0,29455.98927
-2.75,12.75,0,308746.2961
-2.75,12.25,0,-516716.5844
-2.75,11.75,0,-143756.6753
-2.75,11.25,0,923028.6675
-2.75,10.75,0,-214797.2083
-2.75,10.25,0,6166.194144
-2.75,9.75,0,-882465.2219
-2.75,9.25,0,-13258.78892
-2.75,8.75,0,1720855.341
-2.75,8.25,0,648316.1861
-2.75,7.75,0,3329113.291
-2.75,7.25,0,6703974.806
-2.75,6.75,0,16598275.92
-2.75,6.25,0,21376310.17
-2.75,5.75,0,22890944.32
-2.75,5.25,0,25053969.99
-2.75,4.75,0,29291329.53
-2.75,4.25,0,32541417.05
-2.75,3.75,0,34397525.27
-2.75,3.25,0,35857864.02
-2.75,2.75,0,39405115.99
-2.75,2.25,0,40471373.54
-2.75,1.75,0,41548406.86
-2.75,1.25,0,41701324.28
-2.75,0.75,0,42037611.37
-2.75,0.25,0,41161628.34
-2.75,-0.25,0,4.20E+07
-2.75,-0.75,0,43008610.04
-2.75,-1.25,0,40955238.76
-2.75,-1.75,0,42573867.9
-2.75,-2.25,0,40769743.06
-2.75,-2.75,0,38322715.71
-2.75,-3.25,0,36612672.93
-2.75,-3.75,0,34791128.27
-2.75,-4.25,0,32125192.68
-2.75,-4.75,0,30149691.1
-2.75,-5.25,0,26101428.66
-2.75,-5.75,0,22550964.91
-2.75,-6.25,0,20533478.46
-2.75,-6.75,0,15459895.08
-2.75,-7.25,0,6819314.086
-2.75,-7.75,0,3655399.306
-2.75,-8.25,0,2141603.439
-2.75,-8.75,0,541374.9979
-2.75,-9.25,0,245441.3601
-2.75,-9.75,0,65884.2904
-2.75,-10.25,0,-19620.68547
-2.75,-10.75,0,-414440.1728
-2.75,-11.25,0,1333774.704
-2.75,-11.75,0,-104467.69
-2.75,-12.25,0,-307685.022
-2.75,-12.75,0,-181868.0929
-2.75,-13.25,0,-773167.4161
-2.75,-13.75,0,-288305.9169
-2.75,-14.25,0,25697.7241
-2.75,-14.75,0,-813554.4712
-2.25,14.75,0,48735.02561
-2.25,14.25,0,556042.8572
-2.25,13.75,0,-764946.6841
-2.25,13.25,0,-12980.38575
-2.25,12.75,0,-398596.0356
-2.25,12.25,0,452330.4772
-2.25,11.75,0,741454.775
-2.25,11.25,0,771582.3426
-2.25,10.75,0,-194549.8595
-2.25,10.25,0,-92641.29178
-2.25,9.75,0,229924.449
-2.25,9.25,0,365514.0042
-2.25,8.75,0,1561238.97
-2.25,8.25,0,1015444.045
-2.25,7.75,0,3449954.065
-2.25,7.25,0,6620028.104
-2.25,6.75,0,14914301.69
-2.25,6.25,0,19451108.4
-2.25,5.75,0,21615554.2
-2.25,5.25,0,24725112.1
-2.25,4.75,0,31282305.89
-2.25,4.25,0,32674145.87
-2.25,3.75,0,33708198.84
-2.25,3.25,0,35987204.98
-2.25,2.75,0,39571410.7
-2.25,2.25,0,43138559.57
-2.25,1.75,0,43201415.01
-2.25,1.25,0,42450452.91
-2.25,0.75,0,44480657.81
-2.25,0.25,0,45292293.85
-2.25,-0.25,0,4.34E+07
-2.25,-0.75,0,44401240.44
-2.25,-1.25,0,44223179.21
-2.25,-1.75,0,43663242.18
-2.25,-2.25,0,42483868.46
-2.25,-2.75,0,41495609.67
-2.25,-3.25,0,35757567.24
-2.25,-3.75,0,34241105.82
-2.25,-4.25,0,32483426.28
-2.25,-4.75,0,30574185.04
-2.25,-5.25,0,25637505.3
-2.25,-5.75,0,22462441.82
-2.25,-6.25,0,19475996.56
-2.25,-6.75,0,16598592.7
-2.25,-7.25,0,6406555.084
-2.25,-7.75,0,2951653.306
-2.25,-8.25,0,1607107.873
-2.25,-8.75,0,706064.9502
-2.25,-9.25,0,2251898.931
-2.25,-9.75,0,-1305469.56
-2.25,-10.25,0,74504.02663
-2.25,-10.75,0,209719.74
-2.25,-11.25,0,729831.4242
-2.25,-11.75,0,-285913.0477
-2.25,-12.25,0,173142.0731
-2.25,-12.75,0,435108.4386
-2.25,-13.25,0,-1403006.738
-2.25,-13.75,0,433384.0958
-2.25,-14.25,0,-290713.9431
-2.25,-14.75,0,689253.935
-1.75,14.75,0,450411.3373
-1.75,14.25,0,-69211.33346
-1.75,13.75,0,-540959.8683
-1.75,13.25,0,-861499.6901
-1.75,12.75,0,-735825.8553
-1.75,12.25,0,-359533.2103
-1.75,11.75,0,-343181.3852
-1.75,11.25,0,-417121.7501
-1.75,10.75,0,-66428.23992
-1.75,10.25,0,1069293.069
-1.75,9.75,0,261985.237
-1.75,9.25,0,281581.2083
-1.75,8.75,0,57942.38003
-1.75,8.25,0,1487049.807
-1.75,7.75,0,2472087.074
-1.75,7.25,0,4703597.407
-1.75,6.75,0,16066444.36
-1.75,6.25,0,21000536.5
-1.75,5.75,0,23553961.15
-1.75,5.25,0,25549860.28
-1.75,4.75,0,30280327.32
-1.75,4.25,0,31858569.66
-1.75,3.75,0,34474497.84
-1.75,3.25,0,36082316.1
-1.75,2.75,0,40532808.59
-1.75,2.25,0,43338568.36
-1.75,1.75,0,43803478.16
-1.75,1.25,0,45287153.72
-1.75,0.75,0,45881094.15
-1.75,0.25,0,44560954.85
-1.75,-0.25,0,4.52E+07
-1.75,-0.75,0,43968643.93
-1.75,-1.25,0,44683693.91
-1.75,-1.75,0,43937444.01
-1.75,-2.25,0,44173392.22
-1.75,-2.75,0,42507666.23
-1.75,-3.25,0,37106989.67
-1.75,-3.75,0,34361723.84
-1.75,-4.25,0,32756518.9
-1.75,-4.75,0,31343964.41
-1.75,-5.25,0,25585227.71
-1.75,-5.75,0,23041414.26
-1.75,-6.25,0,19866771.83
-1.75,-6.75,0,16944373.07
-1.75,-7.25,0,7257979.97
-1.75,-7.75,0,3343624.325
-1.75,-8.25,0,2201029.222
-1.75,-8.75,0,663021.422
-1.75,-9.25,0,-630298.1954
-1.75,-9.75,0,65718.61398
-1.75,-10.25,0,201748.9206
-1.75,-10.75,0,1027711.147
-1.75,-11.25,0,-22975.05489
-1.75,-11.75,0,-708525.8961
-1.75,-12.25,0,445284.199
-1.75,-12.75,0,1081925.382
-1.75,-13.25,0,454433.4078
-1.75,-13.75,0,-994690.6378
-1.75,-14.25,0,567648.0074
-1.75,-14.75,0,527515.387
-1.25,14.75,0,-1061639.214
-1.25,14.25,0,74994.71499
-1.25,13.75,0,573880.7556
-1.25,13.25,0,-340155.3957
-1.25,12.75,0,521902.6341
-1.25,12.25,0,608174.9561
-1.25,11.75,0,633255.1213
-1.25,11.25,0,1129876.169
-1.25,10.75,0,-1443533.229
-1.25,10.25,0,-1422881.973
-1.25,9.75,0,-22182.74488
-1.25,9.25,0,-106915.828
-1.25,8.75,0,635065.2149
-1.25,8.25,0,315965.0294
-1.25,7.75,0,4493929.62
-1.25,7.25,0,6805024.361
-1.25,6.75,0,15551336.01
-1.25,6.25,0,20688835.49
-1.25,5.75,0,21866941.84
-1.25,5.25,0,25797751.45
-1.25,4.75,0,30274156.64
-1.25,4.25,0,32202689.27
-1.25,3.75,0,34356006.41
-1.25,3.25,0,36624044.74
-1.25,2.75,0,42058057.23
-1.25,2.25,0,43547443.37
-1.25,1.75,0,44711601.69
-1.25,1.25,0,46454071.27
-1.25,0.75,0,46532176.37
-1.25,0.25,0,46897352.97
-1.25,-0.25,0,4.72E+07
-1.25,-0.75,0,47798180.29
-1.25,-1.25,0,46987366.36
-1.25,-1.75,0,44554666.03
-1.25,-2.25,0,44045597.82
-1.25,-2.75,0,42491155.53
-1.25,-3.25,0,36508906.95
-1.25,-3.75,0,34843193.85
-1.25,-4.25,0,32413072.28
-1.25,-4.75,0,30327408.39
-1.25,-5.25,0,24530171.25
-1.25,-5.75,0,22595529.97
-1.25,-6.25,0,20032472.47
-1.25,-6.75,0,16027690.28
-1.25,-7.25,0,7161673.315
-1.25,-7.75,0,2436873.264
-1.25,-8.25,0,312150.6736
-1.25,-8.75,0,-843052.5428
-1.25,-9.25,0,-408258.4487
-1.25,-9.75,0,1130840.36
-1.25,-10.25,0,1158017.653
-1.25,-10.75,0,-357929.0728
-1.25,-11.25,0,-228526.4349
-1.25,-11.75,0,-25905.20702
-1.25,-12.25,0,616985.8175
-1.25,-12.75,0,109322.9382
-1.25,-13.25,0,-4893.218873
-1.25,-13.75,0,706116.3289
-1.25,-14.25,0,-13017.9546
-1.25,-14.75,0,-1302630.972
-0.75,14.75,0,111999.3214
-0.75,14.25,0,-7753.881985
-0.75,13.75,0,1364895.234
-0.75,13.25,0,-1054880.823
-0.75,12.75,0,1115163.403
-0.75,12.25,0,590035.4554
-0.75,11.75,0,822746.8767
-0.75,11.25,0,194255.9261
-0.75,10.75,0,-777890.0261
-0.75,10.25,0,-333814.797
-0.75,9.75,0,1779821.115
-0.75,9.25,0,-34485.80413
-0.75,8.75,0,1428840.344
-0.75,8.25,0,1303350.808
-0.75,7.75,0,1882087.329
-0.75,7.25,0,6904067.047
-0.75,6.75,0,16282673.65
-0.75,6.25,0,20731377.81
-0.75,5.75,0,23277601.89
-0.75,5.25,0,26394960.5
-0.75,4.75,0,30596331.31
-0.75,4.25,0,32252461.1
-0.75,3.75,0,36047420.8
-0.75,3.25,0,37340661
-0.75,2.75,0,42114187.3
-0.75,2.25,0,43921994.13
-0.75,1.75,0,45944748.92
-0.75,1.25,0,46142241.11
-0.75,0.75,0,49428308
-0.75,0.25,0,51890515.96
-0.75,-0.25,0,5.08E+07
-0.75,-0.75,0,50638034.34
-0.75,-1.25,0,46651176.29
-0.75,-1.75,0,45075302.38
-0.75,-2.25,0,43767029.55
-0.75,-2.75,0,41839112.03
-0.75,-3.25,0,37328761.64
-0.75,-3.75,0,33309898.42
-0.75,-4.25,0,32965569.74
-0.75,-4.75,0,29493612.4
-0.75,-5.25,0,24523380.31
-0.75,-5.75,0,22488807.71
-0.75,-6.25,0,20133760.61
-0.75,-6.75,0,17952422.12
-0.75,-7.25,0,7255621.858
-0.75,-7.75,0,3068596.65
-0.75,-8.25,0,840375.5432
-0.75,-8.75,0,825561.8406
-0.75,-9.25,0,487121.4064
-0.75,-9.75,0,-261311.2857
-0.75,-10.25,0,-1147292.278
-0.75,-10.75,0,98067.32935
-0.75,-11.25,0,-716748.1087
-0.75,-11.75,0,-557985.4031
-0.75,-12.25,0,-1095575.565
-0.75,-12.75,0,-843094.7457
-0.75,-13.25,0,-32855.93344
-0.75,-13.75,0,55581.76833
-0.75,-14.25,0,820167.7256
-0.75,-14.75,0,-488480.3601
-0.25,14.75,0,-1321316.506
-0.25,14.25,0,139495.275
-0.25,13.75,0,364555.9045
-0.25,13.25,0,-247278.7052
-0.25,12.75,0,-56876.57193
-0.25,12.25,0,1226621.848
-0.25,11.75,0,-357065.4742
-0.25,11.25,0,-1245683.788
-0.25,10.75,0,1116286.314
-0.25,10.25,0,-623859.5449
-0.25,9.75,0,-628304.8945
-0.25,9.25,0,45061.62984
-0.25,8.75,0,-644918.0601
-0.25,8.25,0,1050603.299
-0.25,7.75,0,3532277.653
-0.25,7.25,0,7772856.219
-0.25,6.75,0,15868095.13
-0.25,6.25,0,21006073.1
-0.25,5.75,0,22771415.46
-0.25,5.25,0,25086031.11
-0.25,4.75,0,31525442.55
-0.25,4.25,0,32569155.97
-0.25,3.75,0,33202520.72
-0.25,3.25,0,36636472.57
-0.25,2.75,0,41676578.36
-0.25,2.25,0,43975015.55
-0.25,1.75,0,44570673.42
-0.25,1.25,0,47265394.05
-0.25,0.75,0,51381562.7
-0.25,0.25,0,54301395.79
-0.25,-0.25,0,5.31E+07
-0.25,-0.75,0,51489570.7
-0.25,-1.25,0,46640912
-0.25,-1.75,0,46127051.06
-0.25,-2.25,0,43576007.92
-0.25,-2.75,0,42086778.67
-0.25,-3.25,0,37895935.62
-0.25,-3.75,0,34106714.42
-0.25,-4.25,0,32664314.81
-0.25,-4.75,0,29554720.26
-0.25,-5.25,0,24733223.41
-0.25,-5.75,0,23085567.48
-0.25,-6.25,0,20209821.59
-0.25,-6.75,0,15489282.11
-0.25,-7.25,0,6993245.2
-0.25,-7.75,0,3563522.853
-0.25,-8.25,0,2790487.041
-0.25,-8.75,0,876277.526
-0.25,-9.25,0,1058053.792
-0.25,-9.75,0,48215.08866
-0.25,-10.25,0,-689791.3177
-0.25,-10.75,0,138294.2453
-0.25,-11.25,0,1809157.551
-0.25,-11.75,0,-264064.9721
-0.25,-12.25,0,87606.974
-0.25,-12.75,0,-329106.4871
-0.25,-13.25,0,-1743857.078
-0.25,-13.75,0,-245611.0436
-0.25,-14.25,0,-396815.605
-0.25,-14.75,0,181675.471
0.25,14.75,0,-143325.4571
0.25,14.25,0,700955.0892
0.25,13.75,0,-129610.6558
0.25,13.25,0,-115909.0377
0.25,12.75,0,-1480725.087
0.25,12.25,0,611.6240721
0.25,11.75,0,-31261.4565
0.25,11.25,0,1027047.398
0.25,10.75,0,-760113.7994
0.25,10.25,0,142383.8493
0.25,9.75,0,786459.2164
0.25,9.25,0,-76499.18735
0.25,8.75,0,174726.3027
0.25,8.25,0,2474526.077
0.25,7.75,0,2504976.303
0.25,7.25,0,5616414.498
0.25,6.75,0,17374780
0.25,6.25,0,20744834.79
0.25,5.75,0,22580220.9
0.25,5.25,0,25381854.38
0.25,4.75,0,30586458.47
0.25,4.25,0,32692230.97
0.25,3.75,0,35000441.89
0.25,3.25,0,37644099.69
0.25,2.75,0,41804423.9
0.25,2.25,0,43780853.5
0.25,1.75,0,45648377.94
0.25,1.25,0,46841836.56
0.25,0.75,0,51565263.42
0.25,0.25,0,51911655.47
0.25,-0.25,0,5.32E+07
0.25,-0.75,0,52062548.51
0.25,-1.25,0,48135825.16
0.25,-1.75,0,46407777.59
0.25,-2.25,0,44494959.96
0.25,-2.75,0,42917797.88
0.25,-3.25,0,37480614.5
0.25,-3.75,0,35029794.31
0.25,-4.25,0,32906138.49
0.25,-4.75,0,30565553.69
0.25,-5.25,0,24990368.29
0.25,-5.75,0,21846019.39
0.25,-6.25,0,20543317.61
0.25,-6.75,0,17041146.96
0.25,-7.25,0,6572715.366
0.25,-7.75,0,4071434.85
0.25,-8.25,0,1236903.135
0.25,-8.75,0,455446.7648
0.25,-9.25,0,1222498.992
0.25,-9.75,0,278018.9761
0.25,-10.25,0,559703.7218
0.25,-10.75,0,-235026.3451
0.25,-11.25,0,101627.192
0.25,-11.75,0,514091.5592
0.25,-12.25,0,833535.7606
0.25,-12.75,0,-204838.5452
0.25,-13.25,0,-709614.1314
0.25,-13.75,0,1319415.946
0.25,-14.25,0,910050.5745
0.25,-14.75,0,489796.4854
0.75,14.75,0,916736.9701
0.75,14.25,0,-228843.5876
0.75,13.75,0,-783304.905
0.75,13.25,0,264960.9399
0.75,12.75,0,468851.9958
0.75,12.25,0,-982319.3543
0.75,11.75,0,106428.4432
0.75,11.25,0,-46811.04776
0.75,10.75,0,-300928.8994
0.75,10.25,0,881874.3197
0.75,9.75,0,-265835.1579
0.75,9.25,0,-235595.0732
0.75,8.75,0,-104987.689
0.75,8.25,0,1332997.113
0.75,7.75,0,2734289.019
0.75,7.25,0,6693034.463
0.75,6.75,0,17289276.23
0.75,6.25,0,21297719.61
0.75,5.75,0,22912520.11
0.75,5.25,0,26714035.88
0.75,4.75,0,30363003.77
0.75,4.25,0,31290967.41
0.75,3.75,0,35596501.25
0.75,3.25,0,36685139.09
0.75,2.75,0,41471358.69
0.75,2.25,0,44808282.68
0.75,1.75,0,46353325.37
0.75,1.25,0,45597860.28
0.75,0.75,0,50984881.68
0.75,0.25,0,50415381.85
0.75,-0.25,0,5.13E+07
0.75,-0.75,0,50892804.63
0.75,-1.25,0,46949177.94
0.75,-1.75,0,45443059.89
0.75,-2.25,0,44889220.47
0.75,-2.75,0,41244308.4
0.75,-3.25,0,36698909.39
0.75,-3.75,0,34846461.95
0.75,-4.25,0,33120160.68
0.75,-4.75,0,31256346.93
0.75,-5.25,0,25624913.33
0.75,-5.75,0,23448932.83
0.75,-6.25,0,20058008.37
0.75,-6.75,0,16983087.56
0.75,-7.25,0,6921544.586
0.75,-7.75,0,3040821.742
0.75,-8.25,0,807421.8614
0.75,-8.75,0,704401.4003
0.75,-9.25,0,-67606.39657
0.75,-9.75,0,-316247.8266
0.75,-10.25,0,-40151.29043
0.75,-10.75,0,470564.4436
0.75,-11.25,0,-662933.649
0.75,-11.75,0,222071.0575
0.75,-12.25,0,873006.6956
0.75,-12.75,0,-14566.53902
0.75,-13.25,0,780524.7805
0.75,-13.75,0,-90810.17288
0.75,-14.25,0,131263.5405
0.75,-14.75,0,-1275757.97
1.25,14.75,0,-865315.2995
1.25,14.25,0,-453242.5692
1.25,13.75,0,-467914.831
1.25,13.25,0,-848890.3598
1.25,12.75,0,-1321277.475
1.25,12.25,0,-1773321.748
1.25,11.75,0,655617.0775
1.25,11.25,0,338559.7546
1.25,10.75,0,885753.4632
1.25,10.25,0,847416.6233
1.25,9.75,0,-559532.8104
1.25,9.25,0,1032650.801
1.25,8.75,0,-143533.9765
1.25,8.25,0,1896664.435
1.25,7.75,0,2620798.798
1.25,7.25,0,7165620.769
1.25,6.75,0,16264307.14
1.25,6.25,0,21110676.7
1.25,5.75,0,22757648.82
1.25,5.25,0,24298353.53
1.25,4.75,0,31009378.35
1.25,4.25,0,33420260
1.25,3.75,0,34763665.36
1.25,3.25,0,36420205.17
1.25,2.75,0,41507126.63
1.25,2.25,0,43290419.74
1.25,1.75,0,44603420.19
1.25,1.25,0,46066549.52
1.25,0.75,0,46924493.93
1.25,0.25,0,46184549.72
1.25,-0.25,0,4.74E+07
1.25,-0.75,0,47372906.24
1.25,-1.25,0,45332854.46
1.25,-1.75,0,45109379.61
1.25,-2.25,0,43314011.6
1.25,-2.75,0,40379339.28
1.25,-3.25,0,37241640.03
1.25,-3.75,0,33878454.11
1.25,-4.25,0,31868685.58
1.25,-4.75,0,28556015.67
1.25,-5.25,0,25688161.1
1.25,-5.75,0,23481031.12
1.25,-6.25,0,19761945.63
1.25,-6.75,0,15342343.19
1.25,-7.25,0,7215217.83
1.25,-7.75,0,2490951.571
1.25,-8.25,0,721176.2071
1.25,-8.75,0,-246901.0838
1.25,-9.25,0,777237.4727
1.25,-9.75,0,-180139.5162
1.25,-10.25,0,-66643.42981
1.25,-10.75,0,-431077.2209
1.25,-11.25,0,1656667.917
1.25,-11.75,0,499296.2639
1.25,-12.25,0,-564768.3854
1.25,-12.75,0,-524980.8312
1.25,-13.25,0,515230.3831
1.25,-13.75,0,9064.589443
1.25,-14.25,0,-423354.3857
1.25,-14.75,0,-815048.8509
1.75,14.75,0,344346.5471
1.75,14.25,0,442146.8454
1.75,13.75,0,-472560.4588
1.75,13.25,0,-291954.4448
1.75,12.75,0,-1655693.519
1.75,12.25,0,-632119.5097
1.75,11.75,0,-380576.3616
1.75,11.25,0,463943.9335
1.75,10.75,0,44201.92072
1.75,10.25,0,170839.7054
1.75,9.75,0,397187.8167
1.75,9.25,0,205870.4868
1.75,8.75,0,-253479.7192
1.75,8.25,0,557341.3366
1.75,7.75,0,2752737.524
1.75,7.25,0,6948790.486
1.75,6.75,0,15888062.99
1.75,6.25,0,20286170.83
1.75,5.75,0,23281028.46
1.75,5.25,0,25369038.73
1.75,4.75,0,30096975.54
1.75,4.25,0,32523130
1.75,3.75,0,32857809.08
1.75,3.25,0,36958031.27
1.75,2.75,0,43461985.45
1.75,2.25,0,43288009.61
1.75,1.75,0,44545553.99
1.75,1.25,0,44035266.45
1.75,0.75,0,44109645.39
1.75,0.25,0,44908419.27
1.75,-0.25,0,4.54E+07
1.75,-0.75,0,45176197.2
1.75,-1.25,0,44016982.77
1.75,-1.75,0,44080347.61
1.75,-2.25,0,43464544.36
1.75,-2.75,0,40818675
1.75,-3.25,0,36123090.79
1.75,-3.75,0,34068417.61
1.75,-4.25,0,32135534.56
1.75,-4.75,0,30341384.03
1.75,-5.25,0,25001949.44
1.75,-5.75,0,23358944.96
1.75,-6.25,0,19921551.03
1.75,-6.75,0,16486137.56
1.75,-7.25,0,6734779.667
1.75,-7.75,0,3080927.318
1.75,-8.25,0,879043.9769
1.75,-8.75,0,173029.566
1.75,-9.25,0,-588335.6622
1.75,-9.75,0,476659.6144
1.75,-10.25,0,-587156.9597
1.75,-10.75,0,-1644240.357
1.75,-11.25,0,572798.7763
1.75,-11.75,0,-1200145.415
1.75,-12.25,0,-202690.7182
1.75,-12.75,0,124337.5109
1.75,-13.25,0,-1335939.031
1.75,-13.75,0,98809.22048
1.75,-14.25,0,39473.20953
1.75,-14.75,0,193081.2823
2.25,14.75,0,-666246.3958
2.25,14.25,0,-1126173.457
2.25,13.75,0,766943.6173
2.25,13.25,0,-126938.0501
2.25,12.75,0,-926337.9395
2.25,12.25,0,-806980.2322
2.25,11.75,0,195433.4979
2.25,11.25,0,14114.83073
2.25,10.75,0,-585419.1966
2.25,10.25,0,-121637.7474
2.25,9.75,0,638678.2738
2.25,9.25,0,506160.7178
2.25,8.75,0,537229.468
2.25,8.25,0,103791.9216
2.25,7.75,0,2456458.822
2.25,7.25,0,7288591.565
2.25,6.75,0,16202923.89
2.25,6.25,0,20061845.56
2.25,5.75,0,23737535.48
2.25,5.25,0,25043835.34
2.25,4.75,0,29961508.62
2.25,4.25,0,32785062.21
2.25,3.75,0,35562838.72
2.25,3.25,0,37094299.9
2.25,2.75,0,39910146.08
2.25,2.25,0,42894782.3
2.25,1.75,0,43923499.32
2.25,1.25,0,43241553.8
2.25,0.75,0,43378521.17
2.25,0.25,0,4.33E+07
2.25,-0.25,0,4.34E+07
2.25,-0.75,0,42393564.3
2.25,-1.25,0,43136581.76
2.25,-1.75,0,43759750.17
2.25,-2.25,0,42183459.49
2.25,-2.75,0,41859285.23
2.25,-3.25,0,35287069.01
2.25,-3.75,0,34219531.63
2.25,-4.25,0,32352101.79
2.25,-4.75,0,30375390.44
2.25,-5.25,0,25225197.02
2.25,-5.75,0,22031423.89
2.25,-6.25,0,20270581.59
2.25,-6.75,0,16964787.69
2.25,-7.25,0,6277780.681
2.25,-7.75,0,2764869.675
2.25,-8.25,0,1602377.827
2.25,-8.75,0,934271.3348
2.25,-9.25,0,138636.0424
2.25,-9.75,0,588071.3863
2.25,-10.25,0,310169.5136
2.25,-10.75,0,649995.5221
2.25,-11.25,0,563090.7067
2.25,-11.75,0,436150.3778
2.25,-12.25,0,1204962.955
2.25,-12.75,0,-76071.67613
2.25,-13.25,0,182732.1414
2.25,-13.75,0,-294490.8423
2.25,-14.25,0,229111.2575
2.25,-14.75,0,-190192.7505
2.75,14.75,0,-761966.3526
2.75,14.25,0,-1159119.959
2.75,13.75,0,406999.5523
2.75,13.25,0,280802.2984
2.75,12.75,0,-181898.0003
2.75,12.25,0,-227674.0576
2.75,11.75,0,936554.9401
2.75,11.25,0,232260.1263
2.75,10.75,0,-396502.7212
2.75,10.25,0,-146294.7004
2.75,9.75,0,71870.34833
2.75,9.25,0,-380713.8803
2.75,8.75,0,495538.8459
2.75,8.25,0,2798939.014
2.75,7.75,0,2938378.789
2.75,7.25,0,6999509.315
2.75,6.75,0,17163853.83
2.75,6.25,0,20277283.03
2.75,5.75,0,22283175.29
2.75,5.25,0,25442368.92
2.75,4.75,0,30946212.58
2.75,4.25,0,32924183.93
2.75,3.75,0,34353397.86
2.75,3.25,0,35494692.67
2.75,2.75,0,38390681.06
2.75,2.25,0,40737674.08
2.75,1.75,0,41433167.02
2.75,1.25,0,41686281.84
2.75,0.75,0,41934480.43
2.75,0.25,0,41160713.36
2.75,-0.25,0,4.15E+07
2.75,-0.75,0,41427110.59
2.75,-1.25,0,41362473.13
2.75,-1.75,0,40960585.96
2.75,-2.25,0,40279008.12
2.75,-2.75,0,40337633.13
2.75,-3.25,0,36492181.68
2.75,-3.75,0,33490247.26
2.75,-4.25,0,32313411.59
2.75,-4.75,0,29498277.5
2.75,-5.25,0,25267633.77
2.75,-5.75,0,23571114.21
2.75,-6.25,0,21520740.2
2.75,-6.75,0,16130835.95
2.75,-7.25,0,7183655.239
2.75,-7.75,0,1831548.509
2.75,-8.25,0,2186540.547
2.75,-8.75,0,1424262.623
2.75,-9.25,0,-1135369.394
2.75,-9.75,0,-150536.532
2.75,-10.25,0,659113.7602
2.75,-10.75,0,-1094432.482
2.75,-11.25,0,-235455.2675
2.75,-11.75,0,-512191.4636
2.75,-12.25,0,459811.2595
2.75,-12.75,0,249225.2747
2.75,-13.25,0,-464162.1352
2.75,-13.75,0,-34591.47318
2.75,-14.25,0,699368.8392
2.75,-14.75,0,-334520.1182
3.25,14.75,0,-439964.4399
3.25,14.25,0,666352.397
3.25,13.75,0,154214.7444
3.25,13.25,0,-577393.8586
3.25,12.75,0,-974994.1284
3.25,12.25,0,-40260.00726
3.25,11.75,0,498727.5756
3.25,11.25,0,-169244.12
3.25,10.75,0,343367.6055
3.25,10.25,0,1353033.813
3.25,9.75,0,-884139.1029
3.25,9.25,0,-712884.11
3.25,8.75,0,1472117.415
3.25,8.25,0,1437987.646
3.25,7.75,0,3347036.619
3.25,7.25,0,7707848.629
3.25,6.75,0,16380679.61
3.25,6.25,0,19668082.55
3.25,5.75,0,22176059.28
3.25,5.25,0,26016694.25
3.25,4.75,0,29092982.96
3.25,4.25,0,32374648.37
3.25,3.75,0,33933918.93
3.25,3.25,0,34922307.18
3.25,2.75,0,35224159.56
3.25,2.25,0,36454590.03
3.25,1.75,0,36690583.12
3.25,1.25,0,36163626.75
3.25,0.75,0,35340359.02
3.25,0.25,0,37018457.06
3.25,-0.25,0,3.64E+07
3.25,-0.75,0,37521402.54
3.25,-1.25,0,36214588.32
3.25,-1.75,0,36743924.31
3.25,-2.25,0,36625222.77
3.25,-2.75,0,35927160.12
3.25,-3.25,0,35177250.49
3.25,-3.75,0,33534950.42
3.25,-4.25,0,33704865.01
3.25,-4.75,0,29261880.11
3.25,-5.25,0,26642443.16
3.25,-5.75,0,23226612.88
3.25,-6.25,0,19304927.57
3.25,-6.75,0,16461498.53
3.25,-7.25,0,7293200.339
3.25,-7.75,0,2415326.077
3.25,-8.25,0,218474.5385
3.25,-8.75,0,984829.4528
3.25,-9.25,0,-941871.6262
3.25,-9.75,0,-253400.6901
3.25,-10.25,0,1702162.851
3.25,-10.75,0,-300033.1764
3.25,-11.25,0,99756.33456
3.25,-11.75,0,937615.3443
3.25,-12.25,0,-144569.0693
3.25,-12.75,0,-176499.0372
3.25,-13.25,0,466457.8622
3.25,-13.75,0,-391689.3639
3.25,-14.25,0,-544801.07
3.25,-14.75,0,-131029.2319
3.75,14.75,0,1216895.547
3.75,14.25,0,1674196.238
3.75,13.75,0,-821180.6232
3.75,13.25,0,-790490.3687
3.75,12.75,0,30154.52214
3.75,12.25,0,323710.1363
3.75,11.75,0,-117234.8531
3.75,11.25,0,384378.8463
3.75,10.75,0,198749.1348
3.75,10.25,0,428742.3901
3.75,9.75,0,-828315.6167
3.75,9.25,0,42028.05404
3.75,8.75,0,1742565.346
3.75,8.25,0,962079.7065
3.75,7.75,0,2431450.535
3.75,7.25,0,7051699.86
3.75,6.75,0,17198918.22
3.75,6.25,0,20602210.31
3.75,5.75,0,22709744.96
3.75,5.25,0,24676832.65
3.75,4.75,0,30184089.83
3.75,4.25,0,32809365.62
3.75,3.75,0,34206493.72
3.75,3.25,0,33225543.5
3.75,2.75,0,33380277.99
3.75,2.25,0,34900858.93
3.75,1.75,0,34069761.83
3.75,1.25,0,34814271.33
3.75,0.75,0,34989737.04
3.75,0.25,0,34125792.53
3.75,-0.25,0,3.47E+07
3.75,-0.75,0,34763093.57
3.75,-1.25,0,35704796.99
3.75,-1.75,0,33899108.76
3.75,-2.25,0,34302014.69
3.75,-2.75,0,33353047.22
3.75,-3.25,0,33170926.09
3.75,-3.75,0,33926072.82
3.75,-4.25,0,32147266.56
3.75,-4.75,0,28955284.51
3.75,-5.25,0,25758653.58
3.75,-5.75,0,21483309.39
3.75,-6.25,0,19753725.37
3.75,-6.75,0,15512409.04
3.75,-7.25,0,6374487.622
3.75,-7.75,0,2006374.695
3.75,-8.25,0,1759664.745
3.75,-8.75,0,-89371.64956
3.75,-9.25,0,-879348.9065
3.75,-9.75,0,-1339725.973
3.75,-10.25,0,546443.895
3.75,-10.75,0,263433.1259
3.75,-11.25,0,-663383.0572
3.75,-11.75,0,255611.5084
3.75,-12.25,0,870881.3879
3.75,-12.75,0,-267570.2762
3.75,-13.25,0,-312558.4594
3.75,-13.75,0,-774393.0762
3.75,-14.25,0,816330.2238
3.75,-14.75,0,-821092.8896
4.25,14.75,0,-130513.5849
4.25,14.25,0,-633640.759
4.25,13.75,0,-259736.7872
4.25,13.25,0,-1101386.56
4.25,12.75,0,158382.1208
4.25,12.25,0,92792.92743
4.25,11.75,0,-1315910.144
4.25,11.25,0,818681.2351
4.25,10.75,0,874283.6618
4.25,10.25,0,-1039951.322
4.25,9.75,0,-1396207.117
4.25,9.25,0,343677.5108
4.25,8.75,0,58422.47337
4.25,8.25,0,1214798.888
4.25,7.75,0,1982173.992
4.25,7.25,0,7705905.646
4.25,6.75,0,16518235.93
4.25,6.25,0,20941680.17
4.25,5.75,0,22530476.64
4.25,5.25,0,25047238.22
4.25,4.75,0,28867460.11
4.25,4.25,0,31516040.25
4.25,3.75,0,31095909.81
4.25,3.25,0,33419116.18
4.25,2.75,0,32322051.93
4.25,2.25,0,31183458.42
4.25,1.75,0,32170835.25
4.25,1.25,0,32171917.69
4.25,0.75,0,32943953.22
4.25,0.25,0,32526350.95
4.25,-0.25,0,3.22E+07
4.25,-0.75,0,32291499.47
4.25,-1.25,0,33556719.7
4.25,-1.75,0,33611434.95
4.25,-2.25,0,32514646.77
4.25,-2.75,0,32184783.36
4.25,-3.25,0,32812143.32
4.25,-3.75,0,31162226.37
4.25,-4.25,0,31844543.96
4.25,-4.75,0,29053144.91
4.25,-5.25,0,24277225.65
4.25,-5.75,0,23493666
4.25,-6.25,0,20248308.03
4.25,-6.75,0,15638908.13
4.25,-7.25,0,6736323.163
4.25,-7.75,0,2447388.445
4.25,-8.25,0,1254330.969
4.25,-8.75,0,481564.8937
4.25,-9.25,0,825612.1422
4.25,-9.75,0,272809.4242
4.25,-10.25,0,-168683.8632
4.25,-10.75,0,-899216.3745
4.25,-11.25,0,-613962.7878
4.25,-11.75,0,986149.6206
4.25,-12.25,0,1175374.627
4.25,-12.75,0,-769872.1137
4.25,-13.25,0,905238.8968
4.25,-13.75,0,-965443.0365
4.25,-14.25,0,-1075852.809
4.25,-14.75,0,482581.7258
4.75,14.75,0,-527226.4114
4.75,14.25,0,123526.9308
4.75,13.75,0,363972.2408
4.75,13.25,0,-805459.3221
4.75,12.75,0,-548481.7618
4.75,12.25,0,-228221.2883
4.75,11.75,0,-812615.6735
4.75,11.25,0,-55397.29455
4.75,10.75,0,174114.229
4.75,10.25,0,-633425.1149
4.75,9.75,0,200403.2556
4.75,9.25,0,458848.5362
4.75,8.75,0,307398.6675
4.75,8.25,0,-278967.6639
4.75,7.75,0,3402880.444
4.75,7.25,0,6971819.001
4.75,6.75,0,15609740.06
4.75,6.25,0,20397956.09
4.75,5.75,0,22390544.18
4.75,5.25,0,24167793.5
4.75,4.75,0,27523126.06
4.75,4.25,0,29464192.63
4.75,3.75,0,29376465.02
4.75,3.25,0,29158652.58
4.75,2.75,0,30458746.38
4.75,2.25,0,29753074.43
4.75,1.75,0,30813776.58
4.75,1.25,0,30440544.08
4.75,0.75,0,30712355.84
4.75,0.25,0,29961256.22
4.75,-0.25,0,3.05E+07
4.75,-0.75,0,30437519.14
4.75,-1.25,0,30319316.24
4.75,-1.75,0,30892557.19
4.75,-2.25,0,29837496.77
4.75,-2.75,0,29671088.24
4.75,-3.25,0,28869594.08
4.75,-3.75,0,30037217.43
4.75,-4.25,0,29540703.14
4.75,-4.75,0,27488111.36
4.75,-5.25,0,23515514.04
4.75,-5.75,0,21043049.34
4.75,-6.25,0,20608473.06
4.75,-6.75,0,15681113.96
4.75,-7.25,0,6653020.378
4.75,-7.75,0,2433517.576
4.75,-8.25,0,1804790.664
4.75,-8.75,0,-700381.6128
4.75,-9.25,0,711013.7323
4.75,-9.75,0,-960701.91
4.75,-10.25,0,-923437.9558
4.75,-10.75,0,-222764.7084
4.75,-11.25,0,-970935.4941
4.75,-11.75,0,785924.9745
4.75,-12.25,0,-1123318.652
4.75,-12.75,0,474745.5105
4.75,-13.25,0,504699.6936
4.75,-13.75,0,-1111556.204
4.75,-14.25,0,1093653.634
4.75,-14.75,0,-1016848.349
5.25,14.75,0,-471476.1728
5.25,14.25,0,1559620.055
5.25,13.75,0,1144827.038
5.25,13.25,0,-1052928.83
5.25,12.75,0,233751.0793
5.25,12.25,0,-467953.6404
5.25,11.75,0,274833.0289
5.25,11.25,0,929610.3611
5.25,10.75,0,517842.6061
5.25,10.25,0,-153292.5728
5.25,9.75,0,27789.27818
5.25,9.25,0,596280.9643
5.25,8.75,0,1210801.789
5.25,8.25,0,1727179.068
5.25,7.75,0,3349834.214
5.25,7.25,0,6233922.114
5.25,6.75,0,16382506.77
5.25,6.25,0,19472881.99
5.25,5.75,0,21497386.67
5.25,5.25,0,21788245.2
5.25,4.75,0,25027568.32
5.25,4.25,0,25328891.81
5.25,3.75,0,24315731.9
5.25,3.25,0,24321362.4
5.25,2.75,0,26392439.24
5.25,2.25,0,25493177.16
5.25,1.75,0,24450319.67
5.25,1.25,0,26196669
5.25,0.75,0,25606463.17
5.25,0.25,0,25900651.3
5.25,-0.25,0,2.51E+07
5.25,-0.75,0,24956392.62
5.25,-1.25,0,25862600.76
5.25,-1.75,0,25643506.04
5.25,-2.25,0,26276644.89
5.25,-2.75,0,24681898.79
5.25,-3.25,0,26526406.87
5.25,-3.75,0,25686099.66
5.25,-4.25,0,25303162.94
5.25,-4.75,0,22694213.7
5.25,-5.25,0,23404203.92
5.25,-5.75,0,22462095.25
5.25,-6.25,0,18735387.94
5.25,-6.75,0,17154506.39
5.25,-7.25,0,6703435.192
5.25,-7.75,0,1708657.058
5.25,-8.25,0,1869844.053
5.25,-8.75,0,1080573.899
5.25,-9.25,0,914769.235
5.25,-9.75,0,-1431304.358
5.25,-10.25,0,-353067.8886
5.25,-10.75,0,400565.1519
5.25,-11.25,0,523902.498
5.25,-11.75,0,-991350.927
5.25,-12.25,0,263071.6189
5.25,-12.75,0,-209949.2234
5.25,-13.25,0,114282.8836
5.25,-13.75,0,-330164.9745
5.25,-14.25,0,-933756.0529
5.25,-14.75,0,557741.3259
5.75,14.75,0,-1233149.446
5.75,14.25,0,197324.8628
5.75,13.75,0,-425542.3404
5.75,13.25,0,264879.8876
5.75,12.75,0,371098.341
5.75,12.25,0,-38384.09668
5.75,11.75,0,599892.3767
5.75,11.25,0,-43175.54538
5.75,10.75,0,740465.1233
5.75,10.25,0,-216472.9259
5.75,9.75,0,-1313306.972
5.75,9.25,0,-31296.97024
5.75,8.75,0,-805122.4752
5.75,8.25,0,2854337.064
5.75,7.75,0,2166889.26
5.75,7.25,0,6393567.59
5.75,6.75,0,13735439.96
5.75,6.25,0,19231271.4
5.75,5.75,0,22158077.24
5.75,5.25,0,21732339.38
5.75,4.75,0,20625840.65
5.75,4.25,0,21850292.59
5.75,3.75,0,23032248.43
5.75,3.25,0,23336471.05
5.75,2.75,0,22393596.56
5.75,2.25,0,23757929.65
5.75,1.75,0,22397505.9
5.75,1.25,0,22119299.52
5.75,0.75,0,22152404.72
5.75,0.25,0,23349583.38
5.75,-0.25,0,2.22E+07
5.75,-0.75,0,22673954.67
5.75,-1.25,0,22437009.79
5.75,-1.75,0,23416086.85
5.75,-2.25,0,22028758.39
5.75,-2.75,0,22759187.31
5.75,-3.25,0,22384726.73
5.75,-3.75,0,24424776.1
5.75,-4.25,0,23294923.81
5.75,-4.75,0,23059571.79
5.75,-5.25,0,21310931.47
5.75,-5.75,0,20166226.47
5.75,-6.25,0,19363080.38
5.75,-6.75,0,14159535.11
5.75,-7.25,0,5923471.062
5.75,-7.75,0,1498828.908
5.75,-8.25,0,1127450.018
5.75,-8.75,0,1304121.467
5.75,-9.25,0,363593.8338
5.75,-9.75,0,107728.8499
5.75,-10.25,0,-822234.3704
5.75,-10.75,0,-892660.8841
5.75,-11.25,0,-109265.9279
5.75,-11.75,0,347983.5379
5.75,-12.25,0,680320.5668
5.75,-12.75,0,286228.2167
5.75,-13.25,0,1117609.212
5.75,-13.75,0,236101.2818
5.75,-14.25,0,-238257.2351
5.75,-14.75,0,1122924.687
6.25,14.75,0,219512.7216
6.25,14.25,0,1521561.536
6.25,13.75,0,1264939.314
6.25,13.25,0,-1572979.805
6.25,12.75,0,-367559.4381
6.25,12.25,0,-1651651.61
6.25,11.75,0,-781144.1371
6.25,11.25,0,540845.4603
6.25,10.75,0,-175440.3606
6.25,10.25,0,633599.9867
6.25,9.75,0,-545156.6927
6.25,9.25,0,555121.8101
6.25,8.75,0,245776.5568
6.25,8.25,0,747608.445
6.25,7.75,0,2990256.682
6.25,7.25,0,4875382.2
6.25,6.75,0,13835599.8
6.25,6.25,0,18821148.85
6.25,5.75,0,20388450.12
6.25,5.25,0,20360400.6
6.25,4.75,0,19679154.36
6.25,4.25,0,18322083.73
6.25,3.75,0,19441399.29
6.25,3.25,0,19858359.6
6.25,2.75,0,20356600.67
6.25,2.25,0,20192619.62
6.25,1.75,0,19631569.34
6.25,1.25,0,22210214.07
6.25,0.75,0,19253533.7
6.25,0.25,0,21443738.26
6.25,-0.25,0,2.15E+07
6.25,-0.75,0,21030053.44
6.25,-1.25,0,19094479.86
6.25,-1.75,0,20197078.93
6.25,-2.25,0,20085562.4
6.25,-2.75,0,20745591.88
6.25,-3.25,0,21161794.42
6.25,-3.75,0,19465462.17
6.25,-4.25,0,21312939.83
6.25,-4.75,0,20926785.87
6.25,-5.25,0,18470068.28
6.25,-5.75,0,19321092.33
6.25,-6.25,0,16683224.86
6.25,-6.75,0,14945666.23
6.25,-7.25,0,5935006.863
6.25,-7.75,0,1934960.004
6.25,-8.25,0,763846.7581
6.25,-8.75,0,-114088.6682
6.25,-9.25,0,-890757.2151
6.25,-9.75,0,-697944.8297
6.25,-10.25,0,-292583.1602
6.25,-10.75,0,1654116.347
6.25,-11.25,0,-1017426.117
6.25,-11.75,0,671340.6049
6.25,-12.25,0,-868262.5054
6.25,-12.75,0,-103021.7071
6.25,-13.25,0,-2311.354625
6.25,-13.75,0,-863463.6343
6.25,-14.25,0,-1104087.71
6.25,-14.75,0,293946.7744
6.75,14.75,0,993948.3243
6.75,14.25,0,-262616.5687
6.75,13.75,0,876682.3608
6.75,13.25,0,44699.30483
6.75,12.75,0,283627.3174
6.75,12.25,0,-382892.2546
6.75,11.75,0,-1777983.131
6.75,11.25,0,-114087.8174
6.75,10.75,0,-498426.6579
6.75,10.25,0,123218.8977
6.75,9.75,0,270670.9124
6.75,9.25,0,-119326.7212
6.75,8.75,0,-71561.60257
6.75,8.25,0,1090027.717
6.75,7.75,0,1253328.017
6.75,7.25,0,4392950.952
6.75,6.75,0,12027340.95
6.75,6.25,0,13961861.82
6.75,5.75,0,15671473.8
6.75,5.25,0,15516790.51
6.75,4.75,0,15711731.65
6.75,4.25,0,16857717.15
6.75,3.75,0,16437199.57
6.75,3.25,0,15738971.21
6.75,2.75,0,16512155.46
6.75,2.25,0,16201256.6
6.75,1.75,0,15901749.74
6.75,1.25,0,15693074.1
6.75,0.75,0,15898622.2
6.75,0.25,0,16509098.91
6.75,-0.25,0,1.52E+07
6.75,-0.75,0,16435645.23
6.75,-1.25,0,16452799.3
6.75,-1.75,0,16473280.89
6.75,-2.25,0,16647517.85
6.75,-2.75,0,16209653.13
6.75,-3.25,0,14448596.75
6.75,-3.75,0,16504983.2
6.75,-4.25,0,16645523.49
6.75,-4.75,0,17213244.43
6.75,-5.25,0,14575790.65
6.75,-5.75,0,16270716.16
6.75,-6.25,0,13753591.15
6.75,-6.75,0,11597118.17
6.75,-7.25,0,3370929.535
6.75,-7.75,0,1152945.951
6.75,-8.25,0,973482.2304
6.75,-8.75,0,-223988.7162
6.75,-9.25,0,-1144497.305
6.75,-9.75,0,714468.515
6.75,-10.25,0,-362926.0986
6.75,-10.75,0,551731.4023
6.75,-11.25,0,-933439.2485
6.75,-11.75,0,53227.34865
6.75,-12.25,0,608612.9293
6.75,-12.75,0,-963749.5219
6.75,-13.25,0,195023.5815
6.75,-13.75,0,-311687.5854
6.75,-14.25,0,-961177.2196
6.75,-14.75,0,626361.6767
7.25,14.75,0,2047024.298
7.25,14.25,0,-550449.9804
7.25,13.75,0,815752.6183
7.25,13.25,0,-142679.9916
7.25,12.75,0,80009.67976
7.25,12.25,0,252166.4132
7.25,11.75,0,-136979.9613
7.25,11.25,0,-953809.3445
7.25,10.75,0,427802.6
7.25,10.25,0,333957.3203
7.25,9.75,0,116896.1936
7.25,9.25,0,421083.6292
7.25,8.75,0,-272684.8688
7.25,8.25,0,827515.0567
7.25,7.75,0,2392374.816
7.25,7.25,0,3586349.32
7.25,6.75,0,4103670.033
7.25,6.25,0,5685273.821
7.25,5.75,0,5975130.782
7.25,5.25,0,6721250.83
7.25,4.75,0,7174132.925
7.25,4.25,0,6773906.189
7.25,3.75,0,6538290.247
7.25,3.25,0,7971054.333
7.25,2.75,0,5661738.121
7.25,2.25,0,6070526.088
7.25,1.75,0,6942590.772
7.25,1.25,0,7519099.484
7.25,0.75,0,6509905.727
7.25,0.25,0,6795860.168
7.25,-0.25,0,6.12E+06
7.25,-0.75,0,6319222.61
7.25,-1.25,0,7203979.41
7.25,-1.75,0,7431329.559
7.25,-2.25,0,6621597.106
7.25,-2.75,0,6852100.743
7.25,-3.25,0,7275854.001
7.25,-3.75,0,7430804.879
7.25,-4.25,0,6925423.636
7.25,-4.75,0,6876042.937
7.25,-5.25,0,5427139.699
7.25,-5.75,0,5209511.981
7.25,-6.25,0,5542670.063
7.25,-6.75,0,4952254.752
7.25,-7.25,0,3847903.924
7.25,-7.75,0,611695.7392
7.25,-8.25,0,862007.3432
7.25,-8.75,0,267448.2731
7.25,-9.25,0,853952.8525
7.25,-9.75,0,168092.1601
7.25,-10.25,0,1519695.228
7.25,-10.75,0,756614.0631
7.25,-11.25,0,-233019.4365
7.25,-11.75,0,-162875.35
7.25,-12.25,0,-428473.7075
7.25,-12.75,0,-23261.13545
7.25,-13.25,0,882683.3641
7.25,-13.75,0,-694242.2965
7.25,-14.25,0,745637.329
7.25,-14.75,0,573671.9905
7.75,14.75,0,-584448.3219
7.75,14.25,0,629232.2898
7.75,13.75,0,637127.2569
7.75,13.25,0,1403610.646
7.75,12.75,0,-403677.4896
7.75,12.25,0,-1111387.892
7.75,11.75,0,-796662.9428
7.75,11.25,0,406487.5969
7.75,10.75,0,809712.8953
7.75,10.25,0,1332852.925
7.75,9.75,0,-895107.998
7.75,9.25,0,898220.6364
7.75,8.75,0,820501.2426
7.75,8.25,0,-49543.6898
7.75,7.75,0,566903.0241
7.75,7.25,0,2912554.388
7.75,6.75,0,1184464.306
7.75,6.25,0,2662784.789
7.75,5.75,0,2201598.219
7.75,5.25,0,2258848.767
7.75,4.75,0,4134217.217
7.75,4.25,0,2891351.692
7.75,3.75,0,3139065.887
7.75,3.25,0,2179187.499
7.75,2.75,0,3160846.46
7.75,2.25,0,1842341.733
7.75,1.75,0,1906246.729
7.75,1.25,0,3038921.562
7.75,0.75,0,2473104.848
7.75,0.25,0,3591045.239
7.75,-0.25,0,2.31E+06
7.75,-0.75,0,3665094.006
7.75,-1.25,0,2741036.879
7.75,-1.75,0,2391032.607
7.75,-2.25,0,2605433.51
7.75,-2.75,0,4144743.121
7.75,-3.25,0,3419012.408
7.75,-3.75,0,3666537.962
7.75,-4.25,0,3920990.083
7.75,-4.75,0,4331483.114
7.75,-5.25,0,3568466.87
7.75,-5.75,0,2793458.196
7.75,-6.25,0,1948665.098
7.75,-6.75,0,2624987.067
7.75,-7.25,0,18151.43693
7.75,-7.75,0,1254805.843
7.75,-8.25,0,1280203.857
7.75,-8.75,0,148563.3359
7.75,-9.25,0,-221230.7705
7.75,-9.75,0,-805691.468
7.75,-10.25,0,-312889.6607
7.75,-10.75,0,-1136143.825
7.75,-11.25,0,55467.48169
7.75,-11.75,0,-610105.9917
7.75,-12.25,0,673355.7579
7.75,-12.75,0,-734855.806
7.75,-13.25,0,-165109.453
7.75,-13.75,0,672762.7701
7.75,-14.25,0,-440046.8562
7.75,-14.75,0,-446293.4002
8.25,14.75,0,988601.1736
8.25,14.25,0,31529.73151
8.25,13.75,0,2428023.691
8.25,13.25,0,-43456.24997
8.25,12.75,0,-288877.8959
8.25,12.25,0,476172.5582
8.25,11.75,0,498236.8032
8.25,11.25,0,308214.6309
8.25,10.75,0,148368.1167
8.25,10.25,0,244459.8075
8.25,9.75,0,368662.277
8.25,9.25,0,607584.6153
8.25,8.75,0,580363.2917
8.25,8.25,0,1282705.368
8.25,7.75,0,343598.5721
8.25,7.25,0,-56546.46779
8.25,6.75,0,488847.0983
8.25,6.25,0,822069.4652
8.25,5.75,0,-60433.80805
8.25,5.25,0,914904.1802
8.25,4.75,0,1876117.755
8.25,4.25,0,781865.6482
8.25,3.75,0,2423299.318
8.25,3.25,0,1539925.485
8.25,2.75,0,3195.292852
8.25,2.25,0,1718397.644
8.25,1.75,0,1188520.201
8.25,1.25,0,1780410.112
8.25,0.75,0,493212.903
8.25,0.25,0,1932864.645
8.25,-0.25,0,1.36E+06
8.25,-0.75,0,1279452.468
8.25,-1.25,0,921623.5296
8.25,-1.75,0,2073752.507
8.25,-2.25,0,585089.0819
8.25,-2.75,0,801190.5548
8.25,-3.25,0,1332064.609
8.25,-3.75,0,2711129.083
8.25,-4.25,0,830171.2872
8.25,-4.75,0,458551.2745
8.25,-5.25,0,778674.0445
8.25,-5.75,0,1695982.336
8.25,-6.25,0,1152461.048
8.25,-6.75,0,-8254.923638
8.25,-7.25,0,-40937.81533
8.25,-7.75,0,1901585.223
8.25,-8.25,0,747110.5096
8.25,-8.75,0,333145.5161
8.25,-9.25,0,-220088.3253
8.25,-9.75,0,259316.9989
8.25,-10.25,0,-364283.9081
8.25,-10.75,0,622567.257
8.25,-11.25,0,67489.53272
8.25,-11.75,0,-916479.9333
8.25,-12.25,0,-1558837.752
8.25,-12.75,0,945456.2625
8.25,-13.25,0,45467.50222
8.25,-13.75,0,22918.02803
8.25,-14.25,0,-359404.0068
8.25,-14.75,0,-21435.1176
8.75,14.75,0,-4877.023404
8.75,14.25,0,-619963.6865
8.75,13.75,0,410161.2906
8.75,13.25,0,1255683.259
8.75,12.75,0,-688214.2846
8.75,12.25,0,-49663.19873
8.75,11.75,0,308063.3337
8.75,11.25,0,-850214.0388
8.75,10.75,0,-1208876.976
8.75,10.25,0,-663883.0906
8.75,9.75,0,-223062.0295
8.75,9.25,0,353525.2053
8.75,8.75,0,-1745377.124
8.75,8.25,0,676831.1545
8.75,7.75,0,-945632.8822
8.75,7.25,0,-95302.79087
8.75,6.75,0,84912.22526
8.75,6.25,0,-183286.5482
8.75,5.75,0,-569624.9254
8.75,5.25,0,1415761.353
8.75,4.75,0,634305.701
8.75,4.25,0,1341841.975
8.75,3.75,0,941994.3241
8.75,3.25,0,476583.7396
8.75,2.75,0,-954836.4055
8.75,2.25,0,404305.0803
8.75,1.75,0,-164665.2342
8.75,1.25,0,1211156.533
8.75,0.75,0,380722.5222
8.75,0.25,0,205147.9811
8.75,-0.25,0,6.89E+05
8.75,-0.75,0,-213105.1644
8.75,-1.25,0,-69382.14928
8.75,-1.75,0,76495.63707
8.75,-2.25,0,252669.8737
8.75,-2.75,0,985048.6177
8.75,-3.25,0,325047.0273
8.75,-3.75,0,838970.1515
8.75,-4.25,0,74183.99085
8.75,-4.75,0,1589505.183
8.75,-5.25,0,68719.04718
8.75,-5.75,0,2333871.897
8.75,-6.25,0,17298.22283
8.75,-6.75,0,290817.576
8.75,-7.25,0,523984.5233
8.75,-7.75,0,775711.7758
8.75,-8.25,0,-208003.0816
8.75,-8.75,0,-1574611.811
8.75,-9.25,0,1444013.392
8.75,-9.75,0,672540.8587
8.75,-10.25,0,-463617.1322
8.75,-10.75,0,-337386.576
8.75,-11.25,0,-1031499.926
8.75,-11.75,0,91296.32264
8.75,-12.25,0,-96682.44289
8.75,-12.75,0,182381.6345
8.75,-13.25,0,-522381.6504
8.75,-13.75,0,-1299252.455
8.75,-14.25,0,488874.4
8.75,-14.75,0,-274519.0637
9.25,14.75,0,174859.7346
9.25,14.25,0,-50710.68552
9.25,13.75,0,259944.4649
9.25,13.25,0,581168.3848
9.25,12.75,0,-810441.291
9.25,12.25,0,1201436.41
9.25,11.75,0,-23774.09574
9.25,11.25,0,-1155755.804
9.25,10.75,0,1060125.919
9.25,10.25,0,647351.5361
9.25,9.75,0,237902.5112
9.25,9.25,0,-104206.7327
9.25,8.75,0,141810.3656
9.25,8.25,0,-921375.3634
9.25,7.75,0,-524228.1859
9.25,7.25,0,857931.024
9.25,6.75,0,621953.9196
9.25,6.25,0,-1181893.621
9.25,5.75,0,350898.4338
9.25,5.25,0,22817.15232
9.25,4.75,0,483608.9185
9.25,4.25,0,387990.602
9.25,3.75,0,509724.2413
9.25,3.25,0,1829061.178
9.25,2.75,0,-815338.4996
9.25,2.25,0,1082165.925
9.25,1.75,0,1225723.439
9.25,1.25,0,228511.986
9.25,0.75,0,-972725.6876
9.25,0.25,0,-534375.0437
9.25,-0.25,0,7.44E+05
9.25,-0.75,0,-821756.8216
9.25,-1.25,0,519147.8901
9.25,-1.75,0,392498.7573
9.25,-2.25,0,513456.7368
9.25,-2.75,0,1578962.927
9.25,-3.25,0,207450.3488
9.25,-3.75,0,840799.2822
9.25,-4.25,0,335540.8598
9.25,-4.75,0,2677835.087
9.25,-5.25,0,1081006.617
9.25,-5.75,0,-474425.9021
9.25,-6.25,0,-629618.5987
9.25,-6.75,0,935999.9834
9.25,-7.25,0,1559795.408
9.25,-7.75,0,521926.9898
9.25,-8.25,0,147309.6781
9.25,-8.75,0,-1012432.21
9.25,-9.25,0,538654.6278
9.25,-9.75,0,-272109.782
9.25,-10.25,0,78027.25884
9.25,-10.75,0,630105.5894
9.25,-11.25,0,-1400543.096
9.25,-11.75,0,92910.92675
9.25,-12.25,0,-1264515.68
9.25,-12.75,0,556514.3908
9.25,-13.25,0,-329758.8503
9.25,-13.75,0,-186555.2859
9.25,-14.25,0,-746101.5457
9.25,-14.75,0,-293761.6142
9.75,14.75,0,-627670.2513
9.75,14.25,0,9140.820152
9.75,13.75,0,-458165.3137
9.75,13.25,0,-650319.8337
9.75,12.75,0,634415.5211
9.75,12.25,0,-587323.5134
9.75,11.75,0,219469.1445
9.75,11.25,0,-51275.75802
9.75,10.75,0,-1286602.434
9.75,10.25,0,108040.448
9.75,9.75,0,469686.7306
9.75,9.25,0,439398.2032
9.75,8.75,0,-504114.295
9.75,8.25,0,-4474.563482
9.75,7.75,0,143490.0839
9.75,7.25,0,-127209.5967
9.75,6.75,0,463976.0447
9.75,6.25,0,993601.5933
9.75,5.75,0,925018.5347
9.75,5.25,0,-1005162.132
9.75,4.75,0,-406829.5265
9.75,4.25,0,-35619.89397
9.75,3.75,0,-686960.5052
9.75,3.25,0,275299.8508
9.75,2.75,0,1045416.072
9.75,2.25,0,-228255.532
9.75,1.75,0,324404.8155
9.75,1.25,0,-390877.2423
9.75,0.75,0,733561.6154
9.75,0.25,0,-768175.546
9.75,-0.25,0,7.46E+04
9.75,-0.75,0,397816.93
9.75,-1.25,0,848772.7457
9.75,-1.75,0,-50611.85744
9.75,-2.25,0,-573698.2791
9.75,-2.75,0,-343387.6963
9.75,-3.25,0,556792.385
9.75,-3.75,0,1633129.945
9.75,-4.25,0,-416294.1259
9.75,-4.75,0,-154130.9732
9.75,-5.25,0,-383974.3823
9.75,-5.75,0,-76800.67158
9.75,-6.25,0,-226089.9965
9.75,-6.75,0,236095.3992
9.75,-7.25,0,1341711.71
9.75,-7.75,0,-26706.73214
9.75,-8.25,0,635768.0602
9.75,-8.75,0,891980.2554
9.75,-9.25,0,689257.401
9.75,-9.75,0,1220591.614
9.75,-10.25,0,280951.0474
9.75,-10.75,0,-971423.9116
9.75,-11.25,0,801316.3323
9.75,-11.75,0,-846105.3618
9.75,-12.25,0,-230661.5323
9.75,-12.75,0,-181893.5032
9.75,-13.25,0,1038927.203
9.75,-13.75,0,-555394.7021
9.75,-14.25,0,354178.7896
9.75,-14.75,0,1049731.593
10.25,14.75,0,-442991.2618
10.25,14.25,0,-467498.3895
10.25,13.75,0,85152.58055
10.25,13.25,0,-173984.509
10.25,12.75,0,-596942.73
10.25,12.25,0,312471.997
10.25,11.75,0,308337.5029
10.25,11.25,0,799724.9437
10.25,10.75,0,1032758.074
10.25,10.25,0,-119787.1886
10.25,9.75,0,593004.1155
10.25,9.25,0,-1132403.713
10.25,8.75,0,-669196.3939
10.25,8.25,0,-1094819.98
10.25,7.75,0,-329612.4084
10.25,7.25,0,647273.9406
10.25,6.75,0,774044.4428
10.25,6.25,0,741779.4817
10.25,5.75,0,1388397.224
10.25,5.25,0,-283597.5516
10.25,4.75,0,-789215.5163
10.25,4.25,0,-1824335.961
10.25,3.75,0,219585.7585
10.25,3.25,0,342871.5409
10.25,2.75,0,193113.0666
10.25,2.25,0,-311738.2449
10.25,1.75,0,1129887.378
10.25,1.25,0,-707379.5123
10.25,0.75,0,1977398.772
10.25,0.25,0,133728.3326
10.25,-0.25,0,-1.52E+05
10.25,-0.75,0,843252.4166
10.25,-1.25,0,62662.82799
10.25,-1.75,0,1008532.528
10.25,-2.25,0,1270011.145
10.25,-2.75,0,-911048.4745
10.25,-3.25,0,629604.4003
10.25,-3.75,0,243268.3542
10.25,-4.25,0,872828.3088
10.25,-4.75,0,-1248815.919
10.25,-5.25,0,891497.9416
10.25,-5.75,0,342345.927
10.25,-6.25,0,1291259.626
10.25,-6.75,0,-1519227.501
10.25,-7.25,0,10423.22379
10.25,-7.75,0,-52243.16212
10.25,-8.25,0,173618.6737
10.25,-8.75,0,1895633.802
10.25,-9.25,0,304124.8842
10.25,-9.75,0,1216079.774
10.25,-10.25,0,-657069.6322
10.25,-10.75,0,-980606.7823
10.25,-11.25,0,-285895.3342
10.25,-11.75,0,-641356.4613
10.25,-12.25,0,-319063.6062
10.25,-12.75,0,398752.8403
10.25,-13.25,0,-21370.79631
10.25,-13.75,0,-711856.8919
10.25,-14.25,0,1035943.023
10.25,-14.75,0,-614906.2552
10.75,14.75,0,926874.662
10.75,14.25,0,449227.8951
10.75,13.75,0,-995493.6912
10.75,13.25,0,675571.5515
10.75,12.75,0,836860.4749
10.75,12.25,0,375775.3245
10.75,11.75,0,-164691.7498
10.75,11.25,0,344449.3198
10.75,10.75,0,1192335.55
10.75,10.25,0,554049.1038
10.75,9.75,0,216288.569
10.75,9.25,0,-718179.1506
10.75,8.75,0,-528667.0952
10.75,8.25,0,-637034.0363
10.75,7.75,0,-72222.56704
10.75,7.25,0,170825.8385
10.75,6.75,0,383267.1861
10.75,6.25,0,611583.6738
10.75,5.75,0,212301.9587
10.75,5.25,0,987056.8392
10.75,4.75,0,252885.3588
10.75,4.25,0,-1494662.878
10.75,3.75,0,-1174396.325
10.75,3.25,0,609243.915
10.75,2.75,0,787392.8502
10.75,2.25,0,-119006.4821
10.75,1.75,0,1307869.842
10.75,1.25,0,-1022117.231
10.75,0.75,0,-366522.3108
10.75,0.25,0,-212394.3464
10.75,-0.25,0,-4.31E+05
10.75,-0.75,0,-315668.6552
10.75,-1.25,0,-551842.5267
10.75,-1.75,0,629078.9088
10.75,-2.25,0,887.3744313
10.75,-2.75,0,-1508546.411
10.75,-3.25,0,439465.2418
10.75,-3.75,0,309699.828
10.75,-4.25,0,1203606.941
10.75,-4.75,0,200401.1143
10.75,-5.25,0,-418279.387
10.75,-5.75,0,1001149.187
10.75,-6.25,0,-559683.3642
10.75,-6.75,0,-340156.7061
10.75,-7.25,0,-384138.7163
10.75,-7.75,0,-507091.4706
10.75,-8.25,0,274289.0953
10.75,-8.75,0,84003.8596
10.75,-9.25,0,-1362926.03
10.75,-9.75,0,325247.5476
10.75,-10.25,0,-613803.3053
10.75,-10.75,0,-408.3325205
10.75,-11.25,0,-353315.2354
10.75,-11.75,0,180986.9267
10.75,-12.25,0,348678.8094
10.75,-12.75,0,-565702.0563
10.75,-13.25,0,338704.4316
10.75,-13.75,0,-33029.65241
10.75,-14.25,0,-436615.1612
10.75,-14.75,0,-47987.46447
11.25,14.75,0,691781.5868
11.25,14.25,0,618882.3296
11.25,13.75,0,-439515.0326
11.25,13.25,0,-324039.5647
11.25,12.75,0,632688.7697
11.25,12.25,0,-148447.3312
11.25,11.75,0,899526.3065
11.25,11.25,0,-970203.9628
11.25,10.75,0,372921.3025
11.25,10.25,0,216337.2512
11.25,9.75,0,603162.2946
11.25,9.25,0,351473.8258
11.25,8.75,0,620377.0895
11.25,8.25,0,-550062.4689
11.25,7.75,0,1106839.835
11.25,7.25,0,187813.4355
11.25,6.75,0,645939.875
11.25,6.25,0,-509870.7111
11.25,5.75,0,920685.4731
11.25,5.25,0,-262.2792465
11.25,4.75,0,-1091392.185
11.25,4.25,0,23966.20489
11.25,3.75,0,-777363.1275
11.25,3.25,0,-1181200.071
11.25,2.75,0,14659.71663
11.25,2.25,0,352421.1606
11.25,1.75,0,-1483055.487
11.25,1.25,0,1157507.495
11.25,0.75,0,515774.7502
11.25,0.25,0,374317.0953
11.25,-0.25,0,1.28E+05
11.25,-0.75,0,1661632.953
11.25,-1.25,0,-119809.1969
11.25,-1.75,0,31359.28167
11.25,-2.25,0,-13245.37726
11.25,-2.75,0,4279.681959
11.25,-3.25,0,-117394.5988
11.25,-3.75,0,152265.9081
11.25,-4.25,0,-977974.0514
11.25,-4.75,0,-81838.52066
11.25,-5.25,0,154080.0031
11.25,-5.75,0,-1142223.386
11.25,-6.25,0,164680.1735
11.25,-6.75,0,-300828.054
11.25,-7.25,0,519712.6317
11.25,-7.75,0,-1344125.501
11.25,-8.25,0,452660.2347
11.25,-8.75,0,-451894.6266
11.25,-9.25,0,-347367.6131
11.25,-9.75,0,-9190.784128
11.25,-10.25,0,155409.6805
11.25,-10.75,0,-212947.3516
11.25,-11.25,0,-1243071.55
11.25,-11.75,0,614888.6888
11.25,-12.25,0,-1246595.624
11.25,-12.75,0,-115532.4793
11.25,-13.25,0,-232770.1454
11.25,-13.75,0,81601.36397
11.25,-14.25,0,-385095.061
11.25,-14.75,0,-109608.7621
11.75,14.75,0,-360475.8781
11.75,14.25,0,-280763.0925
11.75,13.75,0,-1182243.092
11.75,13.25,0,86567.78427
11.75,12.75,0,284099.1547
11.75,12.25,0,-633452.0778
11.75,11.75,0,878113.2362
11.75,11.25,0,-229552.4489
11.75,10.75,0,1292923.366
11.75,10.25,0,-830169.4451
11.75,9.75,0,-1754512.901
11.75,9.25,0,-759555.9203
11.75,8.75,0,-1278265.337
11.75,8.25,0,272149.3393
11.75,7.75,0,864942.3314
11.75,7.25,0,-262648.1504
11.75,6.75,0,-105216.5863
11.75,6.25,0,-240770.4482
11.75,5.75,0,783931.4077
11.75,5.25,0,1329567.23
11.75,4.75,0,-831872.2645
11.75,4.25,0,877704.706
11.75,3.75,0,-73855.11219
11.75,3.25,0,73456.73082
11.75,2.75,0,1459286.909
11.75,2.25,0,-708277.2254
11.75,1.75,0,343431.3494
11.75,1.25,0,-569693.6052
11.75,0.75,0,-648570.221
11.75,0.25,0,-378328.6331
11.75,-0.25,0,4.37E+05
11.75,-0.75,0,767487.5741
11.75,-1.25,0,880935.0476
11.75,-1.75,0,-1140323.717
11.75,-2.25,0,-108619.0175
11.75,-2.75,0,1707081.605
11.75,-3.25,0,-108086.9995
11.75,-3.75,0,-646986.3602
11.75,-4.25,0,-674870.6543
11.75,-4.75,0,565849.1328
11.75,-5.25,0,813674.209
11.75,-5.75,0,-489762.596
11.75,-6.25,0,464202.9932
11.75,-6.75,0,-723214.4167
11.75,-7.25,0,1314672.649
11.75,-7.75,0,477681.2196
11.75,-8.25,0,414096.0831
11.75,-8.75,0,117388.2632
11.75,-9.25,0,472718.6023
11.75,-9.75,0,-1412719.602
11.75,-10.25,0,455143.6122
11.75,-10.75,0,-321896.3685
11.75,-11.25,0,-1269329.641
11.75,-11.75,0,495585.0832
11.75,-12.25,0,70043.63838
11.75,-12.75,0,-784789.7921
11.75,-13.25,0,-231693.9511
11.75,-13.75,0,716341.8884
11.75,-14.25,0,-220626.2772
11.75,-14.75,0,-330100.1789
12.25,14.75,0,-1048499.964
12.25,14.25,0,-372719.8899
12.25,13.75,0,228188.1414
12.25,13.25,0,-246132.6873
12.25,12.75,0,-455829.309
12.25,12.25,0,-438676.124
12.25,11.75,0,718479.3298
12.25,11.25,0,55543.77007
12.25,10.75,0,524789.58
12.25,10.25,0,-410381.1196
12.25,9.75,0,1437236.213
12.25,9.25,0,1139338.736
12.25,8.75,0,-147311.5248
12.25,8.25,0,1169746.783
12.25,7.75,0,592736.4805
12.25,7.25,0,-808034.3733
12.25,6.75,0,-2044798.589
12.25,6.25,0,-573275.9611
12.25,5.75,0,-431213.6117
12.25,5.25,0,232472.1062
12.25,4.75,0,-1098529.718
12.25,4.25,0,625238.5291
12.25,3.75,0,-414682.3365
12.25,3.25,0,81456.51726
12.25,2.75,0,544892.9356
12.25,2.25,0,871285.8561
12.25,1.75,0,318218.7895
12.25,1.25,0,-730348.6095
12.25,0.75,0,748734.3816
12.25,0.25,0,-137761.1097
12.25,-0.25,0,-3.79E+05
12.25,-0.75,0,284079.4975
12.25,-1.25,0,-43512.51045
12.25,-1.75,0,-709598.8702
12.25,-2.25,0,880874.1178
12.25,-2.75,0,-34743.20116
12.25,-3.25,0,208476.3759
12.25,-3.75,0,-1276712.233
12.25,-4.25,0,-353831.5387
12.25,-4.75,0,-164465.7757
12.25,-5.25,0,-248052.7393
12.25,-5.75,0,2065995.898
12.25,-6.25,0,-463617.5177
12.25,-6.75,0,1202665.587
12.25,-7.25,0,2296380.612
12.25,-7.75,0,84044.06436
12.25,-8.25,0,-703839.5052
12.25,-8.75,0,-1162908.102
12.25,-9.25,0,254102.7119
12.25,-9.75,0,-724307.5756
12.25,-10.25,0,1058260.739
12.25,-10.75,0,-550386.2076
12.25,-11.25,0,-147313.6274
12.25,-11.75,0,-123349.6645
12.25,-12.25,0,-210409.9565
12.25,-12.75,0,595934.5029
12.25,-13.25,0,392131.5695
12.25,-13.75,0,-213996.4054
12.25,-14.25,0,-1033987.785
12.25,-14.75,0,-198692.2713
12.75,14.75,0,986926.0157
12.75,14.25,0,-285073.7593
12.75,13.75,0,-973192.7408
12.75,13.25,0,369432.1466
12.75,12.75,0,203930.5223
12.75,12.25,0,-842318.6412
12.75,11.75,0,1275769.96
12.75,11.25,0,235328.2086
12.75,10.75,0,226901.3748
12.75,10.25,0,-184567.016
12.75,9.75,0,-1001312.074
12.75,9.25,0,268493.6745
12.75,8.75,0,724133.7898
12.75,8.25,0,-405621.2293
12.75,7.75,0,872750.2369
12.75,7.25,0,896575.1665
12.75,6.75,0,-677980.739
12.75,6.25,0,290908.3331
12.75,5.75,0,-661833.5914
12.75,5.25,0,317604.7229
12.75,4.75,0,173805.9141
12.75,4.25,0,1406034.64
12.75,3.75,0,867883.0993
12.75,3.25,0,-444794.6006
12.75,2.75,0,783286.4471
12.75,2.25,0,221272.6007
12.75,1.75,0,-885985.7787
12.75,1.25,0,30719.17417
12.75,0.75,0,-516816.5492
12.75,0.25,0,322410.1899
12.75,-0.25,0,1.84E+04
12.75,-0.75,0,-778192.6806
12.75,-1.25,0,599832.9968
12.75,-1.75,0,492239.5076
12.75,-2.25,0,69193.31734
12.75,-2.75,0,814625.6777
12.75,-3.25,0,-674113.0291
12.75,-3.75,0,-444882.2145
12.75,-4.25,0,129236.5937
12.75,-4.75,0,2226.817548
12.75,-5.25,0,363817.4836
12.75,-5.75,0,-87561.32899
12.75,-6.25,0,807435.816
12.75,-6.75,0,1469491.896
12.75,-7.25,0,472669.9203
12.75,-7.75,0,53048.44429
12.75,-8.25,0,1162805.531
12.75,-8.75,0,-604963.4846
12.75,-9.25,0,1203546.558
12.75,-9.75,0,520592.1465
12.75,-10.25,0,1524977.821
12.75,-10.75,0,-825791.502
12.75,-11.25,0,135212.4283
12.75,-11.75,0,622504.3851
12.75,-12.25,0,1405156.625
12.75,-12.75,0,-1203638.667
12.75,-13.25,0,50441.91181
12.75,-13.75,0,1073443.918
12.75,-14.25,0,832443.8102
12.75,-14.75,0,-631536.6842
13.25,14.75,0,-359597.8378
13.25,14.25,0,-1706558.442
13.25,13.75,0,-1725116.739
13.25,13.25,0,-285453.781
13.25,12.75,0,318498.2384
13.25,12.25,0,-88025.93669
13.25,11.75,0,1582046.804
13.25,11.25,0,114140.4199
13.25,10.75,0,408683.6888
13.25,10.25,0,97250.04696
13.25,9.75,0,-746973.498
13.25,9.25,0,-207274.0485
13.25,8.75,0,-180337.991
13.25,8.25,0,-1459171.25
13.25,7.75,0,171143.3936
13.25,7.25,0,-174977.539
13.25,6.75,0,418734.7413
13.25,6.25,0,-1523697.259
13.25,5.75,0,-1014505.008
13.25,5.25,0,1183436.912
13.25,4.75,0,-68856.39703
13.25,4.25,0,-651486.1701
13.25,3.75,0,-503778.3001
13.25,3.25,0,1377618.794
13.25,2.75,0,204059.6688
13.25,2.25,0,-541998.991
13.25,1.75,0,282037.0854
13.25,1.25,0,-87765.22019
13.25,0.75,0,381906.8161
13.25,0.25,0,494704.9351
13.25,-0.25,0,-6.08E+05
13.25,-0.75,0,24268.58892
13.25,-1.25,0,107064.0878
13.25,-1.75,0,101068.9027
13.25,-2.25,0,-231821.0027
13.25,-2.75,0,188522.4476
13.25,-3.25,0,432150.3541
13.25,-3.75,0,39474.39151
13.25,-4.25,0,170519.2191
13.25,-4.75,0,-389866.6111
13.25,-5.25,0,-64244.74208
13.25,-5.75,0,-1448492.707
13.25,-6.25,0,609842.6685
13.25,-6.75,0,1115885.024
13.25,-7.25,0,823049.0478
13.25,-7.75,0,-337851.8745
13.25,-8.25,0,833079.2587
13.25,-8.75,0,-137436.1743
13.25,-9.25,0,767739.6595
13.25,-9.75,0,-108276.7237
13.25,-10.25,0,441934.9567
13.25,-10.75,0,305016.6336
13.25,-11.25,0,-1628217.274
13.25,-11.75,0,415401.7692
13.25,-12.25,0,-472520.1932
13.25,-12.75,0,126387.8093
13.25,-13.25,0,-591176.7891
13.25,-13.75,0,1357935.18
13.25,-14.25,0,381239.5475
13.25,-14.75,0,-685741.4766
13.75,14.75,0,491060.2065
13.75,14.25,0,259027.5663
13.75,13.75,0,706101.9973
13.75,13.25,0,-623929.1163
13.75,12.75,0,-549634.8429
13.75,12.25,0,-787599.3375
13.75,11.75,0,-481375.0649
13.75,11.25,0,638395.6119
13.75,10.75,0,1343839.197
13.75,10.25,0,984756.2093
13.75,9.75,0,-637005.6416
13.75,9.25,0,-495540.7912
13.75,8.75,0,-160700.5006
13.75,8.25,0,-379095.9908
13.75,7.75,0,841746.2693
13.75,7.25,0,-488401.0717
13.75,6.75,0,293824.7949
13.75,6.25,0,-141602.3181
13.75,5.75,0,491438.7237
13.75,5.25,0,-252908.3302
13.75,4.75,0,434661.5613
13.75,4.25,0,-631060.5184
13.75,3.75,0,-577470.08
13.75,3.25,0,-328593.2759
13.75,2.75,0,-85485.05805
13.75,2.25,0,782952.1913
13.75,1.75,0,188891.1621
13.75,1.25,0,137488.286
13.75,0.75,0,268385.4984
13.75,0.25,0,-942614.1596
13.75,-0.25,0,-9.20E+04
13.75,-0.75,0,450499.9561
13.75,-1.25,0,-327816.678
13.75,-1.75,0,-517588.9049
13.75,-2.25,0,445769.9939
13.75,-2.75,0,-368615.0934
13.75,-3.25,0,-79115.35059
13.75,-3.75,0,-248441.5835
13.75,-4.25,0,702458.0245
13.75,-4.75,0,751768.1058
13.75,-5.25,0,-196026.3515
13.75,-5.75,0,-892865.56
13.75,-6.25,0,334716.6367
13.75,-6.75,0,-244826.9167
13.75,-7.25,0,1089290.272
13.75,-7.75,0,555400.8356
13.75,-8.25,0,-631032.626
13.75,-8.75,0,-400087.3717
13.75,-9.25,0,-587724.3512
13.75,-9.75,0,697574.91
13.75,-10.25,0,-852101.8558
13.75,-10.75,0,597835.6353
13.75,-11.25,0,-1050523.999
13.75,-11.75,0,-610423.3031
13.75,-12.25,0,270609.8638
13.75,-12.75,0,-849941.4809
13.75,-13.25,0,859332.8459
13.75,-13.75,0,750868.0053
13.75,-14.25,0,-605176.6312
13.75,-14.75,0,-154749.7512
14.25,14.75,0,104749.8473
14.25,14.25,0,160773.877
14.25,13.75,0,-1121031.553
14.25,13.25,0,-1158033.834
14.25,12.75,0,11377.51394
14.25,12.25,0,-38865.60673
14.25,11.75,0,-1808302.009
14.25,11.25,0,-273448.4727
14.25,10.75,0,-116484.1051
14.25,10.25,0,-320338.3823
14.25,9.75,0,245099.1908
14.25,9.25,0,232608.9062
14.25,8.75,0,672612.4841
14.25,8.25,0,4606.403448
14.25,7.75,0,382961.6457
14.25,7.25,0,-351570.9009
14.25,6.75,0,-1217554.144
14.25,6.25,0,525274.8072
14.25,5.75,0,-750536.3873
14.25,5.25,0,42078.86155
14.25,4.75,0,1617974.156
14.25,4.25,0,1222052.312
14.25,3.75,0,825205.0879
14.25,3.25,0,-708970.1992
14.25,2.75,0,422705.7641
14.25,2.25,0,211468.5781
14.25,1.75,0,548322.0386
14.25,1.25,0,620622.8889
14.25,0.75,0,-1179421.269
14.25,0.25,0,3486.874956
14.25,-0.25,0,-1.19E+05
14.25,-0.75,0,1300472.588
14.25,-1.25,0,-897431.3808
14.25,-1.75,0,-727373.8068
14.25,-2.25,0,-328062.0078
14.25,-2.75,0,538720.388
14.25,-3.25,0,217812.3805
14.25,-3.75,0,209495.5685
14.25,-4.25,0,464567.6973
14.25,-4.75,0,-288205.692
14.25,-5.25,0,632438.4053
14.25,-5.75,0,-687081.744
14.25,-6.25,0,272914.2279
14.25,-6.75,0,-99998.51301
14.25,-7.25,0,228502.8504
14.25,-7.75,0,89869.8244
14.25,-8.25,0,-297436.801
14.25,-8.75,0,-1903306.978
14.25,-9.25,0,-355848.3787
14.25,-9.75,0,-333195.2803
14.25,-10.25,0,6219.371333
14.25,-10.75,0,-720797.787
14.25,-11.25,0,-510642.7894
14.25,-11.75,0,-527357.1447
14.25,-12.25,0,29277.54731
14.25,-12.75,0,189392.6378
14.25,-13.25,0,-90132.42952
14.25,-13.75,0,706368.1019
14.25,-14.25,0,654687.7191
14.25,-14.75,0,-1121072.036
14.75,14.75,0,995795.245
14.75,14.25,0,9617.727296
14.75,13.75,0,422594.8523
14.75,13.25,0,237525.3648
14.75,12.75,0,-785433.6232
14.75,12.25,0,265328.2917
14.75,11.75,0,581418.5801
14.75,11.25,0,-949445.8631
14.75,10.75,0,549714.3285
14.75,10.25,0,239565.0511
14.75,9.75,0,273094.6766
14.75,9.25,0,427211.8965
14.75,8.75,0,148551.7783
14.75,8.25,0,1473782.876
14.75,7.75,0,776113.0072
14.75,7.25,0,-1354594.854
14.75,6.75,0,667960.7558
14.75,6.25,0,4009.709423
14.75,5.75,0,-865513.8209
14.75,5.25,0,-1326077.62
14.75,4.75,0,681926.9624
14.75,4.25,0,-622441.4137
14.75,3.75,0,417784.0956
14.75,3.25,0,440522.5777
14.75,2.75,0,190249.2064
14.75,2.25,0,666462.8214
14.75,1.75,0,513598.4196
14.75,1.25,0,-1054045.06
14.75,0.75,0,558476.6603
14.75,0.25,0,813731.0909
14.75,-0.25,0,-8.19E+05
14.75,-0.75,0,269328.3819
14.75,-1.25,0,-756746.8433
14.75,-1.75,0,-531981.3997
14.75,-2.25,0,147068.6474
14.75,-2.75,0,522038.6212
14.75,-3.25,0,93931.16739
14.75,-3.75,0,-259504.1728
14.75,-4.25,0,-360355.8536
14.75,-4.75,0,287404.5355
14.75,-5.25,0,115433.1999
14.75,-5.75,0,91009.89495
14.75,-6.25,0,-767574.68
14.75,-6.75,0,589783.3428
14.75,-7.25,0,1450758.822
14.75,-7.75,0,888817.7902
14.75,-8.25,0,-145222.3997
14.75,-8.75,0,-1032964.005
14.75,-9.25,0,-479705.7228
14.75,-9.75,0,-67346.69671
14.75,-10.25,0,667311.3982
14.75,-10.75,0,-407491.3007
14.75,-11.25,0,297579.3833
14.75,-11.75,0,89131.89236
14.75,-12.25,0,-63897.64781
14.75,-12.75,0,375464.2418
14.75,-13.25,0,-796785.1599
14.75,-13.75,0,-28126.64129
14.75,-14.25,0,-269826.8744
14.75,-14.75,0,-804547.1116
