-14.75,14.75,0,0
-14.75,14.25,0,0
-14.75,13.75,0,0
-14.75,13.25,0,0
-14.75,12.75,0,0
-14.75,12.25,0,0
-14.75,11.75,0,0
-14.75,11.25,0,0
-14.75,10.75,0,0
-14.75,10.25,0,0
-14.75,9.75,0,0
-14.75,9.25,0,0
-14.75,8.75,0,0
-14.75,8.25,0,0
-14.75,7.75,0,0
-14.75,7.25,0,0
-14.75,6.75,0,0
-14.75,6.25,0,0
-14.75,5.75,0,0
-14.75,5.25,0,0
-14.75,4.75,0,0
-14.75,4.25,0,0
-14.75,3.75,0,0
-14.75,3.25,0,0
-14.75,2.75,0,0
-14.75,2.25,0,0
-14.75,1.75,0,0
-14.75,1.25,0,0
-14.75,0.75,0,0
-14.75,0.25,0,0
-14.75,-0.25,0,0
-14.75,-0.75,0,0
-14.75,-1.25,0,0
-14.75,-1.75,0,0
-14.75,-2.25,0,0
-14.75,-2.75,0,0
-14.75,-3.25,0,0
-14.75,-3.75,0,0
-14.75,-4.25,0,0
-14.75,-4.75,0,0
-14.75,-5.25,0,0
-14.75,-5.75,0,0
-14.75,-6.25,0,0
-14.75,-6.75,0,0
-14.75,-7.25,0,0
-14.75,-7.75,0,0
-14.75,-8.25,0,0
-14.75,-8.75,0,0
-14.75,-9.25,0,0
-14.75,-9.75,0,0
-14.75,-10.25,0,0
-14.75,-10.75,0,0
-14.75,-11.25,0,0
-14.75,-11.75,0,0
-14.75,-12.25,0,0
-14.75,-12.75,0,0
-14.75,-13.25,0,0
-14.75,-13.75,0,0
-14.75,-14.25,0,0
-14.75,-14.75,0,0
-14.25,14.75,0,0
-14.25,14.25,0,0
-14.25,13.75,0,0
-14.25,13.25,0,0
-14.25,12.75,0,0
-14.25,12.25,0,0
-14.25,11.75,0,0
-14.25,11.25,0,0
-14.25,10.75,0,0
-14.25,10.25,0,0
-14.25,9.75,0,0
-14.25,9.25,0,0
-14.25,8.75,0,0
-14.25,8.25,0,0
-14.25,7.75,0,0
-14.25,7.25,0,0
-14.25,6.75,0,0
-14.25,6.25,0,0
-14.25,5.75,0,0
-14.25,5.25,0,0
-14.25,4.75,0,0
-14.25,4.25,0,0
-14.25,3.75,0,0
-14.25,3.25,0,0
-14.25,2.75,0,0
-14.25,2.25,0,0
-14.25,1.75,0,0
-14.25,1.25,0,0
-14.25,0.75,0,0
-14.25,0.25,0,0
-14.25,-0.25,0,0
-14.25,-0.75,0,0
-14.25,-1.25,0,0
-14.25,-1.75,0,0
-14.25,-2.25,0,0
-14.25,-2.75,0,0
-14.25,-3.25,0,0
-14.25,-3.75,0,0
-14.25,-4.25,0,0
-14.25,-4.75,0,0
-14.25,-5.25,0,0
-14.25,-5.75,0,0
-14.25,-6.25,0,0
-14.25,-6.75,0,0
-14.25,-7.25,0,0
-14.25,-7.75,0,0
-14.25,-8.25,0,0
-14.25,-8.75,0,0
-14.25,-9.25,0,0
-14.25,-9.75,0,0
-14.25,-10.25,0,0
-14.25,-10.75,0,0
-14.25,-11.25,0,0
-14.25,-11.75,0,0
-14.25,-12.25,0,0
-14.25,-12.75,0,0
-14.25,-13.25,0,0
-14.25,-13.75,0,0
-14.25,-14.25,0,0
-14.25,-14.75,0,0
-13.75,14.75,0,0
-13.75,14.25,0,0
-13.75,13.75,0,0
-13.75,13.25,0,0
-13.75,12.75,0,0
-13.75,12.25,0,0
-13.75,11.75,0,0
-13.75,11.25,0,0
-13.75,10.75,0,0
-13.75,10.25,0,0
-13.75,9.75,0,0
-13.75,9.25,0,0
-13.75,8.75,0,0
-13.75,8.25,0,0
-13.75,7.75,0,0
-13.75,7.25,0,0
-13.75,6.75,0,0
-13.75,6.25,0,0
-13.75,5.75,0,0
-13.75,5.25,0,0
-13.75,4.75,0,0
-13.75,4.25,0,0
-13.75,3.75,0,0
-13.75,3.25,0,0
-13.75,2.75,0,0
-13.75,2.25,0,0
-13.75,1.75,0,0
-13.75,1.25,0,0
-13.75,0.75,0,0
-13.75,0.25,0,0
-13.75,-0.25,0,0
-13.75,-0.75,0,0
-13.75,-1.25,0,0
-13.75,-1.75,0,0
-13.75,-2.25,0,0
-13.75,-2.75,0,0
-13.75,-3.25,0,0
-13.75,-3.75,0,0
-13.75,-4.25,0,0
-13.75,-4.75,0,0
-13.75,-5.25,0,0
-13.75,-5.75,0,0
-13.75,-6.25,0,0
-13.75,-6.75,0,0
-13.75,-7.25,0,0
-13.75,-7.75,0,0
-13.75,-8.25,0,0
-13.75,-8.75,0,0
-13.75,-9.25,0,0
-13.75,-9.75,0,0
-13.75,-10.25,0,0
-13.75,-10.75,0,0
-13.75,-11.25,0,0
-13.75,-11.75,0,0
-13.75,-12.25,0,0
-13.75,-12.75,0,0
-13.75,-13.25,0,0
-13.75,-13.75,0,0
-13.75,-14.25,0,0
-13.75,-14.75,0,0
-13.25,14.75,0,0
-13.25,14.25,0,0
-13.25,13.75,0,0
-13.25,13.25,0,0
-13.25,12.75,0,0
-13.25,12.25,0,0
-13.25,11.75,0,0
-13.25,11.25,0,0
-13.25,10.75,0,0
-13.25,10.25,0,0
-13.25,9.75,0,0
-13.25,9.25,0,0
-13.25,8.75,0,0
-13.25,8.25,0,0
-13.25,7.75,0,0
-13.25,7.25,0,0
-13.25,6.75,0,0
-13.25,6.25,0,0
-13.25,5.75,0,0
-13.25,5.25,0,0
-13.25,4.75,0,0
-13.25,4.25,0,0
-13.25,3.75,0,0
-13.25,3.25,0,0
-13.25,2.75,0,0
-13.25,2.25,0,0
-13.25,1.75,0,0
-13.25,1.25,0,0
-13.25,0.75,0,0
-13.25,0.25,0,0
-13.25,-0.25,0,0
-13.25,-0.75,0,0
-13.25,-1.25,0,0
-13.25,-1.75,0,0
-13.25,-2.25,0,0
-13.25,-2.75,0,0
-13.25,-3.25,0,0
-13.25,-3.75,0,0
-13.25,-4.25,0,0
-13.25,-4.75,0,0
-13.25,-5.25,0,0
-13.25,-5.75,0,0
-13.25,-6.25,0,0
-13.25,-6.75,0,0
-13.25,-7.25,0,0
-13.25,-7.75,0,0
-13.25,-8.25,0,0
-13.25,-8.75,0,0
-13.25,-9.25,0,0
-13.25,-9.75,0,0
-13.25,-10.25,0,0
-13.25,-10.75,0,0
-13.25,-11.25,0,0
-13.25,-11.75,0,0
-13.25,-12.25,0,0
-13.25,-12.75,0,0
-13.25,-13.25,0,0
-13.25,-13.75,0,0
-13.25,-14.25,0,0
-13.25,-14.75,0,0
-12.75,14.75,0,0
-12.75,14.25,0,0
-12.75,13.75,0,0
-12.75,13.25,0,0
-12.75,12.75,0,0
-12.75,12.25,0,0
-12.75,11.75,0,0
-12.75,11.25,0,0
-12.75,10.75,0,0
-12.75,10.25,0,0
-12.75,9.75,0,0
-12.75,9.25,0,0
-12.75,8.75,0,0
-12.75,8.25,0,0
-12.75,7.75,0,0
-12.75,7.25,0,0
-12.75,6.75,0,0
-12.75,6.25,0,0
-12.75,5.75,0,0
-12.75,5.25,0,0
-12.75,4.75,0,0
-12.75,4.25,0,0
-12.75,3.75,0,0
-12.75,3.25,0,0
-12.75,2.75,0,0
-12.75,2.25,0,0
-12.75,1.75,0,0
-12.75,1.25,0,0
-12.75,0.75,0,0
-12.75,0.25,0,0
-12.75,-0.25,0,0
-12.75,-0.75,0,0
-12.75,-1.25,0,0
-12.75,-1.75,0,0
-12.75,-2.25,0,0
-12.75,-2.75,0,0
-12.75,-3.25,0,0
-12.75,-3.75,0,0
-12.75,-4.25,0,0
-12.75,-4.75,0,0
-12.75,-5.25,0,0
-12.75,-5.75,0,0
-12.75,-6.25,0,0
-12.75,-6.75,0,0
-12.75,-7.25,0,0
-12.75,-7.75,0,0
-12.75,-8.25,0,0
-12.75,-8.75,0,0
-12.75,-9.25,0,0
-12.75,-9.75,0,0
-12.75,-10.25,0,0
-12.75,-10.75,0,0
-12.75,-11.25,0,0
-12.75,-11.75,0,0
-12.75,-12.25,0,0
-12.75,-12.75,0,0
-12.75,-13.25,0,0
-12.75,-13.75,0,0
-12.75,-14.25,0,0
-12.75,-14.75,0,0
-12.25,14.75,0,0
-12.25,14.25,0,0
-12.25,13.75,0,0
-12.25,13.25,0,0
-12.25,12.75,0,0
-12.25,12.25,0,0
-12.25,11.75,0,0
-12.25,11.25,0,0
-12.25,10.75,0,0
-12.25,10.25,0,0
-12.25,9.75,0,0
-12.25,9.25,0,0
-12.25,8.75,0,0
-12.25,8.25,0,0
-12.25,7.75,0,0
-12.25,7.25,0,0
-12.25,6.75,0,0
-12.25,6.25,0,0
-12.25,5.75,0,0
-12.25,5.25,0,0
-12.25,4.75,0,0
-12.25,4.25,0,0
-12.25,3.75,0,0
-12.25,3.25,0,0
-12.25,2.75,0,0
-12.25,2.25,0,0
-12.25,1.75,0,0
-12.25,1.25,0,0
-12.25,0.75,0,0
-12.25,0.25,0,0
-12.25,-0.25,0,0
-12.25,-0.75,0,0
-12.25,-1.25,0,0
-12.25,-1.75,0,0
-12.25,-2.25,0,0
-12.25,-2.75,0,0
-12.25,-3.25,0,0
-12.25,-3.75,0,0
-12.25,-4.25,0,0
-12.25,-4.75,0,0
-12.25,-5.25,0,0
-12.25,-5.75,0,0
-12.25,-6.25,0,0
-12.25,-6.75,0,0
-12.25,-7.25,0,0
-12.25,-7.75,0,0
-12.25,-8.25,0,0
-12.25,-8.75,0,0
-12.25,-9.25,0,0
-12.25,-9.75,0,0
-12.25,-10.25,0,0
-12.25,-10.75,0,0
-12.25,-11.25,0,0
-12.25,-11.75,0,0
-12.25,-12.25,0,0
-12.25,-12.75,0,0
-12.25,-13.25,0,0
-12.25,-13.75,0,0
-12.25,-14.25,0,0
-12.25,-14.75,0,0
-11.75,14.75,0,0
-11.75,14.25,0,0
-11.75,13.75,0,0
-11.75,13.25,0,0
-11.75,12.75,0,0
-11.75,12.25,0,0
-11.75,11.75,0,0
-11.75,11.25,0,0
-11.75,10.75,0,0
-11.75,10.25,0,0
-11.75,9.75,0,0
-11.75,9.25,0,0
-11.75,8.75,0,0
-11.75,8.25,0,0
-11.75,7.75,0,0
-11.75,7.25,0,0
-11.75,6.75,0,0
-11.75,6.25,0,0
-11.75,5.75,0,0
-11.75,5.25,0,0
-11.75,4.75,0,0
-11.75,4.25,0,0
-11.75,3.75,0,0
-11.75,3.25,0,0
-11.75,2.75,0,0
-11.75,2.25,0,0
-11.75,1.75,0,0
-11.75,1.25,0,0
-11.75,0.75,0,0
-11.75,0.25,0,0
-11.75,-0.25,0,0
-11.75,-0.75,0,0
-11.75,-1.25,0,0
-11.75,-1.75,0,0
-11.75,-2.25,0,0
-11.75,-2.75,0,0
-11.75,-3.25,0,0
-11.75,-3.75,0,0
-11.75,-4.25,0,0
-11.75,-4.75,0,0
-11.75,-5.25,0,0
-11.75,-5.75,0,0
-11.75,-6.25,0,0
-11.75,-6.75,0,0
-11.75,-7.25,0,0
-11.75,-7.75,0,0
-11.75,-8.25,0,0
-11.75,-8.75,0,0
-11.75,-9.25,0,0
-11.75,-9.75,0,0
-11.75,-10.25,0,0
-11.75,-10.75,0,0
-11.75,-11.25,0,0
-11.75,-11.75,0,0
-11.75,-12.25,0,0
-11.75,-12.75,0,0
-11.75,-13.25,0,0
-11.75,-13.75,0,0
-11.75,-14.25,0,0
-11.75,-14.75,0,0
-11.25,14.75,0,0
-11.25,14.25,0,0
-11.25,13.75,0,0
-11.25,13.25,0,0
-11.25,12.75,0,0
-11.25,12.25,0,0
-11.25,11.75,0,0
-11.25,11.25,0,0
-11.25,10.75,0,0
-11.25,10.25,0,0
-11.25,9.75,0,0
-11.25,9.25,0,0
-11.25,8.75,0,0
-11.25,8.25,0,0
-11.25,7.75,0,0
-11.25,7.25,0,0
-11.25,6.75,0,0
-11.25,6.25,0,0
-11.25,5.75,0,0
-11.25,5.25,0,0
-11.25,4.75,0,0
-11.25,4.25,0,0
-11.25,3.75,0,0
-11.25,3.25,0,0
-11.25,2.75,0,0
-11.25,2.25,0,0
-11.25,1.75,0,0
-11.25,1.25,0,0
-11.25,0.75,0,0
-11.25,0.25,0,0
-11.25,-0.25,0,0
-11.25,-0.75,0,0
-11.25,-1.25,0,0
-11.25,-1.75,0,0
-11.25,-2.25,0,0
-11.25,-2.75,0,0
-11.25,-3.25,0,0
-11.25,-3.75,0,0
-11.25,-4.25,0,0
-11.25,-4.75,0,0
-11.25,-5.25,0,0
-11.25,-5.75,0,0
-11.25,-6.25,0,0
-11.25,-6.75,0,0
-11.25,-7.25,0,0
-11.25,-7.75,0,0
-11.25,-8.25,0,0
-11.25,-8.75,0,0
-11.25,-9.25,0,0
-11.25,-9.75,0,0
-11.25,-10.25,0,0
-11.25,-10.75,0,0
-11.25,-11.25,0,0
-11.25,-11.75,0,0
-11.25,-12.25,0,0
-11.25,-12.75,0,0
-11.25,-13.25,0,0
-11.25,-13.75,0,0
-11.25,-14.25,0,0
-11.25,-14.75,0,0
-10.75,14.75,0,0
-10.75,14.25,0,0
-10.75,13.75,0,0
-10.75,13.25,0,0
-10.75,12.75,0,0
-10.75,12.25,0,0
-10.75,11.75,0,0
-10.75,11.25,0,0
-10.75,10.75,0,0
-10.75,10.25,0,0
-10.75,9.75,0,0
-10.75,9.25,0,0
-10.75,8.75,0,0
-10.75,8.25,0,0
-10.75,7.75,0,0
-10.75,7.25,0,0
-10.75,6.75,0,0
-10.75,6.25,0,0
-10.75,5.75,0,0
-10.75,5.25,0,0
-10.75,4.75,0,0
-10.75,4.25,0,0
-10.75,3.75,0,0
-10.75,3.25,0,0
-10.75,2.75,0,0
-10.75,2.25,0,0
-10.75,1.75,0,0
-10.75,1.25,0,0
-10.75,0.75,0,0
-10.75,0.25,0,0
-10.75,-0.25,0,0
-10.75,-0.75,0,0
-10.75,-1.25,0,0
-10.75,-1.75,0,0
-10.75,-2.25,0,0
-10.75,-2.75,0,0
-10.75,-3.25,0,0
-10.75,-3.75,0,0
-10.75,-4.25,0,0
-10.75,-4.75,0,0
-10.75,-5.25,0,0
-10.75,-5.75,0,0
-10.75,-6.25,0,0
-10.75,-6.75,0,0
-10.75,-7.25,0,0
-10.75,-7.75,0,0
-10.75,-8.25,0,0
-10.75,-8.75,0,0
-10.75,-9.25,0,0
-10.75,-9.75,0,0
-10.75,-10.25,0,0
-10.75,-10.75,0,0
-10.75,-11.25,0,0
-10.75,-11.75,0,0
-10.75,-12.25,0,0
-10.75,-12.75,0,0
-10.75,-13.25,0,0
-10.75,-13.75,0,0
-10.75,-14.25,0,0
-10.75,-14.75,0,0
-10.25,14.75,0,0
-10.25,14.25,0,0
-10.25,13.75,0,0
-10.25,13.25,0,0
-10.25,12.75,0,0
-10.25,12.25,0,0
-10.25,11.75,0,0
-10.25,11.25,0,0
-10.25,10.75,0,0
-10.25,10.25,0,0
-10.25,9.75,0,0
-10.25,9.25,0,0
-10.25,8.75,0,0
-10.25,8.25,0,0
-10.25,7.75,0,0
-10.25,7.25,0,0
-10.25,6.75,0,0
-10.25,6.25,0,0
-10.25,5.75,0,0
-10.25,5.25,0,0
-10.25,4.75,0,0
-10.25,4.25,0,0
-10.25,3.75,0,0
-10.25,3.25,0,0
-10.25,2.75,0,0
-10.25,2.25,0,0
-10.25,1.75,0,0
-10.25,1.25,0,0
-10.25,0.75,0,0
-10.25,0.25,0,0
-10.25,-0.25,0,0
-10.25,-0.75,0,0
-10.25,-1.25,0,0
-10.25,-1.75,0,0
-10.25,-2.25,0,0
-10.25,-2.75,0,0
-10.25,-3.25,0,0
-10.25,-3.75,0,0
-10.25,-4.25,0,0
-10.25,-4.75,0,0
-10.25,-5.25,0,0
-10.25,-5.75,0,0
-10.25,-6.25,0,0
-10.25,-6.75,0,0
-10.25,-7.25,0,0
-10.25,-7.75,0,0
-10.25,-8.25,0,0
-10.25,-8.75,0,0
-10.25,-9.25,0,0
-10.25,-9.75,0,0
-10.25,-10.25,0,0
-10.25,-10.75,0,0
-10.25,-11.25,0,0
-10.25,-11.75,0,0
-10.25,-12.25,0,0
-10.25,-12.75,0,0
-10.25,-13.25,0,0
-10.25,-13.75,0,0
-10.25,-14.25,0,0
-10.25,-14.75,0,0
-9.75,14.75,0,0
-9.75,14.25,0,0
-9.75,13.75,0,0
-9.75,13.25,0,0
-9.75,12.75,0,0
-9.75,12.25,0,0
-9.75,11.75,0,0
-9.75,11.25,0,0
-9.75,10.75,0,0
-9.75,10.25,0,0
-9.75,9.75,0,0
-9.75,9.25,0,0
-9.75,8.75,0,0
-9.75,8.25,0,0
-9.75,7.75,0,0
-9.75,7.25,0,0
-9.75,6.75,0,0
-9.75,6.25,0,0
-9.75,5.75,0,0
-9.75,5.25,0,0
-9.75,4.75,0,0
-9.75,4.25,0,0
-9.75,3.75,0,0
-9.75,3.25,0,0
-9.75,2.75,0,0
-9.75,2.25,0,0
-9.75,1.75,0,0
-9.75,1.25,0,0
-9.75,0.75,0,0
-9.75,0.25,0,0
-9.75,-0.25,0,0
-9.75,-0.75,0,0
-9.75,-1.25,0,0
-9.75,-1.75,0,0
-9.75,-2.25,0,0
-9.75,-2.75,0,0
-9.75,-3.25,0,0
-9.75,-3.75,0,0
-9.75,-4.25,0,0
-9.75,-4.75,0,0
-9.75,-5.25,0,0
-9.75,-5.75,0,0
-9.75,-6.25,0,0
-9.75,-6.75,0,0
-9.75,-7.25,0,0
-9.75,-7.75,0,0
-9.75,-8.25,0,0
-9.75,-8.75,0,0
-9.75,-9.25,0,0
-9.75,-9.75,0,0
-9.75,-10.25,0,0
-9.75,-10.75,0,0
-9.75,-11.25,0,0
-9.75,-11.75,0,0
-9.75,-12.25,0,0
-9.75,-12.75,0,0
-9.75,-13.25,0,0
-9.75,-13.75,0,0
-9.75,-14.25,0,0
-9.75,-14.75,0,0
-9.25,14.75,0,0
-9.25,14.25,0,0
-9.25,13.75,0,0
-9.25,13.25,0,0
-9.25,12.75,0,0
-9.25,12.25,0,0
-9.25,11.75,0,0
-9.25,11.25,0,0
-9.25,10.75,0,0
-9.25,10.25,0,0
-9.25,9.75,0,0
-9.25,9.25,0,0
-9.25,8.75,0,0
-9.25,8.25,0,0
-9.25,7.75,0,0
-9.25,7.25,0,0
-9.25,6.75,0,0
-9.25,6.25,0,0
-9.25,5.75,0,0
-9.25,5.25,0,0
-9.25,4.75,0,0
-9.25,4.25,0,0
-9.25,3.75,0,0
-9.25,3.25,0,0
-9.25,2.75,0,0
-9.25,2.25,0,0
-9.25,1.75,0,0
-9.25,1.25,0,0
-9.25,0.75,0,0
-9.25,0.25,0,0
-9.25,-0.25,0,0
-9.25,-0.75,0,0
-9.25,-1.25,0,0
-9.25,-1.75,0,0
-9.25,-2.25,0,0
-9.25,-2.75,0,0
-9.25,-3.25,0,0
-9.25,-3.75,0,0
-9.25,-4.25,0,0
-9.25,-4.75,0,0
-9.25,-5.25,0,0
-9.25,-5.75,0,0
-9.25,-6.25,0,0
-9.25,-6.75,0,0
-9.25,-7.25,0,0
-9.25,-7.75,0,0
-9.25,-8.25,0,0
-9.25,-8.75,0,0
-9.25,-9.25,0,0
-9.25,-9.75,0,0
-9.25,-10.25,0,0
-9.25,-10.75,0,0
-9.25,-11.25,0,0
-9.25,-11.75,0,0
-9.25,-12.25,0,0
-9.25,-12.75,0,0
-9.25,-13.25,0,0
-9.25,-13.75,0,0
-9.25,-14.25,0,0
-9.25,-14.75,0,0
-8.75,14.75,0,0
-8.75,14.25,0,0
-8.75,13.75,0,0
-8.75,13.25,0,0
-8.75,12.75,0,0
-8.75,12.25,0,0
-8.75,11.75,0,0
-8.75,11.25,0,0
-8.75,10.75,0,0
-8.75,10.25,0,0
-8.75,9.75,0,0
-8.75,9.25,0,0
-8.75,8.75,0,0
-8.75,8.25,0,0
-8.75,7.75,0,0
-8.75,7.25,0,0
-8.75,6.75,0,0
-8.75,6.25,0,0
-8.75,5.75,0,0
-8.75,5.25,0,0
-8.75,4.75,0,0
-8.75,4.25,0,0
-8.75,3.75,0,0
-8.75,3.25,0,0
-8.75,2.75,0,0
-8.75,2.25,0,0
-8.75,1.75,0,0
-8.75,1.25,0,0
-8.75,0.75,0,0
-8.75,0.25,0,0
-8.75,-0.25,0,0
-8.75,-0.75,0,0
-8.75,-1.25,0,0
-8.75,-1.75,0,0
-8.75,-2.25,0,0
-8.75,-2.75,0,0
-8.75,-3.25,0,0
-8.75,-3.75,0,0
-8.75,-4.25,0,0
-8.75,-4.75,0,0
-8.75,-5.25,0,0
-8.75,-5.75,0,0
-8.75,-6.25,0,0
-8.75,-6.75,0,0
-8.75,-7.25,0,0
-8.75,-7.75,0,0
-8.75,-8.25,0,0
-8.75,-8.75,0,0
-8.75,-9.25,0,0
-8.75,-9.75,0,0
-8.75,-10.25,0,0
-8.75,-10.75,0,0
-8.75,-11.25,0,0
-8.75,-11.75,0,0
-8.75,-12.25,0,0
-8.75,-12.75,0,0
-8.75,-13.25,0,0
-8.75,-13.75,0,0
-8.75,-14.25,0,0
-8.75,-14.75,0,0
-8.25,14.75,0,0
-8.25,14.25,0,0
-8.25,13.75,0,0
-8.25,13.25,0,0
-8.25,12.75,0,0
-8.25,12.25,0,0
-8.25,11.75,0,0
-8.25,11.25,0,0
-8.25,10.75,0,0
-8.25,10.25,0,0
-8.25,9.75,0,0
-8.25,9.25,0,0
-8.25,8.75,0,0
-8.25,8.25,0,0
-8.25,7.75,0,0
-8.25,7.25,0,0
-8.25,6.75,0,0
-8.25,6.25,0,0
-8.25,5.75,0,0
-8.25,5.25,0,0
-8.25,4.75,0,0
-8.25,4.25,0,0
-8.25,3.75,0,0
-8.25,3.25,0,0
-8.25,2.75,0,0
-8.25,2.25,0,0
-8.25,1.75,0,0
-8.25,1.25,0,0
-8.25,0.75,0,0
-8.25,0.25,0,0
-8.25,-0.25,0,0
-8.25,-0.75,0,0
-8.25,-1.25,0,0
-8.25,-1.75,0,0
-8.25,-2.25,0,0
-8.25,-2.75,0,0
-8.25,-3.25,0,0
-8.25,-3.75,0,0
-8.25,-4.25,0,0
-8.25,-4.75,0,0
-8.25,-5.25,0,0
-8.25,-5.75,0,0
-8.25,-6.25,0,0
-8.25,-6.75,0,0
-8.25,-7.25,0,0
-8.25,-7.75,0,0
-8.25,-8.25,0,0
-8.25,-8.75,0,0
-8.25,-9.25,0,0
-8.25,-9.75,0,0
-8.25,-10.25,0,0
-8.25,-10.75,0,0
-8.25,-11.25,0,0
-8.25,-11.75,0,0
-8.25,-12.25,0,0
-8.25,-12.75,0,0
-8.25,-13.25,0,0
-8.25,-13.75,0,0
-8.25,-14.25,0,0
-8.25,-14.75,0,0
-7.75,14.75,0,0
-7.75,14.25,0,0
-7.75,13.75,0,0
-7.75,13.25,0,0
-7.75,12.75,0,0
-7.75,12.25,0,0
-7.75,11.75,0,0
-7.75,11.25,0,0
-7.75,10.75,0,0
-7.75,10.25,0,0
-7.75,9.75,0,0
-7.75,9.25,0,0
-7.75,8.75,0,0
-7.75,8.25,0,0
-7.75,7.75,0,0
-7.75,7.25,0,0
-7.75,6.75,0,0
-7.75,6.25,0,0
-7.75,5.75,0,0
-7.75,5.25,0,0
-7.75,4.75,0,0
-7.75,4.25,0,0
-7.75,3.75,0,0
-7.75,3.25,0,0
-7.75,2.75,0,0
-7.75,2.25,0,0
-7.75,1.75,0,0
-7.75,1.25,0,0
-7.75,0.75,0,0
-7.75,0.25,0,0
-7.75,-0.25,0,0
-7.75,-0.75,0,0
-7.75,-1.25,0,0
-7.75,-1.75,0,0
-7.75,-2.25,0,0
-7.75,-2.75,0,0
-7.75,-3.25,0,0
-7.75,-3.75,0,0
-7.75,-4.25,0,0
-7.75,-4.75,0,0
-7.75,-5.25,0,0
-7.75,-5.75,0,0
-7.75,-6.25,0,0
-7.75,-6.75,0,0
-7.75,-7.25,0,0
-7.75,-7.75,0,0
-7.75,-8.25,0,0
-7.75,-8.75,0,0
-7.75,-9.25,0,0
-7.75,-9.75,0,0
-7.75,-10.25,0,0
-7.75,-10.75,0,0
-7.75,-11.25,0,0
-7.75,-11.75,0,0
-7.75,-12.25,0,0
-7.75,-12.75,0,0
-7.75,-13.25,0,0
-7.75,-13.75,0,0
-7.75,-14.25,0,0
-7.75,-14.75,0,0
-7.25,14.75,0,0
-7.25,14.25,0,0
-7.25,13.75,0,0
-7.25,13.25,0,0
-7.25,12.75,0,0
-7.25,12.25,0,0
-7.25,11.75,0,0
-7.25,11.25,0,0
-7.25,10.75,0,0
-7.25,10.25,0,0
-7.25,9.75,0,0
-7.25,9.25,0,0
-7.25,8.75,0,0
-7.25,8.25,0,0
-7.25,7.75,0,0
-7.25,7.25,0,0
-7.25,6.75,0,0
-7.25,6.25,0,0
-7.25,5.75,0,0
-7.25,5.25,0,0
-7.25,4.75,0,0
-7.25,4.25,0,0
-7.25,3.75,0,0
-7.25,3.25,0,0
-7.25,2.75,0,0
-7.25,2.25,0,0
-7.25,1.75,0,0
-7.25,1.25,0,0
-7.25,0.75,0,0
-7.25,0.25,0,0
-7.25,-0.25,0,0
-7.25,-0.75,0,0
-7.25,-1.25,0,0
-7.25,-1.75,0,0
-7.25,-2.25,0,0
-7.25,-2.75,0,0
-7.25,-3.25,0,0
-7.25,-3.75,0,0
-7.25,-4.25,0,0
-7.25,-4.75,0,0
-7.25,-5.25,0,0
-7.25,-5.75,0,0
-7.25,-6.25,0,0
-7.25,-6.75,0,0
-7.25,-7.25,0,0
-7.25,-7.75,0,0
-7.25,-8.25,0,0
-7.25,-8.75,0,0
-7.25,-9.25,0,0
-7.25,-9.75,0,0
-7.25,-10.25,0,0
-7.25,-10.75,0,0
-7.25,-11.25,0,0
-7.25,-11.75,0,0
-7.25,-12.25,0,0
-7.25,-12.75,0,0
-7.25,-13.25,0,0
-7.25,-13.75,0,0
-7.25,-14.25,0,0
-7.25,-14.75,0,0
-6.75,14.75,0,0
-6.75,14.25,0,0
-6.75,13.75,0,0
-6.75,13.25,0,0
-6.75,12.75,0,0
-6.75,12.25,0,0
-6.75,11.75,0,0
-6.75,11.25,0,0
-6.75,10.75,0,0
-6.75,10.25,0,0
-6.75,9.75,0,0
-6.75,9.25,0,0
-6.75,8.75,0,0
-6.75,8.25,0,0
-6.75,7.75,0,0
-6.75,7.25,0,0
-6.75,6.75,0,0.4
-6.75,6.25,0,0.4
-6.75,5.75,0,0.4
-6.75,5.25,0,0.4
-6.75,4.75,0,0.4
-6.75,4.25,0,0.4
-6.75,3.75,0,0.4
-6.75,3.25,0,0.4
-6.75,2.75,0,0.4
-6.75,2.25,0,0.4
-6.75,1.75,0,0.4
-6.75,1.25,0,0.4
-6.75,0.75,0,0.4
-6.75,0.25,0,0.4
-6.75,-0.25,0,0.4
-6.75,-0.75,0,0.4
-6.75,-1.25,0,0.4
-6.75,-1.75,0,0.4
-6.75,-2.25,0,0.4
-6.75,-2.75,0,0.4
-6.75,-3.25,0,0.4
-6.75,-3.75,0,0.4
-6.75,-4.25,0,0.4
-6.75,-4.75,0,0.4
-6.75,-5.25,0,0.4
-6.75,-5.75,0,0.4
-6.75,-6.25,0,0.4
-6.75,-6.75,0,0.4
-6.75,-7.25,0,0
-6.75,-7.75,0,0
-6.75,-8.25,0,0
-6.75,-8.75,0,0
-6.75,-9.25,0,0
-6.75,-9.75,0,0
-6.75,-10.25,0,0
-6.75,-10.75,0,0
-6.75,-11.25,0,0
-6.75,-11.75,0,0
-6.75,-12.25,0,0
-6.75,-12.75,0,0
-6.75,-13.25,0,0
-6.75,-13.75,0,0
-6.75,-14.25,0,0
-6.75,-14.75,0,0
-6.25,14.75,0,0
-6.25,14.25,0,0
-6.25,13.75,0,0
-6.25,13.25,0,0
-6.25,12.75,0,0
-6.25,12.25,0,0
-6.25,11.75,0,0
-6.25,11.25,0,0
-6.25,10.75,0,0
-6.25,10.25,0,0
-6.25,9.75,0,0
-6.25,9.25,0,0
-6.25,8.75,0,0
-6.25,8.25,0,0
-6.25,7.75,0,0
-6.25,7.25,0,0
-6.25,6.75,0,0.4
-6.25,6.25,0,0.4
-6.25,5.75,0,0.4
-6.25,5.25,0,0.4
-6.25,4.75,0,0.4
-6.25,4.25,0,0.4
-6.25,3.75,0,0.4
-6.25,3.25,0,0.4
-6.25,2.75,0,0.4
-6.25,2.25,0,0.4
-6.25,1.75,0,0.4
-6.25,1.25,0,0.4
-6.25,0.75,0,0.4
-6.25,0.25,0,0.4
-6.25,-0.25,0,0.4
-6.25,-0.75,0,0.4
-6.25,-1.25,0,0.4
-6.25,-1.75,0,0.4
-6.25,-2.25,0,0.4
-6.25,-2.75,0,0.4
-6.25,-3.25,0,0.4
-6.25,-3.75,0,0.4
-6.25,-4.25,0,0.4
-6.25,-4.75,0,0.4
-6.25,-5.25,0,0.4
-6.25,-5.75,0,0.4
-6.25,-6.25,0,0.4
-6.25,-6.75,0,0.4
-6.25,-7.25,0,0
-6.25,-7.75,0,0
-6.25,-8.25,0,0
-6.25,-8.75,0,0
-6.25,-9.25,0,0
-6.25,-9.75,0,0
-6.25,-10.25,0,0
-6.25,-10.75,0,0
-6.25,-11.25,0,0
-6.25,-11.75,0,0
-6.25,-12.25,0,0
-6.25,-12.75,0,0
-6.25,-13.25,0,0
-6.25,-13.75,0,0
-6.25,-14.25,0,0
-6.25,-14.75,0,0
-5.75,14.75,0,0
-5.75,14.25,0,0
-5.75,13.75,0,0
-5.75,13.25,0,0
-5.75,12.75,0,0
-5.75,12.25,0,0
-5.75,11.75,0,0
-5.75,11.25,0,0
-5.75,10.75,0,0
-5.75,10.25,0,0
-5.75,9.75,0,0
-5.75,9.25,0,0
-5.75,8.75,0,0
-5.75,8.25,0,0
-5.75,7.75,0,0
-5.75,7.25,0,0
-5.75,6.75,0,0.4
-5.75,6.25,0,0.4
-5.75,5.75,0,0.4
-5.75,5.25,0,0.4
-5.75,4.75,0,0.4
-5.75,4.25,0,0.4
-5.75,3.75,0,0.4
-5.75,3.25,0,0.4
-5.75,2.75,0,0.4
-5.75,2.25,0,0.4
-5.75,1.75,0,0.4
-5.75,1.25,0,0.4
-5.75,0.75,0,0.4
-5.75,0.25,0,0.4
-5.75,-0.25,0,0.4
-5.75,-0.75,0,0.4
-5.75,-1.25,0,0.4
-5.75,-1.75,0,0.4
-5.75,-2.25,0,0.4
-5.75,-2.75,0,0.4
-5.75,-3.25,0,0.4
-5.75,-3.75,0,0.4
-5.75,-4.25,0,0.4
-5.75,-4.75,0,0.4
-5.75,-5.25,0,0.4
-5.75,-5.75,0,0.4
-5.75,-6.25,0,0.4
-5.75,-6.75,0,0.4
-5.75,-7.25,0,0
-5.75,-7.75,0,0
-5.75,-8.25,0,0
-5.75,-8.75,0,0
-5.75,-9.25,0,0
-5.75,-9.75,0,0
-5.75,-10.25,0,0
-5.75,-10.75,0,0
-5.75,-11.25,0,0
-5.75,-11.75,0,0
-5.75,-12.25,0,0
-5.75,-12.75,0,0
-5.75,-13.25,0,0
-5.75,-13.75,0,0
-5.75,-14.25,0,0
-5.75,-14.75,0,0
-5.25,14.75,0,0
-5.25,14.25,0,0
-5.25,13.75,0,0
-5.25,13.25,0,0
-5.25,12.75,0,0
-5.25,12.25,0,0
-5.25,11.75,0,0
-5.25,11.25,0,0
-5.25,10.75,0,0
-5.25,10.25,0,0
-5.25,9.75,0,0
-5.25,9.25,0,0
-5.25,8.75,0,0
-5.25,8.25,0,0
-5.25,7.75,0,0
-5.25,7.25,0,0
-5.25,6.75,0,0.4
-5.25,6.25,0,0.4
-5.25,5.75,0,0.4
-5.25,5.25,0,0.4
-5.25,4.75,0,0.4
-5.25,4.25,0,0.4
-5.25,3.75,0,0.4
-5.25,3.25,0,0.4
-5.25,2.75,0,0.4
-5.25,2.25,0,0.4
-5.25,1.75,0,0.4
-5.25,1.25,0,0.4
-5.25,0.75,0,0.4
-5.25,0.25,0,0.4
-5.25,-0.25,0,0.4
-5.25,-0.75,0,0.4
-5.25,-1.25,0,0.4
-5.25,-1.75,0,0.4
-5.25,-2.25,0,0.4
-5.25,-2.75,0,0.4
-5.25,-3.25,0,0.4
-5.25,-3.75,0,0.4
-5.25,-4.25,0,0.4
-5.25,-4.75,0,0.4
-5.25,-5.25,0,0.4
-5.25,-5.75,0,0.4
-5.25,-6.25,0,0.4
-5.25,-6.75,0,0.4
-5.25,-7.25,0,0
-5.25,-7.75,0,0
-5.25,-8.25,0,0
-5.25,-8.75,0,0
-5.25,-9.25,0,0
-5.25,-9.75,0,0
-5.25,-10.25,0,0
-5.25,-10.75,0,0
-5.25,-11.25,0,0
-5.25,-11.75,0,0
-5.25,-12.25,0,0
-5.25,-12.75,0,0
-5.25,-13.25,0,0
-5.25,-13.75,0,0
-5.25,-14.25,0,0
-5.25,-14.75,0,0
-4.75,14.75,0,0
-4.75,14.25,0,0
-4.75,13.75,0,0
-4.75,13.25,0,0
-4.75,12.75,0,0
-4.75,12.25,0,0
-4.75,11.75,0,0
-4.75,11.25,0,0
-4.75,10.75,0,0
-4.75,10.25,0,0
-4.75,9.75,0,0
-4.75,9.25,0,0
-4.75,8.75,0,0
-4.75,8.25,0,0
-4.75,7.75,0,0
-4.75,7.25,0,0
-4.75,6.75,0,0.4
-4.75,6.25,0,0.4
-4.75,5.75,0,0.4
-4.75,5.25,0,0.4
-4.75,4.75,0,0.6
-4.75,4.25,0,0.6
-4.75,3.75,0,0.6
-4.75,3.25,0,0.6
-4.75,2.75,0,0.6
-4.75,2.25,0,0.6
-4.75,1.75,0,0.6
-4.75,1.25,0,0.6
-4.75,0.75,0,0.6
-4.75,0.25,0,0.6
-4.75,-0.25,0,0.6
-4.75,-0.75,0,0.6
-4.75,-1.25,0,0.6
-4.75,-1.75,0,0.6
-4.75,-2.25,0,0.6
-4.75,-2.75,0,0.6
-4.75,-3.25,0,0.6
-4.75,-3.75,0,0.6
-4.75,-4.25,0,0.6
-4.75,-4.75,0,0.6
-4.75,-5.25,0,0.4
-4.75,-5.75,0,0.4
-4.75,-6.25,0,0.4
-4.75,-6.75,0,0.4
-4.75,-7.25,0,0
-4.75,-7.75,0,0
-4.75,-8.25,0,0
-4.75,-8.75,0,0
-4.75,-9.25,0,0
-4.75,-9.75,0,0
-4.75,-10.25,0,0
-4.75,-10.75,0,0
-4.75,-11.25,0,0
-4.75,-11.75,0,0
-4.75,-12.25,0,0
-4.75,-12.75,0,0
-4.75,-13.25,0,0
-4.75,-13.75,0,0
-4.75,-14.25,0,0
-4.75,-14.75,0,0
-4.25,14.75,0,0
-4.25,14.25,0,0
-4.25,13.75,0,0
-4.25,13.25,0,0
-4.25,12.75,0,0
-4.25,12.25,0,0
-4.25,11.75,0,0
-4.25,11.25,0,0
-4.25,10.75,0,0
-4.25,10.25,0,0
-4.25,9.75,0,0
-4.25,9.25,0,0
-4.25,8.75,0,0
-4.25,8.25,0,0
-4.25,7.75,0,0
-4.25,7.25,0,0
-4.25,6.75,0,0.4
-4.25,6.25,0,0.4
-4.25,5.75,0,0.4
-4.25,5.25,0,0.4
-4.25,4.75,0,0.6
-4.25,4.25,0,0.6
-4.25,3.75,0,0.6
-4.25,3.25,0,0.6
-4.25,2.75,0,0.6
-4.25,2.25,0,0.6
-4.25,1.75,0,0.6
-4.25,1.25,0,0.6
-4.25,0.75,0,0.6
-4.25,0.25,0,0.6
-4.25,-0.25,0,0.6
-4.25,-0.75,0,0.6
-4.25,-1.25,0,0.6
-4.25,-1.75,0,0.6
-4.25,-2.25,0,0.6
-4.25,-2.75,0,0.6
-4.25,-3.25,0,0.6
-4.25,-3.75,0,0.6
-4.25,-4.25,0,0.6
-4.25,-4.75,0,0.6
-4.25,-5.25,0,0.4
-4.25,-5.75,0,0.4
-4.25,-6.25,0,0.4
-4.25,-6.75,0,0.4
-4.25,-7.25,0,0
-4.25,-7.75,0,0
-4.25,-8.25,0,0
-4.25,-8.75,0,0
-4.25,-9.25,0,0
-4.25,-9.75,0,0
-4.25,-10.25,0,0
-4.25,-10.75,0,0
-4.25,-11.25,0,0
-4.25,-11.75,0,0
-4.25,-12.25,0,0
-4.25,-12.75,0,0
-4.25,-13.25,0,0
-4.25,-13.75,0,0
-4.25,-14.25,0,0
-4.25,-14.75,0,0
-3.75,14.75,0,0
-3.75,14.25,0,0
-3.75,13.75,0,0
-3.75,13.25,0,0
-3.75,12.75,0,0
-3.75,12.25,0,0
-3.75,11.75,0,0
-3.75,11.25,0,0
-3.75,10.75,0,0
-3.75,10.25,0,0
-3.75,9.75,0,0
-3.75,9.25,0,0
-3.75,8.75,0,0
-3.75,8.25,0,0
-3.75,7.75,0,0
-3.75,7.25,0,0
-3.75,6.75,0,0.4
-3.75,6.25,0,0.4
-3.75,5.75,0,0.4
-3.75,5.25,0,0.4
-3.75,4.75,0,0.6
-3.75,4.25,0,0.6
-3.75,3.75,0,0.6
-3.75,3.25,0,0.6
-3.75,2.75,0,0.6
-3.75,2.25,0,0.6
-3.75,1.75,0,0.6
-3.75,1.25,0,0.6
-3.75,0.75,0,0.6
-3.75,0.25,0,0.6
-3.75,-0.25,0,0.6
-3.75,-0.75,0,0.6
-3.75,-1.25,0,0.6
-3.75,-1.75,0,0.6
-3.75,-2.25,0,0.6
-3.75,-2.75,0,0.6
-3.75,-3.25,0,0.6
-3.75,-3.75,0,0.6
-3.75,-4.25,0,0.6
-3.75,-4.75,0,0.6
-3.75,-5.25,0,0.4
-3.75,-5.75,0,0.4
-3.75,-6.25,0,0.4
-3.75,-6.75,0,0.4
-3.75,-7.25,0,0
-3.75,-7.75,0,0
-3.75,-8.25,0,0
-3.75,-8.75,0,0
-3.75,-9.25,0,0
-3.75,-9.75,0,0
-3.75,-10.25,0,0
-3.75,-10.75,0,0
-3.75,-11.25,0,0
-3.75,-11.75,0,0
-3.75,-12.25,0,0
-3.75,-12.75,0,0
-3.75,-13.25,0,0
-3.75,-13.75,0,0
-3.75,-14.25,0,0
-3.75,-14.75,0,0
-3.25,14.75,0,0
-3.25,14.25,0,0
-3.25,13.75,0,0
-3.25,13.25,0,0
-3.25,12.75,0,0
-3.25,12.25,0,0
-3.25,11.75,0,0
-3.25,11.25,0,0
-3.25,10.75,0,0
-3.25,10.25,0,0
-3.25,9.75,0,0
-3.25,9.25,0,0
-3.25,8.75,0,0
-3.25,8.25,0,0
-3.25,7.75,0,0
-3.25,7.25,0,0
-3.25,6.75,0,0.4
-3.25,6.25,0,0.4
-3.25,5.75,0,0.4
-3.25,5.25,0,0.4
-3.25,4.75,0,0.6
-3.25,4.25,0,0.6
-3.25,3.75,0,0.6
-3.25,3.25,0,0.6
-3.25,2.75,0,0.6
-3.25,2.25,0,0.6
-3.25,1.75,0,0.6
-3.25,1.25,0,0.6
-3.25,0.75,0,0.6
-3.25,0.25,0,0.6
-3.25,-0.25,0,0.6
-3.25,-0.75,0,0.6
-3.25,-1.25,0,0.6
-3.25,-1.75,0,0.6
-3.25,-2.25,0,0.6
-3.25,-2.75,0,0.6
-3.25,-3.25,0,0.6
-3.25,-3.75,0,0.6
-3.25,-4.25,0,0.6
-3.25,-4.75,0,0.6
-3.25,-5.25,0,0.4
-3.25,-5.75,0,0.4
-3.25,-6.25,0,0.4
-3.25,-6.75,0,0.4
-3.25,-7.25,0,0
-3.25,-7.75,0,0
-3.25,-8.25,0,0
-3.25,-8.75,0,0
-3.25,-9.25,0,0
-3.25,-9.75,0,0
-3.25,-10.25,0,0
-3.25,-10.75,0,0
-3.25,-11.25,0,0
-3.25,-11.75,0,0
-3.25,-12.25,0,0
-3.25,-12.75,0,0
-3.25,-13.25,0,0
-3.25,-13.75,0,0
-3.25,-14.25,0,0
-3.25,-14.75,0,0
-2.75,14.75,0,0
-2.75,14.25,0,0
-2.75,13.75,0,0
-2.75,13.25,0,0
-2.75,12.75,0,0
-2.75,12.25,0,0
-2.75,11.75,0,0
-2.75,11.25,0,0
-2.75,10.75,0,0
-2.75,10.25,0,0
-2.75,9.75,0,0
-2.75,9.25,0,0
-2.75,8.75,0,0
-2.75,8.25,0,0
-2.75,7.75,0,0
-2.75,7.25,0,0
-2.75,6.75,0,0.4
-2.75,6.25,0,0.4
-2.75,5.75,0,0.4
-2.75,5.25,0,0.4
-2.75,4.75,0,0.6
-2.75,4.25,0,0.6
-2.75,3.75,0,0.6
-2.75,3.25,0,0.6
-2.75,2.75,0,0.8
-2.75,2.25,0,0.8
-2.75,1.75,0,0.8
-2.75,1.25,0,0.8
-2.75,0.75,0,0.8
-2.75,0.25,0,0.8
-2.75,-0.25,0,0.8
-2.75,-0.75,0,0.8
-2.75,-1.25,0,0.8
-2.75,-1.75,0,0.8
-2.75,-2.25,0,0.8
-2.75,-2.75,0,0.8
-2.75,-3.25,0,0.6
-2.75,-3.75,0,0.6
-2.75,-4.25,0,0.6
-2.75,-4.75,0,0.6
-2.75,-5.25,0,0.4
-2.75,-5.75,0,0.4
-2.75,-6.25,0,0.4
-2.75,-6.75,0,0.4
-2.75,-7.25,0,0
-2.75,-7.75,0,0
-2.75,-8.25,0,0
-2.75,-8.75,0,0
-2.75,-9.25,0,0
-2.75,-9.75,0,0
-2.75,-10.25,0,0
-2.75,-10.75,0,0
-2.75,-11.25,0,0
-2.75,-11.75,0,0
-2.75,-12.25,0,0
-2.75,-12.75,0,0
-2.75,-13.25,0,0
-2.75,-13.75,0,0
-2.75,-14.25,0,0
-2.75,-14.75,0,0
-2.25,14.75,0,0
-2.25,14.25,0,0
-2.25,13.75,0,0
-2.25,13.25,0,0
-2.25,12.75,0,0
-2.25,12.25,0,0
-2.25,11.75,0,0
-2.25,11.25,0,0
-2.25,10.75,0,0
-2.25,10.25,0,0
-2.25,9.75,0,0
-2.25,9.25,0,0
-2.25,8.75,0,0
-2.25,8.25,0,0
-2.25,7.75,0,0
-2.25,7.25,0,0
-2.25,6.75,0,0.4
-2.25,6.25,0,0.4
-2.25,5.75,0,0.4
-2.25,5.25,0,0.4
-2.25,4.75,0,0.6
-2.25,4.25,0,0.6
-2.25,3.75,0,0.6
-2.25,3.25,0,0.6
-2.25,2.75,0,0.8
-2.25,2.25,0,0.8
-2.25,1.75,0,0.8
-2.25,1.25,0,0.8
-2.25,0.75,0,0.8
-2.25,0.25,0,0.8
-2.25,-0.25,0,0.8
-2.25,-0.75,0,0.8
-2.25,-1.25,0,0.8
-2.25,-1.75,0,0.8
-2.25,-2.25,0,0.8
-2.25,-2.75,0,0.8
-2.25,-3.25,0,0.6
-2.25,-3.75,0,0.6
-2.25,-4.25,0,0.6
-2.25,-4.75,0,0.6
-2.25,-5.25,0,0.4
-2.25,-5.75,0,0.4
-2.25,-6.25,0,0.4
-2.25,-6.75,0,0.4
-2.25,-7.25,0,0
-2.25,-7.75,0,0
-2.25,-8.25,0,0
-2.25,-8.75,0,0
-2.25,-9.25,0,0
-2.25,-9.75,0,0
-2.25,-10.25,0,0
-2.25,-10.75,0,0
-2.25,-11.25,0,0
-2.25,-11.75,0,0
-2.25,-12.25,0,0
-2.25,-12.75,0,0
-2.25,-13.25,0,0
-2.25,-13.75,0,0
-2.25,-14.25,0,0
-2.25,-14.75,0,0
-1.75,14.75,0,0
-1.75,14.25,0,0
-1.75,13.75,0,0
-1.75,13.25,0,0
-1.75,12.75,0,0
-1.75,12.25,0,0
-1.75,11.75,0,0
-1.75,11.25,0,0
-1.75,10.75,0,0
-1.75,10.25,0,0
-1.75,9.75,0,0
-1.75,9.25,0,0
-1.75,8.75,0,0
-1.75,8.25,0,0
-1.75,7.75,0,0
-1.75,7.25,0,0
-1.75,6.75,0,0.4
-1.75,6.25,0,0.4
-1.75,5.75,0,0.4
-1.75,5.25,0,0.4
-1.75,4.75,0,0.6
-1.75,4.25,0,0.6
-1.75,3.75,0,0.6
-1.75,3.25,0,0.6
-1.75,2.75,0,0.8
-1.75,2.25,0,0.8
-1.75,1.75,0,0.8
-1.75,1.25,0,0.8
-1.75,0.75,0,0.8
-1.75,0.25,0,0.8
-1.75,-0.25,0,0.8
-1.75,-0.75,0,0.8
-1.75,-1.25,0,0.8
-1.75,-1.75,0,0.8
-1.75,-2.25,0,0.8
-1.75,-2.75,0,0.8
-1.75,-3.25,0,0.6
-1.75,-3.75,0,0.6
-1.75,-4.25,0,0.6
-1.75,-4.75,0,0.6
-1.75,-5.25,0,0.4
-1.75,-5.75,0,0.4
-1.75,-6.25,0,0.4
-1.75,-6.75,0,0.4
-1.75,-7.25,0,0
-1.75,-7.75,0,0
-1.75,-8.25,0,0
-1.75,-8.75,0,0
-1.75,-9.25,0,0
-1.75,-9.75,0,0
-1.75,-10.25,0,0
-1.75,-10.75,0,0
-1.75,-11.25,0,0
-1.75,-11.75,0,0
-1.75,-12.25,0,0
-1.75,-12.75,0,0
-1.75,-13.25,0,0
-1.75,-13.75,0,0
-1.75,-14.25,0,0
-1.75,-14.75,0,0
-1.25,14.75,0,0
-1.25,14.25,0,0
-1.25,13.75,0,0
-1.25,13.25,0,0
-1.25,12.75,0,0
-1.25,12.25,0,0
-1.25,11.75,0,0
-1.25,11.25,0,0
-1.25,10.75,0,0
-1.25,10.25,0,0
-1.25,9.75,0,0
-1.25,9.25,0,0
-1.25,8.75,0,0
-1.25,8.25,0,0
-1.25,7.75,0,0
-1.25,7.25,0,0
-1.25,6.75,0,0.4
-1.25,6.25,0,0.4
-1.25,5.75,0,0.4
-1.25,5.25,0,0.4
-1.25,4.75,0,0.6
-1.25,4.25,0,0.6
-1.25,3.75,0,0.6
-1.25,3.25,0,0.6
-1.25,2.75,0,0.8
-1.25,2.25,0,0.8
-1.25,1.75,0,0.8
-1.25,1.25,0,0.8
-1.25,0.75,0,0.8
-1.25,0.25,0,0.8
-1.25,-0.25,0,0.8
-1.25,-0.75,0,0.8
-1.25,-1.25,0,0.8
-1.25,-1.75,0,0.8
-1.25,-2.25,0,0.8
-1.25,-2.75,0,0.8
-1.25,-3.25,0,0.6
-1.25,-3.75,0,0.6
-1.25,-4.25,0,0.6
-1.25,-4.75,0,0.6
-1.25,-5.25,0,0.4
-1.25,-5.75,0,0.4
-1.25,-6.25,0,0.4
-1.25,-6.75,0,0.4
-1.25,-7.25,0,0
-1.25,-7.75,0,0
-1.25,-8.25,0,0
-1.25,-8.75,0,0
-1.25,-9.25,0,0
-1.25,-9.75,0,0
-1.25,-10.25,0,0
-1.25,-10.75,0,0
-1.25,-11.25,0,0
-1.25,-11.75,0,0
-1.25,-12.25,0,0
-1.25,-12.75,0,0
-1.25,-13.25,0,0
-1.25,-13.75,0,0
-1.25,-14.25,0,0
-1.25,-14.75,0,0
-0.75,14.75,0,0
-0.75,14.25,0,0
-0.75,13.75,0,0
-0.75,13.25,0,0
-0.75,12.75,0,0
-0.75,12.25,0,0
-0.75,11.75,0,0
-0.75,11.25,0,0
-0.75,10.75,0,0
-0.75,10.25,0,0
-0.75,9.75,0,0
-0.75,9.25,0,0
-0.75,8.75,0,0
-0.75,8.25,0,0
-0.75,7.75,0,0
-0.75,7.25,0,0
-0.75,6.75,0,0.4
-0.75,6.25,0,0.4
-0.75,5.75,0,0.4
-0.75,5.25,0,0.4
-0.75,4.75,0,0.6
-0.75,4.25,0,0.6
-0.75,3.75,0,0.6
-0.75,3.25,0,0.6
-0.75,2.75,0,0.8
-0.75,2.25,0,0.8
-0.75,1.75,0,0.8
-0.75,1.25,0,0.8
-0.75,0.75,0,1
-0.75,0.25,0,1
-0.75,-0.25,0,1
-0.75,-0.75,0,1
-0.75,-1.25,0,0.8
-0.75,-1.75,0,0.8
-0.75,-2.25,0,0.8
-0.75,-2.75,0,0.8
-0.75,-3.25,0,0.6
-0.75,-3.75,0,0.6
-0.75,-4.25,0,0.6
-0.75,-4.75,0,0.6
-0.75,-5.25,0,0.4
-0.75,-5.75,0,0.4
-0.75,-6.25,0,0.4
-0.75,-6.75,0,0.4
-0.75,-7.25,0,0
-0.75,-7.75,0,0
-0.75,-8.25,0,0
-0.75,-8.75,0,0
-0.75,-9.25,0,0
-0.75,-9.75,0,0
-0.75,-10.25,0,0
-0.75,-10.75,0,0
-0.75,-11.25,0,0
-0.75,-11.75,0,0
-0.75,-12.25,0,0
-0.75,-12.75,0,0
-0.75,-13.25,0,0
-0.75,-13.75,0,0
-0.75,-14.25,0,0
-0.75,-14.75,0,0
-0.25,14.75,0,0
-0.25,14.25,0,0
-0.25,13.75,0,0
-0.25,13.25,0,0
-0.25,12.75,0,0
-0.25,12.25,0,0
-0.25,11.75,0,0
-0.25,11.25,0,0
-0.25,10.75,0,0
-0.25,10.25,0,0
-0.25,9.75,0,0
-0.25,9.25,0,0
-0.25,8.75,0,0
-0.25,8.25,0,0
-0.25,7.75,0,0
-0.25,7.25,0,0
-0.25,6.75,0,0.4
-0.25,6.25,0,0.4
-0.25,5.75,0,0.4
-0.25,5.25,0,0.4
-0.25,4.75,0,0.6
-0.25,4.25,0,0.6
-0.25,3.75,0,0.6
-0.25,3.25,0,0.6
-0.25,2.75,0,0.8
-0.25,2.25,0,0.8
-0.25,1.75,0,0.8
-0.25,1.25,0,0.8
-0.25,0.75,0,1
-0.25,0.25,0,1
-0.25,-0.25,0,1
-0.25,-0.75,0,1
-0.25,-1.25,0,0.8
-0.25,-1.75,0,0.8
-0.25,-2.25,0,0.8
-0.25,-2.75,0,0.8
-0.25,-3.25,0,0.6
-0.25,-3.75,0,0.6
-0.25,-4.25,0,0.6
-0.25,-4.75,0,0.6
-0.25,-5.25,0,0.4
-0.25,-5.75,0,0.4
-0.25,-6.25,0,0.4
-0.25,-6.75,0,0.4
-0.25,-7.25,0,0
-0.25,-7.75,0,0
-0.25,-8.25,0,0
-0.25,-8.75,0,0
-0.25,-9.25,0,0
-0.25,-9.75,0,0
-0.25,-10.25,0,0
-0.25,-10.75,0,0
-0.25,-11.25,0,0
-0.25,-11.75,0,0
-0.25,-12.25,0,0
-0.25,-12.75,0,0
-0.25,-13.25,0,0
-0.25,-13.75,0,0
-0.25,-14.25,0,0
-0.25,-14.75,0,0
0.25,14.75,0,0
0.25,14.25,0,0
0.25,13.75,0,0
0.25,13.25,0,0
0.25,12.75,0,0
0.25,12.25,0,0
0.25,11.75,0,0
0.25,11.25,0,0
0.25,10.75,0,0
0.25,10.25,0,0
0.25,9.75,0,0
0.25,9.25,0,0
0.25,8.75,0,0
0.25,8.25,0,0
0.25,7.75,0,0
0.25,7.25,0,0
0.25,6.75,0,0.4
0.25,6.25,0,0.4
0.25,5.75,0,0.4
0.25,5.25,0,0.4
0.25,4.75,0,0.6
0.25,4.25,0,0.6
0.25,3.75,0,0.6
0.25,3.25,0,0.6
0.25,2.75,0,0.8
0.25,2.25,0,0.8
0.25,1.75,0,0.8
0.25,1.25,0,0.8
0.25,0.75,0,1
0.25,0.25,0,1
0.25,-0.25,0,1
0.25,-0.75,0,1
0.25,-1.25,0,0.8
0.25,-1.75,0,0.8
0.25,-2.25,0,0.8
0.25,-2.75,0,0.8
0.25,-3.25,0,0.6
0.25,-3.75,0,0.6
0.25,-4.25,0,0.6
0.25,-4.75,0,0.6
0.25,-5.25,0,0.4
0.25,-5.75,0,0.4
0.25,-6.25,0,0.4
0.25,-6.75,0,0.4
0.25,-7.25,0,0
0.25,-7.75,0,0
0.25,-8.25,0,0
0.25,-8.75,0,0
0.25,-9.25,0,0
0.25,-9.75,0,0
0.25,-10.25,0,0
0.25,-10.75,0,0
0.25,-11.25,0,0
0.25,-11.75,0,0
0.25,-12.25,0,0
0.25,-12.75,0,0
0.25,-13.25,0,0
0.25,-13.75,0,0
0.25,-14.25,0,0
0.25,-14.75,0,0
0.75,14.75,0,0
0.75,14.25,0,0
0.75,13.75,0,0
0.75,13.25,0,0
0.75,12.75,0,0
0.75,12.25,0,0
0.75,11.75,0,0
0.75,11.25,0,0
0.75,10.75,0,0
0.75,10.25,0,0
0.75,9.75,0,0
0.75,9.25,0,0
0.75,8.75,0,0
0.75,8.25,0,0
0.75,7.75,0,0
0.75,7.25,0,0
0.75,6.75,0,0.4
0.75,6.25,0,0.4
0.75,5.75,0,0.4
0.75,5.25,0,0.4
0.75,4.75,0,0.6
0.75,4.25,0,0.6
0.75,3.75,0,0.6
0.75,3.25,0,0.6
0.75,2.75,0,0.8
0.75,2.25,0,0.8
0.75,1.75,0,0.8
0.75,1.25,0,0.8
0.75,0.75,0,1
0.75,0.25,0,1
0.75,-0.25,0,1
0.75,-0.75,0,1
0.75,-1.25,0,0.8
0.75,-1.75,0,0.8
0.75,-2.25,0,0.8
0.75,-2.75,0,0.8
0.75,-3.25,0,0.6
0.75,-3.75,0,0.6
0.75,-4.25,0,0.6
0.75,-4.75,0,0.6
0.75,-5.25,0,0.4
0.75,-5.75,0,0.4
0.75,-6.25,0,0.4
0.75,-6.75,0,0.4
0.75,-7.25,0,0
0.75,-7.75,0,0
0.75,-8.25,0,0
0.75,-8.75,0,0
0.75,-9.25,0,0
0.75,-9.75,0,0
0.75,-10.25,0,0
0.75,-10.75,0,0
0.75,-11.25,0,0
0.75,-11.75,0,0
0.75,-12.25,0,0
0.75,-12.75,0,0
0.75,-13.25,0,0
0.75,-13.75,0,0
0.75,-14.25,0,0
0.75,-14.75,0,0
1.25,14.75,0,0
1.25,14.25,0,0
1.25,13.75,0,0
1.25,13.25,0,0
1.25,12.75,0,0
1.25,12.25,0,0
1.25,11.75,0,0
1.25,11.25,0,0
1.25,10.75,0,0
1.25,10.25,0,0
1.25,9.75,0,0
1.25,9.25,0,0
1.25,8.75,0,0
1.25,8.25,0,0
1.25,7.75,0,0
1.25,7.25,0,0
1.25,6.75,0,0.4
1.25,6.25,0,0.4
1.25,5.75,0,0.4
1.25,5.25,0,0.4
1.25,4.75,0,0.6
1.25,4.25,0,0.6
1.25,3.75,0,0.6
1.25,3.25,0,0.6
1.25,2.75,0,0.8
1.25,2.25,0,0.8
1.25,1.75,0,0.8
1.25,1.25,0,0.8
1.25,0.75,0,0.8
1.25,0.25,0,0.8
1.25,-0.25,0,0.8
1.25,-0.75,0,0.8
1.25,-1.25,0,0.8
1.25,-1.75,0,0.8
1.25,-2.25,0,0.8
1.25,-2.75,0,0.8
1.25,-3.25,0,0.6
1.25,-3.75,0,0.6
1.25,-4.25,0,0.6
1.25,-4.75,0,0.6
1.25,-5.25,0,0.4
1.25,-5.75,0,0.4
1.25,-6.25,0,0.4
1.25,-6.75,0,0.4
1.25,-7.25,0,0
1.25,-7.75,0,0
1.25,-8.25,0,0
1.25,-8.75,0,0
1.25,-9.25,0,0
1.25,-9.75,0,0
1.25,-10.25,0,0
1.25,-10.75,0,0
1.25,-11.25,0,0
1.25,-11.75,0,0
1.25,-12.25,0,0
1.25,-12.75,0,0
1.25,-13.25,0,0
1.25,-13.75,0,0
1.25,-14.25,0,0
1.25,-14.75,0,0
1.75,14.75,0,0
1.75,14.25,0,0
1.75,13.75,0,0
1.75,13.25,0,0
1.75,12.75,0,0
1.75,12.25,0,0
1.75,11.75,0,0
1.75,11.25,0,0
1.75,10.75,0,0
1.75,10.25,0,0
1.75,9.75,0,0
1.75,9.25,0,0
1.75,8.75,0,0
1.75,8.25,0,0
1.75,7.75,0,0
1.75,7.25,0,0
1.75,6.75,0,0.4
1.75,6.25,0,0.4
1.75,5.75,0,0.4
1.75,5.25,0,0.4
1.75,4.75,0,0.6
1.75,4.25,0,0.6
1.75,3.75,0,0.6
1.75,3.25,0,0.6
1.75,2.75,0,0.8
1.75,2.25,0,0.8
1.75,1.75,0,0.8
1.75,1.25,0,0.8
1.75,0.75,0,0.8
1.75,0.25,0,0.8
1.75,-0.25,0,0.8
1.75,-0.75,0,0.8
1.75,-1.25,0,0.8
1.75,-1.75,0,0.8
1.75,-2.25,0,0.8
1.75,-2.75,0,0.8
1.75,-3.25,0,0.6
1.75,-3.75,0,0.6
1.75,-4.25,0,0.6
1.75,-4.75,0,0.6
1.75,-5.25,0,0.4
1.75,-5.75,0,0.4
1.75,-6.25,0,0.4
1.75,-6.75,0,0.4
1.75,-7.25,0,0
1.75,-7.75,0,0
1.75,-8.25,0,0
1.75,-8.75,0,0
1.75,-9.25,0,0
1.75,-9.75,0,0
1.75,-10.25,0,0
1.75,-10.75,0,0
1.75,-11.25,0,0
1.75,-11.75,0,0
1.75,-12.25,0,0
1.75,-12.75,0,0
1.75,-13.25,0,0
1.75,-13.75,0,0
1.75,-14.25,0,0
1.75,-14.75,0,0
2.25,14.75,0,0
2.25,14.25,0,0
2.25,13.75,0,0
2.25,13.25,0,0
2.25,12.75,0,0
2.25,12.25,0,0
2.25,11.75,0,0
2.25,11.25,0,0
2.25,10.75,0,0
2.25,10.25,0,0
2.25,9.75,0,0
2.25,9.25,0,0
2.25,8.75,0,0
2.25,8.25,0,0
2.25,7.75,0,0
2.25,7.25,0,0
2.25,6.75,0,0.4
2.25,6.25,0,0.4
2.25,5.75,0,0.4
2.25,5.25,0,0.4
2.25,4.75,0,0.6
2.25,4.25,0,0.6
2.25,3.75,0,0.6
2.25,3.25,0,0.6
2.25,2.75,0,0.8
2.25,2.25,0,0.8
2.25,1.75,0,0.8
2.25,1.25,0,0.8
2.25,0.75,0,0.8
2.25,0.25,0,0.8
2.25,-0.25,0,0.8
2.25,-0.75,0,0.8
2.25,-1.25,0,0.8
2.25,-1.75,0,0.8
2.25,-2.25,0,0.8
2.25,-2.75,0,0.8
2.25,-3.25,0,0.6
2.25,-3.75,0,0.6
2.25,-4.25,0,0.6
2.25,-4.75,0,0.6
2.25,-5.25,0,0.4
2.25,-5.75,0,0.4
2.25,-6.25,0,0.4
2.25,-6.75,0,0.4
2.25,-7.25,0,0
2.25,-7.75,0,0
2.25,-8.25,0,0
2.25,-8.75,0,0
2.25,-9.25,0,0
2.25,-9.75,0,0
2.25,-10.25,0,0
2.25,-10.75,0,0
2.25,-11.25,0,0
2.25,-11.75,0,0
2.25,-12.25,0,0
2.25,-12.75,0,0
2.25,-13.25,0,0
2.25,-13.75,0,0
2.25,-14.25,0,0
2.25,-14.75,0,0
2.75,14.75,0,0
2.75,14.25,0,0
2.75,13.75,0,0
2.75,13.25,0,0
2.75,12.75,0,0
2.75,12.25,0,0
2.75,11.75,0,0
2.75,11.25,0,0
2.75,10.75,0,0
2.75,10.25,0,0
2.75,9.75,0,0
2.75,9.25,0,0
2.75,8.75,0,0
2.75,8.25,0,0
2.75,7.75,0,0
2.75,7.25,0,0
2.75,6.75,0,0.4
2.75,6.25,0,0.4
2.75,5.75,0,0.4
2.75,5.25,0,0.4
2.75,4.75,0,0.6
2.75,4.25,0,0.6
2.75,3.75,0,0.6
2.75,3.25,0,0.6
2.75,2.75,0,0.8
2.75,2.25,0,0.8
2.75,1.75,0,0.8
2.75,1.25,0,0.8
2.75,0.75,0,0.8
2.75,0.25,0,0.8
2.75,-0.25,0,0.8
2.75,-0.75,0,0.8
2.75,-1.25,0,0.8
2.75,-1.75,0,0.8
2.75,-2.25,0,0.8
2.75,-2.75,0,0.8
2.75,-3.25,0,0.6
2.75,-3.75,0,0.6
2.75,-4.25,0,0.6
2.75,-4.75,0,0.6
2.75,-5.25,0,0.4
2.75,-5.75,0,0.4
2.75,-6.25,0,0.4
2.75,-6.75,0,0.4
2.75,-7.25,0,0
2.75,-7.75,0,0
2.75,-8.25,0,0
2.75,-8.75,0,0
2.75,-9.25,0,0
2.75,-9.75,0,0
2.75,-10.25,0,0
2.75,-10.75,0,0
2.75,-11.25,0,0
2.75,-11.75,0,0
2.75,-12.25,0,0
2.75,-12.75,0,0
2.75,-13.25,0,0
2.75,-13.75,0,0
2.75,-14.25,0,0
2.75,-14.75,0,0
3.25,14.75,0,0
3.25,14.25,0,0
3.25,13.75,0,0
3.25,13.25,0,0
3.25,12.75,0,0
3.25,12.25,0,0
3.25,11.75,0,0
3.25,11.25,0,0
3.25,10.75,0,0
3.25,10.25,0,0
3.25,9.75,0,0
3.25,9.25,0,0
3.25,8.75,0,0
3.25,8.25,0,0
3.25,7.75,0,0
3.25,7.25,0,0
3.25,6.75,0,0.4
3.25,6.25,0,0.4
3.25,5.75,0,0.4
3.25,5.25,0,0.4
3.25,4.75,0,0.6
3.25,4.25,0,0.6
3.25,3.75,0,0.6
3.25,3.25,0,0.6
3.25,2.75,0,0.6
3.25,2.25,0,0.6
3.25,1.75,0,0.6
3.25,1.25,0,0.6
3.25,0.75,0,0.6
3.25,0.25,0,0.6
3.25,-0.25,0,0.6
3.25,-0.75,0,0.6
3.25,-1.25,0,0.6
3.25,-1.75,0,0.6
3.25,-2.25,0,0.6
3.25,-2.75,0,0.6
3.25,-3.25,0,0.6
3.25,-3.75,0,0.6
3.25,-4.25,0,0.6
3.25,-4.75,0,0.6
3.25,-5.25,0,0.4
3.25,-5.75,0,0.4
3.25,-6.25,0,0.4
3.25,-6.75,0,0.4
3.25,-7.25,0,0
3.25,-7.75,0,0
3.25,-8.25,0,0
3.25,-8.75,0,0
3.25,-9.25,0,0
3.25,-9.75,0,0
3.25,-10.25,0,0
3.25,-10.75,0,0
3.25,-11.25,0,0
3.25,-11.75,0,0
3.25,-12.25,0,0
3.25,-12.75,0,0
3.25,-13.25,0,0
3.25,-13.75,0,0
3.25,-14.25,0,0
3.25,-14.75,0,0
3.75,14.75,0,0
3.75,14.25,0,0
3.75,13.75,0,0
3.75,13.25,0,0
3.75,12.75,0,0
3.75,12.25,0,0
3.75,11.75,0,0
3.75,11.25,0,0
3.75,10.75,0,0
3.75,10.25,0,0
3.75,9.75,0,0
3.75,9.25,0,0
3.75,8.75,0,0
3.75,8.25,0,0
3.75,7.75,0,0
3.75,7.25,0,0
3.75,6.75,0,0.4
3.75,6.25,0,0.4
3.75,5.75,0,0.4
3.75,5.25,0,0.4
3.75,4.75,0,0.6
3.75,4.25,0,0.6
3.75,3.75,0,0.6
3.75,3.25,0,0.6
3.75,2.75,0,0.6
3.75,2.25,0,0.6
3.75,1.75,0,0.6
3.75,1.25,0,0.6
3.75,0.75,0,0.6
3.75,0.25,0,0.6
3.75,-0.25,0,0.6
3.75,-0.75,0,0.6
3.75,-1.25,0,0.6
3.75,-1.75,0,0.6
3.75,-2.25,0,0.6
3.75,-2.75,0,0.6
3.75,-3.25,0,0.6
3.75,-3.75,0,0.6
3.75,-4.25,0,0.6
3.75,-4.75,0,0.6
3.75,-5.25,0,0.4
3.75,-5.75,0,0.4
3.75,-6.25,0,0.4
3.75,-6.75,0,0.4
3.75,-7.25,0,0
3.75,-7.75,0,0
3.75,-8.25,0,0
3.75,-8.75,0,0
3.75,-9.25,0,0
3.75,-9.75,0,0
3.75,-10.25,0,0
3.75,-10.75,0,0
3.75,-11.25,0,0
3.75,-11.75,0,0
3.75,-12.25,0,0
3.75,-12.75,0,0
3.75,-13.25,0,0
3.75,-13.75,0,0
3.75,-14.25,0,0
3.75,-14.75,0,0
4.25,14.75,0,0
4.25,14.25,0,0
4.25,13.75,0,0
4.25,13.25,0,0
4.25,12.75,0,0
4.25,12.25,0,0
4.25,11.75,0,0
4.25,11.25,0,0
4.25,10.75,0,0
4.25,10.25,0,0
4.25,9.75,0,0
4.25,9.25,0,0
4.25,8.75,0,0
4.25,8.25,0,0
4.25,7.75,0,0
4.25,7.25,0,0
4.25,6.75,0,0.4
4.25,6.25,0,0.4
4.25,5.75,0,0.4
4.25,5.25,0,0.4
4.25,4.75,0,0.6
4.25,4.25,0,0.6
4.25,3.75,0,0.6
4.25,3.25,0,0.6
4.25,2.75,0,0.6
4.25,2.25,0,0.6
4.25,1.75,0,0.6
4.25,1.25,0,0.6
4.25,0.75,0,0.6
4.25,0.25,0,0.6
4.25,-0.25,0,0.6
4.25,-0.75,0,0.6
4.25,-1.25,0,0.6
4.25,-1.75,0,0.6
4.25,-2.25,0,0.6
4.25,-2.75,0,0.6
4.25,-3.25,0,0.6
4.25,-3.75,0,0.6
4.25,-4.25,0,0.6
4.25,-4.75,0,0.6
4.25,-5.25,0,0.4
4.25,-5.75,0,0.4
4.25,-6.25,0,0.4
4.25,-6.75,0,0.4
4.25,-7.25,0,0
4.25,-7.75,0,0
4.25,-8.25,0,0
4.25,-8.75,0,0
4.25,-9.25,0,0
4.25,-9.75,0,0
4.25,-10.25,0,0
4.25,-10.75,0,0
4.25,-11.25,0,0
4.25,-11.75,0,0
4.25,-12.25,0,0
4.25,-12.75,0,0
4.25,-13.25,0,0
4.25,-13.75,0,0
4.25,-14.25,0,0
4.25,-14.75,0,0
4.75,14.75,0,0
4.75,14.25,0,0
4.75,13.75,0,0
4.75,13.25,0,0
4.75,12.75,0,0
4.75,12.25,0,0
4.75,11.75,0,0
4.75,11.25,0,0
4.75,10.75,0,0
4.75,10.25,0,0
4.75,9.75,0,0
4.75,9.25,0,0
4.75,8.75,0,0
4.75,8.25,0,0
4.75,7.75,0,0
4.75,7.25,0,0
4.75,6.75,0,0.4
4.75,6.25,0,0.4
4.75,5.75,0,0.4
4.75,5.25,0,0.4
4.75,4.75,0,0.6
4.75,4.25,0,0.6
4.75,3.75,0,0.6
4.75,3.25,0,0.6
4.75,2.75,0,0.6
4.75,2.25,0,0.6
4.75,1.75,0,0.6
4.75,1.25,0,0.6
4.75,0.75,0,0.6
4.75,0.25,0,0.6
4.75,-0.25,0,0.6
4.75,-0.75,0,0.6
4.75,-1.25,0,0.6
4.75,-1.75,0,0.6
4.75,-2.25,0,0.6
4.75,-2.75,0,0.6
4.75,-3.25,0,0.6
4.75,-3.75,0,0.6
4.75,-4.25,0,0.6
4.75,-4.75,0,0.6
4.75,-5.25,0,0.4
4.75,-5.75,0,0.4
4.75,-6.25,0,0.4
4.75,-6.75,0,0.4
4.75,-7.25,0,0
4.75,-7.75,0,0
4.75,-8.25,0,0
4.75,-8.75,0,0
4.75,-9.25,0,0
4.75,-9.75,0,0
4.75,-10.25,0,0
4.75,-10.75,0,0
4.75,-11.25,0,0
4.75,-11.75,0,0
4.75,-12.25,0,0
4.75,-12.75,0,0
4.75,-13.25,0,0
4.75,-13.75,0,0
4.75,-14.25,0,0
4.75,-14.75,0,0
5.25,14.75,0,0
5.25,14.25,0,0
5.25,13.75,0,0
5.25,13.25,0,0
5.25,12.75,0,0
5.25,12.25,0,0
5.25,11.75,0,0
5.25,11.25,0,0
5.25,10.75,0,0
5.25,10.25,0,0
5.25,9.75,0,0
5.25,9.25,0,0
5.25,8.75,0,0
5.25,8.25,0,0
5.25,7.75,0,0
5.25,7.25,0,0
5.25,6.75,0,0.4
5.25,6.25,0,0.4
5.25,5.75,0,0.4
5.25,5.25,0,0.4
5.25,4.75,0,0.4
5.25,4.25,0,0.4
5.25,3.75,0,0.4
5.25,3.25,0,0.4
5.25,2.75,0,0.4
5.25,2.25,0,0.4
5.25,1.75,0,0.4
5.25,1.25,0,0.4
5.25,0.75,0,0.4
5.25,0.25,0,0.4
5.25,-0.25,0,0.4
5.25,-0.75,0,0.4
5.25,-1.25,0,0.4
5.25,-1.75,0,0.4
5.25,-2.25,0,0.4
5.25,-2.75,0,0.4
5.25,-3.25,0,0.4
5.25,-3.75,0,0.4
5.25,-4.25,0,0.4
5.25,-4.75,0,0.4
5.25,-5.25,0,0.4
5.25,-5.75,0,0.4
5.25,-6.25,0,0.4
5.25,-6.75,0,0.4
5.25,-7.25,0,0
5.25,-7.75,0,0
5.25,-8.25,0,0
5.25,-8.75,0,0
5.25,-9.25,0,0
5.25,-9.75,0,0
5.25,-10.25,0,0
5.25,-10.75,0,0
5.25,-11.25,0,0
5.25,-11.75,0,0
5.25,-12.25,0,0
5.25,-12.75,0,0
5.25,-13.25,0,0
5.25,-13.75,0,0
5.25,-14.25,0,0
5.25,-14.75,0,0
5.75,14.75,0,0
5.75,14.25,0,0
5.75,13.75,0,0
5.75,13.25,0,0
5.75,12.75,0,0
5.75,12.25,0,0
5.75,11.75,0,0
5.75,11.25,0,0
5.75,10.75,0,0
5.75,10.25,0,0
5.75,9.75,0,0
5.75,9.25,0,0
5.75,8.75,0,0
5.75,8.25,0,0
5.75,7.75,0,0
5.75,7.25,0,0
5.75,6.75,0,0.4
5.75,6.25,0,0.4
5.75,5.75,0,0.4
5.75,5.25,0,0.4
5.75,4.75,0,0.4
5.75,4.25,0,0.4
5.75,3.75,0,0.4
5.75,3.25,0,0.4
5.75,2.75,0,0.4
5.75,2.25,0,0.4
5.75,1.75,0,0.4
5.75,1.25,0,0.4
5.75,0.75,0,0.4
5.75,0.25,0,0.4
5.75,-0.25,0,0.4
5.75,-0.75,0,0.4
5.75,-1.25,0,0.4
5.75,-1.75,0,0.4
5.75,-2.25,0,0.4
5.75,-2.75,0,0.4
5.75,-3.25,0,0.4
5.75,-3.75,0,0.4
5.75,-4.25,0,0.4
5.75,-4.75,0,0.4
5.75,-5.25,0,0.4
5.75,-5.75,0,0.4
5.75,-6.25,0,0.4
5.75,-6.75,0,0.4
5.75,-7.25,0,0
5.75,-7.75,0,0
5.75,-8.25,0,0
5.75,-8.75,0,0
5.75,-9.25,0,0
5.75,-9.75,0,0
5.75,-10.25,0,0
5.75,-10.75,0,0
5.75,-11.25,0,0
5.75,-11.75,0,0
5.75,-12.25,0,0
5.75,-12.75,0,0
5.75,-13.25,0,0
5.75,-13.75,0,0
5.75,-14.25,0,0
5.75,-14.75,0,0
6.25,14.75,0,0
6.25,14.25,0,0
6.25,13.75,0,0
6.25,13.25,0,0
6.25,12.75,0,0
6.25,12.25,0,0
6.25,11.75,0,0
6.25,11.25,0,0
6.25,10.75,0,0
6.25,10.25,0,0
6.25,9.75,0,0
6.25,9.25,0,0
6.25,8.75,0,0
6.25,8.25,0,0
6.25,7.75,0,0
6.25,7.25,0,0
6.25,6.75,0,0.4
6.25,6.25,0,0.4
6.25,5.75,0,0.4
6.25,5.25,0,0.4
6.25,4.75,0,0.4
6.25,4.25,0,0.4
6.25,3.75,0,0.4
6.25,3.25,0,0.4
6.25,2.75,0,0.4
6.25,2.25,0,0.4
6.25,1.75,0,0.4
6.25,1.25,0,0.4
6.25,0.75,0,0.4
6.25,0.25,0,0.4
6.25,-0.25,0,0.4
6.25,-0.75,0,0.4
6.25,-1.25,0,0.4
6.25,-1.75,0,0.4
6.25,-2.25,0,0.4
6.25,-2.75,0,0.4
6.25,-3.25,0,0.4
6.25,-3.75,0,0.4
6.25,-4.25,0,0.4
6.25,-4.75,0,0.4
6.25,-5.25,0,0.4
6.25,-5.75,0,0.4
6.25,-6.25,0,0.4
6.25,-6.75,0,0.4
6.25,-7.25,0,0
6.25,-7.75,0,0
6.25,-8.25,0,0
6.25,-8.75,0,0
6.25,-9.25,0,0
6.25,-9.75,0,0
6.25,-10.25,0,0
6.25,-10.75,0,0
6.25,-11.25,0,0
6.25,-11.75,0,0
6.25,-12.25,0,0
6.25,-12.75,0,0
6.25,-13.25,0,0
6.25,-13.75,0,0
6.25,-14.25,0,0
6.25,-14.75,0,0
6.75,14.75,0,0
6.75,14.25,0,0
6.75,13.75,0,0
6.75,13.25,0,0
6.75,12.75,0,0
6.75,12.25,0,0
6.75,11.75,0,0
6.75,11.25,0,0
6.75,10.75,0,0
6.75,10.25,0,0
6.75,9.75,0,0
6.75,9.25,0,0
6.75,8.75,0,0
6.75,8.25,0,0
6.75,7.75,0,0
6.75,7.25,0,0
6.75,6.75,0,0.4
6.75,6.25,0,0.4
6.75,5.75,0,0.4
6.75,5.25,0,0.4
6.75,4.75,0,0.4
6.75,4.25,0,0.4
6.75,3.75,0,0.4
6.75,3.25,0,0.4
6.75,2.75,0,0.4
6.75,2.25,0,0.4
6.75,1.75,0,0.4
6.75,1.25,0,0.4
6.75,0.75,0,0.4
6.75,0.25,0,0.4
6.75,-0.25,0,0.4
6.75,-0.75,0,0.4
6.75,-1.25,0,0.4
6.75,-1.75,0,0.4
6.75,-2.25,0,0.4
6.75,-2.75,0,0.4
6.75,-3.25,0,0.4
6.75,-3.75,0,0.4
6.75,-4.25,0,0.4
6.75,-4.75,0,0.4
6.75,-5.25,0,0.4
6.75,-5.75,0,0.4
6.75,-6.25,0,0.4
6.75,-6.75,0,0.4
6.75,-7.25,0,0
6.75,-7.75,0,0
6.75,-8.25,0,0
6.75,-8.75,0,0
6.75,-9.25,0,0
6.75,-9.75,0,0
6.75,-10.25,0,0
6.75,-10.75,0,0
6.75,-11.25,0,0
6.75,-11.75,0,0
6.75,-12.25,0,0
6.75,-12.75,0,0
6.75,-13.25,0,0
6.75,-13.75,0,0
6.75,-14.25,0,0
6.75,-14.75,0,0
7.25,14.75,0,0
7.25,14.25,0,0
7.25,13.75,0,0
7.25,13.25,0,0
7.25,12.75,0,0
7.25,12.25,0,0
7.25,11.75,0,0
7.25,11.25,0,0
7.25,10.75,0,0
7.25,10.25,0,0
7.25,9.75,0,0
7.25,9.25,0,0
7.25,8.75,0,0
7.25,8.25,0,0
7.25,7.75,0,0
7.25,7.25,0,0
7.25,6.75,0,0
7.25,6.25,0,0
7.25,5.75,0,0
7.25,5.25,0,0
7.25,4.75,0,0
7.25,4.25,0,0
7.25,3.75,0,0
7.25,3.25,0,0
7.25,2.75,0,0
7.25,2.25,0,0
7.25,1.75,0,0
7.25,1.25,0,0
7.25,0.75,0,0
7.25,0.25,0,0
7.25,-0.25,0,0
7.25,-0.75,0,0
7.25,-1.25,0,0
7.25,-1.75,0,0
7.25,-2.25,0,0
7.25,-2.75,0,0
7.25,-3.25,0,0
7.25,-3.75,0,0
7.25,-4.25,0,0
7.25,-4.75,0,0
7.25,-5.25,0,0
7.25,-5.75,0,0
7.25,-6.25,0,0
7.25,-6.75,0,0
7.25,-7.25,0,0
7.25,-7.75,0,0
7.25,-8.25,0,0
7.25,-8.75,0,0
7.25,-9.25,0,0
7.25,-9.75,0,0
7.25,-10.25,0,0
7.25,-10.75,0,0
7.25,-11.25,0,0
7.25,-11.75,0,0
7.25,-12.25,0,0
7.25,-12.75,0,0
7.25,-13.25,0,0
7.25,-13.75,0,0
7.25,-14.25,0,0
7.25,-14.75,0,0
7.75,14.75,0,0
7.75,14.25,0,0
7.75,13.75,0,0
7.75,13.25,0,0
7.75,12.75,0,0
7.75,12.25,0,0
7.75,11.75,0,0
7.75,11.25,0,0
7.75,10.75,0,0
7.75,10.25,0,0
7.75,9.75,0,0
7.75,9.25,0,0
7.75,8.75,0,0
7.75,8.25,0,0
7.75,7.75,0,0
7.75,7.25,0,0
7.75,6.75,0,0
7.75,6.25,0,0
7.75,5.75,0,0
7.75,5.25,0,0
7.75,4.75,0,0
7.75,4.25,0,0
7.75,3.75,0,0
7.75,3.25,0,0
7.75,2.75,0,0
7.75,2.25,0,0
7.75,1.75,0,0
7.75,1.25,0,0
7.75,0.75,0,0
7.75,0.25,0,0
7.75,-0.25,0,0
7.75,-0.75,0,0
7.75,-1.25,0,0
7.75,-1.75,0,0
7.75,-2.25,0,0
7.75,-2.75,0,0
7.75,-3.25,0,0
7.75,-3.75,0,0
7.75,-4.25,0,0
7.75,-4.75,0,0
7.75,-5.25,0,0
7.75,-5.75,0,0
7.75,-6.25,0,0
7.75,-6.75,0,0
7.75,-7.25,0,0
7.75,-7.75,0,0
7.75,-8.25,0,0
7.75,-8.75,0,0
7.75,-9.25,0,0
7.75,-9.75,0,0
7.75,-10.25,0,0
7.75,-10.75,0,0
7.75,-11.25,0,0
7.75,-11.75,0,0
7.75,-12.25,0,0
7.75,-12.75,0,0
7.75,-13.25,0,0
7.75,-13.75,0,0
7.75,-14.25,0,0
7.75,-14.75,0,0
8.25,14.75,0,0
8.25,14.25,0,0
8.25,13.75,0,0
8.25,13.25,0,0
8.25,12.75,0,0
8.25,12.25,0,0
8.25,11.75,0,0
8.25,11.25,0,0
8.25,10.75,0,0
8.25,10.25,0,0
8.25,9.75,0,0
8.25,9.25,0,0
8.25,8.75,0,0
8.25,8.25,0,0
8.25,7.75,0,0
8.25,7.25,0,0
8.25,6.75,0,0
8.25,6.25,0,0
8.25,5.75,0,0
8.25,5.25,0,0
8.25,4.75,0,0
8.25,4.25,0,0
8.25,3.75,0,0
8.25,3.25,0,0
8.25,2.75,0,0
8.25,2.25,0,0
8.25,1.75,0,0
8.25,1.25,0,0
8.25,0.75,0,0
8.25,0.25,0,0
8.25,-0.25,0,0
8.25,-0.75,0,0
8.25,-1.25,0,0
8.25,-1.75,0,0
8.25,-2.25,0,0
8.25,-2.75,0,0
8.25,-3.25,0,0
8.25,-3.75,0,0
8.25,-4.25,0,0
8.25,-4.75,0,0
8.25,-5.25,0,0
8.25,-5.75,0,0
8.25,-6.25,0,0
8.25,-6.75,0,0
8.25,-7.25,0,0
8.25,-7.75,0,0
8.25,-8.25,0,0
8.25,-8.75,0,0
8.25,-9.25,0,0
8.25,-9.75,0,0
8.25,-10.25,0,0
8.25,-10.75,0,0
8.25,-11.25,0,0
8.25,-11.75,0,0
8.25,-12.25,0,0
8.25,-12.75,0,0
8.25,-13.25,0,0
8.25,-13.75,0,0
8.25,-14.25,0,0
8.25,-14.75,0,0
8.75,14.75,0,0
8.75,14.25,0,0
8.75,13.75,0,0
8.75,13.25,0,0
8.75,12.75,0,0
8.75,12.25,0,0
8.75,11.75,0,0
8.75,11.25,0,0
8.75,10.75,0,0
8.75,10.25,0,0
8.75,9.75,0,0
8.75,9.25,0,0
8.75,8.75,0,0
8.75,8.25,0,0
8.75,7.75,0,0
8.75,7.25,0,0
8.75,6.75,0,0
8.75,6.25,0,0
8.75,5.75,0,0
8.75,5.25,0,0
8.75,4.75,0,0
8.75,4.25,0,0
8.75,3.75,0,0
8.75,3.25,0,0
8.75,2.75,0,0
8.75,2.25,0,0
8.75,1.75,0,0
8.75,1.25,0,0
8.75,0.75,0,0
8.75,0.25,0,0
8.75,-0.25,0,0
8.75,-0.75,0,0
8.75,-1.25,0,0
8.75,-1.75,0,0
8.75,-2.25,0,0
8.75,-2.75,0,0
8.75,-3.25,0,0
8.75,-3.75,0,0
8.75,-4.25,0,0
8.75,-4.75,0,0
8.75,-5.25,0,0
8.75,-5.75,0,0
8.75,-6.25,0,0
8.75,-6.75,0,0
8.75,-7.25,0,0
8.75,-7.75,0,0
8.75,-8.25,0,0
8.75,-8.75,0,0
8.75,-9.25,0,0
8.75,-9.75,0,0
8.75,-10.25,0,0
8.75,-10.75,0,0
8.75,-11.25,0,0
8.75,-11.75,0,0
8.75,-12.25,0,0
8.75,-12.75,0,0
8.75,-13.25,0,0
8.75,-13.75,0,0
8.75,-14.25,0,0
8.75,-14.75,0,0
9.25,14.75,0,0
9.25,14.25,0,0
9.25,13.75,0,0
9.25,13.25,0,0
9.25,12.75,0,0
9.25,12.25,0,0
9.25,11.75,0,0
9.25,11.25,0,0
9.25,10.75,0,0
9.25,10.25,0,0
9.25,9.75,0,0
9.25,9.25,0,0
9.25,8.75,0,0
9.25,8.25,0,0
9.25,7.75,0,0
9.25,7.25,0,0
9.25,6.75,0,0
9.25,6.25,0,0
9.25,5.75,0,0
9.25,5.25,0,0
9.25,4.75,0,0
9.25,4.25,0,0
9.25,3.75,0,0
9.25,3.25,0,0
9.25,2.75,0,0
9.25,2.25,0,0
9.25,1.75,0,0
9.25,1.25,0,0
9.25,0.75,0,0
9.25,0.25,0,0
9.25,-0.25,0,0
9.25,-0.75,0,0
9.25,-1.25,0,0
9.25,-1.75,0,0
9.25,-2.25,0,0
9.25,-2.75,0,0
9.25,-3.25,0,0
9.25,-3.75,0,0
9.25,-4.25,0,0
9.25,-4.75,0,0
9.25,-5.25,0,0
9.25,-5.75,0,0
9.25,-6.25,0,0
9.25,-6.75,0,0
9.25,-7.25,0,0
9.25,-7.75,0,0
9.25,-8.25,0,0
9.25,-8.75,0,0
9.25,-9.25,0,0
9.25,-9.75,0,0
9.25,-10.25,0,0
9.25,-10.75,0,0
9.25,-11.25,0,0
9.25,-11.75,0,0
9.25,-12.25,0,0
9.25,-12.75,0,0
9.25,-13.25,0,0
9.25,-13.75,0,0
9.25,-14.25,0,0
9.25,-14.75,0,0
9.75,14.75,0,0
9.75,14.25,0,0
9.75,13.75,0,0
9.75,13.25,0,0
9.75,12.75,0,0
9.75,12.25,0,0
9.75,11.75,0,0
9.75,11.25,0,0
9.75,10.75,0,0
9.75,10.25,0,0
9.75,9.75,0,0
9.75,9.25,0,0
9.75,8.75,0,0
9.75,8.25,0,0
9.75,7.75,0,0
9.75,7.25,0,0
9.75,6.75,0,0
9.75,6.25,0,0
9.75,5.75,0,0
9.75,5.25,0,0
9.75,4.75,0,0
9.75,4.25,0,0
9.75,3.75,0,0
9.75,3.25,0,0
9.75,2.75,0,0
9.75,2.25,0,0
9.75,1.75,0,0
9.75,1.25,0,0
9.75,0.75,0,0
9.75,0.25,0,0
9.75,-0.25,0,0
9.75,-0.75,0,0
9.75,-1.25,0,0
9.75,-1.75,0,0
9.75,-2.25,0,0
9.75,-2.75,0,0
9.75,-3.25,0,0
9.75,-3.75,0,0
9.75,-4.25,0,0
9.75,-4.75,0,0
9.75,-5.25,0,0
9.75,-5.75,0,0
9.75,-6.25,0,0
9.75,-6.75,0,0
9.75,-7.25,0,0
9.75,-7.75,0,0
9.75,-8.25,0,0
9.75,-8.75,0,0
9.75,-9.25,0,0
9.75,-9.75,0,0
9.75,-10.25,0,0
9.75,-10.75,0,0
9.75,-11.25,0,0
9.75,-11.75,0,0
9.75,-12.25,0,0
9.75,-12.75,0,0
9.75,-13.25,0,0
9.75,-13.75,0,0
9.75,-14.25,0,0
9.75,-14.75,0,0
10.25,14.75,0,0
10.25,14.25,0,0
10.25,13.75,0,0
10.25,13.25,0,0
10.25,12.75,0,0
10.25,12.25,0,0
10.25,11.75,0,0
10.25,11.25,0,0
10.25,10.75,0,0
10.25,10.25,0,0
10.25,9.75,0,0
10.25,9.25,0,0
10.25,8.75,0,0
10.25,8.25,0,0
10.25,7.75,0,0
10.25,7.25,0,0
10.25,6.75,0,0
10.25,6.25,0,0
10.25,5.75,0,0
10.25,5.25,0,0
10.25,4.75,0,0
10.25,4.25,0,0
10.25,3.75,0,0
10.25,3.25,0,0
10.25,2.75,0,0
10.25,2.25,0,0
10.25,1.75,0,0
10.25,1.25,0,0
10.25,0.75,0,0
10.25,0.25,0,0
10.25,-0.25,0,0
10.25,-0.75,0,0
10.25,-1.25,0,0
10.25,-1.75,0,0
10.25,-2.25,0,0
10.25,-2.75,0,0
10.25,-3.25,0,0
10.25,-3.75,0,0
10.25,-4.25,0,0
10.25,-4.75,0,0
10.25,-5.25,0,0
10.25,-5.75,0,0
10.25,-6.25,0,0
10.25,-6.75,0,0
10.25,-7.25,0,0
10.25,-7.75,0,0
10.25,-8.25,0,0
10.25,-8.75,0,0
10.25,-9.25,0,0
10.25,-9.75,0,0
10.25,-10.25,0,0
10.25,-10.75,0,0
10.25,-11.25,0,0
10.25,-11.75,0,0
10.25,-12.25,0,0
10.25,-12.75,0,0
10.25,-13.25,0,0
10.25,-13.75,0,0
10.25,-14.25,0,0
10.25,-14.75,0,0
10.75,14.75,0,0
10.75,14.25,0,0
10.75,13.75,0,0
10.75,13.25,0,0
10.75,12.75,0,0
10.75,12.25,0,0
10.75,11.75,0,0
10.75,11.25,0,0
10.75,10.75,0,0
10.75,10.25,0,0
10.75,9.75,0,0
10.75,9.25,0,0
10.75,8.75,0,0
10.75,8.25,0,0
10.75,7.75,0,0
10.75,7.25,0,0
10.75,6.75,0,0
10.75,6.25,0,0
10.75,5.75,0,0
10.75,5.25,0,0
10.75,4.75,0,0
10.75,4.25,0,0
10.75,3.75,0,0
10.75,3.25,0,0
10.75,2.75,0,0
10.75,2.25,0,0
10.75,1.75,0,0
10.75,1.25,0,0
10.75,0.75,0,0
10.75,0.25,0,0
10.75,-0.25,0,0
10.75,-0.75,0,0
10.75,-1.25,0,0
10.75,-1.75,0,0
10.75,-2.25,0,0
10.75,-2.75,0,0
10.75,-3.25,0,0
10.75,-3.75,0,0
10.75,-4.25,0,0
10.75,-4.75,0,0
10.75,-5.25,0,0
10.75,-5.75,0,0
10.75,-6.25,0,0
10.75,-6.75,0,0
10.75,-7.25,0,0
10.75,-7.75,0,0
10.75,-8.25,0,0
10.75,-8.75,0,0
10.75,-9.25,0,0
10.75,-9.75,0,0
10.75,-10.25,0,0
10.75,-10.75,0,0
10.75,-11.25,0,0
10.75,-11.75,0,0
10.75,-12.25,0,0
10.75,-12.75,0,0
10.75,-13.25,0,0
10.75,-13.75,0,0
10.75,-14.25,0,0
10.75,-14.75,0,0
11.25,14.75,0,0
11.25,14.25,0,0
11.25,13.75,0,0
11.25,13.25,0,0
11.25,12.75,0,0
11.25,12.25,0,0
11.25,11.75,0,0
11.25,11.25,0,0
11.25,10.75,0,0
11.25,10.25,0,0
11.25,9.75,0,0
11.25,9.25,0,0
11.25,8.75,0,0
11.25,8.25,0,0
11.25,7.75,0,0
11.25,7.25,0,0
11.25,6.75,0,0
11.25,6.25,0,0
11.25,5.75,0,0
11.25,5.25,0,0
11.25,4.75,0,0
11.25,4.25,0,0
11.25,3.75,0,0
11.25,3.25,0,0
11.25,2.75,0,0
11.25,2.25,0,0
11.25,1.75,0,0
11.25,1.25,0,0
11.25,0.75,0,0
11.25,0.25,0,0
11.25,-0.25,0,0
11.25,-0.75,0,0
11.25,-1.25,0,0
11.25,-1.75,0,0
11.25,-2.25,0,0
11.25,-2.75,0,0
11.25,-3.25,0,0
11.25,-3.75,0,0
11.25,-4.25,0,0
11.25,-4.75,0,0
11.25,-5.25,0,0
11.25,-5.75,0,0
11.25,-6.25,0,0
11.25,-6.75,0,0
11.25,-7.25,0,0
11.25,-7.75,0,0
11.25,-8.25,0,0
11.25,-8.75,0,0
11.25,-9.25,0,0
11.25,-9.75,0,0
11.25,-10.25,0,0
11.25,-10.75,0,0
11.25,-11.25,0,0
11.25,-11.75,0,0
11.25,-12.25,0,0
11.25,-12.75,0,0
11.25,-13.25,0,0
11.25,-13.75,0,0
11.25,-14.25,0,0
11.25,-14.75,0,0
11.75,14.75,0,0
11.75,14.25,0,0
11.75,13.75,0,0
11.75,13.25,0,0
11.75,12.75,0,0
11.75,12.25,0,0
11.75,11.75,0,0
11.75,11.25,0,0
11.75,10.75,0,0
11.75,10.25,0,0
11.75,9.75,0,0
11.75,9.25,0,0
11.75,8.75,0,0
11.75,8.25,0,0
11.75,7.75,0,0
11.75,7.25,0,0
11.75,6.75,0,0
11.75,6.25,0,0
11.75,5.75,0,0
11.75,5.25,0,0
11.75,4.75,0,0
11.75,4.25,0,0
11.75,3.75,0,0
11.75,3.25,0,0
11.75,2.75,0,0
11.75,2.25,0,0
11.75,1.75,0,0
11.75,1.25,0,0
11.75,0.75,0,0
11.75,0.25,0,0
11.75,-0.25,0,0
11.75,-0.75,0,0
11.75,-1.25,0,0
11.75,-1.75,0,0
11.75,-2.25,0,0
11.75,-2.75,0,0
11.75,-3.25,0,0
11.75,-3.75,0,0
11.75,-4.25,0,0
11.75,-4.75,0,0
11.75,-5.25,0,0
11.75,-5.75,0,0
11.75,-6.25,0,0
11.75,-6.75,0,0
11.75,-7.25,0,0
11.75,-7.75,0,0
11.75,-8.25,0,0
11.75,-8.75,0,0
11.75,-9.25,0,0
11.75,-9.75,0,0
11.75,-10.25,0,0
11.75,-10.75,0,0
11.75,-11.25,0,0
11.75,-11.75,0,0
11.75,-12.25,0,0
11.75,-12.75,0,0
11.75,-13.25,0,0
11.75,-13.75,0,0
11.75,-14.25,0,0
11.75,-14.75,0,0
12.25,14.75,0,0
12.25,14.25,0,0
12.25,13.75,0,0
12.25,13.25,0,0
12.25,12.75,0,0
12.25,12.25,0,0
12.25,11.75,0,0
12.25,11.25,0,0
12.25,10.75,0,0
12.25,10.25,0,0
12.25,9.75,0,0
12.25,9.25,0,0
12.25,8.75,0,0
12.25,8.25,0,0
12.25,7.75,0,0
12.25,7.25,0,0
12.25,6.75,0,0
12.25,6.25,0,0
12.25,5.75,0,0
12.25,5.25,0,0
12.25,4.75,0,0
12.25,4.25,0,0
12.25,3.75,0,0
12.25,3.25,0,0
12.25,2.75,0,0
12.25,2.25,0,0
12.25,1.75,0,0
12.25,1.25,0,0
12.25,0.75,0,0
12.25,0.25,0,0
12.25,-0.25,0,0
12.25,-0.75,0,0
12.25,-1.25,0,0
12.25,-1.75,0,0
12.25,-2.25,0,0
12.25,-2.75,0,0
12.25,-3.25,0,0
12.25,-3.75,0,0
12.25,-4.25,0,0
12.25,-4.75,0,0
12.25,-5.25,0,0
12.25,-5.75,0,0
12.25,-6.25,0,0
12.25,-6.75,0,0
12.25,-7.25,0,0
12.25,-7.75,0,0
12.25,-8.25,0,0
12.25,-8.75,0,0
12.25,-9.25,0,0
12.25,-9.75,0,0
12.25,-10.25,0,0
12.25,-10.75,0,0
12.25,-11.25,0,0
12.25,-11.75,0,0
12.25,-12.25,0,0
12.25,-12.75,0,0
12.25,-13.25,0,0
12.25,-13.75,0,0
12.25,-14.25,0,0
12.25,-14.75,0,0
12.75,14.75,0,0
12.75,14.25,0,0
12.75,13.75,0,0
12.75,13.25,0,0
12.75,12.75,0,0
12.75,12.25,0,0
12.75,11.75,0,0
12.75,11.25,0,0
12.75,10.75,0,0
12.75,10.25,0,0
12.75,9.75,0,0
12.75,9.25,0,0
12.75,8.75,0,0
12.75,8.25,0,0
12.75,7.75,0,0
12.75,7.25,0,0
12.75,6.75,0,0
12.75,6.25,0,0
12.75,5.75,0,0
12.75,5.25,0,0
12.75,4.75,0,0
12.75,4.25,0,0
12.75,3.75,0,0
12.75,3.25,0,0
12.75,2.75,0,0
12.75,2.25,0,0
12.75,1.75,0,0
12.75,1.25,0,0
12.75,0.75,0,0
12.75,0.25,0,0
12.75,-0.25,0,0
12.75,-0.75,0,0
12.75,-1.25,0,0
12.75,-1.75,0,0
12.75,-2.25,0,0
12.75,-2.75,0,0
12.75,-3.25,0,0
12.75,-3.75,0,0
12.75,-4.25,0,0
12.75,-4.75,0,0
12.75,-5.25,0,0
12.75,-5.75,0,0
12.75,-6.25,0,0
12.75,-6.75,0,0
12.75,-7.25,0,0
12.75,-7.75,0,0
12.75,-8.25,0,0
12.75,-8.75,0,0
12.75,-9.25,0,0
12.75,-9.75,0,0
12.75,-10.25,0,0
12.75,-10.75,0,0
12.75,-11.25,0,0
12.75,-11.75,0,0
12.75,-12.25,0,0
12.75,-12.75,0,0
12.75,-13.25,0,0
12.75,-13.75,0,0
12.75,-14.25,0,0
12.75,-14.75,0,0
13.25,14.75,0,0
13.25,14.25,0,0
13.25,13.75,0,0
13.25,13.25,0,0
13.25,12.75,0,0
13.25,12.25,0,0
13.25,11.75,0,0
13.25,11.25,0,0
13.25,10.75,0,0
13.25,10.25,0,0
13.25,9.75,0,0
13.25,9.25,0,0
13.25,8.75,0,0
13.25,8.25,0,0
13.25,7.75,0,0
13.25,7.25,0,0
13.25,6.75,0,0
13.25,6.25,0,0
13.25,5.75,0,0
13.25,5.25,0,0
13.25,4.75,0,0
13.25,4.25,0,0
13.25,3.75,0,0
13.25,3.25,0,0
13.25,2.75,0,0
13.25,2.25,0,0
13.25,1.75,0,0
13.25,1.25,0,0
13.25,0.75,0,0
13.25,0.25,0,0
13.25,-0.25,0,0
13.25,-0.75,0,0
13.25,-1.25,0,0
13.25,-1.75,0,0
13.25,-2.25,0,0
13.25,-2.75,0,0
13.25,-3.25,0,0
13.25,-3.75,0,0
13.25,-4.25,0,0
13.25,-4.75,0,0
13.25,-5.25,0,0
13.25,-5.75,0,0
13.25,-6.25,0,0
13.25,-6.75,0,0
13.25,-7.25,0,0
13.25,-7.75,0,0
13.25,-8.25,0,0
13.25,-8.75,0,0
13.25,-9.25,0,0
13.25,-9.75,0,0
13.25,-10.25,0,0
13.25,-10.75,0,0
13.25,-11.25,0,0
13.25,-11.75,0,0
13.25,-12.25,0,0
13.25,-12.75,0,0
13.25,-13.25,0,0
13.25,-13.75,0,0
13.25,-14.25,0,0
13.25,-14.75,0,0
13.75,14.75,0,0
13.75,14.25,0,0
13.75,13.75,0,0
13.75,13.25,0,0
13.75,12.75,0,0
13.75,12.25,0,0
13.75,11.75,0,0
13.75,11.25,0,0
13.75,10.75,0,0
13.75,10.25,0,0
13.75,9.75,0,0
13.75,9.25,0,0
13.75,8.75,0,0
13.75,8.25,0,0
13.75,7.75,0,0
13.75,7.25,0,0
13.75,6.75,0,0
13.75,6.25,0,0
13.75,5.75,0,0
13.75,5.25,0,0
13.75,4.75,0,0
13.75,4.25,0,0
13.75,3.75,0,0
13.75,3.25,0,0
13.75,2.75,0,0
13.75,2.25,0,0
13.75,1.75,0,0
13.75,1.25,0,0
13.75,0.75,0,0
13.75,0.25,0,0
13.75,-0.25,0,0
13.75,-0.75,0,0
13.75,-1.25,0,0
13.75,-1.75,0,0
13.75,-2.25,0,0
13.75,-2.75,0,0
13.75,-3.25,0,0
13.75,-3.75,0,0
13.75,-4.25,0,0
13.75,-4.75,0,0
13.75,-5.25,0,0
13.75,-5.75,0,0
13.75,-6.25,0,0
13.75,-6.75,0,0
13.75,-7.25,0,0
13.75,-7.75,0,0
13.75,-8.25,0,0
13.75,-8.75,0,0
13.75,-9.25,0,0
13.75,-9.75,0,0
13.75,-10.25,0,0
13.75,-10.75,0,0
13.75,-11.25,0,0
13.75,-11.75,0,0
13.75,-12.25,0,0
13.75,-12.75,0,0
13.75,-13.25,0,0
13.75,-13.75,0,0
13.75,-14.25,0,0
13.75,-14.75,0,0
14.25,14.75,0,0
14.25,14.25,0,0
14.25,13.75,0,0
14.25,13.25,0,0
14.25,12.75,0,0
14.25,12.25,0,0
14.25,11.75,0,0
14.25,11.25,0,0
14.25,10.75,0,0
14.25,10.25,0,0
14.25,9.75,0,0
14.25,9.25,0,0
14.25,8.75,0,0
14.25,8.25,0,0
14.25,7.75,0,0
14.25,7.25,0,0
14.25,6.75,0,0
14.25,6.25,0,0
14.25,5.75,0,0
14.25,5.25,0,0
14.25,4.75,0,0
14.25,4.25,0,0
14.25,3.75,0,0
14.25,3.25,0,0
14.25,2.75,0,0
14.25,2.25,0,0
14.25,1.75,0,0
14.25,1.25,0,0
14.25,0.75,0,0
14.25,0.25,0,0
14.25,-0.25,0,0
14.25,-0.75,0,0
14.25,-1.25,0,0
14.25,-1.75,0,0
14.25,-2.25,0,0
14.25,-2.75,0,0
14.25,-3.25,0,0
14.25,-3.75,0,0
14.25,-4.25,0,0
14.25,-4.75,0,0
14.25,-5.25,0,0
14.25,-5.75,0,0
14.25,-6.25,0,0
14.25,-6.75,0,0
14.25,-7.25,0,0
14.25,-7.75,0,0
14.25,-8.25,0,0
14.25,-8.75,0,0
14.25,-9.25,0,0
14.25,-9.75,0,0
14.25,-10.25,0,0
14.25,-10.75,0,0
14.25,-11.25,0,0
14.25,-11.75,0,0
14.25,-12.25,0,0
14.25,-12.75,0,0
14.25,-13.25,0,0
14.25,-13.75,0,0
14.25,-14.25,0,0
14.25,-14.75,0,0
14.75,14.75,0,0
14.75,14.25,0,0
14.75,13.75,0,0
14.75,13.25,0,0
14.75,12.75,0,0
14.75,12.25,0,0
14.75,11.75,0,0
14.75,11.25,0,0
14.75,10.75,0,0
14.75,10.25,0,0
14.75,9.75,0,0
14.75,9.25,0,0
14.75,8.75,0,0
14.75,8.25,0,0
14.75,7.75,0,0
14.75,7.25,0,0
14.75,6.75,0,0
14.75,6.25,0,0
14.75,5.75,0,0
14.75,5.25,0,0
14.75,4.75,0,0
14.75,4.25,0,0
14.75,3.75,0,0
14.75,3.25,0,0
14.75,2.75,0,0
14.75,2.25,0,0
14.75,1.75,0,0
14.75,1.25,0,0
14.75,0.75,0,0
14.75,0.25,0,0
14.75,-0.25,0,0
14.75,-0.75,0,0
14.75,-1.25,0,0
14.75,-1.75,0,0
14.75,-2.25,0,0
14.75,-2.75,0,0
14.75,-3.25,0,0
14.75,-3.75,0,0
14.75,-4.25,0,0
14.75,-4.75,0,0
14.75,-5.25,0,0
14.75,-5.75,0,0
14.75,-6.25,0,0
14.75,-6.75,0,0
14.75,-7.25,0,0
14.75,-7.75,0,0
14.75,-8.25,0,0
14.75,-8.75,0,0
14.75,-9.25,0,0
14.75,-9.75,0,0
14.75,-10.25,0,0
14.75,-10.75,0,0
14.75,-11.25,0,0
14.75,-11.75,0,0
14.75,-12.25,0,0
14.75,-12.75,0,0
14.75,-13.25,0,0
14.75,-13.75,0,0
14.75,-14.25,0,0
14.75,-14.75,0,0
