-14.75,14.75,0,5.75E-09
-14.75,14.25,0,4.25E-09
-14.75,13.75,0,3.96E-09
-14.75,13.25,0,3.54E-09
-14.75,12.75,0,4.49E-09
-14.75,12.25,0,3.99E-09
-14.75,11.75,0,3.90E-09
-14.75,11.25,0,2.98E-09
-14.75,10.75,0,7.46E-09
-14.75,10.25,0,4.13E-10
-14.75,9.75,0,1.80E-08
-14.75,9.25,0,7.26E-10
-14.75,8.75,0,1.76E-08
-14.75,8.25,0,9.92E-09
-14.75,7.75,0,1.15E-08
-14.75,7.25,0,3.78E-08
-14.75,6.75,0,4.19E-08
-14.75,6.25,0,3.95E-08
-14.75,5.75,0,5.16E-08
-14.75,5.25,0,2.76E-08
-14.75,4.75,0,4.18E-08
-14.75,4.25,0,5.09E-08
-14.75,3.75,0,3.69E-08
-14.75,3.25,0,-2.51E-08
-14.75,2.75,0,7.47E-08
-14.75,2.25,0,3.18E-08
-14.75,1.75,0,9.44E-08
-14.75,1.25,0,9.77E-09
-14.75,0.75,0,2.21E-08
-14.75,0.25,0,5.01E-08
-14.75,-0.25,0,1.91E-08
-14.75,-0.75,0,1.77E-08
-14.75,-1.25,0,-1.02E-08
-14.75,-1.75,0,-6.81E-10
-14.75,-2.25,0,1.59E-08
-14.75,-2.75,0,5.79E-08
-14.75,-3.25,0,3.07E-08
-14.75,-3.75,0,2.60E-08
-14.75,-4.25,0,-4.33E-08
-14.75,-4.75,0,9.49E-09
-14.75,-5.25,0,5.73E-08
-14.75,-5.75,0,5.97E-08
-14.75,-6.25,0,3.93E-08
-14.75,-6.75,0,2.46E-08
-14.75,-7.25,0,1.61E-08
-14.75,-7.75,0,2.67E-08
-14.75,-8.25,0,4.42E-09
-14.75,-8.75,0,1.90E-09
-14.75,-9.25,0,7.26E-09
-14.75,-9.75,0,1.69E-08
-14.75,-10.25,0,2.73E-09
-14.75,-10.75,0,9.69E-09
-14.75,-11.25,0,4.29E-09
-14.75,-11.75,0,4.65E-09
-14.75,-12.25,0,2.43E-09
-14.75,-12.75,0,3.67E-09
-14.75,-13.25,0,3.05E-09
-14.75,-13.75,0,3.78E-09
-14.75,-14.25,0,6.65E-09
-14.75,-14.75,0,1.39E-08
-14.25,14.75,0,2.84E-09
-14.25,14.25,0,3.72E-09
-14.25,13.75,0,1.10E-09
-14.25,13.25,0,1.88E-11
-14.25,12.75,0,-2.48E-10
-14.25,12.25,0,-1.01E-09
-14.25,11.75,0,-1.64E-09
-14.25,11.25,0,-3.37E-09
-14.25,10.75,0,-7.25E-09
-14.25,10.25,0,-2.76E-09
-14.25,9.75,0,-2.78E-08
-14.25,9.25,0,3.21E-09
-14.25,8.75,0,-2.70E-08
-14.25,8.25,0,-3.53E-08
-14.25,7.75,0,-6.58E-08
-14.25,7.25,0,-4.57E-08
-14.25,6.75,0,-1.11E-07
-14.25,6.25,0,-7.77E-08
-14.25,5.75,0,-8.36E-08
-14.25,5.25,0,-1.04E-07
-14.25,4.75,0,-7.27E-08
-14.25,4.25,0,-1.81E-07
-14.25,3.75,0,-1.26E-07
-14.25,3.25,0,-3.73E-08
-14.25,2.75,0,-2.52E-07
-14.25,2.25,0,-3.36E-08
-14.25,1.75,0,-2.37E-07
-14.25,1.25,0,-2.38E-08
-14.25,0.75,0,-5.21E-08
-14.25,0.25,0,-1.41E-07
-14.25,-0.25,0,-1.94E-08
-14.25,-0.75,0,-8.15E-08
-14.25,-1.25,0,-1.49E-08
-14.25,-1.75,0,-9.84E-08
-14.25,-2.25,0,-5.44E-08
-14.25,-2.75,0,-6.94E-08
-14.25,-3.25,0,-3.27E-08
-14.25,-3.75,0,-6.76E-08
-14.25,-4.25,0,5.26E-08
-14.25,-4.75,0,-1.15E-07
-14.25,-5.25,0,-7.14E-08
-14.25,-5.75,0,-8.09E-08
-14.25,-6.25,0,-1.10E-07
-14.25,-6.75,0,-5.21E-08
-14.25,-7.25,0,-6.63E-08
-14.25,-7.75,0,-2.92E-08
-14.25,-8.25,0,-2.41E-08
-14.25,-8.75,0,-2.62E-08
-14.25,-9.25,0,-1.22E-08
-14.25,-9.75,0,-1.34E-08
-14.25,-10.25,0,-6.09E-09
-14.25,-10.75,0,-7.59E-09
-14.25,-11.25,0,-1.59E-10
-14.25,-11.75,0,1.44E-11
-14.25,-12.25,0,-2.69E-11
-14.25,-12.75,0,3.19E-11
-14.25,-13.25,0,1.90E-10
-14.25,-13.75,0,1.11E-09
-14.25,-14.25,0,2.14E-09
-14.25,-14.75,0,7.81E-09
-13.75,14.75,0,3.00E-09
-13.75,14.25,0,1.73E-09
-13.75,13.75,0,-5.69E-10
-13.75,13.25,0,-5.20E-10
-13.75,12.75,0,-1.68E-09
-13.75,12.25,0,-6.44E-11
-13.75,11.75,0,-3.41E-09
-13.75,11.25,0,7.12E-09
-13.75,10.75,0,-1.47E-08
-13.75,10.25,0,1.31E-08
-13.75,9.75,0,2.57E-08
-13.75,9.25,0,2.04E-08
-13.75,8.75,0,1.38E-08
-13.75,8.25,0,4.73E-08
-13.75,7.75,0,1.26E-07
-13.75,7.25,0,1.41E-07
-13.75,6.75,0,8.87E-08
-13.75,6.25,0,1.10E-07
-13.75,5.75,0,8.71E-08
-13.75,5.25,0,2.12E-07
-13.75,4.75,0,1.52E-07
-13.75,4.25,0,1.71E-07
-13.75,3.75,0,1.79E-07
-13.75,3.25,0,-1.29E-07
-13.75,2.75,0,3.77E-07
-13.75,2.25,0,5.69E-08
-13.75,1.75,0,3.50E-07
-13.75,1.25,0,9.48E-08
-13.75,0.75,0,2.95E-08
-13.75,0.25,0,1.42E-07
-13.75,-0.25,0,-1.03E-07
-13.75,-0.75,0,1.11E-07
-13.75,-1.25,0,2.73E-08
-13.75,-1.75,0,1.96E-07
-13.75,-2.25,0,1.65E-07
-13.75,-2.75,0,2.42E-07
-13.75,-3.25,0,3.45E-08
-13.75,-3.75,0,1.24E-07
-13.75,-4.25,0,1.71E-07
-13.75,-4.75,0,1.45E-07
-13.75,-5.25,0,3.28E-08
-13.75,-5.75,0,9.15E-08
-13.75,-6.25,0,1.77E-07
-13.75,-6.75,0,6.40E-08
-13.75,-7.25,0,2.20E-07
-13.75,-7.75,0,2.03E-08
-13.75,-8.25,0,2.28E-08
-13.75,-8.75,0,5.02E-08
-13.75,-9.25,0,3.06E-08
-13.75,-9.75,0,-6.43E-09
-13.75,-10.25,0,2.14E-08
-13.75,-10.75,0,-3.80E-09
-13.75,-11.25,0,3.10E-09
-13.75,-11.75,0,-1.13E-10
-13.75,-12.25,0,5.46E-10
-13.75,-12.75,0,3.40E-10
-13.75,-13.25,0,-1.23E-10
-13.75,-13.75,0,-1.46E-10
-13.75,-14.25,0,1.11E-09
-13.75,-14.75,0,3.97E-09
-13.25,14.75,0,1.82E-09
-13.25,14.25,0,6.02E-11
-13.25,13.75,0,-1.61E-09
-13.25,13.25,0,-3.58E-09
-13.25,12.75,0,7.21E-10
-13.25,12.25,0,-6.89E-09
-13.25,11.75,0,1.29E-10
-13.25,11.25,0,-1.62E-08
-13.25,10.75,0,-1.64E-08
-13.25,10.25,0,7.82E-10
-13.25,9.75,0,-8.07E-08
-13.25,9.25,0,-7.43E-08
-13.25,8.75,0,1.18E-08
-13.25,8.25,0,-1.55E-07
-13.25,7.75,0,-1.03E-07
-13.25,7.25,0,-2.46E-07
-13.25,6.75,0,-1.81E-07
-13.25,6.25,0,1.89E-07
-13.25,5.75,0,3.05E-07
-13.25,5.25,0,2.27E-08
-13.25,4.75,0,-3.99E-07
-13.25,4.25,0,3.73E-07
-13.25,3.75,0,4.91E-07
-13.25,3.25,0,1.00E-06
-13.25,2.75,0,-2.39E-07
-13.25,2.25,0,-5.70E-08
-13.25,1.75,0,-5.96E-07
-13.25,1.25,0,-3.02E-07
-13.25,0.75,0,2.17E-07
-13.25,0.25,0,6.53E-07
-13.25,-0.25,0,5.96E-07
-13.25,-0.75,0,6.48E-07
-13.25,-1.25,0,-1.15E-07
-13.25,-1.75,0,-2.27E-07
-13.25,-2.25,0,-1.92E-07
-13.25,-2.75,0,-9.53E-07
-13.25,-3.25,0,-1.02E-07
-13.25,-3.75,0,-4.71E-07
-13.25,-4.25,0,-3.96E-07
-13.25,-4.75,0,3.07E-07
-13.25,-5.25,0,7.51E-08
-13.25,-5.75,0,-1.82E-07
-13.25,-6.25,0,-3.17E-07
-13.25,-6.75,0,-5.27E-08
-13.25,-7.25,0,-3.52E-07
-13.25,-7.75,0,-9.39E-08
-13.25,-8.25,0,-5.05E-08
-13.25,-8.75,0,-7.18E-08
-13.25,-9.25,0,-2.72E-08
-13.25,-9.75,0,-5.44E-09
-13.25,-10.25,0,-3.53E-08
-13.25,-10.75,0,5.87E-09
-13.25,-11.25,0,-2.15E-08
-13.25,-11.75,0,7.99E-10
-13.25,-12.25,0,-3.70E-09
-13.25,-12.75,0,2.75E-09
-13.25,-13.25,0,-1.31E-09
-13.25,-13.75,0,-2.62E-10
-13.25,-14.25,0,-4.85E-10
-13.25,-14.75,0,1.26E-09
-12.75,14.75,0,3.18E-09
-12.75,14.25,0,-1.53E-09
-12.75,13.75,0,9.05E-11
-12.75,13.25,0,1.33E-10
-12.75,12.75,0,8.54E-09
-12.75,12.25,0,-2.08E-09
-12.75,11.75,0,1.22E-08
-12.75,11.25,0,-4.88E-09
-12.75,10.75,0,5.12E-08
-12.75,10.25,0,-3.54E-08
-12.75,9.75,0,1.40E-07
-12.75,9.25,0,-8.21E-08
-12.75,8.75,0,-2.02E-08
-12.75,8.25,0,-3.11E-07
-12.75,7.75,0,9.96E-08
-12.75,7.25,0,3.37E-07
-12.75,6.75,0,1.11E-07
-12.75,6.25,0,-5.78E-08
-12.75,5.75,0,-5.15E-07
-12.75,5.25,0,-3.91E-07
-12.75,4.75,0,3.90E-07
-12.75,4.25,0,-2.05E-07
-12.75,3.75,0,-8.53E-07
-12.75,3.25,0,-1.52E-06
-12.75,2.75,0,2.92E-07
-12.75,2.25,0,3.54E-07
-12.75,1.75,0,1.01E-06
-12.75,1.25,0,2.05E-07
-12.75,0.75,0,-2.64E-07
-12.75,0.25,0,-3.58E-07
-12.75,-0.25,0,-6.82E-07
-12.75,-0.75,0,-1.26E-06
-12.75,-1.25,0,-4.76E-07
-12.75,-1.75,0,4.59E-07
-12.75,-2.25,0,-8.65E-07
-12.75,-2.75,0,1.87E-06
-12.75,-3.25,0,7.94E-07
-12.75,-3.75,0,-7.91E-08
-12.75,-4.25,0,2.54E-07
-12.75,-4.75,0,-5.35E-07
-12.75,-5.25,0,-2.07E-07
-12.75,-5.75,0,5.90E-07
-12.75,-6.25,0,1.45E-07
-12.75,-6.75,0,2.22E-07
-12.75,-7.25,0,5.07E-07
-12.75,-7.75,0,-1.36E-07
-12.75,-8.25,0,9.26E-08
-12.75,-8.75,0,2.27E-08
-12.75,-9.25,0,5.88E-08
-12.75,-9.75,0,7.33E-08
-12.75,-10.25,0,-4.40E-09
-12.75,-10.75,0,1.83E-09
-12.75,-11.25,0,4.25E-08
-12.75,-11.75,0,-1.54E-09
-12.75,-12.25,0,-1.90E-08
-12.75,-12.75,0,7.34E-09
-12.75,-13.25,0,-9.71E-10
-12.75,-13.75,0,-4.55E-10
-12.75,-14.25,0,2.69E-10
-12.75,-14.75,0,3.78E-09
-12.25,14.75,0,2.08E-09
-12.25,14.25,0,-1.04E-10
-12.25,13.75,0,2.24E-09
-12.25,13.25,0,-1.17E-08
-12.25,12.75,0,-1.75E-08
-12.25,12.25,0,1.53E-08
-12.25,11.75,0,-3.38E-08
-12.25,11.25,0,-2.60E-08
-12.25,10.75,0,-2.21E-08
-12.25,10.25,0,7.41E-09
-12.25,9.75,0,-4.92E-08
-12.25,9.25,0,1.84E-07
-12.25,8.75,0,1.67E-07
-12.25,8.25,0,4.69E-07
-12.25,7.75,0,2.37E-07
-12.25,7.25,0,-3.98E-07
-12.25,6.75,0,-2.84E-07
-12.25,6.25,0,8.96E-08
-12.25,5.75,0,-1.14E-06
-12.25,5.25,0,1.46E-06
-12.25,4.75,0,-5.25E-07
-12.25,4.25,0,-1.20E-06
-12.25,3.75,0,4.52E-07
-12.25,3.25,0,7.85E-09
-12.25,2.75,0,-1.26E-06
-12.25,2.25,0,-1.95E-07
-12.25,1.75,0,-1.01E-06
-12.25,1.25,0,-2.55E-07
-12.25,0.75,0,8.47E-07
-12.25,0.25,0,-1.84E-06
-12.25,-0.25,0,5.28E-07
-12.25,-0.75,0,1.82E-06
-12.25,-1.25,0,-1.73E-07
-12.25,-1.75,0,-2.14E-07
-12.25,-2.25,0,8.39E-07
-12.25,-2.75,0,-2.11E-06
-12.25,-3.25,0,-2.02E-07
-12.25,-3.75,0,6.98E-07
-12.25,-4.25,0,-2.34E-07
-12.25,-4.75,0,1.65E-07
-12.25,-5.25,0,7.67E-07
-12.25,-5.75,0,5.92E-07
-12.25,-6.25,0,-8.38E-07
-12.25,-6.75,0,1.17E-07
-12.25,-7.25,0,2.07E-07
-12.25,-7.75,0,1.45E-06
-12.25,-8.25,0,-8.34E-08
-12.25,-8.75,0,-1.11E-07
-12.25,-9.25,0,4.75E-08
-12.25,-9.75,0,-2.22E-07
-12.25,-10.25,0,9.17E-08
-12.25,-10.75,0,-4.02E-08
-12.25,-11.25,0,-2.13E-08
-12.25,-11.75,0,3.13E-08
-12.25,-12.25,0,1.42E-08
-12.25,-12.75,0,-4.78E-09
-12.25,-13.25,0,1.20E-09
-12.25,-13.75,0,2.75E-09
-12.25,-14.25,0,-9.87E-11
-12.25,-14.75,0,3.86E-09
-11.75,14.75,0,3.48E-09
-11.75,14.25,0,7.21E-10
-11.75,13.75,0,-5.98E-09
-11.75,13.25,0,7.63E-09
-11.75,12.75,0,1.87E-09
-11.75,12.25,0,-2.63E-08
-11.75,11.75,0,3.73E-08
-11.75,11.25,0,5.18E-09
-11.75,10.75,0,-1.17E-07
-11.75,10.25,0,7.07E-08
-11.75,9.75,0,-2.52E-07
-11.75,9.25,0,1.53E-07
-11.75,8.75,0,-8.88E-08
-11.75,8.25,0,3.14E-07
-11.75,7.75,0,-3.70E-07
-11.75,7.25,0,-1.14E-06
-11.75,6.75,0,2.19E-06
-11.75,6.25,0,-1.26E-06
-11.75,5.75,0,-4.15E-08
-11.75,5.25,0,-2.62E-06
-11.75,4.75,0,2.39E-06
-11.75,4.25,0,5.72E-07
-11.75,3.75,0,-2.06E-07
-11.75,3.25,0,3.24E-06
-11.75,2.75,0,2.16E-06
-11.75,2.25,0,1.27E-07
-11.75,1.75,0,1.60E-06
-11.75,1.25,0,-3.14E-07
-11.75,0.75,0,-7.49E-07
-11.75,0.25,0,2.51E-06
-11.75,-0.25,0,8.76E-07
-11.75,-0.75,0,3.40E-06
-11.75,-1.25,0,1.75E-06
-11.75,-1.75,0,8.29E-07
-11.75,-2.25,0,2.11E-06
-11.75,-2.75,0,5.43E-07
-11.75,-3.25,0,1.24E-06
-11.75,-3.75,0,-1.22E-06
-11.75,-4.25,0,1.23E-06
-11.75,-4.75,0,-9.00E-07
-11.75,-5.25,0,-2.06E-06
-11.75,-5.75,0,-2.70E-06
-11.75,-6.25,0,3.62E-06
-11.75,-6.75,0,-1.43E-06
-11.75,-7.25,0,-1.69E-07
-11.75,-7.75,0,-1.29E-06
-11.75,-8.25,0,3.62E-07
-11.75,-8.75,0,-8.22E-07
-11.75,-9.25,0,-1.41E-07
-11.75,-9.75,0,3.21E-07
-11.75,-10.25,0,-1.97E-07
-11.75,-10.75,0,5.60E-08
-11.75,-11.25,0,-3.27E-09
-11.75,-11.75,0,-5.20E-08
-11.75,-12.25,0,-1.12E-08
-11.75,-12.75,0,1.33E-08
-11.75,-13.25,0,3.66E-09
-11.75,-13.75,0,1.44E-10
-11.75,-14.25,0,-3.97E-10
-11.75,-14.75,0,4.89E-09
-11.25,14.75,0,3.60E-09
-11.25,14.25,0,-5.12E-10
-11.25,13.75,0,-1.11E-09
-11.25,13.25,0,-2.24E-08
-11.25,12.75,0,2.03E-08
-11.25,12.25,0,-3.23E-08
-11.25,11.75,0,1.27E-07
-11.25,11.25,0,-3.65E-07
-11.25,10.75,0,3.01E-07
-11.25,10.25,0,-4.66E-07
-11.25,9.75,0,4.13E-07
-11.25,9.25,0,-1.02E-06
-11.25,8.75,0,-1.40E-06
-11.25,8.25,0,-2.01E-06
-11.25,7.75,0,-8.90E-07
-11.25,7.25,0,2.36E-06
-11.25,6.75,0,-8.00E-07
-11.25,6.25,0,3.49E-06
-11.25,5.75,0,7.34E-06
-11.25,5.25,0,-1.04E-06
-11.25,4.75,0,1.42E-06
-11.25,4.25,0,-1.26E-06
-11.25,3.75,0,2.14E-06
-11.25,3.25,0,-1.00E-05
-11.25,2.75,0,3.60E-06
-11.25,2.25,0,-5.89E-07
-11.25,1.75,0,-5.43E-06
-11.25,1.25,0,-8.34E-07
-11.25,0.75,0,4.62E-06
-11.25,0.25,0,-1.46E-06
-11.25,-0.25,0,-7.34E-06
-11.25,-0.75,0,-3.87E-06
-11.25,-1.25,0,-1.58E-07
-11.25,-1.75,0,-9.62E-07
-11.25,-2.25,0,-5.82E-06
-11.25,-2.75,0,-1.07E-06
-11.25,-3.25,0,-1.89E-06
-11.25,-3.75,0,2.08E-06
-11.25,-4.25,0,4.06E-06
-11.25,-4.75,0,4.35E-06
-11.25,-5.25,0,9.31E-07
-11.25,-5.75,0,3.87E-06
-11.25,-6.25,0,-6.07E-06
-11.25,-6.75,0,5.58E-06
-11.25,-7.25,0,1.76E-07
-11.25,-7.75,0,2.74E-06
-11.25,-8.25,0,-1.18E-06
-11.25,-8.75,0,2.00E-06
-11.25,-9.25,0,4.00E-07
-11.25,-9.75,0,-3.26E-07
-11.25,-10.25,0,2.47E-07
-11.25,-10.75,0,-8.87E-08
-11.25,-11.25,0,-9.19E-08
-11.25,-11.75,0,1.28E-07
-11.25,-12.25,0,-3.24E-08
-11.25,-12.75,0,-1.64E-08
-11.25,-13.25,0,-3.08E-08
-11.25,-13.75,0,2.47E-08
-11.25,-14.25,0,-3.24E-09
-11.25,-14.75,0,1.97E-09
-10.75,14.75,0,8.23E-09
-10.75,14.25,0,-6.63E-09
-10.75,13.75,0,8.50E-09
-10.75,13.25,0,-6.14E-09
-10.75,12.75,0,1.55E-08
-10.75,12.25,0,-5.67E-09
-10.75,11.75,0,-4.64E-08
-10.75,11.25,0,-2.05E-07
-10.75,10.75,0,2.81E-07
-10.75,10.25,0,5.60E-07
-10.75,9.75,0,2.81E-07
-10.75,9.25,0,-8.97E-07
-10.75,8.75,0,5.75E-06
-10.75,8.25,0,8.61E-06
-10.75,7.75,0,-2.90E-06
-10.75,7.25,0,2.89E-06
-10.75,6.75,0,-1.66E-06
-10.75,6.25,0,8.09E-06
-10.75,5.75,0,-1.44E-05
-10.75,5.25,0,6.18E-06
-10.75,4.75,0,-8.01E-06
-10.75,4.25,0,7.38E-06
-10.75,3.75,0,-1.24E-06
-10.75,3.25,0,2.64E-05
-10.75,2.75,0,5.38E-06
-10.75,2.25,0,-1.23E-05
-10.75,1.75,0,1.25E-05
-10.75,1.25,0,2.28E-07
-10.75,0.75,0,-7.22E-06
-10.75,0.25,0,-2.54E-06
-10.75,-0.25,0,2.17E-05
-10.75,-0.75,0,-9.09E-07
-10.75,-1.25,0,9.73E-06
-10.75,-1.75,0,-1.17E-05
-10.75,-2.25,0,1.45E-05
-10.75,-2.75,0,1.10E-05
-10.75,-3.25,0,8.58E-06
-10.75,-3.75,0,-4.42E-06
-10.75,-4.25,0,-6.45E-06
-10.75,-4.75,0,-5.18E-06
-10.75,-5.25,0,1.89E-06
-10.75,-5.75,0,1.05E-05
-10.75,-6.25,0,9.25E-06
-10.75,-6.75,0,-5.44E-06
-10.75,-7.25,0,6.27E-07
-10.75,-7.75,0,1.48E-06
-10.75,-8.25,0,2.37E-06
-10.75,-8.75,0,-2.25E-06
-10.75,-9.25,0,5.46E-07
-10.75,-9.75,0,-9.27E-08
-10.75,-10.25,0,-4.03E-07
-10.75,-10.75,0,1.64E-07
-10.75,-11.25,0,7.76E-09
-10.75,-11.75,0,-8.00E-08
-10.75,-12.25,0,-3.99E-08
-10.75,-12.75,0,7.61E-08
-10.75,-13.25,0,-2.23E-08
-10.75,-13.75,0,-2.14E-09
-10.75,-14.25,0,-3.28E-09
-10.75,-14.75,0,7.66E-09
-10.25,14.75,0,5.63E-09
-10.25,14.25,0,-4.85E-09
-10.25,13.75,0,1.24E-08
-10.25,13.25,0,-4.42E-08
-10.25,12.75,0,1.06E-07
-10.25,12.25,0,-1.40E-07
-10.25,11.75,0,8.55E-08
-10.25,11.25,0,1.74E-07
-10.25,10.75,0,-1.66E-07
-10.25,10.25,0,7.98E-07
-10.25,9.75,0,-4.36E-06
-10.25,9.25,0,1.21E-05
-10.25,8.75,0,-1.63E-06
-10.25,8.25,0,-9.47E-06
-10.25,7.75,0,2.40E-05
-10.25,7.25,0,2.71E-06
-10.25,6.75,0,-1.07E-06
-10.25,6.25,0,-4.51E-06
-10.25,5.75,0,-1.06E-05
-10.25,5.25,0,3.92E-05
-10.25,4.75,0,-3.44E-05
-10.25,4.25,0,7.25E-06
-10.25,3.75,0,-1.92E-06
-10.25,3.25,0,-1.63E-05
-10.25,2.75,0,4.51E-06
-10.25,2.25,0,4.43E-06
-10.25,1.75,0,-5.62E-06
-10.25,1.25,0,-3.35E-06
-10.25,0.75,0,1.09E-05
-10.25,0.25,0,2.14E-05
-10.25,-0.25,0,-4.42E-05
-10.25,-0.75,0,3.44E-05
-10.25,-1.25,0,-3.04E-05
-10.25,-1.75,0,4.31E-05
-10.25,-2.25,0,-4.41E-07
-10.25,-2.75,0,1.30E-06
-10.25,-3.25,0,-8.86E-06
-10.25,-3.75,0,-8.61E-06
-10.25,-4.25,0,3.06E-05
-10.25,-4.75,0,-4.24E-06
-10.25,-5.25,0,-1.10E-05
-10.25,-5.75,0,-2.26E-05
-10.25,-6.25,0,8.26E-06
-10.25,-6.75,0,-1.31E-05
-10.25,-7.25,0,7.13E-06
-10.25,-7.75,0,-3.07E-06
-10.25,-8.25,0,4.29E-06
-10.25,-8.75,0,-3.09E-06
-10.25,-9.25,0,1.22E-06
-10.25,-9.75,0,1.64E-06
-10.25,-10.25,0,3.52E-07
-10.25,-10.75,0,3.03E-07
-10.25,-11.25,0,6.06E-09
-10.25,-11.75,0,-1.02E-07
-10.25,-12.25,0,1.31E-07
-10.25,-12.75,0,-2.54E-08
-10.25,-13.25,0,5.43E-09
-10.25,-13.75,0,1.90E-08
-10.25,-14.25,0,-1.32E-08
-10.25,-14.75,0,4.87E-09
-9.75,14.75,0,1.09E-09
-9.75,14.25,0,-1.65E-08
-9.75,13.75,0,4.77E-09
-9.75,13.25,0,-2.58E-08
-9.75,12.75,0,-5.36E-08
-9.75,12.25,0,-5.14E-08
-9.75,11.75,0,-2.60E-07
-9.75,11.25,0,-5.44E-07
-9.75,10.75,0,1.30E-07
-9.75,10.25,0,2.23E-07
-9.75,9.75,0,4.32E-06
-9.75,9.25,0,-8.93E-06
-9.75,8.75,0,-1.23E-05
-9.75,8.25,0,-6.57E-06
-9.75,7.75,0,-5.71E-05
-9.75,7.25,0,-6.37E-06
-9.75,6.75,0,2.30E-05
-9.75,6.25,0,-8.72E-06
-9.75,5.75,0,2.50E-05
-9.75,5.25,0,-3.00E-05
-9.75,4.75,0,1.04E-04
-9.75,4.25,0,3.67E-05
-9.75,3.75,0,-1.11E-04
-9.75,3.25,0,6.10E-05
-9.75,2.75,0,-8.62E-05
-9.75,2.25,0,6.39E-05
-9.75,1.75,0,-9.19E-06
-9.75,1.25,0,8.42E-05
-9.75,0.75,0,-1.10E-04
-9.75,0.25,0,-6.47E-06
-9.75,-0.25,0,6.50E-05
-9.75,-0.75,0,-7.27E-05
-9.75,-1.25,0,8.62E-05
-9.75,-1.75,0,-7.18E-05
-9.75,-2.25,0,-8.09E-06
-9.75,-2.75,0,-7.87E-05
-9.75,-3.25,0,9.11E-05
-9.75,-3.75,0,-1.38E-05
-9.75,-4.25,0,-1.94E-05
-9.75,-4.75,0,1.99E-06
-9.75,-5.25,0,5.71E-05
-9.75,-5.75,0,-1.09E-05
-9.75,-6.25,0,3.92E-06
-9.75,-6.75,0,3.01E-06
-9.75,-7.25,0,-1.10E-05
-9.75,-7.75,0,-6.01E-06
-9.75,-8.25,0,-3.86E-06
-9.75,-8.75,0,-1.12E-06
-9.75,-9.25,0,7.44E-06
-9.75,-9.75,0,-2.01E-06
-9.75,-10.25,0,-1.39E-07
-9.75,-10.75,0,1.22E-06
-9.75,-11.25,0,-1.54E-07
-9.75,-11.75,0,-3.59E-08
-9.75,-12.25,0,-8.54E-09
-9.75,-12.75,0,-1.46E-08
-9.75,-13.25,0,-1.94E-08
-9.75,-13.75,0,7.14E-09
-9.75,-14.25,0,-1.08E-08
-9.75,-14.75,0,7.86E-09
-9.25,14.75,0,1.53E-08
-9.25,14.25,0,-1.01E-08
-9.25,13.75,0,3.07E-08
-9.25,13.25,0,-5.55E-08
-9.25,12.75,0,-1.07E-08
-9.25,12.25,0,3.61E-07
-9.25,11.75,0,1.13E-07
-9.25,11.25,0,-7.40E-07
-9.25,10.75,0,4.46E-06
-9.25,10.25,0,-2.32E-07
-9.25,9.75,0,5.60E-07
-9.25,9.25,0,1.56E-06
-9.25,8.75,0,1.15E-06
-9.25,8.25,0,9.29E-06
-9.25,7.75,0,6.75E-05
-9.25,7.25,0,-2.44E-05
-9.25,6.75,0,-1.82E-04
-9.25,6.25,0,-3.51E-05
-9.25,5.75,0,-9.43E-05
-9.25,5.25,0,-1.42E-04
-9.25,4.75,0,-5.00E-05
-9.25,4.25,0,-7.30E-05
-9.25,3.75,0,2.56E-04
-9.25,3.25,0,-6.50E-05
-9.25,2.75,0,1.43E-04
-9.25,2.25,0,-3.43E-05
-9.25,1.75,0,-4.27E-05
-9.25,1.25,0,-3.98E-05
-9.25,0.75,0,0.000152348
-9.25,0.25,0,8.08E-05
-9.25,-0.25,0,-2.67E-04
-9.25,-0.75,0,0.000209677
-9.25,-1.25,0,-6.10E-05
-9.25,-1.75,0,1.62E-04
-9.25,-2.25,0,-1.26E-05
-9.25,-2.75,0,0.000111943
-9.25,-3.25,0,-1.42E-04
-9.25,-3.75,0,-1.08E-05
-9.25,-4.25,0,6.33E-06
-9.25,-4.75,0,-9.10E-05
-9.25,-5.25,0,-8.80E-05
-9.25,-5.75,0,1.27E-04
-9.25,-6.25,0,1.79E-05
-9.25,-6.75,0,2.03E-06
-9.25,-7.25,0,7.14E-05
-9.25,-7.75,0,-3.09E-05
-9.25,-8.25,0,3.82E-05
-9.25,-8.75,0,-7.02E-06
-9.25,-9.25,0,-2.13E-06
-9.25,-9.75,0,3.34E-06
-9.25,-10.25,0,1.52E-06
-9.25,-10.75,0,-1.19E-06
-9.25,-11.25,0,5.40E-07
-9.25,-11.75,0,-1.14E-07
-9.25,-12.25,0,1.38E-07
-9.25,-12.75,0,-4.95E-08
-9.25,-13.25,0,-3.25E-08
-9.25,-13.75,0,2.90E-08
-9.25,-14.25,0,-4.72E-10
-9.25,-14.75,0,-7.36E-09
-8.75,14.75,0,2.87E-08
-8.75,14.25,0,-2.75E-08
-8.75,13.75,0,-5.02E-08
-8.75,13.25,0,-5.63E-08
-8.75,12.75,0,2.50E-07
-8.75,12.25,0,3.53E-07
-8.75,11.75,0,-1.21E-06
-8.75,11.25,0,2.97E-06
-8.75,10.75,0,-3.72E-06
-8.75,10.25,0,9.15E-07
-8.75,9.75,0,-4.07E-06
-8.75,9.25,0,-9.27E-06
-8.75,8.75,0,-1.13E-05
-8.75,8.25,0,9.60E-05
-8.75,7.75,0,2.78E-05
-8.75,7.25,0,4.96E-05
-8.75,6.75,0,5.32E-04
-8.75,6.25,0,4.13E-04
-8.75,5.75,0,-7.16E-06
-8.75,5.25,0,6.65E-04
-8.75,4.75,0,-1.62E-04
-8.75,4.25,0,4.98E-04
-8.75,3.75,0,-3.44E-04
-8.75,3.25,0,3.42E-04
-8.75,2.75,0,1.75E-04
-8.75,2.25,0,7.42E-05
-8.75,1.75,0,2.32E-06
-8.75,1.25,0,0.000464768
-8.75,0.75,0,1.02E-04
-8.75,0.25,0,4.67E-05
-8.75,-0.25,0,6.42E-04
-8.75,-0.75,0,-0.000108739
-8.75,-1.25,0,9.30E-05
-8.75,-1.75,0,-3.88E-06
-8.75,-2.25,0,0.000483576
-8.75,-2.75,0,3.04E-05
-8.75,-3.25,0,4.17E-04
-8.75,-3.75,0,4.44E-04
-8.75,-4.25,0,-2.79E-04
-8.75,-4.75,0,4.22E-04
-8.75,-5.25,0,4.59E-04
-8.75,-5.75,0,-3.84E-04
-8.75,-6.25,0,2.37E-04
-8.75,-6.75,0,8.87E-05
-8.75,-7.25,0,-4.30E-05
-8.75,-7.75,0,1.27E-04
-8.75,-8.25,0,-1.55E-05
-8.75,-8.75,0,-1.66E-05
-8.75,-9.25,0,9.16E-06
-8.75,-9.75,0,-1.12E-05
-8.75,-10.25,0,3.00E-06
-8.75,-10.75,0,1.56E-06
-8.75,-11.25,0,1.58E-07
-8.75,-11.75,0,-3.23E-08
-8.75,-12.25,0,-1.46E-07
-8.75,-12.75,0,1.55E-07
-8.75,-13.25,0,-7.29E-08
-8.75,-13.75,0,1.69E-08
-8.75,-14.25,0,-3.32E-08
-8.75,-14.75,0,1.72E-08
-8.25,14.75,0,5.23E-10
-8.25,14.25,0,-3.08E-08
-8.25,13.75,0,1.26E-07
-8.25,13.25,0,-1.47E-07
-8.25,12.75,0,-3.21E-08
-8.25,12.25,0,1.15E-06
-8.25,11.75,0,-2.77E-06
-8.25,11.25,0,-4.77E-07
-8.25,10.75,0,-2.95E-06
-8.25,10.25,0,1.02E-05
-8.25,9.75,0,-8.65E-06
-8.25,9.25,0,1.38E-05
-8.25,8.75,0,-5.57E-05
-8.25,8.25,0,1.30E-04
-8.25,7.75,0,-1.39E-04
-8.25,7.25,0,3.33E-04
-8.25,6.75,0,-2.55E-04
-8.25,6.25,0,-3.83E-04
-8.25,5.75,0,7.77E-04
-8.25,5.25,0,-1.61E-04
-8.25,4.75,0,5.19E-04
-8.25,4.25,0,-1.10E-03
-8.25,3.75,0,1.30E-03
-8.25,3.25,0,-5.85E-04
-8.25,2.75,0,3.39E-04
-8.25,2.25,0,5.98E-04
-8.25,1.75,0,0.000848273
-8.25,1.25,0,-6.42E-05
-8.25,0.75,0,-6.70E-04
-8.25,0.25,0,0.000498519
-8.25,-0.25,0,-9.16E-04
-8.25,-0.75,0,0.001207647
-8.25,-1.25,0,0.000308642
-8.25,-1.75,0,1.33E-04
-8.25,-2.25,0,7.47E-05
-8.25,-2.75,0,-4.84E-04
-8.25,-3.25,0,2.30E-04
-8.25,-3.75,0,-5.37E-04
-8.25,-4.25,0,1.36E-03
-8.25,-4.75,0,-2.38E-04
-8.25,-5.25,0,-8.92E-04
-8.25,-5.75,0,1.94E-03
-8.25,-6.25,0,3.97E-04
-8.25,-6.75,0,-2.62E-04
-8.25,-7.25,0,5.32E-04
-8.25,-7.75,0,-1.17E-04
-8.25,-8.25,0,-2.10E-05
-8.25,-8.75,0,7.30E-05
-8.25,-9.25,0,-7.17E-06
-8.25,-9.75,0,-1.74E-06
-8.25,-10.25,0,6.96E-06
-8.25,-10.75,0,-1.30E-06
-8.25,-11.25,0,1.09E-06
-8.25,-11.75,0,-1.56E-07
-8.25,-12.25,0,-2.08E-07
-8.25,-12.75,0,2.71E-07
-8.25,-13.25,0,1.27E-08
-8.25,-13.75,0,4.49E-08
-8.25,-14.25,0,-2.01E-08
-8.25,-14.75,0,1.11E-08
-7.75,14.75,0,2.71E-08
-7.75,14.25,0,-7.07E-08
-7.75,13.75,0,1.07E-07
-7.75,13.25,0,-2.83E-07
-7.75,12.75,0,5.10E-07
-7.75,12.25,0,-1.58E-06
-7.75,11.75,0,2.32E-06
-7.75,11.25,0,-1.26E-06
-7.75,10.75,0,7.75E-06
-7.75,10.25,0,-3.53E-06
-7.75,9.75,0,-3.54E-05
-7.75,9.25,0,1.06E-04
-7.75,8.75,0,4.33E-05
-7.75,8.25,0,3.16E-05
-7.75,7.75,0,3.07E-04
-7.75,7.25,0,-7.95E-04
-7.75,6.75,0,4.79E-03
-7.75,6.25,0,3.17E-03
-7.75,5.75,0,3.86E-04
-7.75,5.25,0,2.01E-03
-7.75,4.75,0,4.42E-03
-7.75,4.25,0,9.99E-03
-7.75,3.75,0,-4.03E-03
-7.75,3.25,0,1.08E-02
-7.75,2.75,0,-6.93E-04
-7.75,2.25,0,0.00413355
-7.75,1.75,0,0.001260631
-7.75,1.25,0,0.001640825
-7.75,0.75,0,0.010030637
-7.75,0.25,0,0.000326893
-7.75,-0.25,0,4.45E-03
-7.75,-0.75,0,-0.00292301
-7.75,-1.25,0,0.001178542
-7.75,-1.75,0,0.005742737
-7.75,-2.25,0,2.80E-03
-7.75,-2.75,0,7.79E-03
-7.75,-3.25,0,2.89E-03
-7.75,-3.75,0,5.93E-03
-7.75,-4.25,0,2.24E-03
-7.75,-4.75,0,2.45E-03
-7.75,-5.25,0,8.56E-03
-7.75,-5.75,0,-4.14E-04
-7.75,-6.25,0,3.09E-04
-7.75,-6.75,0,4.33E-03
-7.75,-7.25,0,-4.97E-04
-7.75,-7.75,0,4.86E-04
-7.75,-8.25,0,5.90E-05
-7.75,-8.75,0,8.48E-05
-7.75,-9.25,0,-1.61E-05
-7.75,-9.75,0,-1.64E-05
-7.75,-10.25,0,1.16E-06
-7.75,-10.75,0,1.10E-06
-7.75,-11.25,0,7.28E-07
-7.75,-11.75,0,-1.06E-06
-7.75,-12.25,0,-7.74E-07
-7.75,-12.75,0,2.61E-07
-7.75,-13.25,0,-9.04E-09
-7.75,-13.75,0,4.27E-08
-7.75,-14.25,0,-2.81E-08
-7.75,-14.75,0,1.21E-08
-7.25,14.75,0,-3.80E-09
-7.25,14.25,0,4.03E-09
-7.25,13.75,0,-2.79E-08
-7.25,13.25,0,1.36E-08
-7.25,12.75,0,-1.08E-07
-7.25,12.25,0,6.51E-07
-7.25,11.75,0,-1.21E-06
-7.25,11.25,0,2.70E-06
-7.25,10.75,0,-5.40E-06
-7.25,10.25,0,3.69E-06
-7.25,9.75,0,3.70E-05
-7.25,9.25,0,-5.92E-05
-7.25,8.75,0,-1.09E-04
-7.25,8.25,0,9.48E-04
-7.25,7.75,0,-3.76E-03
-7.25,7.25,0,1.81E-02
-7.25,6.75,0,-1.63E-02
-7.25,6.25,0,9.29E-03
-7.25,5.75,0,1.69E-02
-7.25,5.25,0,6.52E-03
-7.25,4.75,0,-1.83E-02
-7.25,4.25,0,-1.26E-02
-7.25,3.75,0,2.45E-02
-7.25,3.25,0,-1.59E-02
-7.25,2.75,0,1.82E-02
-7.25,2.25,0,0.00105142
-7.25,1.75,0,0.005834241
-7.25,1.25,0,0.005668307
-7.25,0.75,0,-0.007869866
-7.25,0.25,0,0.007234227
-7.25,-0.25,0,9.70E-03
-7.25,-0.75,0,0.017564857
-7.25,-1.25,0,0.008905125
-7.25,-1.75,0,-0.007845275
-7.25,-2.25,0,8.47E-03
-7.25,-2.75,0,-1.66E-02
-7.25,-3.25,0,6.26E-03
-7.25,-3.75,0,-6.76E-03
-7.25,-4.25,0,8.31E-03
-7.25,-4.75,0,5.41E-03
-7.25,-5.25,0,-1.65E-02
-7.25,-5.75,0,1.53E-02
-7.25,-6.25,0,8.23E-03
-7.25,-6.75,0,-7.62E-03
-7.25,-7.25,0,7.32E-03
-7.25,-7.75,0,2.81E-04
-7.25,-8.25,0,-2.50E-04
-7.25,-8.75,0,7.74E-05
-7.25,-9.25,0,2.34E-06
-7.25,-9.75,0,1.99E-06
-7.25,-10.25,0,5.51E-06
-7.25,-10.75,0,-3.32E-07
-7.25,-11.25,0,2.72E-06
-7.25,-11.75,0,-3.98E-07
-7.25,-12.25,0,1.47E-07
-7.25,-12.75,0,4.16E-07
-7.25,-13.25,0,-2.95E-07
-7.25,-13.75,0,1.12E-07
-7.25,-14.25,0,-2.83E-08
-7.25,-14.75,0,1.75E-09
-6.75,14.75,0,2.33E-08
-6.75,14.25,0,-4.44E-08
-6.75,13.75,0,6.37E-08
-6.75,13.25,0,-1.55E-09
-6.75,12.75,0,-1.10E-07
-6.75,12.25,0,-1.30E-07
-6.75,11.75,0,2.23E-07
-6.75,11.25,0,2.14E-06
-6.75,10.75,0,-3.12E-06
-6.75,10.25,0,7.29E-06
-6.75,9.75,0,-2.42E-05
-6.75,9.25,0,6.14E-05
-6.75,8.75,0,2.55E-04
-6.75,8.25,0,6.85E-05
-6.75,7.75,0,3.98E-03
-6.75,7.25,0,-1.13E-02
-6.75,6.75,0,3.92E-01
-6.75,6.25,0,3.70E-01
-6.75,5.75,0,3.50E-01
-6.75,5.25,0,3.77E-01
-6.75,4.75,0,4.49E-01
-6.75,4.25,0,3.80E-01
-6.75,3.75,0,3.64E-01
-6.75,3.25,0,3.94E-01
-6.75,2.75,0,3.45E-01
-6.75,2.25,0,0.396884182
-6.75,1.75,0,3.88E-01
-6.75,1.25,0,3.69E-01
-6.75,0.75,0,0.396573004
-6.75,0.25,0,0.373010932
-6.75,-0.25,0,3.67E-01
-6.75,-0.75,0,0.379945187
-6.75,-1.25,0,0.372607513
-6.75,-1.75,0,0.393224605
-6.75,-2.25,0,0.359369146
-6.75,-2.75,0,0.412987349
-6.75,-3.25,0,3.82E-01
-6.75,-3.75,0,3.82E-01
-6.75,-4.25,0,3.89E-01
-6.75,-4.75,0,3.67E-01
-6.75,-5.25,0,4.26E-01
-6.75,-5.75,0,3.39E-01
-6.75,-6.25,0,3.85E-01
-6.75,-6.75,0,3.85E-01
-6.75,-7.25,0,7.27E-03
-6.75,-7.75,0,-2.48E-04
-6.75,-8.25,0,2.08E-04
-6.75,-8.75,0,1.90E-05
-6.75,-9.25,0,-2.64E-06
-6.75,-9.75,0,-1.59E-05
-6.75,-10.25,0,1.35E-05
-6.75,-10.75,0,-5.90E-06
-6.75,-11.25,0,3.37E-06
-6.75,-11.75,0,1.09E-06
-6.75,-12.25,0,-8.71E-07
-6.75,-12.75,0,6.11E-07
-6.75,-13.25,0,-2.31E-07
-6.75,-13.75,0,1.52E-07
-6.75,-14.25,0,-8.95E-08
-6.75,-14.75,0,4.04E-08
-6.25,14.75,0,-1.73E-08
-6.25,14.25,0,-2.09E-08
-6.25,13.75,0,1.73E-07
-6.25,13.25,0,-2.18E-07
-6.25,12.75,0,2.57E-07
-6.25,12.25,0,-6.07E-07
-6.25,11.75,0,1.04E-06
-6.25,11.25,0,-8.53E-07
-6.25,10.75,0,8.53E-06
-6.25,10.25,0,-4.12E-06
-6.25,9.75,0,1.84E-05
-6.25,9.25,0,-8.46E-05
-6.25,8.75,0,5.58E-05
-6.25,8.25,0,1.24E-04
-6.25,7.75,0,2.59E-03
-6.25,7.25,0,4.78E-03
-6.25,6.75,0,3.90E-01
-6.25,6.25,0,3.67E-01
-6.25,5.75,0,4.41E-01
-6.25,5.25,0,3.63E-01
-6.25,4.75,0,3.60E-01
-6.25,4.25,0,3.93E-01
-6.25,3.75,0,3.89E-01
-6.25,3.25,0,3.75E-01
-6.25,2.75,0,4.01E-01
-6.25,2.25,0,3.62E-01
-6.25,1.75,0,0.398758131
-6.25,1.25,0,0.387131726
-6.25,0.75,0,0.367586682
-6.25,0.25,0,0.397525769
-6.25,-0.25,0,3.82E-01
-6.25,-0.75,0,0.391908216
-6.25,-1.25,0,0.41056838
-6.25,-1.75,0,3.82E-01
-6.25,-2.25,0,0.396351177
-6.25,-2.75,0,0.377074915
-6.25,-3.25,0,3.86E-01
-6.25,-3.75,0,3.92E-01
-6.25,-4.25,0,3.87E-01
-6.25,-4.75,0,3.88E-01
-6.25,-5.25,0,3.68E-01
-6.25,-5.75,0,3.98E-01
-6.25,-6.25,0,3.78E-01
-6.25,-6.75,0,3.67E-01
-6.25,-7.25,0,1.64E-02
-6.25,-7.75,0,-1.24E-03
-6.25,-8.25,0,6.78E-04
-6.25,-8.75,0,2.66E-04
-6.25,-9.25,0,1.75E-05
-6.25,-9.75,0,-2.59E-05
-6.25,-10.25,0,8.20E-06
-6.25,-10.75,0,-9.63E-06
-6.25,-11.25,0,3.41E-06
-6.25,-11.75,0,-1.09E-06
-6.25,-12.25,0,1.21E-06
-6.25,-12.75,0,-4.64E-07
-6.25,-13.25,0,2.47E-08
-6.25,-13.75,0,9.73E-08
-6.25,-14.25,0,-1.39E-08
-6.25,-14.75,0,5.68E-09
-5.75,14.75,0,3.94E-08
-5.75,14.25,0,-8.48E-08
-5.75,13.75,0,9.93E-08
-5.75,13.25,0,-1.43E-07
-5.75,12.75,0,3.91E-07
-5.75,12.25,0,-8.17E-07
-5.75,11.75,0,4.38E-07
-5.75,11.25,0,-9.48E-07
-5.75,10.75,0,4.82E-06
-5.75,10.25,0,-2.02E-05
-5.75,9.75,0,2.17E-05
-5.75,9.25,0,-1.29E-05
-5.75,8.75,0,2.90E-04
-5.75,8.25,0,-5.78E-05
-5.75,7.75,0,3.67E-03
-5.75,7.25,0,8.66E-04
-5.75,6.75,0,3.86E-01
-5.75,6.25,0,3.91E-01
-5.75,5.75,0,3.66E-01
-5.75,5.25,0,3.90E-01
-5.75,4.75,0,4.06E-01
-5.75,4.25,0,3.96E-01
-5.75,3.75,0,4.08E-01
-5.75,3.25,0,3.91E-01
-5.75,2.75,0,3.81E-01
-5.75,2.25,0,3.88E-01
-5.75,1.75,0,0.396743939
-5.75,1.25,0,3.91E-01
-5.75,0.75,0,0.399421623
-5.75,0.25,0,0.378196855
-5.75,-0.25,0,4.04E-01
-5.75,-0.75,0,0.40324191
-5.75,-1.25,0,0.368552918
-5.75,-1.75,0,0.398638889
-5.75,-2.25,0,0.373295851
-5.75,-2.75,0,4.00E-01
-5.75,-3.25,0,3.82E-01
-5.75,-3.75,0,4.15E-01
-5.75,-4.25,0,3.65E-01
-5.75,-4.75,0,4.02E-01
-5.75,-5.25,0,3.94E-01
-5.75,-5.75,0,4.13E-01
-5.75,-6.25,0,3.63E-01
-5.75,-6.75,0,4.07E-01
-5.75,-7.25,0,1.07E-04
-5.75,-7.75,0,2.35E-03
-5.75,-8.25,0,-3.13E-04
-5.75,-8.75,0,2.49E-04
-5.75,-9.25,0,-7.25E-05
-5.75,-9.75,0,2.33E-05
-5.75,-10.25,0,-7.02E-06
-5.75,-10.75,0,8.78E-07
-5.75,-11.25,0,-1.31E-06
-5.75,-11.75,0,2.37E-07
-5.75,-12.25,0,5.50E-07
-5.75,-12.75,0,7.46E-08
-5.75,-13.25,0,-3.17E-07
-5.75,-13.75,0,1.56E-07
-5.75,-14.25,0,-1.31E-07
-5.75,-14.75,0,4.18E-08
-5.25,14.75,0,2.51E-08
-5.25,14.25,0,-2.94E-08
-5.25,13.75,0,-2.54E-08
-5.25,13.25,0,2.10E-07
-5.25,12.75,0,-2.76E-07
-5.25,12.25,0,-7.12E-07
-5.25,11.75,0,3.09E-07
-5.25,11.25,0,1.98E-06
-5.25,10.75,0,-5.15E-06
-5.25,10.25,0,1.47E-05
-5.25,9.75,0,2.50E-05
-5.25,9.25,0,2.08E-05
-5.25,8.75,0,8.80E-06
-5.25,8.25,0,2.93E-04
-5.25,7.75,0,5.68E-03
-5.25,7.25,0,-5.79E-03
-5.25,6.75,0,3.75E-01
-5.25,6.25,0,4.13E-01
-5.25,5.75,0,3.78E-01
-5.25,5.25,0,3.77E-01
-5.25,4.75,0,3.81E-01
-5.25,4.25,0,4.10E-01
-5.25,3.75,0,3.72E-01
-5.25,3.25,0,4.09E-01
-5.25,2.75,0,3.90E-01
-5.25,2.25,0,0.395040945
-5.25,1.75,0,4.05E-01
-5.25,1.25,0,0.3841974
-5.25,0.75,0,0.392776863
-5.25,0.25,0,0.39241617
-5.25,-0.25,0,4.00E-01
-5.25,-0.75,0,0.394863378
-5.25,-1.25,0,0.390940993
-5.25,-1.75,0,4.05E-01
-5.25,-2.25,0,0.354029901
-5.25,-2.75,0,4.12E-01
-5.25,-3.25,0,3.59E-01
-5.25,-3.75,0,4.16E-01
-5.25,-4.25,0,3.68E-01
-5.25,-4.75,0,3.94E-01
-5.25,-5.25,0,3.81E-01
-5.25,-5.75,0,3.92E-01
-5.25,-6.25,0,3.89E-01
-5.25,-6.75,0,3.83E-01
-5.25,-7.25,0,-3.79E-03
-5.25,-7.75,0,4.11E-03
-5.25,-8.25,0,6.30E-04
-5.25,-8.75,0,8.31E-05
-5.25,-9.25,0,5.19E-05
-5.25,-9.75,0,-3.17E-05
-5.25,-10.25,0,-1.02E-05
-5.25,-10.75,0,2.46E-06
-5.25,-11.25,0,1.69E-06
-5.25,-11.75,0,-1.88E-06
-5.25,-12.25,0,2.71E-08
-5.25,-12.75,0,3.31E-07
-5.25,-13.25,0,7.04E-08
-5.25,-13.75,0,2.17E-08
-5.25,-14.25,0,-1.50E-08
-5.25,-14.75,0,4.74E-08
-4.75,14.75,0,1.28E-08
-4.75,14.25,0,1.25E-08
-4.75,13.75,0,7.05E-08
-4.75,13.25,0,-3.35E-07
-4.75,12.75,0,3.50E-07
-4.75,12.25,0,6.25E-07
-4.75,11.75,0,3.38E-06
-4.75,11.25,0,3.60E-07
-4.75,10.75,0,-1.23E-05
-4.75,10.25,0,4.31E-05
-4.75,9.75,0,-2.42E-05
-4.75,9.25,0,-8.66E-06
-4.75,8.75,0,1.37E-04
-4.75,8.25,0,1.06E-04
-4.75,7.75,0,3.89E-03
-4.75,7.25,0,5.86E-03
-4.75,6.75,0,3.87E-01
-4.75,6.25,0,3.56E-01
-4.75,5.75,0,4.16E-01
-4.75,5.25,0,3.92E-01
-4.75,4.75,0,5.74E-01
-4.75,4.25,0,5.87E-01
-4.75,3.75,0,5.69E-01
-4.75,3.25,0,5.84E-01
-4.75,2.75,0,5.61E-01
-4.75,2.25,0,5.86E-01
-4.75,1.75,0,0.569410341
-4.75,1.25,0,0.58035214
-4.75,0.75,0,0.573487621
-4.75,0.25,0,0.588302129
-4.75,-0.25,0,5.27E-01
-4.75,-0.75,0,0.605437029
-4.75,-1.25,0,0.578613406
-4.75,-1.75,0,5.55E-01
-4.75,-2.25,0,0.591340208
-4.75,-2.75,0,0.582424964
-4.75,-3.25,0,5.99E-01
-4.75,-3.75,0,5.50E-01
-4.75,-4.25,0,5.90E-01
-4.75,-4.75,0,5.99E-01
-4.75,-5.25,0,4.21E-01
-4.75,-5.75,0,3.92E-01
-4.75,-6.25,0,3.58E-01
-4.75,-6.75,0,3.88E-01
-4.75,-7.25,0,1.88E-02
-4.75,-7.75,0,-2.60E-03
-4.75,-8.25,0,6.03E-04
-4.75,-8.75,0,1.25E-04
-4.75,-9.25,0,1.84E-04
-4.75,-9.75,0,-4.31E-05
-4.75,-10.25,0,9.00E-06
-4.75,-10.75,0,-2.70E-06
-4.75,-11.25,0,-3.52E-06
-4.75,-11.75,0,-1.01E-06
-4.75,-12.25,0,2.07E-06
-4.75,-12.75,0,2.18E-07
-4.75,-13.25,0,-2.21E-07
-4.75,-13.75,0,6.36E-08
-4.75,-14.25,0,-8.91E-08
-4.75,-14.75,0,7.50E-08
-4.25,14.75,0,5.22E-08
-4.25,14.25,0,-9.23E-08
-4.25,13.75,0,7.20E-08
-4.25,13.25,0,-2.31E-07
-4.25,12.75,0,3.31E-07
-4.25,12.25,0,1.56E-07
-4.25,11.75,0,1.82E-06
-4.25,11.25,0,-1.12E-05
-4.25,10.75,0,4.34E-06
-4.25,10.25,0,-2.90E-05
-4.25,9.75,0,1.55E-04
-4.25,9.25,0,-1.59E-04
-4.25,8.75,0,3.29E-04
-4.25,8.25,0,6.77E-04
-4.25,7.75,0,2.16E-03
-4.25,7.25,0,5.01E-04
-4.25,6.75,0,3.78E-01
-4.25,6.25,0,4.01E-01
-4.25,5.75,0,3.69E-01
-4.25,5.25,0,3.98E-01
-4.25,4.75,0,5.81E-01
-4.25,4.25,0,5.70E-01
-4.25,3.75,0,5.95E-01
-4.25,3.25,0,6.12E-01
-4.25,2.75,0,5.81E-01
-4.25,2.25,0,5.53E-01
-4.25,1.75,0,0.59606776
-4.25,1.25,0,0.548691069
-4.25,0.75,0,0.573620384
-4.25,0.25,0,0.58017894
-4.25,-0.25,0,6.12E-01
-4.25,-0.75,0,0.55621567
-4.25,-1.25,0,0.560682776
-4.25,-1.75,0,0.630296694
-4.25,-2.25,0,0.60005347
-4.25,-2.75,0,5.76E-01
-4.25,-3.25,0,5.78E-01
-4.25,-3.75,0,6.07E-01
-4.25,-4.25,0,5.77E-01
-4.25,-4.75,0,5.69E-01
-4.25,-5.25,0,3.63E-01
-4.25,-5.75,0,3.80E-01
-4.25,-6.25,0,4.03E-01
-4.25,-6.75,0,3.93E-01
-4.25,-7.25,0,-1.52E-02
-4.25,-7.75,0,7.94E-03
-4.25,-8.25,0,-4.03E-04
-4.25,-8.75,0,4.99E-05
-4.25,-9.25,0,7.18E-05
-4.25,-9.75,0,1.12E-05
-4.25,-10.25,0,-8.61E-06
-4.25,-10.75,0,2.29E-05
-4.25,-11.25,0,-2.22E-06
-4.25,-11.75,0,-2.76E-06
-4.25,-12.25,0,2.18E-06
-4.25,-12.75,0,2.13E-07
-4.25,-13.25,0,-4.22E-07
-4.25,-13.75,0,1.52E-07
-4.25,-14.25,0,-9.67E-08
-4.25,-14.75,0,1.86E-08
-3.75,14.75,0,3.93E-09
-3.75,14.25,0,2.35E-09
-3.75,13.75,0,5.93E-08
-3.75,13.25,0,-3.93E-07
-3.75,12.75,0,8.81E-07
-3.75,12.25,0,-1.11E-06
-3.75,11.75,0,4.79E-06
-3.75,11.25,0,-5.81E-07
-3.75,10.75,0,3.57E-06
-3.75,10.25,0,-2.66E-05
-3.75,9.75,0,5.22E-05
-3.75,9.25,0,-5.63E-05
-3.75,8.75,0,1.60E-04
-3.75,8.25,0,-7.83E-05
-3.75,7.75,0,4.24E-03
-3.75,7.25,0,6.42E-03
-3.75,6.75,0,3.83E-01
-3.75,6.25,0,3.85E-01
-3.75,5.75,0,4.05E-01
-3.75,5.25,0,3.65E-01
-3.75,4.75,0,5.95E-01
-3.75,4.25,0,5.77E-01
-3.75,3.75,0,5.75E-01
-3.75,3.25,0,5.81E-01
-3.75,2.75,0,5.52E-01
-3.75,2.25,0,0.63110109
-3.75,1.75,0,0.556831784
-3.75,1.25,0,0.626541759
-3.75,0.75,0,0.613559765
-3.75,0.25,0,0.534265209
-3.75,-0.25,0,6.02E-01
-3.75,-0.75,0,0.56073403
-3.75,-1.25,0,0.615190015
-3.75,-1.75,0,0.530908413
-3.75,-2.25,0,0.55147173
-3.75,-2.75,0,0.609509407
-3.75,-3.25,0,0.534001164
-3.75,-3.75,0,5.98E-01
-3.75,-4.25,0,5.74E-01
-3.75,-4.75,0,6.04E-01
-3.75,-5.25,0,4.28E-01
-3.75,-5.75,0,3.72E-01
-3.75,-6.25,0,3.93E-01
-3.75,-6.75,0,3.77E-01
-3.75,-7.25,0,2.86E-03
-3.75,-7.75,0,4.10E-03
-3.75,-8.25,0,-8.44E-04
-3.75,-8.75,0,5.88E-04
-3.75,-9.25,0,-8.16E-05
-3.75,-9.75,0,7.11E-05
-3.75,-10.25,0,-5.66E-06
-3.75,-10.75,0,-5.78E-06
-3.75,-11.25,0,1.09E-05
-3.75,-11.75,0,-4.14E-06
-3.75,-12.25,0,-1.49E-07
-3.75,-12.75,0,8.65E-07
-3.75,-13.25,0,-5.54E-07
-3.75,-13.75,0,1.49E-07
-3.75,-14.25,0,1.29E-09
-3.75,-14.75,0,-3.14E-08
-3.25,14.75,0,-5.28E-08
-3.25,14.25,0,-1.12E-08
-3.25,13.75,0,2.30E-08
-3.25,13.25,0,-5.15E-08
-3.25,12.75,0,1.29E-07
-3.25,12.25,0,-2.43E-08
-3.25,11.75,0,-6.84E-07
-3.25,11.25,0,-7.17E-07
-3.25,10.75,0,4.19E-06
-3.25,10.25,0,3.18E-05
-3.25,9.75,0,-3.71E-05
-3.25,9.25,0,5.07E-05
-3.25,8.75,0,2.69E-04
-3.25,8.25,0,-1.83E-04
-3.25,7.75,0,4.80E-03
-3.25,7.25,0,-1.08E-02
-3.25,6.75,0,4.09E-01
-3.25,6.25,0,3.64E-01
-3.25,5.75,0,3.84E-01
-3.25,5.25,0,3.88E-01
-3.25,4.75,0,5.95E-01
-3.25,4.25,0,5.81E-01
-3.25,3.75,0,5.79E-01
-3.25,3.25,0,5.44E-01
-3.25,2.75,0,6.28E-01
-3.25,2.25,0,5.46E-01
-3.25,1.75,0,0.587983815
-3.25,1.25,0,0.57138044
-3.25,0.75,0,0.662389882
-3.25,0.25,0,0.567680748
-3.25,-0.25,0,6.05E-01
-3.25,-0.75,0,0.571936268
-3.25,-1.25,0,0.599391956
-3.25,-1.75,0,0.631110874
-3.25,-2.25,0,0.569593333
-3.25,-2.75,0,0.594429256
-3.25,-3.25,0,5.70E-01
-3.25,-3.75,0,5.73E-01
-3.25,-4.25,0,5.80E-01
-3.25,-4.75,0,5.46E-01
-3.25,-5.25,0,3.83E-01
-3.25,-5.75,0,4.04E-01
-3.25,-6.25,0,3.66E-01
-3.25,-6.75,0,4.03E-01
-3.25,-7.25,0,-5.47E-03
-3.25,-7.75,0,5.90E-03
-3.25,-8.25,0,-4.37E-07
-3.25,-8.75,0,3.77E-05
-3.25,-9.25,0,-2.52E-05
-3.25,-9.75,0,1.11E-05
-3.25,-10.25,0,-3.46E-06
-3.25,-10.75,0,1.54E-05
-3.25,-11.25,0,-2.90E-06
-3.25,-11.75,0,3.05E-06
-3.25,-12.25,0,-1.88E-06
-3.25,-12.75,0,6.20E-07
-3.25,-13.25,0,-9.72E-08
-3.25,-13.75,0,1.34E-07
-3.25,-14.25,0,-9.23E-08
-3.25,-14.75,0,2.63E-10
-2.75,14.75,0,5.87E-08
-2.75,14.25,0,-1.27E-07
-2.75,13.75,0,7.89E-08
-2.75,13.25,0,5.35E-08
-2.75,12.75,0,-1.66E-07
-2.75,12.25,0,-5.70E-07
-2.75,11.75,0,-2.64E-06
-2.75,11.25,0,7.31E-06
-2.75,10.75,0,-8.44E-06
-2.75,10.25,0,9.95E-06
-2.75,9.75,0,-8.45E-06
-2.75,9.25,0,-7.43E-05
-2.75,8.75,0,3.12E-04
-2.75,8.25,0,6.20E-04
-2.75,7.75,0,-1.77E-03
-2.75,7.25,0,2.68E-02
-2.75,6.75,0,3.57E-01
-2.75,6.25,0,4.08E-01
-2.75,5.75,0,4.04E-01
-2.75,5.25,0,3.67E-01
-2.75,4.75,0,5.79E-01
-2.75,4.25,0,5.82E-01
-2.75,3.75,0,6.08E-01
-2.75,3.25,0,6.08E-01
-2.75,2.75,0,7.58E-01
-2.75,2.25,0,8.33E-01
-2.75,1.75,0,0.78451445
-2.75,1.25,0,0.707373959
-2.75,0.75,0,0.777380684
-2.75,0.25,0,0.764822454
-2.75,-0.25,0,8.09E-01
-2.75,-0.75,0,0.798747725
-2.75,-1.25,0,0.733950371
-2.75,-1.75,0,0.782752229
-2.75,-2.25,0,0.777868466
-2.75,-2.75,0,0.767957507
-2.75,-3.25,0,0.584689333
-2.75,-3.75,0,5.95E-01
-2.75,-4.25,0,6.07E-01
-2.75,-4.75,0,5.90E-01
-2.75,-5.25,0,4.32E-01
-2.75,-5.75,0,3.67E-01
-2.75,-6.25,0,3.86E-01
-2.75,-6.75,0,3.89E-01
-2.75,-7.25,0,2.81E-03
-2.75,-7.75,0,2.90E-03
-2.75,-8.25,0,1.22E-04
-2.75,-8.75,0,2.34E-04
-2.75,-9.25,0,-2.14E-05
-2.75,-9.75,0,7.97E-05
-2.75,-10.25,0,-1.43E-05
-2.75,-10.75,0,-3.54E-06
-2.75,-11.25,0,7.51E-06
-2.75,-11.75,0,-2.74E-06
-2.75,-12.25,0,-1.08E-06
-2.75,-12.75,0,1.44E-06
-2.75,-13.25,0,-4.04E-07
-2.75,-13.75,0,9.83E-08
-2.75,-14.25,0,-1.12E-07
-2.75,-14.75,0,6.12E-08
-2.25,14.75,0,8.61E-09
-2.25,14.25,0,-2.51E-08
-2.25,13.75,0,1.00E-07
-2.25,13.25,0,-2.97E-08
-2.25,12.75,0,1.44E-08
-2.25,12.25,0,-4.44E-07
-2.25,11.75,0,2.23E-06
-2.25,11.25,0,-2.83E-06
-2.25,10.75,0,1.21E-05
-2.25,10.25,0,-1.36E-05
-2.25,9.75,0,-1.04E-05
-2.25,9.25,0,3.86E-05
-2.25,8.75,0,7.44E-05
-2.25,8.25,0,3.35E-04
-2.25,7.75,0,-7.69E-04
-2.25,7.25,0,1.98E-03
-2.25,6.75,0,4.01E-01
-2.25,6.25,0,3.60E-01
-2.25,5.75,0,4.02E-01
-2.25,5.25,0,3.71E-01
-2.25,4.75,0,5.85E-01
-2.25,4.25,0,5.50E-01
-2.25,3.75,0,5.80E-01
-2.25,3.25,0,5.57E-01
-2.25,2.75,0,8.04E-01
-2.25,2.25,0,7.39E-01
-2.25,1.75,0,0.806976222
-2.25,1.25,0,0.779831947
-2.25,0.75,0,0.745960072
-2.25,0.25,0,0.795925967
-2.25,-0.25,0,7.24E-01
-2.25,-0.75,0,0.726928554
-2.25,-1.25,0,0.782651975
-2.25,-1.75,0,7.90E-01
-2.25,-2.25,0,8.16E-01
-2.25,-2.75,0,7.68E-01
-2.25,-3.25,0,5.86E-01
-2.25,-3.75,0,5.56E-01
-2.25,-4.25,0,5.63E-01
-2.25,-4.75,0,5.46E-01
-2.25,-5.25,0,3.78E-01
-2.25,-5.75,0,3.79E-01
-2.25,-6.25,0,3.90E-01
-2.25,-6.75,0,3.72E-01
-2.25,-7.25,0,7.40E-03
-2.25,-7.75,0,1.34E-03
-2.25,-8.25,0,4.88E-04
-2.25,-8.75,0,1.11E-04
-2.25,-9.25,0,-2.34E-05
-2.25,-9.75,0,-3.06E-05
-2.25,-10.25,0,2.74E-05
-2.25,-10.75,0,-1.13E-05
-2.25,-11.25,0,-2.74E-07
-2.25,-11.75,0,2.18E-06
-2.25,-12.25,0,1.63E-07
-2.25,-12.75,0,1.41E-07
-2.25,-13.25,0,-3.64E-07
-2.25,-13.75,0,1.90E-07
-2.25,-14.25,0,-6.26E-08
-2.25,-14.75,0,2.30E-08
-1.75,14.75,0,2.34E-08
-1.75,14.25,0,-7.68E-08
-1.75,13.75,0,1.32E-07
-1.75,13.25,0,-1.17E-07
-1.75,12.75,0,-4.76E-07
-1.75,12.25,0,1.69E-06
-1.75,11.75,0,-2.76E-06
-1.75,11.25,0,8.94E-06
-1.75,10.75,0,-1.29E-05
-1.75,10.25,0,-1.04E-05
-1.75,9.75,0,1.75E-05
-1.75,9.25,0,7.65E-05
-1.75,8.75,0,-1.19E-04
-1.75,8.25,0,1.27E-03
-1.75,7.75,0,2.22E-03
-1.75,7.25,0,-1.99E-04
-1.75,6.75,0,3.78E-01
-1.75,6.25,0,3.98E-01
-1.75,5.75,0,3.95E-01
-1.75,5.25,0,4.09E-01
-1.75,4.75,0,5.37E-01
-1.75,4.25,0,6.30E-01
-1.75,3.75,0,5.83E-01
-1.75,3.25,0,5.48E-01
-1.75,2.75,0,7.75E-01
-1.75,2.25,0,8.05E-01
-1.75,1.75,0,0.711967769
-1.75,1.25,0,0.848353314
-1.75,0.75,0,0.714409541
-1.75,0.25,0,0.863041233
-1.75,-0.25,0,7.58E-01
-1.75,-0.75,0,0.83321861
-1.75,-1.25,0,0.745137628
-1.75,-1.75,0,0.808336634
-1.75,-2.25,0,0.745415059
-1.75,-2.75,0,0.781887258
-1.75,-3.25,0,5.41E-01
-1.75,-3.75,0,6.14E-01
-1.75,-4.25,0,5.93E-01
-1.75,-4.75,0,6.35E-01
-1.75,-5.25,0,3.91E-01
-1.75,-5.75,0,3.82E-01
-1.75,-6.25,0,3.81E-01
-1.75,-6.75,0,4.06E-01
-1.75,-7.25,0,-1.44E-02
-1.75,-7.75,0,8.53E-03
-1.75,-8.25,0,-1.20E-03
-1.75,-8.75,0,8.47E-04
-1.75,-9.25,0,-4.86E-05
-1.75,-9.75,0,3.72E-05
-1.75,-10.25,0,-1.27E-06
-1.75,-10.75,0,-1.08E-05
-1.75,-11.25,0,2.96E-06
-1.75,-11.75,0,2.48E-07
-1.75,-12.25,0,1.17E-06
-1.75,-12.75,0,-5.76E-07
-1.75,-13.25,0,2.21E-08
-1.75,-13.75,0,3.23E-08
-1.75,-14.25,0,-4.99E-08
-1.75,-14.75,0,3.56E-08
-1.25,14.75,0,2.27E-08
-1.25,14.25,0,-4.26E-08
-1.25,13.75,0,4.30E-09
-1.25,13.25,0,1.08E-07
-1.25,12.75,0,-5.01E-07
-1.25,12.25,0,1.99E-07
-1.25,11.75,0,4.55E-07
-1.25,11.25,0,-1.85E-07
-1.25,10.75,0,-5.42E-06
-1.25,10.25,0,2.52E-05
-1.25,9.75,0,-4.40E-05
-1.25,9.25,0,2.80E-05
-1.25,8.75,0,1.07E-04
-1.25,8.25,0,-7.79E-05
-1.25,7.75,0,3.28E-03
-1.25,7.25,0,6.12E-03
-1.25,6.75,0,3.91E-01
-1.25,6.25,0,3.84E-01
-1.25,5.75,0,3.95E-01
-1.25,5.25,0,3.55E-01
-1.25,4.75,0,6.40E-01
-1.25,4.25,0,5.59E-01
-1.25,3.75,0,5.68E-01
-1.25,3.25,0,6.36E-01
-1.25,2.75,0,7.72E-01
-1.25,2.25,0,7.51E-01
-1.25,1.75,0,0.848141527
-1.25,1.25,0,0.750416835
-1.25,0.75,0,0.785829871
-1.25,0.25,0,0.692624324
-1.25,-0.25,0,7.93E-01
-1.25,-0.75,0,0.763207043
-1.25,-1.25,0,0.757726769
-1.25,-1.75,0,7.85E-01
-1.25,-2.25,0,7.68E-01
-1.25,-2.75,0,0.742583969
-1.25,-3.25,0,6.29E-01
-1.25,-3.75,0,5.59E-01
-1.25,-4.25,0,5.51E-01
-1.25,-4.75,0,5.62E-01
-1.25,-5.25,0,3.91E-01
-1.25,-5.75,0,3.93E-01
-1.25,-6.25,0,3.83E-01
-1.25,-6.75,0,3.76E-01
-1.25,-7.25,0,7.21E-03
-1.25,-7.75,0,1.64E-03
-1.25,-8.25,0,1.27E-03
-1.25,-8.75,0,-4.61E-04
-1.25,-9.25,0,6.82E-05
-1.25,-9.75,0,-2.16E-06
-1.25,-10.25,0,6.91E-06
-1.25,-10.75,0,-1.68E-06
-1.25,-11.25,0,3.48E-06
-1.25,-11.75,0,-1.06E-06
-1.25,-12.25,0,1.24E-06
-1.25,-12.75,0,-8.40E-07
-1.25,-13.25,0,-2.29E-08
-1.25,-13.75,0,1.90E-07
-1.25,-14.25,0,-9.34E-08
-1.25,-14.75,0,3.73E-08
-0.75,14.75,0,2.92E-08
-0.75,14.25,0,-1.27E-07
-0.75,13.75,0,3.02E-07
-0.75,13.25,0,-4.22E-07
-0.75,12.75,0,-2.41E-07
-0.75,12.25,0,6.72E-07
-0.75,11.75,0,4.07E-07
-0.75,11.25,0,5.18E-06
-0.75,10.75,0,-1.35E-05
-0.75,10.25,0,1.60E-07
-0.75,9.75,0,4.79E-05
-0.75,9.25,0,-1.64E-07
-0.75,8.75,0,3.18E-04
-0.75,8.25,0,7.69E-04
-0.75,7.75,0,4.56E-03
-0.75,7.25,0,-4.70E-03
-0.75,6.75,0,3.64E-01
-0.75,6.25,0,3.83E-01
-0.75,5.75,0,4.04E-01
-0.75,5.25,0,3.93E-01
-0.75,4.75,0,5.76E-01
-0.75,4.25,0,5.89E-01
-0.75,3.75,0,5.95E-01
-0.75,3.25,0,6.01E-01
-0.75,2.75,0,7.63E-01
-0.75,2.25,0,7.75E-01
-0.75,1.75,0,0.740943742
-0.75,1.25,0,0.74475832
-0.75,0.75,0,1.025630598
-0.75,0.25,0,0.970147277
-0.75,-0.25,0,9.84E-01
-0.75,-0.75,0,0.978884395
-0.75,-1.25,0,0.812571357
-0.75,-1.75,0,0.787224168
-0.75,-2.25,0,0.772209469
-0.75,-2.75,0,0.787112551
-0.75,-3.25,0,5.60E-01
-0.75,-3.75,0,6.13E-01
-0.75,-4.25,0,5.69E-01
-0.75,-4.75,0,5.86E-01
-0.75,-5.25,0,4.02E-01
-0.75,-5.75,0,3.73E-01
-0.75,-6.25,0,3.91E-01
-0.75,-6.75,0,3.78E-01
-0.75,-7.25,0,1.65E-02
-0.75,-7.75,0,-5.25E-04
-0.75,-8.25,0,1.34E-04
-0.75,-8.75,0,2.17E-04
-0.75,-9.25,0,-1.05E-04
-0.75,-9.75,0,6.67E-05
-0.75,-10.25,0,1.27E-05
-0.75,-10.75,0,-2.64E-05
-0.75,-11.25,0,9.50E-06
-0.75,-11.75,0,1.66E-07
-0.75,-12.25,0,4.28E-07
-0.75,-12.75,0,1.53E-07
-0.75,-13.25,0,-1.65E-07
-0.75,-13.75,0,1.16E-07
-0.75,-14.25,0,-1.29E-07
-0.75,-14.75,0,4.10E-08
-0.25,14.75,0,5.12E-08
-0.25,14.25,0,-6.82E-08
-0.25,13.75,0,8.35E-08
-0.25,13.25,0,-3.59E-07
-0.25,12.75,0,7.72E-07
-0.25,12.25,0,-6.91E-07
-0.25,11.75,0,-1.58E-08
-0.25,11.25,0,9.43E-07
-0.25,10.75,0,-1.51E-06
-0.25,10.25,0,1.34E-05
-0.25,9.75,0,-7.97E-06
-0.25,9.25,0,-1.52E-05
-0.25,8.75,0,7.95E-05
-0.25,8.25,0,5.03E-05
-0.25,7.75,0,-2.39E-03
-0.25,7.25,0,1.35E-02
-0.25,6.75,0,4.00E-01
-0.25,6.25,0,3.93E-01
-0.25,5.75,0,3.74E-01
-0.25,5.25,0,4.07E-01
-0.25,4.75,0,5.67E-01
-0.25,4.25,0,5.74E-01
-0.25,3.75,0,5.71E-01
-0.25,3.25,0,6.27E-01
-0.25,2.75,0,7.67E-01
-0.25,2.25,0,7.86E-01
-0.25,1.75,0,0.759030973
-0.25,1.25,0,0.847789915
-0.25,0.75,0,0.88311766
-0.25,0.25,0,0.987946763
-0.25,-0.25,0,9.75E-01
-0.25,-0.75,0,0.962063717
-0.25,-1.25,0,0.750877666
-0.25,-1.75,0,0.785682566
-0.25,-2.25,0,7.83E-01
-0.25,-2.75,0,0.738883387
-0.25,-3.25,0,5.84E-01
-0.25,-3.75,0,5.73E-01
-0.25,-4.25,0,6.24E-01
-0.25,-4.75,0,5.90E-01
-0.25,-5.25,0,3.92E-01
-0.25,-5.75,0,3.77E-01
-0.25,-6.25,0,3.89E-01
-0.25,-6.75,0,4.01E-01
-0.25,-7.25,0,-1.22E-02
-0.25,-7.75,0,6.14E-03
-0.25,-8.25,0,-3.67E-04
-0.25,-8.75,0,-6.07E-06
-0.25,-9.25,0,2.26E-04
-0.25,-9.75,0,-3.07E-05
-0.25,-10.25,0,3.81E-07
-0.25,-10.75,0,2.57E-06
-0.25,-11.25,0,-2.09E-06
-0.25,-11.75,0,2.54E-09
-0.25,-12.25,0,1.05E-06
-0.25,-12.75,0,-1.57E-06
-0.25,-13.25,0,8.32E-07
-0.25,-13.75,0,4.17E-08
-0.25,-14.25,0,-1.10E-07
-0.25,-14.75,0,5.21E-08
0.25,14.75,0,9.07E-08
0.25,14.25,0,-1.67E-07
0.25,13.75,0,1.77E-07
0.25,13.25,0,-3.74E-07
0.25,12.75,0,8.30E-07
0.25,12.25,0,2.76E-06
0.25,11.75,0,-4.01E-06
0.25,11.25,0,-9.69E-08
0.25,10.75,0,-1.63E-06
0.25,10.25,0,3.89E-06
0.25,9.75,0,-2.23E-05
0.25,9.25,0,1.68E-04
0.25,8.75,0,1.57E-04
0.25,8.25,0,-1.87E-04
0.25,7.75,0,4.55E-03
0.25,7.25,0,8.77E-03
0.25,6.75,0,3.69E-01
0.25,6.25,0,3.67E-01
0.25,5.75,0,4.06E-01
0.25,5.25,0,3.81E-01
0.25,4.75,0,5.96E-01
0.25,4.25,0,5.94E-01
0.25,3.75,0,5.83E-01
0.25,3.25,0,5.66E-01
0.25,2.75,0,7.76E-01
0.25,2.25,0,7.73E-01
0.25,1.75,0,0.759749409
0.25,1.25,0,0.772982403
0.25,0.75,0,1.002291839
0.25,0.25,0,0.94103478
0.25,-0.25,0,9.93E-01
0.25,-0.75,0,0.948092775
0.25,-1.25,0,0.764615462
0.25,-1.75,0,0.795664788
0.25,-2.25,0,0.778585087
0.25,-2.75,0,8.49E-01
0.25,-3.25,0,5.60E-01
0.25,-3.75,0,6.23E-01
0.25,-4.25,0,5.25E-01
0.25,-4.75,0,5.87E-01
0.25,-5.25,0,3.83E-01
0.25,-5.75,0,3.99E-01
0.25,-6.25,0,3.66E-01
0.25,-6.75,0,3.85E-01
0.25,-7.25,0,7.38E-03
0.25,-7.75,0,3.30E-03
0.25,-8.25,0,3.02E-04
0.25,-8.75,0,4.42E-05
0.25,-9.25,0,1.30E-04
0.25,-9.75,0,-3.05E-05
0.25,-10.25,0,9.41E-06
0.25,-10.75,0,-5.97E-06
0.25,-11.25,0,9.29E-06
0.25,-11.75,0,-2.57E-06
0.25,-12.25,0,-7.55E-07
0.25,-12.75,0,-1.08E-06
0.25,-13.25,0,1.06E-06
0.25,-13.75,0,-4.22E-08
0.25,-14.25,0,-9.01E-08
0.25,-14.75,0,5.86E-08
0.75,14.75,0,1.05E-08
0.75,14.25,0,-4.19E-08
0.75,13.75,0,1.33E-07
0.75,13.25,0,-2.57E-07
0.75,12.75,0,1.82E-07
0.75,12.25,0,3.37E-06
0.75,11.75,0,-1.48E-06
0.75,11.25,0,-4.22E-06
0.75,10.75,0,-5.50E-06
0.75,10.25,0,1.57E-05
0.75,9.75,0,1.68E-05
0.75,9.25,0,-5.34E-05
0.75,8.75,0,3.02E-04
0.75,8.25,0,-3.10E-04
0.75,7.75,0,2.32E-03
0.75,7.25,0,-4.82E-03
0.75,6.75,0,4.06E-01
0.75,6.25,0,3.91E-01
0.75,5.75,0,3.74E-01
0.75,5.25,0,4.12E-01
0.75,4.75,0,5.42E-01
0.75,4.25,0,6.24E-01
0.75,3.75,0,5.68E-01
0.75,3.25,0,5.91E-01
0.75,2.75,0,7.83E-01
0.75,2.25,0,7.62E-01
0.75,1.75,0,0.81537328
0.75,1.25,0,0.758451945
0.75,0.75,0,0.930906896
0.75,0.25,0,0.961517314
0.75,-0.25,0,9.93E-01
0.75,-0.75,0,0.971224172
0.75,-1.25,0,0.79404833
0.75,-1.75,0,0.783173221
0.75,-2.25,0,0.716969487
0.75,-2.75,0,7.74E-01
0.75,-3.25,0,5.34E-01
0.75,-3.75,0,5.83E-01
0.75,-4.25,0,6.41E-01
0.75,-4.75,0,5.73E-01
0.75,-5.25,0,3.90E-01
0.75,-5.75,0,4.03E-01
0.75,-6.25,0,4.02E-01
0.75,-6.75,0,3.84E-01
0.75,-7.25,0,4.00E-03
0.75,-7.75,0,9.81E-04
0.75,-8.25,0,1.94E-04
0.75,-8.75,0,1.44E-04
0.75,-9.25,0,-7.47E-05
0.75,-9.75,0,-2.72E-06
0.75,-10.25,0,4.60E-05
0.75,-10.75,0,-2.17E-05
0.75,-11.25,0,3.02E-06
0.75,-11.75,0,1.44E-08
0.75,-12.25,0,1.45E-06
0.75,-12.75,0,5.07E-08
0.75,-13.25,0,-2.23E-07
0.75,-13.75,0,2.13E-07
0.75,-14.25,0,-7.18E-08
0.75,-14.75,0,1.41E-08
1.25,14.75,0,1.59E-08
1.25,14.25,0,-1.86E-08
1.25,13.75,0,1.11E-07
1.25,13.25,0,-1.40E-07
1.25,12.75,0,-3.51E-07
1.25,12.25,0,-2.62E-07
1.25,11.75,0,1.43E-07
1.25,11.25,0,1.54E-06
1.25,10.75,0,1.65E-06
1.25,10.25,0,1.60E-07
1.25,9.75,0,-1.66E-05
1.25,9.25,0,1.81E-06
1.25,8.75,0,1.53E-04
1.25,8.25,0,7.55E-04
1.25,7.75,0,1.01E-03
1.25,7.25,0,1.30E-02
1.25,6.75,0,3.78E-01
1.25,6.25,0,3.95E-01
1.25,5.75,0,4.02E-01
1.25,5.25,0,3.72E-01
1.25,4.75,0,5.95E-01
1.25,4.25,0,5.52E-01
1.25,3.75,0,5.63E-01
1.25,3.25,0,6.21E-01
1.25,2.75,0,7.81E-01
1.25,2.25,0,7.65E-01
1.25,1.75,0,7.68E-01
1.25,1.25,0,7.74E-01
1.25,0.75,0,0.825611057
1.25,0.25,0,0.776314823
1.25,-0.25,0,7.99E-01
1.25,-0.75,0,0.781058846
1.25,-1.25,0,0.753065346
1.25,-1.75,0,0.819068421
1.25,-2.25,0,7.73E-01
1.25,-2.75,0,7.57E-01
1.25,-3.25,0,5.92E-01
1.25,-3.75,0,6.14E-01
1.25,-4.25,0,5.51E-01
1.25,-4.75,0,5.68E-01
1.25,-5.25,0,3.89E-01
1.25,-5.75,0,3.66E-01
1.25,-6.25,0,3.69E-01
1.25,-6.75,0,3.76E-01
1.25,-7.25,0,9.35E-03
1.25,-7.75,0,1.64E-03
1.25,-8.25,0,4.92E-04
1.25,-8.75,0,-6.44E-05
1.25,-9.25,0,2.19E-04
1.25,-9.75,0,-8.27E-05
1.25,-10.25,0,9.50E-07
1.25,-10.75,0,8.68E-06
1.25,-11.25,0,-2.26E-06
1.25,-11.75,0,3.37E-07
1.25,-12.25,0,9.62E-07
1.25,-12.75,0,-7.29E-07
1.25,-13.25,0,-2.36E-07
1.25,-13.75,0,1.12E-07
1.25,-14.25,0,-1.09E-07
1.25,-14.75,0,4.06E-08
1.75,14.75,0,5.62E-08
1.75,14.25,0,-1.19E-07
1.75,13.75,0,2.42E-07
1.75,13.25,0,-4.37E-07
1.75,12.75,0,-5.62E-07
1.75,12.25,0,2.97E-06
1.75,11.75,0,-2.11E-06
1.75,11.25,0,4.43E-06
1.75,10.75,0,-1.41E-05
1.75,10.25,0,3.19E-06
1.75,9.75,0,-9.71E-07
1.75,9.25,0,2.18E-04
1.75,8.75,0,-2.04E-04
1.75,8.25,0,6.49E-04
1.75,7.75,0,7.62E-04
1.75,7.25,0,1.13E-02
1.75,6.75,0,3.53E-01
1.75,6.25,0,3.97E-01
1.75,5.75,0,3.56E-01
1.75,5.25,0,4.11E-01
1.75,4.75,0,5.94E-01
1.75,4.25,0,5.83E-01
1.75,3.75,0,6.12E-01
1.75,3.25,0,4.92E-01
1.75,2.75,0,8.34E-01
1.75,2.25,0,7.69E-01
1.75,1.75,0,8.23E-01
1.75,1.25,0,0.741461231
1.75,0.75,0,0.761514624
1.75,0.25,0,0.800009943
1.75,-0.25,0,7.87E-01
1.75,-0.75,0,0.707608287
1.75,-1.25,0,0.842692919
1.75,-1.75,0,0.751905183
1.75,-2.25,0,0.770880145
1.75,-2.75,0,8.34E-01
1.75,-3.25,0,6.04E-01
1.75,-3.75,0,5.56E-01
1.75,-4.25,0,5.98E-01
1.75,-4.75,0,5.72E-01
1.75,-5.25,0,4.05E-01
1.75,-5.75,0,3.83E-01
1.75,-6.25,0,4.07E-01
1.75,-6.75,0,4.05E-01
1.75,-7.25,0,-4.57E-03
1.75,-7.75,0,4.41E-03
1.75,-8.25,0,-4.49E-04
1.75,-8.75,0,3.18E-04
1.75,-9.25,0,1.74E-05
1.75,-9.75,0,3.06E-05
1.75,-10.25,0,-6.46E-07
1.75,-10.75,0,3.85E-06
1.75,-11.25,0,-7.24E-06
1.75,-11.75,0,1.39E-06
1.75,-12.25,0,1.56E-07
1.75,-12.75,0,-7.64E-07
1.75,-13.25,0,5.39E-07
1.75,-13.75,0,2.71E-07
1.75,-14.25,0,-1.06E-07
1.75,-14.75,0,4.29E-08
2.25,14.75,0,1.60E-08
2.25,14.25,0,1.44E-08
2.25,13.75,0,3.00E-09
2.25,13.25,0,-2.45E-08
2.25,12.75,0,-9.65E-08
2.25,12.25,0,-1.81E-07
2.25,11.75,0,7.30E-07
2.25,11.25,0,1.05E-06
2.25,10.75,0,-7.68E-06
2.25,10.25,0,1.65E-05
2.25,9.75,0,4.32E-06
2.25,9.25,0,-2.98E-04
2.25,8.75,0,5.71E-04
2.25,8.25,0,2.43E-05
2.25,7.75,0,5.22E-05
2.25,7.25,0,8.47E-03
2.25,6.75,0,3.88E-01
2.25,6.25,0,3.81E-01
2.25,5.75,0,4.19E-01
2.25,5.25,0,3.99E-01
2.25,4.75,0,5.52E-01
2.25,4.25,0,5.66E-01
2.25,3.75,0,5.69E-01
2.25,3.25,0,6.17E-01
2.25,2.75,0,7.50E-01
2.25,2.25,0,7.91E-01
2.25,1.75,0,7.50E-01
2.25,1.25,0,0.831093994
2.25,0.75,0,0.770628343
2.25,0.25,0,7.64E-01
2.25,-0.25,0,7.80E-01
2.25,-0.75,0,0.773276552
2.25,-1.25,0,0.793553683
2.25,-1.75,0,0.761571757
2.25,-2.25,0,0.781279938
2.25,-2.75,0,7.71E-01
2.25,-3.25,0,5.62E-01
2.25,-3.75,0,6.11E-01
2.25,-4.25,0,5.54E-01
2.25,-4.75,0,5.96E-01
2.25,-5.25,0,4.07E-01
2.25,-5.75,0,3.77E-01
2.25,-6.25,0,3.95E-01
2.25,-6.75,0,3.79E-01
2.25,-7.25,0,2.05E-03
2.25,-7.75,0,2.42E-03
2.25,-8.25,0,4.95E-04
2.25,-8.75,0,5.93E-05
2.25,-9.25,0,3.91E-05
2.25,-9.75,0,-3.04E-05
2.25,-10.25,0,3.71E-05
2.25,-10.75,0,-2.05E-05
2.25,-11.25,0,5.94E-06
2.25,-11.75,0,1.52E-06
2.25,-12.25,0,1.84E-07
2.25,-12.75,0,-6.67E-08
2.25,-13.25,0,-6.30E-08
2.25,-13.75,0,-1.22E-09
2.25,-14.25,0,-5.99E-08
2.25,-14.75,0,3.80E-08
2.75,14.75,0,3.38E-08
2.75,14.25,0,-7.29E-08
2.75,13.75,0,1.44E-07
2.75,13.25,0,-1.86E-07
2.75,12.75,0,4.99E-07
2.75,12.25,0,-1.17E-06
2.75,11.75,0,2.01E-06
2.75,11.25,0,-1.19E-06
2.75,10.75,0,-2.96E-06
2.75,10.25,0,5.38E-06
2.75,9.75,0,3.80E-05
2.75,9.25,0,3.54E-05
2.75,8.75,0,2.46E-04
2.75,8.25,0,-3.50E-04
2.75,7.75,0,3.94E-03
2.75,7.25,0,6.40E-03
2.75,6.75,0,3.87E-01
2.75,6.25,0,3.78E-01
2.75,5.75,0,3.89E-01
2.75,5.25,0,3.69E-01
2.75,4.75,0,6.01E-01
2.75,4.25,0,6.00E-01
2.75,3.75,0,5.87E-01
2.75,3.25,0,5.84E-01
2.75,2.75,0,7.76E-01
2.75,2.25,0,7.72E-01
2.75,1.75,0,0.76436988
2.75,1.25,0,7.80E-01
2.75,0.75,0,0.741970863
2.75,0.25,0,0.836687988
2.75,-0.25,0,7.43E-01
2.75,-0.75,0,0.814012023
2.75,-1.25,0,0.726034904
2.75,-1.75,0,7.86E-01
2.75,-2.25,0,0.744452628
2.75,-2.75,0,0.756186598
2.75,-3.25,0,5.93E-01
2.75,-3.75,0,5.65E-01
2.75,-4.25,0,5.98E-01
2.75,-4.75,0,5.74E-01
2.75,-5.25,0,3.72E-01
2.75,-5.75,0,3.77E-01
2.75,-6.25,0,4.01E-01
2.75,-6.75,0,3.60E-01
2.75,-7.25,0,4.76E-03
2.75,-7.75,0,3.90E-03
2.75,-8.25,0,-1.86E-04
2.75,-8.75,0,2.62E-04
2.75,-9.25,0,-1.44E-05
2.75,-9.75,0,-6.17E-06
2.75,-10.25,0,2.89E-06
2.75,-10.75,0,3.08E-06
2.75,-11.25,0,6.75E-08
2.75,-11.75,0,7.04E-07
2.75,-12.25,0,-6.36E-07
2.75,-12.75,0,3.71E-09
2.75,-13.25,0,-2.81E-07
2.75,-13.75,0,1.65E-07
2.75,-14.25,0,-1.19E-07
2.75,-14.75,0,4.77E-08
3.25,14.75,0,-5.62E-08
3.25,14.25,0,-7.68E-08
3.25,13.75,0,3.32E-07
3.25,13.25,0,-1.60E-07
3.25,12.75,0,-2.45E-07
3.25,12.25,0,5.72E-07
3.25,11.75,0,-8.13E-08
3.25,11.25,0,3.06E-06
3.25,10.75,0,-1.07E-06
3.25,10.25,0,1.11E-05
3.25,9.75,0,-4.61E-05
3.25,9.25,0,2.50E-04
3.25,8.75,0,-9.07E-05
3.25,8.25,0,3.33E-04
3.25,7.75,0,2.29E-03
3.25,7.25,0,2.87E-03
3.25,6.75,0,3.72E-01
3.25,6.25,0,3.92E-01
3.25,5.75,0,4.01E-01
3.25,5.25,0,3.76E-01
3.25,4.75,0,5.76E-01
3.25,4.25,0,5.70E-01
3.25,3.75,0,5.78E-01
3.25,3.25,0,5.95E-01
3.25,2.75,0,5.69E-01
3.25,2.25,0,0.632333767
3.25,1.75,0,5.58E-01
3.25,1.25,0,5.39E-01
3.25,0.75,0,0.648182663
3.25,0.25,0,0.522395626
3.25,-0.25,0,6.19E-01
3.25,-0.75,0,0.551174166
3.25,-1.25,0,0.610836646
3.25,-1.75,0,0.59602234
3.25,-2.25,0,0.594721321
3.25,-2.75,0,0.611328457
3.25,-3.25,0,5.73E-01
3.25,-3.75,0,5.66E-01
3.25,-4.25,0,6.19E-01
3.25,-4.75,0,5.64E-01
3.25,-5.25,0,4.01E-01
3.25,-5.75,0,4.27E-01
3.25,-6.25,0,3.62E-01
3.25,-6.75,0,4.13E-01
3.25,-7.25,0,1.76E-03
3.25,-7.75,0,3.49E-03
3.25,-8.25,0,1.81E-04
3.25,-8.75,0,-1.04E-04
3.25,-9.25,0,9.10E-05
3.25,-9.75,0,-2.24E-05
3.25,-10.25,0,1.74E-05
3.25,-10.75,0,7.93E-06
3.25,-11.25,0,-1.01E-05
3.25,-11.75,0,3.13E-06
3.25,-12.25,0,6.84E-07
3.25,-12.75,0,-2.19E-07
3.25,-13.25,0,-7.54E-08
3.25,-13.75,0,2.03E-07
3.25,-14.25,0,-2.47E-08
3.25,-14.75,0,-3.44E-08
3.75,14.75,0,6.51E-09
3.75,14.25,0,-1.40E-07
3.75,13.75,0,3.22E-07
3.75,13.25,0,-3.67E-07
3.75,12.75,0,4.96E-07
3.75,12.25,0,-1.34E-06
3.75,11.75,0,-9.49E-08
3.75,11.25,0,7.95E-06
3.75,10.75,0,-1.16E-05
3.75,10.25,0,4.27E-07
3.75,9.75,0,-1.97E-06
3.75,9.25,0,-1.60E-04
3.75,8.75,0,5.54E-04
3.75,8.25,0,-4.37E-04
3.75,7.75,0,4.04E-03
3.75,7.25,0,8.97E-04
3.75,6.75,0,3.88E-01
3.75,6.25,0,3.96E-01
3.75,5.75,0,3.72E-01
3.75,5.25,0,3.73E-01
3.75,4.75,0,6.38E-01
3.75,4.25,0,5.60E-01
3.75,3.75,0,6.05E-01
3.75,3.25,0,5.65E-01
3.75,2.75,0,6.07E-01
3.75,2.25,0,5.39E-01
3.75,1.75,0,6.12E-01
3.75,1.25,0,5.66E-01
3.75,0.75,0,0.57933722
3.75,0.25,0,0.617622526
3.75,-0.25,0,5.91E-01
3.75,-0.75,0,0.604122567
3.75,-1.25,0,0.59527413
3.75,-1.75,0,0.602143648
3.75,-2.25,0,0.560673966
3.75,-2.75,0,0.5725095
3.75,-3.25,0,6.04E-01
3.75,-3.75,0,5.67E-01
3.75,-4.25,0,5.94E-01
3.75,-4.75,0,5.63E-01
3.75,-5.25,0,4.01E-01
3.75,-5.75,0,3.81E-01
3.75,-6.25,0,3.96E-01
3.75,-6.75,0,3.81E-01
3.75,-7.25,0,5.80E-04
3.75,-7.75,0,2.87E-03
3.75,-8.25,0,4.77E-05
3.75,-8.75,0,1.58E-04
3.75,-9.25,0,-5.30E-05
3.75,-9.75,0,4.76E-05
3.75,-10.25,0,-3.11E-05
3.75,-10.75,0,1.92E-05
3.75,-11.25,0,-1.59E-06
3.75,-11.75,0,-1.05E-07
3.75,-12.25,0,4.17E-08
3.75,-12.75,0,-4.43E-07
3.75,-13.25,0,7.17E-08
3.75,-13.75,0,1.28E-07
3.75,-14.25,0,-8.83E-08
3.75,-14.75,0,8.70E-09
4.25,14.75,0,7.44E-08
4.25,14.25,0,-1.47E-07
4.25,13.75,0,2.31E-07
4.25,13.25,0,-1.75E-07
4.25,12.75,0,-3.79E-07
4.25,12.25,0,3.19E-07
4.25,11.75,0,2.06E-06
4.25,11.25,0,-8.68E-07
4.25,10.75,0,-6.42E-06
4.25,10.25,0,2.14E-05
4.25,9.75,0,-4.75E-05
4.25,9.25,0,2.15E-04
4.25,8.75,0,-4.63E-04
4.25,8.25,0,1.49E-03
4.25,7.75,0,1.52E-03
4.25,7.25,0,3.92E-03
4.25,6.75,0,3.88E-01
4.25,6.25,0,3.52E-01
4.25,5.75,0,4.22E-01
4.25,5.25,0,3.75E-01
4.25,4.75,0,5.60E-01
4.25,4.25,0,5.61E-01
4.25,3.75,0,5.95E-01
4.25,3.25,0,5.76E-01
4.25,2.75,0,5.68E-01
4.25,2.25,0,0.580736888
4.25,1.75,0,5.58E-01
4.25,1.25,0,5.92E-01
4.25,0.75,0,0.591247982
4.25,0.25,0,0.571556669
4.25,-0.25,0,5.74E-01
4.25,-0.75,0,0.569917583
4.25,-1.25,0,0.536955593
4.25,-1.75,0,0.605362492
4.25,-2.25,0,0.560136102
4.25,-2.75,0,6.07E-01
4.25,-3.25,0,5.75E-01
4.25,-3.75,0,5.70E-01
4.25,-4.25,0,6.11E-01
4.25,-4.75,0,5.87E-01
4.25,-5.25,0,3.72E-01
4.25,-5.75,0,3.83E-01
4.25,-6.25,0,3.80E-01
4.25,-6.75,0,3.85E-01
4.25,-7.25,0,5.08E-04
4.25,-7.75,0,5.10E-03
4.25,-8.25,0,-4.21E-04
4.25,-8.75,0,1.51E-04
4.25,-9.25,0,1.48E-04
4.25,-9.75,0,-3.96E-05
4.25,-10.25,0,2.00E-05
4.25,-10.75,0,-1.20E-05
4.25,-11.25,0,8.65E-06
4.25,-11.75,0,-2.81E-06
4.25,-12.25,0,4.08E-07
4.25,-12.75,0,-2.41E-07
4.25,-13.25,0,2.47E-07
4.25,-13.75,0,1.70E-09
4.25,-14.25,0,-1.30E-07
4.25,-14.75,0,7.10E-08
4.75,14.75,0,3.77E-08
4.75,14.25,0,-8.91E-08
4.75,13.75,0,1.94E-07
4.75,13.25,0,-3.32E-07
4.75,12.75,0,6.56E-07
4.75,12.25,0,-7.51E-07
4.75,11.75,0,2.36E-06
4.75,11.25,0,-3.42E-06
4.75,10.75,0,1.29E-05
4.75,10.25,0,-1.07E-05
4.75,9.75,0,5.36E-05
4.75,9.25,0,-2.23E-04
4.75,8.75,0,5.21E-04
4.75,8.25,0,-4.47E-04
4.75,7.75,0,9.47E-04
4.75,7.25,0,5.31E-03
4.75,6.75,0,4.06E-01
4.75,6.25,0,3.92E-01
4.75,5.75,0,3.99E-01
4.75,5.25,0,3.77E-01
4.75,4.75,0,6.04E-01
4.75,4.25,0,6.34E-01
4.75,3.75,0,5.41E-01
4.75,3.25,0,6.20E-01
4.75,2.75,0,5.71E-01
4.75,2.25,0,6.16E-01
4.75,1.75,0,0.580606295
4.75,1.25,0,5.59E-01
4.75,0.75,0,0.606167203
4.75,0.25,0,0.571484215
4.75,-0.25,0,5.87E-01
4.75,-0.75,0,0.616224181
4.75,-1.25,0,0.56926377
4.75,-1.75,0,0.586719857
4.75,-2.25,0,6.07E-01
4.75,-2.75,0,0.520663825
4.75,-3.25,0,6.08E-01
4.75,-3.75,0,5.95E-01
4.75,-4.25,0,5.72E-01
4.75,-4.75,0,5.89E-01
4.75,-5.25,0,3.63E-01
4.75,-5.75,0,4.16E-01
4.75,-6.25,0,3.71E-01
4.75,-6.75,0,3.70E-01
4.75,-7.25,0,9.17E-03
4.75,-7.75,0,1.74E-03
4.75,-8.25,0,6.80E-04
4.75,-8.75,0,5.82E-05
4.75,-9.25,0,6.33E-05
4.75,-9.75,0,-2.45E-05
4.75,-10.25,0,6.63E-07
4.75,-10.75,0,4.46E-06
4.75,-11.25,0,-2.50E-06
4.75,-11.75,0,-1.47E-06
4.75,-12.25,0,-3.85E-07
4.75,-12.75,0,3.28E-07
4.75,-13.25,0,-1.84E-07
4.75,-13.75,0,9.24E-08
4.75,-14.25,0,-1.61E-08
4.75,-14.75,0,2.32E-08
5.25,14.75,0,4.74E-09
5.25,14.25,0,-1.48E-08
5.25,13.75,0,3.69E-08
5.25,13.25,0,2.69E-07
5.25,12.75,0,-9.57E-07
5.25,12.25,0,7.69E-07
5.25,11.75,0,1.15E-06
5.25,11.25,0,-3.94E-06
5.25,10.75,0,-6.37E-06
5.25,10.25,0,2.42E-06
5.25,9.75,0,-2.40E-05
5.25,9.25,0,1.14E-04
5.25,8.75,0,4.53E-06
5.25,8.25,0,2.59E-04
5.25,7.75,0,2.28E-03
5.25,7.25,0,9.05E-03
5.25,6.75,0,3.62E-01
5.25,6.25,0,3.67E-01
5.25,5.75,0,3.92E-01
5.25,5.25,0,3.94E-01
5.25,4.75,0,3.92E-01
5.25,4.25,0,3.73E-01
5.25,3.75,0,4.08E-01
5.25,3.25,0,3.71E-01
5.25,2.75,0,3.97E-01
5.25,2.25,0,0.358969728
5.25,1.75,0,4.12E-01
5.25,1.25,0,0.37249125
5.25,0.75,0,0.384527466
5.25,0.25,0,0.403320656
5.25,-0.25,0,3.69E-01
5.25,-0.75,0,0.371277504
5.25,-1.25,0,0.415274909
5.25,-1.75,0,0.396324031
5.25,-2.25,0,0.385242312
5.25,-2.75,0,4.33E-01
5.25,-3.25,0,3.41E-01
5.25,-3.75,0,4.03E-01
5.25,-4.25,0,3.70E-01
5.25,-4.75,0,3.92E-01
5.25,-5.25,0,3.92E-01
5.25,-5.75,0,4.27E-01
5.25,-6.25,0,3.83E-01
5.25,-6.75,0,3.84E-01
5.25,-7.25,0,-2.37E-03
5.25,-7.75,0,4.07E-03
5.25,-8.25,0,-1.79E-04
5.25,-8.75,0,2.88E-04
5.25,-9.25,0,-9.99E-05
5.25,-9.75,0,4.35E-05
5.25,-10.25,0,-6.76E-06
5.25,-10.75,0,8.73E-06
5.25,-11.25,0,-3.34E-07
5.25,-11.75,0,5.54E-07
5.25,-12.25,0,1.79E-06
5.25,-12.75,0,2.83E-08
5.25,-13.25,0,-4.74E-07
5.25,-13.75,0,3.16E-07
5.25,-14.25,0,-1.23E-07
5.25,-14.75,0,1.31E-08
5.75,14.75,0,5.17E-08
5.75,14.25,0,-1.28E-07
5.75,13.75,0,1.83E-07
5.75,13.25,0,-3.60E-07
5.75,12.75,0,6.28E-07
5.75,12.25,0,-2.76E-07
5.75,11.75,0,-7.99E-07
5.75,11.25,0,2.00E-06
5.75,10.75,0,1.73E-05
5.75,10.25,0,-1.93E-05
5.75,9.75,0,7.03E-06
5.75,9.25,0,-5.84E-05
5.75,8.75,0,2.65E-04
5.75,8.25,0,4.04E-04
5.75,7.75,0,1.18E-03
5.75,7.25,0,4.32E-03
5.75,6.75,0,3.91E-01
5.75,6.25,0,4.00E-01
5.75,5.75,0,4.01E-01
5.75,5.25,0,3.72E-01
5.75,4.75,0,3.97E-01
5.75,4.25,0,3.99E-01
5.75,3.75,0,3.95E-01
5.75,3.25,0,3.97E-01
5.75,2.75,0,4.02E-01
5.75,2.25,0,3.63E-01
5.75,1.75,0,0.389395078
5.75,1.25,0,0.38694951
5.75,0.75,0,0.388079415
5.75,0.25,0,0.374095989
5.75,-0.25,0,3.99E-01
5.75,-0.75,0,0.404909709
5.75,-1.25,0,0.382724889
5.75,-1.75,0,0.382603869
5.75,-2.25,0,0.38085896
5.75,-2.75,0,3.71E-01
5.75,-3.25,0,0.412121015
5.75,-3.75,0,3.90E-01
5.75,-4.25,0,3.95E-01
5.75,-4.75,0,4.03E-01
5.75,-5.25,0,3.71E-01
5.75,-5.75,0,3.66E-01
5.75,-6.25,0,3.84E-01
5.75,-6.75,0,4.05E-01
5.75,-7.25,0,9.86E-03
5.75,-7.75,0,2.58E-04
5.75,-8.25,0,3.92E-04
5.75,-8.75,0,1.28E-04
5.75,-9.25,0,3.09E-05
5.75,-9.75,0,-3.49E-06
5.75,-10.25,0,-1.05E-05
5.75,-10.75,0,1.70E-05
5.75,-11.25,0,-3.30E-06
5.75,-11.75,0,6.04E-09
5.75,-12.25,0,4.24E-07
5.75,-12.75,0,4.21E-07
5.75,-13.25,0,-2.12E-07
5.75,-13.75,0,-2.62E-08
5.75,-14.25,0,-2.80E-08
5.75,-14.75,0,5.80E-08
6.25,14.75,0,1.86E-08
6.25,14.25,0,-2.77E-08
6.25,13.75,0,1.59E-07
6.25,13.25,0,-1.01E-07
6.25,12.75,0,-3.38E-07
6.25,12.25,0,5.43E-09
6.25,11.75,0,7.91E-07
6.25,11.25,0,-1.13E-06
6.25,10.75,0,2.76E-06
6.25,10.25,0,7.14E-06
6.25,9.75,0,1.44E-05
6.25,9.25,0,-2.82E-05
6.25,8.75,0,1.44E-04
6.25,8.25,0,-2.37E-04
6.25,7.75,0,3.32E-03
6.25,7.25,0,6.27E-03
6.25,6.75,0,3.72E-01
6.25,6.25,0,4.09E-01
6.25,5.75,0,3.81E-01
6.25,5.25,0,3.70E-01
6.25,4.75,0,4.05E-01
6.25,4.25,0,3.71E-01
6.25,3.75,0,3.86E-01
6.25,3.25,0,3.91E-01
6.25,2.75,0,3.76E-01
6.25,2.25,0,4.14E-01
6.25,1.75,0,0.392810659
6.25,1.25,0,0.420732384
6.25,0.75,0,0.373333099
6.25,0.25,0,0.405943238
6.25,-0.25,0,3.82E-01
6.25,-0.75,0,0.389379835
6.25,-1.25,0,0.36984724
6.25,-1.75,0,0.410020671
6.25,-2.25,0,0.37783635
6.25,-2.75,0,3.91E-01
6.25,-3.25,0,3.80E-01
6.25,-3.75,0,4.04E-01
6.25,-4.25,0,4.04E-01
6.25,-4.75,0,3.91E-01
6.25,-5.25,0,3.72E-01
6.25,-5.75,0,4.26E-01
6.25,-6.25,0,3.57E-01
6.25,-6.75,0,3.93E-01
6.25,-7.25,0,-2.71E-02
6.25,-7.75,0,1.19E-02
6.25,-8.25,0,-1.60E-03
6.25,-8.75,0,4.58E-04
6.25,-9.25,0,-5.44E-05
6.25,-9.75,0,3.18E-06
6.25,-10.25,0,9.67E-06
6.25,-10.75,0,8.23E-06
6.25,-11.25,0,-4.43E-06
6.25,-11.75,0,-1.06E-06
6.25,-12.25,0,5.53E-07
6.25,-12.75,0,1.78E-07
6.25,-13.25,0,-2.77E-07
6.25,-13.75,0,9.08E-08
6.25,-14.25,0,-2.94E-08
6.25,-14.75,0,5.42E-08
6.75,14.75,0,2.08E-08
6.75,14.25,0,-5.20E-08
6.75,13.75,0,1.30E-07
6.75,13.25,0,-2.72E-07
6.75,12.75,0,7.76E-07
6.75,12.25,0,-3.13E-07
6.75,11.75,0,-7.15E-07
6.75,11.25,0,3.71E-07
6.75,10.75,0,1.01E-05
6.75,10.25,0,-7.23E-06
6.75,9.75,0,-2.70E-05
6.75,9.25,0,3.26E-05
6.75,8.75,0,2.55E-04
6.75,8.25,0,-6.28E-04
6.75,7.75,0,4.15E-03
6.75,7.25,0,-1.01E-02
6.75,6.75,0,3.82E-01
6.75,6.25,0,3.62E-01
6.75,5.75,0,3.96E-01
6.75,5.25,0,3.75E-01
6.75,4.75,0,3.82E-01
6.75,4.25,0,3.93E-01
6.75,3.75,0,3.77E-01
6.75,3.25,0,3.88E-01
6.75,2.75,0,3.88E-01
6.75,2.25,0,3.58E-01
6.75,1.75,0,0.395634341
6.75,1.25,0,0.378149944
6.75,0.75,0,0.386016091
6.75,0.25,0,0.370601063
6.75,-0.25,0,3.82E-01
6.75,-0.75,0,0.39321267
6.75,-1.25,0,0.381981471
6.75,-1.75,0,0.366854572
6.75,-2.25,0,3.97E-01
6.75,-2.75,0,0.375433155
6.75,-3.25,0,3.93E-01
6.75,-3.75,0,3.72E-01
6.75,-4.25,0,3.60E-01
6.75,-4.75,0,3.73E-01
6.75,-5.25,0,3.93E-01
6.75,-5.75,0,3.92E-01
6.75,-6.25,0,3.84E-01
6.75,-6.75,0,3.99E-01
6.75,-7.25,0,-9.45E-04
6.75,-7.75,0,-1.37E-04
6.75,-8.25,0,1.04E-03
6.75,-8.75,0,-5.31E-05
6.75,-9.25,0,3.81E-05
6.75,-9.75,0,4.55E-05
6.75,-10.25,0,-1.26E-05
6.75,-10.75,0,-5.57E-06
6.75,-11.25,0,3.35E-06
6.75,-11.75,0,-5.20E-08
6.75,-12.25,0,-6.90E-07
6.75,-12.75,0,1.07E-07
6.75,-13.25,0,-2.76E-07
6.75,-13.75,0,2.18E-07
6.75,-14.25,0,-1.36E-07
6.75,-14.75,0,2.59E-08
7.25,14.75,0,1.65E-08
7.25,14.25,0,-4.45E-08
7.25,13.75,0,1.56E-07
7.25,13.25,0,-3.78E-07
7.25,12.75,0,4.45E-07
7.25,12.25,0,-4.54E-07
7.25,11.75,0,-7.09E-08
7.25,11.25,0,-6.91E-07
7.25,10.75,0,6.78E-07
7.25,10.25,0,8.06E-06
7.25,9.75,0,-9.19E-06
7.25,9.25,0,3.24E-05
7.25,8.75,0,-7.78E-05
7.25,8.25,0,4.40E-04
7.25,7.75,0,-7.55E-04
7.25,7.25,0,1.24E-02
7.25,6.75,0,3.71E-03
7.25,6.25,0,9.17E-03
7.25,5.75,0,1.07E-03
7.25,5.25,0,1.02E-02
7.25,4.75,0,8.12E-03
7.25,4.25,0,-1.10E-02
7.25,3.75,0,9.68E-03
7.25,3.25,0,-5.10E-03
7.25,2.75,0,2.32E-03
7.25,2.25,0,0.01115397
7.25,1.75,0,0.003151036
7.25,1.25,0,-0.006543783
7.25,0.75,0,0.005110191
7.25,0.25,0,0.008001881
7.25,-0.25,0,9.15E-03
7.25,-0.75,0,0.006847416
7.25,-1.25,0,0.00483893
7.25,-1.75,0,0.029098821
7.25,-2.25,0,-0.006015753
7.25,-2.75,0,3.86E-03
7.25,-3.25,0,-4.33E-04
7.25,-3.75,0,1.10E-02
7.25,-4.25,0,2.09E-02
7.25,-4.75,0,-1.81E-03
7.25,-5.25,0,-4.38E-03
7.25,-5.75,0,-4.73E-03
7.25,-6.25,0,-1.13E-02
7.25,-6.75,0,1.25E-03
7.25,-7.25,0,5.03E-03
7.25,-7.75,0,8.10E-04
7.25,-8.25,0,-1.46E-06
7.25,-8.75,0,-1.09E-07
7.25,-9.25,0,-1.91E-05
7.25,-9.75,0,-4.55E-05
7.25,-10.25,0,2.89E-05
7.25,-10.75,0,-1.07E-05
7.25,-11.25,0,8.55E-06
7.25,-11.75,0,-4.14E-06
7.25,-12.25,0,2.41E-06
7.25,-12.75,0,-4.26E-07
7.25,-13.25,0,-6.60E-08
7.25,-13.75,0,9.14E-08
7.25,-14.25,0,-2.41E-08
7.25,-14.75,0,1.15E-08
7.75,14.75,0,1.13E-08
7.75,14.25,0,-4.00E-08
7.75,13.75,0,1.35E-07
7.75,13.25,0,-1.51E-07
7.75,12.75,0,3.61E-07
7.75,12.25,0,-4.88E-07
7.75,11.75,0,-1.66E-08
7.75,11.25,0,-8.34E-07
7.75,10.75,0,6.94E-06
7.75,10.25,0,-6.53E-06
7.75,9.75,0,2.52E-06
7.75,9.25,0,4.11E-06
7.75,8.75,0,8.54E-05
7.75,8.25,0,1.29E-04
7.75,7.75,0,3.09E-04
7.75,7.25,0,-1.53E-03
7.75,6.75,0,1.76E-03
7.75,6.25,0,1.84E-04
7.75,5.75,0,3.95E-03
7.75,5.25,0,1.51E-04
7.75,4.75,0,1.38E-03
7.75,4.25,0,5.84E-03
7.75,3.75,0,2.00E-03
7.75,3.25,0,3.70E-03
7.75,2.75,0,0.005367858
7.75,2.25,0,-0.000153518
7.75,1.75,0,0.004020549
7.75,1.25,0,0.005188979
7.75,0.75,0,0.002985849
7.75,0.25,0,0.001608241
7.75,-0.25,0,-1.09E-03
7.75,-0.75,0,0.002919569
7.75,-1.25,0,0.000240289
7.75,-1.75,0,-0.004210457
7.75,-2.25,0,0.002573271
7.75,-2.75,0,3.83E-03
7.75,-3.25,0,3.62E-03
7.75,-3.75,0,1.12E-04
7.75,-4.25,0,4.10E-04
7.75,-4.75,0,3.88E-03
7.75,-5.25,0,5.28E-03
7.75,-5.75,0,6.47E-03
7.75,-6.25,0,6.37E-03
7.75,-6.75,0,5.42E-04
7.75,-7.25,0,-3.92E-04
7.75,-7.75,0,-1.17E-04
7.75,-8.25,0,4.92E-04
7.75,-8.75,0,-5.97E-05
7.75,-9.25,0,1.07E-04
7.75,-9.75,0,2.38E-07
7.75,-10.25,0,-8.03E-06
7.75,-10.75,0,4.57E-06
7.75,-11.25,0,-1.23E-06
7.75,-11.75,0,4.73E-07
7.75,-12.25,0,-4.51E-07
7.75,-12.75,0,2.72E-07
7.75,-13.25,0,-1.46E-07
7.75,-13.75,0,2.56E-08
7.75,-14.25,0,-2.12E-08
7.75,-14.75,0,7.14E-09
8.25,14.75,0,-7.21E-09
8.25,14.25,0,-4.17E-08
8.25,13.75,0,1.43E-07
8.25,13.25,0,-3.27E-07
8.25,12.75,0,2.70E-07
8.25,12.25,0,4.56E-08
8.25,11.75,0,-4.31E-07
8.25,11.25,0,1.24E-07
8.25,10.75,0,1.17E-06
8.25,10.25,0,2.49E-06
8.25,9.75,0,-5.97E-06
8.25,9.25,0,-1.56E-05
8.25,8.75,0,9.57E-05
8.25,8.25,0,-1.29E-04
8.25,7.75,0,2.54E-05
8.25,7.25,0,3.50E-04
8.25,6.75,0,-2.14E-04
8.25,6.25,0,3.26E-04
8.25,5.75,0,2.98E-04
8.25,5.25,0,1.87E-04
8.25,4.75,0,4.62E-04
8.25,4.25,0,9.33E-04
8.25,3.75,0,-2.56E-04
8.25,3.25,0,1.10E-03
8.25,2.75,0,-1.27E-03
8.25,2.25,0,1.08E-03
8.25,1.75,0,-4.02E-04
8.25,1.25,0,-0.00045865
8.25,0.75,0,-2.13E-05
8.25,0.25,0,8.22E-05
8.25,-0.25,0,1.22E-03
8.25,-0.75,0,-5.85E-04
8.25,-1.25,0,0.00129202
8.25,-1.75,0,8.48E-04
8.25,-2.25,0,-2.04E-04
8.25,-2.75,0,-7.77E-05
8.25,-3.25,0,1.05E-03
8.25,-3.75,0,6.34E-04
8.25,-4.25,0,3.45E-04
8.25,-4.75,0,-3.99E-05
8.25,-5.25,0,-6.88E-04
8.25,-5.75,0,-6.98E-05
8.25,-6.25,0,-5.65E-04
8.25,-6.75,0,6.71E-04
8.25,-7.25,0,9.52E-04
8.25,-7.75,0,9.27E-05
8.25,-8.25,0,-1.25E-04
8.25,-8.75,0,8.41E-05
8.25,-9.25,0,-1.63E-05
8.25,-9.75,0,-2.46E-05
8.25,-10.25,0,1.70E-05
8.25,-10.75,0,-6.41E-06
8.25,-11.25,0,2.32E-06
8.25,-11.75,0,-1.77E-06
8.25,-12.25,0,7.82E-07
8.25,-12.75,0,-2.42E-07
8.25,-13.25,0,-1.06E-07
8.25,-13.75,0,6.50E-08
8.25,-14.25,0,-3.14E-08
8.25,-14.75,0,4.05E-09
8.75,14.75,0,7.75E-09
8.75,14.25,0,-1.34E-08
8.75,13.75,0,2.52E-08
8.75,13.25,0,-4.97E-08
8.75,12.75,0,1.10E-07
8.75,12.25,0,1.21E-08
8.75,11.75,0,-3.14E-07
8.75,11.25,0,-6.05E-07
8.75,10.75,0,3.49E-06
8.75,10.25,0,2.90E-06
8.75,9.75,0,-1.63E-05
8.75,9.25,0,1.45E-05
8.75,8.75,0,-2.81E-05
8.75,8.25,0,3.10E-05
8.75,7.75,0,3.52E-05
8.75,7.25,0,-8.81E-06
8.75,6.75,0,3.42E-04
8.75,6.25,0,9.08E-05
8.75,5.75,0,-2.26E-04
8.75,5.25,0,2.25E-04
8.75,4.75,0,3.46E-04
8.75,4.25,0,-1.94E-04
8.75,3.75,0,3.35E-04
8.75,3.25,0,-1.63E-04
8.75,2.75,0,6.10E-04
8.75,2.25,0,1.03E-04
8.75,1.75,0,-1.29E-04
8.75,1.25,0,0.000345597
8.75,0.75,0,0.000446137
8.75,0.25,0,9.93E-05
8.75,-0.25,0,-1.09E-04
8.75,-0.75,0,1.15E-04
8.75,-1.25,0,-3.47E-04
8.75,-1.75,0,2.20E-04
8.75,-2.25,0,-9.21E-05
8.75,-2.75,0,1.09E-04
8.75,-3.25,0,-1.73E-04
8.75,-3.75,0,-5.42E-04
8.75,-4.25,0,4.86E-04
8.75,-4.75,0,3.70E-04
8.75,-5.25,0,1.38E-04
8.75,-5.75,0,5.53E-04
8.75,-6.25,0,1.13E-04
8.75,-6.75,0,1.58E-04
8.75,-7.25,0,-3.80E-04
8.75,-7.75,0,2.80E-04
8.75,-8.25,0,-4.02E-05
8.75,-8.75,0,-3.76E-05
8.75,-9.25,0,1.05E-05
8.75,-9.75,0,-4.78E-06
8.75,-10.25,0,-1.03E-05
8.75,-10.75,0,7.12E-06
8.75,-11.25,0,-1.67E-06
8.75,-11.75,0,3.87E-07
8.75,-12.25,0,-5.24E-07
8.75,-12.75,0,1.96E-07
8.75,-13.25,0,-1.04E-07
8.75,-13.75,0,6.81E-08
8.75,-14.25,0,-2.55E-08
8.75,-14.75,0,7.09E-09
9.25,14.75,0,7.58E-09
9.25,14.25,0,-2.57E-08
9.25,13.75,0,6.87E-08
9.25,13.25,0,-1.33E-07
9.25,12.75,0,6.89E-08
9.25,12.25,0,-8.46E-08
9.25,11.75,0,2.77E-07
9.25,11.25,0,-2.24E-07
9.25,10.75,0,1.28E-06
9.25,10.25,0,-2.27E-06
9.25,9.75,0,5.09E-06
9.25,9.25,0,-1.71E-07
9.25,8.75,0,1.48E-05
9.25,8.25,0,-1.01E-05
9.25,7.75,0,8.08E-05
9.25,7.25,0,-1.74E-05
9.25,6.75,0,-5.04E-05
9.25,6.25,0,8.29E-05
9.25,5.75,0,-1.16E-06
9.25,5.25,0,9.58E-05
9.25,4.75,0,-1.44E-04
9.25,4.25,0,1.28E-04
9.25,3.75,0,2.89E-05
9.25,3.25,0,-5.40E-05
9.25,2.75,0,-2.52E-05
9.25,2.25,0,0.000148974
9.25,1.75,0,0.000217229
9.25,1.25,0,2.03E-05
9.25,0.75,0,-0.000154963
9.25,0.25,0,4.91E-05
9.25,-0.25,0,1.10E-04
9.25,-0.75,0,0.000258051
9.25,-1.25,0,-5.98E-05
9.25,-1.75,0,1.19E-04
9.25,-2.25,0,0.000163325
9.25,-2.75,0,-6.35E-05
9.25,-3.25,0,2.29E-04
9.25,-3.75,0,1.04E-04
9.25,-4.25,0,-8.25E-05
9.25,-4.75,0,-6.04E-06
9.25,-5.25,0,7.07E-05
9.25,-5.75,0,-2.21E-04
9.25,-6.25,0,7.78E-05
9.25,-6.75,0,-1.72E-04
9.25,-7.25,0,1.88E-04
9.25,-7.75,0,-1.39E-04
9.25,-8.25,0,7.53E-05
9.25,-8.75,0,8.74E-06
9.25,-9.25,0,-7.03E-06
9.25,-9.75,0,1.30E-05
9.25,-10.25,0,5.00E-06
9.25,-10.75,0,-3.23E-06
9.25,-11.25,0,1.17E-06
9.25,-11.75,0,-5.13E-07
9.25,-12.25,0,3.45E-07
9.25,-12.75,0,2.30E-08
9.25,-13.25,0,-3.73E-08
9.25,-13.75,0,3.04E-08
9.25,-14.25,0,-1.50E-08
9.25,-14.75,0,2.43E-09
9.75,14.75,0,1.17E-08
9.75,14.25,0,-1.49E-08
9.75,13.75,0,1.28E-08
9.75,13.25,0,-3.62E-08
9.75,12.75,0,1.22E-07
9.75,12.25,0,-1.15E-07
9.75,11.75,0,-1.14E-07
9.75,11.25,0,2.80E-07
9.75,10.75,0,6.07E-07
9.75,10.25,0,-1.25E-06
9.75,9.75,0,2.57E-06
9.75,9.25,0,-7.99E-06
9.75,8.75,0,6.23E-06
9.75,8.25,0,-1.74E-06
9.75,7.75,0,-2.06E-05
9.75,7.25,0,-1.69E-06
9.75,6.75,0,1.39E-05
9.75,6.25,0,-1.25E-05
9.75,5.75,0,6.79E-06
9.75,5.25,0,-2.15E-05
9.75,4.75,0,8.76E-05
9.75,4.25,0,-1.91E-05
9.75,3.75,0,4.67E-06
9.75,3.25,0,-6.68E-06
9.75,2.75,0,4.68E-05
9.75,2.25,0,-7.77E-05
9.75,1.75,0,-9.83E-05
9.75,1.25,0,6.74E-05
9.75,0.75,0,8.86E-05
9.75,0.25,0,1.91E-05
9.75,-0.25,0,-2.38E-06
9.75,-0.75,0,-1.50E-04
9.75,-1.25,0,9.71E-05
9.75,-1.75,0,-4.55E-05
9.75,-2.25,0,-2.91E-05
9.75,-2.75,0,-2.38E-05
9.75,-3.25,0,-3.24E-05
9.75,-3.75,0,-4.30E-05
9.75,-4.25,0,4.51E-05
9.75,-4.75,0,2.27E-05
9.75,-5.25,0,3.71E-06
9.75,-5.75,0,2.12E-05
9.75,-6.25,0,-1.05E-05
9.75,-6.75,0,1.12E-04
9.75,-7.25,0,-2.79E-05
9.75,-7.75,0,4.67E-05
9.75,-8.25,0,-3.50E-05
9.75,-8.75,0,-1.97E-06
9.75,-9.25,0,2.01E-06
9.75,-9.75,0,-5.57E-06
9.75,-10.25,0,-2.96E-06
9.75,-10.75,0,2.34E-06
9.75,-11.25,0,-3.97E-07
9.75,-11.75,0,-1.60E-07
9.75,-12.25,0,1.65E-07
9.75,-12.75,0,-1.54E-07
9.75,-13.25,0,2.46E-08
9.75,-13.75,0,-1.99E-08
9.75,-14.25,0,-9.62E-09
9.75,-14.75,0,1.85E-08
10.25,14.75,0,1.54E-09
10.25,14.25,0,-6.77E-09
10.25,13.75,0,2.58E-08
10.25,13.25,0,-1.05E-08
10.25,12.75,0,-2.99E-08
10.25,12.25,0,1.37E-07
10.25,11.75,0,-1.40E-07
10.25,11.25,0,-5.00E-08
10.25,10.75,0,-2.16E-07
10.25,10.25,0,1.20E-06
10.25,9.75,0,1.21E-06
10.25,9.25,0,3.27E-06
10.25,8.75,0,-3.56E-06
10.25,8.25,0,7.17E-06
10.25,7.75,0,7.46E-06
10.25,7.25,0,-1.52E-06
10.25,6.75,0,-2.27E-06
10.25,6.25,0,-7.01E-06
10.25,5.75,0,1.51E-05
10.25,5.25,0,2.13E-05
10.25,4.75,0,-4.69E-05
10.25,4.25,0,-4.79E-06
10.25,3.75,0,3.17E-06
10.25,3.25,0,3.31E-05
10.25,2.75,0,-4.57E-05
10.25,2.25,0,1.39E-05
10.25,1.75,0,3.54E-05
10.25,1.25,0,-2.82E-05
10.25,0.75,0,-2.99E-05
10.25,0.25,0,-1.91E-05
10.25,-0.25,0,2.33E-05
10.25,-0.75,0,4.41E-05
10.25,-1.25,0,-3.05E-05
10.25,-1.75,0,-8.56E-06
10.25,-2.25,0,3.24E-06
10.25,-2.75,0,4.18E-05
10.25,-3.25,0,-2.94E-05
10.25,-3.75,0,4.45E-05
10.25,-4.25,0,-2.60E-05
10.25,-4.75,0,-2.54E-05
10.25,-5.25,0,-2.17E-05
10.25,-5.75,0,1.79E-05
10.25,-6.25,0,-1.82E-06
10.25,-6.75,0,-3.03E-05
10.25,-7.25,0,-1.79E-05
10.25,-7.75,0,-1.29E-05
10.25,-8.25,0,-6.35E-07
10.25,-8.75,0,3.89E-06
10.25,-9.25,0,-4.27E-06
10.25,-9.75,0,4.74E-06
10.25,-10.25,0,-1.89E-07
10.25,-10.75,0,-1.44E-06
10.25,-11.25,0,-2.58E-08
10.25,-11.75,0,2.53E-07
10.25,-12.25,0,-1.57E-07
10.25,-12.75,0,7.06E-08
10.25,-13.25,0,-5.21E-08
10.25,-13.75,0,2.89E-08
10.25,-14.25,0,-3.90E-09
10.25,-14.75,0,3.50E-09
10.75,14.75,0,5.46E-09
10.75,14.25,0,-2.50E-09
10.75,13.75,0,-2.59E-09
10.75,13.25,0,-2.52E-08
10.75,12.75,0,5.81E-08
10.75,12.25,0,8.22E-09
10.75,11.75,0,-1.71E-08
10.75,11.25,0,-1.69E-07
10.75,10.75,0,3.17E-07
10.75,10.25,0,1.17E-08
10.75,9.75,0,-3.89E-07
10.75,9.25,0,-1.62E-07
10.75,8.75,0,1.30E-06
10.75,8.25,0,-2.24E-07
10.75,7.75,0,-9.17E-07
10.75,7.25,0,5.24E-06
10.75,6.75,0,6.08E-06
10.75,6.25,0,-2.77E-06
10.75,5.75,0,-5.07E-06
10.75,5.25,0,1.18E-05
10.75,4.75,0,6.57E-06
10.75,4.25,0,1.49E-05
10.75,3.75,0,-8.74E-06
10.75,3.25,0,-1.51E-05
10.75,2.75,0,2.24E-05
10.75,2.25,0,4.21E-06
10.75,1.75,0,-1.90E-05
10.75,1.25,0,1.70E-06
10.75,0.75,0,1.55E-05
10.75,0.25,0,6.64E-06
10.75,-0.25,0,-1.27E-05
10.75,-0.75,0,-2.05E-05
10.75,-1.25,0,1.36E-05
10.75,-1.75,0,2.10E-05
10.75,-2.25,0,-1.30E-05
10.75,-2.75,0,-2.91E-06
10.75,-3.25,0,2.85E-05
10.75,-3.75,0,-1.50E-05
10.75,-4.25,0,1.51E-05
10.75,-4.75,0,-3.01E-06
10.75,-5.25,0,2.26E-05
10.75,-5.75,0,-8.13E-06
10.75,-6.25,0,-1.06E-05
10.75,-6.75,0,7.52E-06
10.75,-7.25,0,1.68E-05
10.75,-7.75,0,-2.70E-06
10.75,-8.25,0,1.69E-06
10.75,-8.75,0,1.21E-06
10.75,-9.25,0,5.03E-06
10.75,-9.75,0,-2.12E-06
10.75,-10.25,0,9.10E-07
10.75,-10.75,0,3.32E-07
10.75,-11.25,0,6.69E-08
10.75,-11.75,0,-1.83E-08
10.75,-12.25,0,7.43E-09
10.75,-12.75,0,-1.39E-08
10.75,-13.25,0,-2.46E-09
10.75,-13.75,0,-1.16E-09
10.75,-14.25,0,-9.14E-09
10.75,-14.75,0,5.54E-09
11.25,14.75,0,9.62E-10
11.25,14.25,0,-2.65E-09
11.25,13.75,0,1.50E-08
11.25,13.25,0,-1.16E-08
11.25,12.75,0,-2.28E-09
11.25,12.25,0,-2.68E-09
11.25,11.75,0,1.34E-08
11.25,11.25,0,-7.71E-09
11.25,10.75,0,1.46E-07
11.25,10.25,0,-3.08E-07
11.25,9.75,0,2.10E-07
11.25,9.25,0,-1.52E-07
11.25,8.75,0,6.86E-07
11.25,8.25,0,9.95E-08
11.25,7.75,0,1.88E-06
11.25,7.25,0,2.16E-06
11.25,6.75,0,-1.31E-06
11.25,6.25,0,6.43E-06
11.25,5.75,0,1.07E-06
11.25,5.25,0,-8.80E-06
11.25,4.75,0,1.74E-06
11.25,4.25,0,-5.23E-06
11.25,3.75,0,2.43E-06
11.25,3.25,0,9.16E-06
11.25,2.75,0,-3.09E-06
11.25,2.25,0,-3.16E-06
11.25,1.75,0,3.95E-06
11.25,1.25,0,-1.20E-06
11.25,0.75,0,-1.25E-05
11.25,0.25,0,1.88E-08
11.25,-0.25,0,4.17E-06
11.25,-0.75,0,3.55E-06
11.25,-1.25,0,-1.23E-06
11.25,-1.75,0,-1.14E-05
11.25,-2.25,0,3.00E-06
11.25,-2.75,0,-8.01E-06
11.25,-3.25,0,-6.25E-06
11.25,-3.75,0,1.05E-06
11.25,-4.25,0,-3.68E-06
11.25,-4.75,0,7.18E-07
11.25,-5.25,0,3.58E-06
11.25,-5.75,0,6.31E-08
11.25,-6.25,0,8.35E-06
11.25,-6.75,0,1.68E-06
11.25,-7.25,0,-8.21E-06
11.25,-7.75,0,4.59E-06
11.25,-8.25,0,5.05E-07
11.25,-8.75,0,3.96E-08
11.25,-9.25,0,-1.04E-06
11.25,-9.75,0,9.68E-07
11.25,-10.25,0,-3.45E-07
11.25,-10.75,0,-8.29E-09
11.25,-11.25,0,1.18E-07
11.25,-11.75,0,-4.28E-08
11.25,-12.25,0,-4.39E-09
11.25,-12.75,0,1.05E-10
11.25,-13.25,0,-2.18E-08
11.25,-13.75,0,1.75E-08
11.25,-14.25,0,-4.46E-09
11.25,-14.75,0,5.07E-09
11.75,14.75,0,3.54E-09
11.75,14.25,0,9.21E-11
11.75,13.75,0,-3.94E-09
11.75,13.25,0,-3.61E-09
11.75,12.75,0,7.62E-09
11.75,12.25,0,-1.52E-08
11.75,11.75,0,-1.28E-08
11.75,11.25,0,-3.25E-08
11.75,10.75,0,-2.70E-08
11.75,10.25,0,8.40E-08
11.75,9.75,0,4.27E-09
11.75,9.25,0,3.51E-07
11.75,8.75,0,-1.13E-06
11.75,8.25,0,-4.61E-07
11.75,7.75,0,-1.25E-06
11.75,7.25,0,-1.11E-06
11.75,6.75,0,6.44E-08
11.75,6.25,0,-1.16E-06
11.75,5.75,0,-1.02E-06
11.75,5.25,0,3.60E-06
11.75,4.75,0,-1.69E-07
11.75,4.25,0,2.33E-06
11.75,3.75,0,-2.76E-06
11.75,3.25,0,-1.54E-06
11.75,2.75,0,-3.31E-07
11.75,2.25,0,5.04E-06
11.75,1.75,0,-2.03E-06
11.75,1.25,0,8.33E-07
11.75,0.75,0,7.06E-06
11.75,0.25,0,3.00E-07
11.75,-0.25,0,2.44E-06
11.75,-0.75,0,-8.62E-07
11.75,-1.25,0,1.63E-06
11.75,-1.75,0,2.05E-06
11.75,-2.25,0,5.74E-08
11.75,-2.75,0,2.88E-06
11.75,-3.25,0,2.96E-06
11.75,-3.75,0,2.66E-07
11.75,-4.25,0,-6.69E-07
11.75,-4.75,0,3.15E-06
11.75,-5.25,0,-2.68E-06
11.75,-5.75,0,-3.36E-07
11.75,-6.25,0,-3.01E-06
11.75,-6.75,0,-4.64E-07
11.75,-7.25,0,1.12E-06
11.75,-7.75,0,-1.26E-06
11.75,-8.25,0,-1.27E-06
11.75,-8.75,0,-2.75E-07
11.75,-9.25,0,-3.83E-07
11.75,-9.75,0,-2.93E-07
11.75,-10.25,0,-2.19E-07
11.75,-10.75,0,-3.45E-08
11.75,-11.25,0,-1.26E-07
11.75,-11.75,0,-1.75E-08
11.75,-12.25,0,1.77E-08
11.75,-12.75,0,1.28E-09
11.75,-13.25,0,3.14E-09
11.75,-13.75,0,-9.50E-09
11.75,-14.25,0,-8.63E-11
11.75,-14.75,0,4.83E-09
12.25,14.75,0,2.86E-09
12.25,14.25,0,6.49E-10
12.25,13.75,0,2.26E-09
12.25,13.25,0,-4.05E-09
12.25,12.75,0,-6.83E-09
12.25,12.25,0,7.28E-09
12.25,11.75,0,1.03E-08
12.25,11.25,0,2.55E-08
12.25,10.75,0,-2.04E-08
12.25,10.25,0,-8.17E-08
12.25,9.75,0,-2.29E-08
12.25,9.25,0,-2.19E-07
12.25,8.75,0,4.49E-07
12.25,8.25,0,7.51E-08
12.25,7.75,0,4.37E-07
12.25,7.25,0,1.30E-07
12.25,6.75,0,-1.44E-07
12.25,6.25,0,4.46E-07
12.25,5.75,0,1.08E-06
12.25,5.25,0,-1.26E-06
12.25,4.75,0,-5.10E-08
12.25,4.25,0,-3.69E-07
12.25,3.75,0,1.42E-06
12.25,3.25,0,1.62E-06
12.25,2.75,0,-1.83E-07
12.25,2.25,0,-2.11E-06
12.25,1.75,0,-9.10E-07
12.25,1.25,0,2.08E-06
12.25,0.75,0,-1.75E-06
12.25,0.25,0,1.76E-06
12.25,-0.25,0,-1.98E-06
12.25,-0.75,0,4.04E-07
12.25,-1.25,0,-4.05E-07
12.25,-1.75,0,-3.84E-07
12.25,-2.25,0,1.22E-06
12.25,-2.75,0,4.54E-07
12.25,-3.25,0,-1.62E-06
12.25,-3.75,0,9.66E-07
12.25,-4.25,0,4.91E-07
12.25,-4.75,0,-5.87E-07
12.25,-5.25,0,1.46E-07
12.25,-5.75,0,3.98E-08
12.25,-6.25,0,1.03E-06
12.25,-6.75,0,1.98E-07
12.25,-7.25,0,-3.12E-07
12.25,-7.75,0,2.61E-07
12.25,-8.25,0,4.82E-07
12.25,-8.75,0,1.04E-07
12.25,-9.25,0,2.73E-07
12.25,-9.75,0,4.48E-08
12.25,-10.25,0,1.74E-07
12.25,-10.75,0,4.75E-09
12.25,-11.25,0,9.44E-08
12.25,-11.75,0,-4.22E-08
12.25,-12.25,0,5.20E-09
12.25,-12.75,0,-2.02E-08
12.25,-13.25,0,-1.20E-08
12.25,-13.75,0,3.57E-09
12.25,-14.25,0,-8.40E-11
12.25,-14.75,0,3.40E-09
12.75,14.75,0,3.57E-09
12.75,14.25,0,5.27E-10
12.75,13.75,0,4.25E-12
12.75,13.25,0,1.41E-09
12.75,12.75,0,7.15E-09
12.75,12.25,0,-1.22E-08
12.75,11.75,0,-1.93E-09
12.75,11.25,0,3.71E-09
12.75,10.75,0,1.09E-08
12.75,10.25,0,1.75E-08
12.75,9.75,0,7.71E-10
12.75,9.25,0,1.75E-07
12.75,8.75,0,3.67E-08
12.75,8.25,0,-2.90E-08
12.75,7.75,0,1.04E-08
12.75,7.25,0,4.15E-07
12.75,6.75,0,-8.71E-08
12.75,6.25,0,8.56E-09
12.75,5.75,0,3.27E-08
12.75,5.25,0,8.86E-07
12.75,4.75,0,4.56E-07
12.75,4.25,0,3.07E-07
12.75,3.75,0,-3.87E-07
12.75,3.25,0,-6.35E-07
12.75,2.75,0,4.54E-07
12.75,2.25,0,1.04E-06
12.75,1.75,0,3.28E-07
12.75,1.25,0,-1.45E-06
12.75,0.75,0,3.35E-07
12.75,0.25,0,-3.68E-07
12.75,-0.25,0,1.21E-06
12.75,-0.75,0,-4.06E-07
12.75,-1.25,0,5.98E-07
12.75,-1.75,0,8.17E-08
12.75,-2.25,0,-9.81E-08
12.75,-2.75,0,-6.98E-08
12.75,-3.25,0,8.37E-07
12.75,-3.75,0,-1.56E-07
12.75,-4.25,0,-2.76E-07
12.75,-4.75,0,-2.60E-08
12.75,-5.25,0,-5.97E-07
12.75,-5.75,0,3.78E-07
12.75,-6.25,0,-2.11E-07
12.75,-6.75,0,-5.16E-08
12.75,-7.25,0,4.71E-07
12.75,-7.75,0,5.32E-08
12.75,-8.25,0,-4.21E-07
12.75,-8.75,0,1.35E-07
12.75,-9.25,0,-1.59E-07
12.75,-9.75,0,1.05E-07
12.75,-10.25,0,-8.81E-08
12.75,-10.75,0,1.28E-08
12.75,-11.25,0,-3.65E-08
12.75,-11.75,0,1.07E-08
12.75,-12.25,0,-2.00E-08
12.75,-12.75,0,2.03E-08
12.75,-13.25,0,-3.93E-10
12.75,-13.75,0,2.75E-10
12.75,-14.25,0,3.27E-10
12.75,-14.75,0,4.48E-09
13.25,14.75,0,2.37E-09
13.25,14.25,0,3.46E-10
13.25,13.75,0,6.72E-11
13.25,13.25,0,-1.19E-09
13.25,12.75,0,1.68E-09
13.25,12.25,0,-3.92E-09
13.25,11.75,0,6.32E-10
13.25,11.25,0,-2.13E-08
13.25,10.75,0,1.69E-08
13.25,10.25,0,-3.74E-08
13.25,9.75,0,2.64E-09
13.25,9.25,0,-1.63E-08
13.25,8.75,0,-4.04E-08
13.25,8.25,0,-1.33E-07
13.25,7.75,0,-1.11E-07
13.25,7.25,0,-3.27E-07
13.25,6.75,0,-2.06E-07
13.25,6.25,0,-1.32E-07
13.25,5.75,0,-2.65E-07
13.25,5.25,0,-6.51E-07
13.25,4.75,0,-3.44E-07
13.25,4.25,0,-1.34E-07
13.25,3.75,0,3.60E-08
13.25,3.25,0,-2.27E-07
13.25,2.75,0,-4.49E-07
13.25,2.25,0,-6.55E-07
13.25,1.75,0,-3.55E-07
13.25,1.25,0,3.28E-07
13.25,0.75,0,-4.60E-07
13.25,0.25,0,-7.56E-08
13.25,-0.25,0,-6.39E-07
13.25,-0.75,0,-4.45E-08
13.25,-1.25,0,-4.74E-07
13.25,-1.75,0,-1.93E-07
13.25,-2.25,0,-1.28E-07
13.25,-2.75,0,-2.83E-07
13.25,-3.25,0,-4.01E-07
13.25,-3.75,0,-1.24E-07
13.25,-4.25,0,-2.39E-07
13.25,-4.75,0,9.34E-08
13.25,-5.25,0,-7.81E-08
13.25,-5.75,0,-2.39E-07
13.25,-6.25,0,-1.63E-07
13.25,-6.75,0,-8.76E-08
13.25,-7.25,0,-5.08E-07
13.25,-7.75,0,1.75E-07
13.25,-8.25,0,5.47E-08
13.25,-8.75,0,-9.49E-08
13.25,-9.25,0,-1.86E-08
13.25,-9.75,0,-3.38E-08
13.25,-10.25,0,-6.38E-08
13.25,-10.75,0,7.51E-10
13.25,-11.25,0,-3.99E-08
13.25,-11.75,0,8.93E-09
13.25,-12.25,0,-1.76E-10
13.25,-12.75,0,-1.36E-09
13.25,-13.25,0,-2.46E-09
13.25,-13.75,0,3.93E-10
13.25,-14.25,0,3.03E-10
13.25,-14.75,0,5.68E-09
13.75,14.75,0,4.29E-09
13.75,14.25,0,1.11E-09
13.75,13.75,0,8.97E-11
13.75,13.25,0,3.07E-10
13.75,12.75,0,-1.26E-10
13.75,12.25,0,3.28E-10
13.75,11.75,0,1.33E-09
13.75,11.25,0,7.12E-09
13.75,10.75,0,-1.21E-08
13.75,10.25,0,1.38E-08
13.75,9.75,0,-8.96E-09
13.75,9.25,0,3.26E-08
13.75,8.75,0,4.39E-08
13.75,8.25,0,1.06E-07
13.75,7.75,0,6.75E-08
13.75,7.25,0,1.69E-07
13.75,6.75,0,1.05E-07
13.75,6.25,0,9.45E-08
13.75,5.75,0,1.06E-07
13.75,5.25,0,3.03E-07
13.75,4.75,0,1.17E-07
13.75,4.25,0,5.53E-08
13.75,3.75,0,9.14E-08
13.75,3.25,0,2.54E-07
13.75,2.75,0,1.97E-07
13.75,2.25,0,3.53E-07
13.75,1.75,0,2.20E-07
13.75,1.25,0,1.20E-08
13.75,0.75,0,2.75E-07
13.75,0.25,0,1.25E-07
13.75,-0.25,0,1.52E-07
13.75,-0.75,0,5.40E-08
13.75,-1.25,0,1.92E-07
13.75,-1.75,0,1.70E-07
13.75,-2.25,0,1.03E-07
13.75,-2.75,0,1.49E-07
13.75,-3.25,0,1.25E-07
13.75,-3.75,0,1.16E-07
13.75,-4.25,0,1.43E-07
13.75,-4.75,0,-4.60E-09
13.75,-5.25,0,2.30E-07
13.75,-5.75,0,5.44E-08
13.75,-6.25,0,2.11E-07
13.75,-6.75,0,-1.65E-09
13.75,-7.25,0,2.86E-07
13.75,-7.75,0,1.45E-08
13.75,-8.25,0,4.08E-08
13.75,-8.75,0,3.51E-08
13.75,-9.25,0,3.42E-08
13.75,-9.75,0,-1.22E-08
13.75,-10.25,0,3.10E-08
13.75,-10.75,0,-1.94E-09
13.75,-11.25,0,2.50E-08
13.75,-11.75,0,-2.95E-09
13.75,-12.25,0,-9.24E-10
13.75,-12.75,0,-2.25E-09
13.75,-13.25,0,-7.23E-10
13.75,-13.75,0,-5.17E-10
13.75,-14.25,0,1.63E-09
13.75,-14.75,0,8.96E-09
14.25,14.75,0,6.04E-09
14.25,14.25,0,1.79E-09
14.25,13.75,0,8.85E-10
14.25,13.25,0,4.14E-10
14.25,12.75,0,3.86E-10
14.25,12.25,0,6.94E-11
14.25,11.75,0,-1.15E-10
14.25,11.25,0,9.60E-10
14.25,10.75,0,-3.12E-09
14.25,10.25,0,-9.01E-12
14.25,9.75,0,-1.01E-08
14.25,9.25,0,-1.16E-08
14.25,8.75,0,-5.44E-08
14.25,8.25,0,-3.70E-08
14.25,7.75,0,-6.66E-08
14.25,7.25,0,-3.22E-08
14.25,6.75,0,-3.53E-08
14.25,6.25,0,-7.41E-08
14.25,5.75,0,-1.18E-08
14.25,5.25,0,-4.76E-08
14.25,4.75,0,-3.98E-08
14.25,4.25,0,-5.83E-08
14.25,3.75,0,-2.36E-08
14.25,3.25,0,-7.55E-08
14.25,2.75,0,-1.62E-07
14.25,2.25,0,-8.18E-08
14.25,1.75,0,-1.49E-07
14.25,1.25,0,1.71E-08
14.25,0.75,0,-1.19E-07
14.25,0.25,0,-1.17E-07
14.25,-0.25,0,-5.38E-08
14.25,-0.75,0,-6.34E-08
14.25,-1.25,0,-7.39E-08
14.25,-1.75,0,-1.23E-07
14.25,-2.25,0,-1.43E-08
14.25,-2.75,0,-7.68E-08
14.25,-3.25,0,2.18E-08
14.25,-3.75,0,-1.35E-07
14.25,-4.25,0,2.07E-08
14.25,-4.75,0,-8.87E-09
14.25,-5.25,0,-1.00E-07
14.25,-5.75,0,-4.06E-08
14.25,-6.25,0,-1.00E-07
14.25,-6.75,0,1.66E-08
14.25,-7.25,0,-8.34E-08
14.25,-7.75,0,-3.58E-08
14.25,-8.25,0,-3.69E-08
14.25,-8.75,0,-4.57E-09
14.25,-9.25,0,-2.50E-08
14.25,-9.75,0,-7.22E-09
14.25,-10.25,0,-1.03E-08
14.25,-10.75,0,-7.55E-09
14.25,-11.25,0,-3.88E-09
14.25,-11.75,0,-9.05E-10
14.25,-12.25,0,5.97E-12
14.25,-12.75,0,-8.07E-10
14.25,-13.25,0,-3.59E-10
14.25,-13.75,0,1.99E-09
14.25,-14.25,0,2.85E-09
14.25,-14.75,0,9.69E-09
14.75,14.75,0,1.76E-08
14.75,14.25,0,6.72E-09
14.75,13.75,0,6.03E-09
14.75,13.25,0,5.70E-09
14.75,12.75,0,5.97E-09
14.75,12.25,0,3.43E-09
14.75,11.75,0,4.26E-09
14.75,11.25,0,2.10E-09
14.75,10.75,0,9.18E-09
14.75,10.25,0,1.59E-10
14.75,9.75,0,9.10E-09
14.75,9.25,0,6.17E-09
14.75,8.75,0,3.46E-08
14.75,8.25,0,1.42E-08
14.75,7.75,0,3.72E-08
14.75,7.25,0,-8.51E-09
14.75,6.75,0,2.57E-08
14.75,6.25,0,5.33E-08
14.75,5.75,0,-2.01E-08
14.75,5.25,0,-1.77E-08
14.75,4.75,0,-1.15E-08
14.75,4.25,0,4.75E-08
14.75,3.75,0,-5.86E-09
14.75,3.25,0,-1.44E-09
14.75,2.75,0,6.89E-08
14.75,2.25,0,4.03E-08
14.75,1.75,0,6.79E-08
14.75,1.25,0,1.00E-08
14.75,0.75,0,5.47E-08
14.75,0.25,0,4.61E-08
14.75,-0.25,0,2.71E-08
14.75,-0.75,0,-1.84E-09
14.75,-1.25,0,3.18E-08
14.75,-1.75,0,3.84E-08
14.75,-2.25,0,-3.55E-09
14.75,-2.75,0,3.56E-08
14.75,-3.25,0,4.13E-09
14.75,-3.75,0,4.80E-08
14.75,-4.25,0,-4.59E-08
14.75,-4.75,0,-2.25E-08
14.75,-5.25,0,3.57E-08
14.75,-5.75,0,2.92E-08
14.75,-6.25,0,1.79E-08
14.75,-6.75,0,1.63E-08
14.75,-7.25,0,2.71E-08
14.75,-7.75,0,2.01E-08
14.75,-8.25,0,-2.14E-09
14.75,-8.75,0,-7.82E-09
14.75,-9.25,0,6.95E-09
14.75,-9.75,0,1.46E-08
14.75,-10.25,0,1.65E-10
14.75,-10.75,0,8.69E-09
14.75,-11.25,0,5.39E-10
14.75,-11.75,0,5.57E-09
14.75,-12.25,0,2.47E-09
14.75,-12.75,0,4.68E-09
14.75,-13.25,0,2.84E-09
14.75,-13.75,0,5.10E-09
14.75,-14.25,0,9.28E-09
14.75,-14.75,0,1.66E-08
