-14.75,14.75,0,0.000325837
-14.75,14.25,0,4.60E-04
-14.75,13.75,0,3.74E-05
-14.75,13.25,0,0.001143043
-14.75,12.75,0,0.001777685
-14.75,12.25,0,1.32E-04
-14.75,11.75,0,-0.005178495
-14.75,11.25,0,-2.05E-03
-14.75,10.75,0,-0.000479418
-14.75,10.25,0,0.001583397
-14.75,9.75,0,1.87E-03
-14.75,9.25,0,0.00020522
-14.75,8.75,0,0.002976552
-14.75,8.25,0,0.000760175
-14.75,7.75,0,-7.62E-05
-14.75,7.25,0,-0.003646057
-14.75,6.75,0,-0.001476711
-14.75,6.25,0,-1.53E-03
-14.75,5.75,0,-0.000305669
-14.75,5.25,0,-0.000167782
-14.75,4.75,0,-0.000245838
-14.75,4.25,0,-0.00039083
-14.75,3.75,0,0.003129852
-14.75,3.25,0,0.001406254
-14.75,2.75,0,0.002278633
-14.75,2.25,0,1.84E-03
-14.75,1.75,0,-1.23E-04
-14.75,1.25,0,5.91E-05
-14.75,0.75,0,0.003280031
-14.75,0.25,0,0.001018171
-14.75,-0.25,0,-1.76E-03
-14.75,-0.75,0,0.003882817
-14.75,-1.25,0,0.000764659
-14.75,-1.75,0,-0.000475536
-14.75,-2.25,0,-0.000622695
-14.75,-2.75,0,-9.06E-04
-14.75,-3.25,0,-0.000577658
-14.75,-3.75,0,0.001677931
-14.75,-4.25,0,4.22E-03
-14.75,-4.75,0,0.003287421
-14.75,-5.25,0,0.001116821
-14.75,-5.75,0,0.000330842
-14.75,-6.25,0,8.70E-05
-14.75,-6.75,0,0.003434396
-14.75,-7.25,0,3.05E-03
-14.75,-7.75,0,-1.69E-03
-14.75,-8.25,0,-5.43E-04
-14.75,-8.75,0,0.002440266
-14.75,-9.25,0,8.87E-05
-14.75,-9.75,0,-0.001575344
-14.75,-10.25,0,-0.004571064
-14.75,-10.75,0,-0.000273458
-14.75,-11.25,0,-0.001202891
-14.75,-11.75,0,-0.001678042
-14.75,-12.25,0,-3.61E-03
-14.75,-12.75,0,0.001665273
-14.75,-13.25,0,0.007705876
-14.75,-13.75,0,8.73E-05
-14.75,-14.25,0,-0.000361927
-14.75,-14.75,0,-7.87E-05
-14.25,14.75,0,0.000244431
-14.25,14.25,0,4.70E-05
-14.25,13.75,0,-4.83E-06
-14.25,13.25,0,-0.000335144
-14.25,12.75,0,2.28E-04
-14.25,12.25,0,0.000938902
-14.25,11.75,0,-1.28E-03
-14.25,11.25,0,-5.24E-05
-14.25,10.75,0,-7.41E-05
-14.25,10.25,0,9.49E-05
-14.25,9.75,0,0.001729324
-14.25,9.25,0,-0.000335037
-14.25,8.75,0,2.38E-05
-14.25,8.25,0,-0.000952096
-14.25,7.75,0,5.13E-05
-14.25,7.25,0,0.001349668
-14.25,6.75,0,-3.02E-05
-14.25,6.25,0,-0.003351131
-14.25,5.75,0,-0.002189199
-14.25,5.25,0,-0.001428019
-14.25,4.75,0,-0.000801132
-14.25,4.25,0,-4.57E-06
-14.25,3.75,0,-4.12E-05
-14.25,3.25,0,-1.45E-03
-14.25,2.75,0,0.008236661
-14.25,2.25,0,0.000623111
-14.25,1.75,0,-0.004179119
-14.25,1.25,0,-0.001135493
-14.25,0.75,0,-0.001057054
-14.25,0.25,0,-0.000442169
-14.25,-0.25,0,-2.72E-04
-14.25,-0.75,0,0.002149342
-14.25,-1.25,0,0.000679814
-14.25,-1.75,0,-8.70E-06
-14.25,-2.25,0,-9.01E-05
-14.25,-2.75,0,-0.00031588
-14.25,-3.25,0,-0.001316901
-14.25,-3.75,0,-0.00201614
-14.25,-4.25,0,-0.003601243
-14.25,-4.75,0,-6.96E-05
-14.25,-5.25,0,-0.000905091
-14.25,-5.75,0,-0.001382252
-14.25,-6.25,0,-1.61E-04
-14.25,-6.75,0,0.000324623
-14.25,-7.25,0,0.000120985
-14.25,-7.75,0,1.42E-04
-14.25,-8.25,0,0.000696133
-14.25,-8.75,0,0.00196271
-14.25,-9.25,0,2.19E-04
-14.25,-9.75,0,0.000339446
-14.25,-10.25,0,0.003555414
-14.25,-10.75,0,2.63E-03
-14.25,-11.25,0,-0.001047492
-14.25,-11.75,0,-0.000333395
-14.25,-12.25,0,-0.003574477
-14.25,-12.75,0,0.001497365
-14.25,-13.25,0,1.12E-03
-14.25,-13.75,0,-0.001939156
-14.25,-14.25,0,-0.007800177
-14.25,-14.75,0,-0.005020629
-13.75,14.75,0,0.002967186
-13.75,14.25,0,-0.001725138
-13.75,13.75,0,-0.000167485
-13.75,13.25,0,-8.67E-04
-13.75,12.75,0,-9.37E-07
-13.75,12.25,0,2.26E-03
-13.75,11.75,0,8.67E-04
-13.75,11.25,0,0.001670171
-13.75,10.75,0,0.000486754
-13.75,10.25,0,6.51E-05
-13.75,9.75,0,0.00430724
-13.75,9.25,0,8.16E-04
-13.75,8.75,0,-0.002855687
-13.75,8.25,0,-0.00237301
-13.75,7.75,0,0.000800963
-13.75,7.25,0,0.001815582
-13.75,6.75,0,7.21E-05
-13.75,6.25,0,-1.65E-04
-13.75,5.75,0,-0.000899714
-13.75,5.25,0,0.000546226
-13.75,4.75,0,0.00418286
-13.75,4.25,0,1.01E-04
-13.75,3.75,0,-2.98E-03
-13.75,3.25,0,-0.00678517
-13.75,2.75,0,0.001447719
-13.75,2.25,0,0.000395355
-13.75,1.75,0,-1.05E-05
-13.75,1.25,0,-3.61E-04
-13.75,0.75,0,-0.002084263
-13.75,0.25,0,0.001569192
-13.75,-0.25,0,2.89E-03
-13.75,-0.75,0,0.000523281
-13.75,-1.25,0,0.000260105
-13.75,-1.75,0,0.00010333
-13.75,-2.25,0,0.000231252
-13.75,-2.75,0,-3.24E-04
-13.75,-3.25,0,-0.001556487
-13.75,-3.75,0,-2.13E-04
-13.75,-4.25,0,-6.41E-04
-13.75,-4.75,0,1.81E-05
-13.75,-5.25,0,-0.001649463
-13.75,-5.75,0,7.89E-05
-13.75,-6.25,0,1.81E-05
-13.75,-6.75,0,-0.001484051
-13.75,-7.25,0,-0.002573918
-13.75,-7.75,0,5.85E-06
-13.75,-8.25,0,9.12E-04
-13.75,-8.75,0,0.001219274
-13.75,-9.25,0,9.57E-05
-13.75,-9.75,0,2.24E-03
-13.75,-10.25,0,4.78E-04
-13.75,-10.75,0,1.60E-04
-13.75,-11.25,0,0.000129883
-13.75,-11.75,0,0.002768894
-13.75,-12.25,0,-0.000171773
-13.75,-12.75,0,2.20E-06
-13.75,-13.25,0,0.000234871
-13.75,-13.75,0,8.05E-05
-13.75,-14.25,0,-0.000318993
-13.75,-14.75,0,-0.001218495
-13.25,14.75,0,-0.000206126
-13.25,14.25,0,-0.00118823
-13.25,13.75,0,-0.000151513
-13.25,13.25,0,-0.000207963
-13.25,12.75,0,-1.70E-03
-13.25,12.25,0,2.75E-03
-13.25,11.75,0,0.000432378
-13.25,11.25,0,9.53E-05
-13.25,10.75,0,0.001229528
-13.25,10.25,0,-1.81E-05
-13.25,9.75,0,0.001407416
-13.25,9.25,0,0.000232054
-13.25,8.75,0,-0.004123332
-13.25,8.25,0,-9.20E-04
-13.25,7.75,0,8.71E-05
-13.25,7.25,0,0.001404748
-13.25,6.75,0,-0.001156651
-13.25,6.25,0,-0.000109965
-13.25,5.75,0,-0.000150411
-13.25,5.25,0,1.40E-03
-13.25,4.75,0,2.41E-03
-13.25,4.25,0,0.000188026
-13.25,3.75,0,-0.000444611
-13.25,3.25,0,-0.001972101
-13.25,2.75,0,0.001139386
-13.25,2.25,0,0.001448858
-13.25,1.75,0,0.002767927
-13.25,1.25,0,-0.000310798
-13.25,0.75,0,0.000867993
-13.25,0.25,0,0.006003306
-13.25,-0.25,0,3.07E-04
-13.25,-0.75,0,-0.000405962
-13.25,-1.25,0,-0.000186951
-13.25,-1.75,0,-9.61E-05
-13.25,-2.25,0,-0.000521093
-13.25,-2.75,0,4.31E-05
-13.25,-3.25,0,-0.000290241
-13.25,-3.75,0,1.32E-04
-13.25,-4.25,0,0.000297528
-13.25,-4.75,0,0.005367374
-13.25,-5.25,0,0.000909543
-13.25,-5.75,0,0.001438942
-13.25,-6.25,0,0.000403557
-13.25,-6.75,0,-0.000320252
-13.25,-7.25,0,-2.70E-05
-13.25,-7.75,0,4.49E-05
-13.25,-8.25,0,0.002544434
-13.25,-8.75,0,7.79E-04
-13.25,-9.25,0,-0.003907182
-13.25,-9.75,0,-0.000132962
-13.25,-10.25,0,-2.51E-04
-13.25,-10.75,0,0.000181215
-13.25,-11.25,0,0.000141014
-13.25,-11.75,0,1.39E-03
-13.25,-12.25,0,0.000114566
-13.25,-12.75,0,-0.001208901
-13.25,-13.25,0,-1.66E-05
-13.25,-13.75,0,0.001181764
-13.25,-14.25,0,2.73E-04
-13.25,-14.75,0,-0.000417116
-12.75,14.75,0,-6.65E-04
-12.75,14.25,0,-0.00136239
-12.75,13.75,0,-0.000709892
-12.75,13.25,0,-0.001088393
-12.75,12.75,0,-9.60E-05
-12.75,12.25,0,0.007382418
-12.75,11.75,0,0.003103428
-12.75,11.25,0,-0.000988166
-12.75,10.75,0,-6.26E-04
-12.75,10.25,0,-7.76E-04
-12.75,9.75,0,0.004029969
-12.75,9.25,0,0.003795809
-12.75,8.75,0,-3.14E-05
-12.75,8.25,0,-0.001215
-12.75,7.75,0,0.000162395
-12.75,7.25,0,0.002788911
-12.75,6.75,0,0.00018167
-12.75,6.25,0,-0.00131211
-12.75,5.75,0,-3.86E-05
-12.75,5.25,0,0.001630961
-12.75,4.75,0,0.001479365
-12.75,4.25,0,-0.000789992
-12.75,3.75,0,-1.52E-03
-12.75,3.25,0,-0.002669142
-12.75,2.75,0,0.000443135
-12.75,2.25,0,0.001539806
-12.75,1.75,0,0.001857591
-12.75,1.25,0,-0.005822049
-12.75,0.75,0,-9.73E-05
-12.75,0.25,0,0.002567829
-12.75,-0.25,0,4.26E-05
-12.75,-0.75,0,-7.08E-05
-12.75,-1.25,0,-0.000155939
-12.75,-1.75,0,-0.000652527
-12.75,-2.25,0,-0.000245372
-12.75,-2.75,0,-7.67E-05
-12.75,-3.25,0,-0.000593303
-12.75,-3.75,0,5.00E-04
-12.75,-4.25,0,0.000332665
-12.75,-4.75,0,0.000939179
-12.75,-5.25,0,3.38E-04
-12.75,-5.75,0,0.0013497
-12.75,-6.25,0,0.000239888
-12.75,-6.75,0,0.001076399
-12.75,-7.25,0,1.96E-03
-12.75,-7.75,0,1.13E-04
-12.75,-8.25,0,-1.14E-03
-12.75,-8.75,0,-4.73E-05
-12.75,-9.25,0,-0.000105401
-12.75,-9.75,0,-2.99E-04
-12.75,-10.25,0,-0.000934596
-12.75,-10.75,0,4.55E-04
-12.75,-11.25,0,4.43E-05
-12.75,-11.75,0,0.000183568
-12.75,-12.25,0,9.74E-04
-12.75,-12.75,0,-0.000500202
-12.75,-13.25,0,-4.38E-04
-12.75,-13.75,0,-0.000550086
-12.75,-14.25,0,-6.11E-05
-12.75,-14.75,0,-0.000557031
-12.25,14.75,0,-0.004148211
-12.25,14.25,0,-0.001295971
-12.25,13.75,0,-7.54E-05
-12.25,13.25,0,-0.000123596
-12.25,12.75,0,0.000449612
-12.25,12.25,0,0.0044013
-12.25,11.75,0,-0.001095044
-12.25,11.25,0,-0.000919161
-12.25,10.75,0,-0.002984918
-12.25,10.25,0,-1.97E-03
-12.25,9.75,0,3.79E-05
-12.25,9.25,0,-0.000124352
-12.25,8.75,0,-1.63E-05
-12.25,8.25,0,2.21E-04
-12.25,7.75,0,1.42E-03
-12.25,7.25,0,3.18E-03
-12.25,6.75,0,5.33E-05
-12.25,6.25,0,-0.000127753
-12.25,5.75,0,-0.00020823
-12.25,5.25,0,0.000986118
-12.25,4.75,0,-2.09E-05
-12.25,4.25,0,-4.09E-04
-12.25,3.75,0,-0.000127348
-12.25,3.25,0,1.56E-04
-12.25,2.75,0,0.000139162
-12.25,2.25,0,-0.000261188
-12.25,1.75,0,0.00043344
-12.25,1.25,0,-2.86E-04
-12.25,0.75,0,-0.000438875
-12.25,0.25,0,-0.001438922
-12.25,-0.25,0,-1.67E-04
-12.25,-0.75,0,0.002862595
-12.25,-1.25,0,0.000499931
-12.25,-1.75,0,-0.000471477
-12.25,-2.25,0,-0.001977247
-12.25,-2.75,0,-1.50E-04
-12.25,-3.25,0,7.89E-04
-12.25,-3.75,0,0.001371927
-12.25,-4.25,0,-1.41E-04
-12.25,-4.75,0,9.67E-04
-12.25,-5.25,0,2.84E-03
-12.25,-5.75,0,0.000117034
-12.25,-6.25,0,0.000497907
-12.25,-6.75,0,0.002954304
-12.25,-7.25,0,-0.002445757
-12.25,-7.75,0,-0.000451945
-12.25,-8.25,0,1.81E-03
-12.25,-8.75,0,0.001007842
-12.25,-9.25,0,0.001081243
-12.25,-9.75,0,-0.000658432
-12.25,-10.25,0,0.002527511
-12.25,-10.75,0,0.003056235
-12.25,-11.25,0,0.000528929
-12.25,-11.75,0,1.37E-04
-12.25,-12.25,0,1.91E-04
-12.25,-12.75,0,2.46E-04
-12.25,-13.25,0,0.001864323
-12.25,-13.75,0,-0.001338084
-12.25,-14.25,0,-0.000423308
-12.25,-14.75,0,-0.002369441
-11.75,14.75,0,-0.000304234
-11.75,14.25,0,-0.000211724
-11.75,13.75,0,-0.000671174
-11.75,13.25,0,0.000127353
-11.75,12.75,0,2.17E-03
-11.75,12.25,0,2.20E-04
-11.75,11.75,0,-0.002424821
-11.75,11.25,0,-0.000565617
-11.75,10.75,0,-0.001360855
-11.75,10.25,0,-0.000165493
-11.75,9.75,0,1.72E-04
-11.75,9.25,0,0.000203455
-11.75,8.75,0,-0.000287755
-11.75,8.25,0,1.64E-04
-11.75,7.75,0,0.000825289
-11.75,7.25,0,7.14E-05
-11.75,6.75,0,-0.000349433
-11.75,6.25,0,-4.25E-05
-11.75,5.75,0,0.001095713
-11.75,5.25,0,5.91E-05
-11.75,4.75,0,-0.004114392
-11.75,4.25,0,-2.38E-03
-11.75,3.75,0,6.60E-05
-11.75,3.25,0,0.001790381
-11.75,2.75,0,-0.003631347
-11.75,2.25,0,-0.003005824
-11.75,1.75,0,-4.36E-03
-11.75,1.25,0,-0.000173145
-11.75,0.75,0,8.65E-06
-11.75,0.25,0,-0.000337163
-11.75,-0.25,0,-9.19E-04
-11.75,-0.75,0,0.000642437
-11.75,-1.25,0,0.000665149
-11.75,-1.75,0,1.97E-03
-11.75,-2.25,0,2.84E-05
-11.75,-2.75,0,-8.15E-05
-11.75,-3.25,0,0.001424633
-11.75,-3.75,0,0.000150375
-11.75,-4.25,0,-2.15E-04
-11.75,-4.75,0,-1.72E-04
-11.75,-5.25,0,-0.000376797
-11.75,-5.75,0,-4.46E-03
-11.75,-6.25,0,-0.001199391
-11.75,-6.75,0,0.000161644
-11.75,-7.25,0,-1.30E-03
-11.75,-7.75,0,-2.25E-03
-11.75,-8.25,0,3.70E-04
-11.75,-8.75,0,0.001027118
-11.75,-9.25,0,0.001676135
-11.75,-9.75,0,0.000110486
-11.75,-10.25,0,0.00098464
-11.75,-10.75,0,0.001317884
-11.75,-11.25,0,-0.002605971
-11.75,-11.75,0,0.000473203
-11.75,-12.25,0,-0.000256752
-11.75,-12.75,0,7.87E-06
-11.75,-13.25,0,0.002750168
-11.75,-13.75,0,-0.000600389
-11.75,-14.25,0,-0.000115831
-11.75,-14.75,0,-3.32E-05
-11.25,14.75,0,-0.00035177
-11.25,14.25,0,-6.07E-04
-11.25,13.75,0,-0.001480637
-11.25,13.25,0,0.000934241
-11.25,12.75,0,8.23E-05
-11.25,12.25,0,3.77E-05
-11.25,11.75,0,-6.02E-05
-11.25,11.25,0,0.000602335
-11.25,10.75,0,-0.002061054
-11.25,10.25,0,-1.02E-03
-11.25,9.75,0,0.000501133
-11.25,9.25,0,-0.002235727
-11.25,8.75,0,-3.59E-03
-11.25,8.25,0,0.000666002
-11.25,7.75,0,0.000710487
-11.25,7.25,0,-0.000178297
-11.25,6.75,0,-0.000910365
-11.25,6.25,0,-0.001139535
-11.25,5.75,0,-0.000206697
-11.25,5.25,0,-1.54E-05
-11.25,4.75,0,-0.000290953
-11.25,4.25,0,-8.93E-04
-11.25,3.75,0,-1.51E-03
-11.25,3.25,0,-0.000285501
-11.25,2.75,0,-0.000615131
-11.25,2.25,0,-0.000131161
-11.25,1.75,0,-0.003979678
-11.25,1.25,0,-0.000712929
-11.25,0.75,0,0.000263717
-11.25,0.25,0,-3.58E-05
-11.25,-0.25,0,5.60E-04
-11.25,-0.75,0,0.000419189
-11.25,-1.25,0,0.000130052
-11.25,-1.75,0,1.70E-06
-11.25,-2.25,0,-0.000261969
-11.25,-2.75,0,-0.002186355
-11.25,-3.25,0,7.40E-05
-11.25,-3.75,0,0.000626322
-11.25,-4.25,0,1.12E-03
-11.25,-4.75,0,0.000922975
-11.25,-5.25,0,-3.32E-03
-11.25,-5.75,0,-5.03E-04
-11.25,-6.25,0,1.06E-03
-11.25,-6.75,0,3.94E-05
-11.25,-7.25,0,-0.000725436
-11.25,-7.75,0,-0.000234997
-11.25,-8.25,0,-0.000158081
-11.25,-8.75,0,-0.00041202
-11.25,-9.25,0,-0.000339181
-11.25,-9.75,0,-0.001281363
-11.25,-10.25,0,-0.004072022
-11.25,-10.75,0,-1.30E-03
-11.25,-11.25,0,-0.000110223
-11.25,-11.75,0,0.000450238
-11.25,-12.25,0,-0.000263478
-11.25,-12.75,0,-2.78E-03
-11.25,-13.25,0,0.001812276
-11.25,-13.75,0,-0.0007497
-11.25,-14.25,0,-8.61E-05
-11.25,-14.75,0,1.71E-04
-10.75,14.75,0,8.57E-05
-10.75,14.25,0,0.002105239
-10.75,13.75,0,0.000334671
-10.75,13.25,0,-0.000509701
-10.75,12.75,0,-5.04E-03
-10.75,12.25,0,-0.001016159
-10.75,11.75,0,-0.001398413
-10.75,11.25,0,-0.000206416
-10.75,10.75,0,-0.001219414
-10.75,10.25,0,-0.000180027
-10.75,9.75,0,-0.000222148
-10.75,9.25,0,-0.002685039
-10.75,8.75,0,-0.000674063
-10.75,8.25,0,0.000392961
-10.75,7.75,0,7.55E-05
-10.75,7.25,0,-0.000332634
-10.75,6.75,0,-7.68E-05
-10.75,6.25,0,-0.000270643
-10.75,5.75,0,-0.001117401
-10.75,5.25,0,-9.13E-06
-10.75,4.75,0,7.09E-05
-10.75,4.25,0,-7.17E-04
-10.75,3.75,0,-0.001755662
-10.75,3.25,0,-2.99E-03
-10.75,2.75,0,0.000610707
-10.75,2.25,0,0.006781718
-10.75,1.75,0,0.001292784
-10.75,1.25,0,0.001133124
-10.75,0.75,0,0.001642525
-10.75,0.25,0,-0.001084807
-10.75,-0.25,0,-1.57E-03
-10.75,-0.75,0,-0.001546591
-10.75,-1.25,0,-7.55E-05
-10.75,-1.75,0,-0.000130015
-10.75,-2.25,0,-0.000426656
-10.75,-2.75,0,-0.003667541
-10.75,-3.25,0,0.002351459
-10.75,-3.75,0,1.50E-03
-10.75,-4.25,0,4.78E-04
-10.75,-4.75,0,0.006183554
-10.75,-5.25,0,-0.00114535
-10.75,-5.75,0,-0.001522937
-10.75,-6.25,0,0.001196402
-10.75,-6.75,0,7.85E-04
-10.75,-7.25,0,-6.13E-04
-10.75,-7.75,0,-0.000669798
-10.75,-8.25,0,-0.000696672
-10.75,-8.75,0,-0.001252855
-10.75,-9.25,0,-0.001725779
-10.75,-9.75,0,-0.000152131
-10.75,-10.25,0,6.14E-05
-10.75,-10.75,0,1.58E-03
-10.75,-11.25,0,0.000870076
-10.75,-11.75,0,-5.46E-05
-10.75,-12.25,0,-1.30E-03
-10.75,-12.75,0,-2.75E-03
-10.75,-13.25,0,-0.000266652
-10.75,-13.75,0,-0.001769831
-10.75,-14.25,0,-0.001134751
-10.75,-14.75,0,0.001498721
-10.25,14.75,0,0.000395838
-10.25,14.25,0,0.005020171
-10.25,13.75,0,0.001615815
-10.25,13.25,0,-0.000796791
-10.25,12.75,0,-0.003197473
-10.25,12.25,0,-2.62E-03
-10.25,11.75,0,-0.002054858
-10.25,11.25,0,-0.002003088
-10.25,10.75,0,-0.000384125
-10.25,10.25,0,-0.001446862
-10.25,9.75,0,-2.27E-03
-10.25,9.25,0,0.000117945
-10.25,8.75,0,0.000820217
-10.25,8.25,0,0.000668847
-10.25,7.75,0,1.72E-03
-10.25,7.25,0,0.00038294
-10.25,6.75,0,0.000276229
-10.25,6.25,0,-0.001614971
-10.25,5.75,0,-0.002043306
-10.25,5.25,0,-2.70E-06
-10.25,4.75,0,0.000786392
-10.25,4.25,0,3.54E-05
-10.25,3.75,0,-0.00014917
-10.25,3.25,0,-2.48E-04
-10.25,2.75,0,0.000320931
-10.25,2.25,0,0.00020501
-10.25,1.75,0,0.005944935
-10.25,1.25,0,5.57E-05
-10.25,0.75,0,0.000101552
-10.25,0.25,0,-0.001436837
-10.25,-0.25,0,-4.77E-03
-10.25,-0.75,0,-0.000472919
-10.25,-1.25,0,-0.000182312
-10.25,-1.75,0,0.000436872
-10.25,-2.25,0,4.96E-03
-10.25,-2.75,0,-0.000106669
-10.25,-3.25,0,0.003590558
-10.25,-3.75,0,0.00033084
-10.25,-4.25,0,0.000147985
-10.25,-4.75,0,0.003139013
-10.25,-5.25,0,0.000673254
-10.25,-5.75,0,-0.000127501
-10.25,-6.25,0,-1.17E-07
-10.25,-6.75,0,-3.09E-05
-10.25,-7.25,0,-0.00089787
-10.25,-7.75,0,-1.83E-03
-10.25,-8.25,0,-4.79E-04
-10.25,-8.75,0,-0.000345796
-10.25,-9.25,0,-0.001450223
-10.25,-9.75,0,-2.80E-05
-10.25,-10.25,0,6.99E-05
-10.25,-10.75,0,0.00039433
-10.25,-11.25,0,3.16E-04
-10.25,-11.75,0,-2.42E-03
-10.25,-12.25,0,-2.77E-03
-10.25,-12.75,0,-0.000285507
-10.25,-13.25,0,-0.002085718
-10.25,-13.75,0,-0.000249429
-10.25,-14.25,0,-6.33E-05
-10.25,-14.75,0,-3.51E-04
-9.75,14.75,0,-9.88E-05
-9.75,14.25,0,0.002173127
-9.75,13.75,0,0.000510717
-9.75,13.25,0,0.001397496
-9.75,12.75,0,0.001097333
-9.75,12.25,0,-0.000911332
-9.75,11.75,0,-0.001882718
-9.75,11.25,0,-0.000203075
-9.75,10.75,0,-0.000627437
-9.75,10.25,0,-0.000186644
-9.75,9.75,0,7.64E-05
-9.75,9.25,0,0.002606764
-9.75,8.75,0,0.001880584
-9.75,8.25,0,0.000532337
-9.75,7.75,0,0.00237758
-9.75,7.25,0,0.000128065
-9.75,6.75,0,0.000885929
-9.75,6.25,0,-0.002387926
-9.75,5.75,0,-2.95E-05
-9.75,5.25,0,3.63E-05
-9.75,4.75,0,2.44E-04
-9.75,4.25,0,-7.04E-05
-9.75,3.75,0,-0.000299744
-9.75,3.25,0,-0.00020584
-9.75,2.75,0,-6.48E-04
-9.75,2.25,0,-0.001066493
-9.75,1.75,0,-0.000746458
-9.75,1.25,0,-0.00054045
-9.75,0.75,0,-0.000559486
-9.75,0.25,0,-0.000258097
-9.75,-0.25,0,-3.42E-04
-9.75,-0.75,0,-0.000163837
-9.75,-1.25,0,-0.00026267
-9.75,-1.75,0,-0.000209594
-9.75,-2.25,0,0.000741042
-9.75,-2.75,0,-0.000718723
-9.75,-3.25,0,-1.08E-03
-9.75,-3.75,0,-0.00111086
-9.75,-4.25,0,-0.003067595
-9.75,-4.75,0,-3.70E-04
-9.75,-5.25,0,6.43E-05
-9.75,-5.75,0,0.001991787
-9.75,-6.25,0,1.80E-05
-9.75,-6.75,0,2.07E-05
-9.75,-7.25,0,0.001771864
-9.75,-7.75,0,0.000234158
-9.75,-8.25,0,0.000101266
-9.75,-8.75,0,0.000191381
-9.75,-9.25,0,0.003854891
-9.75,-9.75,0,0.002866413
-9.75,-10.25,0,-0.000325918
-9.75,-10.75,0,-3.14E-05
-9.75,-11.25,0,0.000123856
-9.75,-11.75,0,7.06E-04
-9.75,-12.25,0,-3.85E-05
-9.75,-12.75,0,8.33E-05
-9.75,-13.25,0,-0.002195764
-9.75,-13.75,0,5.32E-05
-9.75,-14.25,0,0.000291851
-9.75,-14.75,0,-0.001846907
-9.25,14.75,0,-0.000205539
-9.25,14.25,0,1.08E-03
-9.25,13.75,0,0.004131518
-9.25,13.25,0,0.001342898
-9.25,12.75,0,7.99E-04
-9.25,12.25,0,2.27E-03
-9.25,11.75,0,-9.11E-05
-9.25,11.25,0,-7.70E-04
-9.25,10.75,0,-0.000502003
-9.25,10.25,0,-0.000783991
-9.25,9.75,0,0.000687223
-9.25,9.25,0,7.11E-04
-9.25,8.75,0,-6.13E-05
-9.25,8.25,0,6.27E-05
-9.25,7.75,0,0.000851668
-9.25,7.25,0,-0.002434755
-9.25,6.75,0,2.20E-04
-9.25,6.25,0,0.000195029
-9.25,5.75,0,0.002271364
-9.25,5.25,0,1.10E-03
-9.25,4.75,0,-3.69E-04
-9.25,4.25,0,-4.03E-04
-9.25,3.75,0,6.21E-05
-9.25,3.25,0,-0.001240604
-9.25,2.75,0,-0.000690325
-9.25,2.25,0,-0.001200692
-9.25,1.75,0,-0.001695811
-9.25,1.25,0,-0.000635654
-9.25,0.75,0,-0.000834884
-9.25,0.25,0,-0.000525815
-9.25,-0.25,0,-5.62E-05
-9.25,-0.75,0,0.000948532
-9.25,-1.25,0,-0.000669262
-9.25,-1.75,0,0.000799393
-9.25,-2.25,0,-0.001004582
-9.25,-2.75,0,-0.00186871
-9.25,-3.25,0,-1.89E-03
-9.25,-3.75,0,-1.90E-03
-9.25,-4.25,0,-0.000482321
-9.25,-4.75,0,0.003191209
-9.25,-5.25,0,9.45E-04
-9.25,-5.75,0,9.44E-05
-9.25,-6.25,0,-2.61E-05
-9.25,-6.75,0,0.000112064
-9.25,-7.25,0,2.26E-03
-9.25,-7.75,0,0.001269905
-9.25,-8.25,0,0.000694188
-9.25,-8.75,0,0.002280652
-9.25,-9.25,0,0.003352091
-9.25,-9.75,0,-4.69E-05
-9.25,-10.25,0,-0.000265906
-9.25,-10.75,0,0.001486129
-9.25,-11.25,0,5.96E-04
-9.25,-11.75,0,2.21E-03
-9.25,-12.25,0,0.002118718
-9.25,-12.75,0,-1.05E-05
-9.25,-13.25,0,-0.00182925
-9.25,-13.75,0,0.000137031
-9.25,-14.25,0,0.002890498
-9.25,-14.75,0,-0.000160651
-8.75,14.75,0,-5.95E-05
-8.75,14.25,0,-0.000700392
-8.75,13.75,0,1.42E-03
-8.75,13.25,0,2.81E-05
-8.75,12.75,0,-0.001332042
-8.75,12.25,0,-0.000373976
-8.75,11.75,0,-0.00318942
-8.75,11.25,0,-0.001410304
-8.75,10.75,0,-0.00010953
-8.75,10.25,0,-2.91E-05
-8.75,9.75,0,0.000920214
-8.75,9.25,0,-0.000349091
-8.75,8.75,0,-0.000243655
-8.75,8.25,0,0.0010028
-8.75,7.75,0,6.60E-05
-8.75,7.25,0,9.63E-05
-8.75,6.75,0,0.000631226
-8.75,6.25,0,5.31E-04
-8.75,5.75,0,4.99E-04
-8.75,5.25,0,-1.93E-05
-8.75,4.75,0,0.000344916
-8.75,4.25,0,2.48E-03
-8.75,3.75,0,0.001302991
-8.75,3.25,0,-5.95E-04
-8.75,2.75,0,3.81E-04
-8.75,2.25,0,-0.000458678
-8.75,1.75,0,0.000465265
-8.75,1.25,0,-2.99E-05
-8.75,0.75,0,0.00078982
-8.75,0.25,0,0.001662988
-8.75,-0.25,0,-9.46E-04
-8.75,-0.75,0,0.001090591
-8.75,-1.25,0,-0.00030314
-8.75,-1.75,0,0.001791062
-8.75,-2.25,0,0.00119019
-8.75,-2.75,0,0.000492808
-8.75,-3.25,0,0.003781791
-8.75,-3.75,0,0.001989092
-8.75,-4.25,0,0.003509981
-8.75,-4.75,0,0.003874094
-8.75,-5.25,0,0.003903201
-8.75,-5.75,0,0.000740849
-8.75,-6.25,0,0.00060654
-8.75,-6.75,0,1.88E-04
-8.75,-7.25,0,-0.002494841
-8.75,-7.75,0,-0.000896155
-8.75,-8.25,0,0.000658079
-8.75,-8.75,0,0.001279928
-8.75,-9.25,0,8.06E-05
-8.75,-9.75,0,-3.60E-03
-8.75,-10.25,0,-7.21E-05
-8.75,-10.75,0,9.90E-04
-8.75,-11.25,0,0.000332488
-8.75,-11.75,0,0.001361697
-8.75,-12.25,0,3.01E-05
-8.75,-12.75,0,-1.18E-05
-8.75,-13.25,0,-5.04E-06
-8.75,-13.75,0,-0.000243905
-8.75,-14.25,0,-0.000974157
-8.75,-14.75,0,-0.001233526
-8.25,14.75,0,0.001251577
-8.25,14.25,0,-0.001373493
-8.25,13.75,0,6.73E-05
-8.25,13.25,0,-8.39E-04
-8.25,12.75,0,-0.000378068
-8.25,12.25,0,0.000125784
-8.25,11.75,0,7.42E-05
-8.25,11.25,0,-6.63E-05
-8.25,10.75,0,-1.89E-04
-8.25,10.25,0,-0.000884633
-8.25,9.75,0,-0.000245196
-8.25,9.25,0,0.000431301
-8.25,8.75,0,4.26E-04
-8.25,8.25,0,3.89E-03
-8.25,7.75,0,0.000623383
-8.25,7.25,0,-0.000378564
-8.25,6.75,0,-0.0007621
-8.25,6.25,0,1.89E-03
-8.25,5.75,0,2.34E-03
-8.25,5.25,0,0.00199558
-8.25,4.75,0,0.002056127
-8.25,4.25,0,2.68E-03
-8.25,3.75,0,0.002105614
-8.25,3.25,0,1.05E-03
-8.25,2.75,0,0.00067782
-8.25,2.25,0,0.003161878
-8.25,1.75,0,0.007014739
-8.25,1.25,0,0.004673227
-8.25,0.75,0,0.005044824
-8.25,0.25,0,0.003513877
-8.25,-0.25,0,-1.11E-03
-8.25,-0.75,0,0.003860966
-8.25,-1.25,0,-0.006869076
-8.25,-1.75,0,0.00149157
-8.25,-2.25,0,0.004106492
-8.25,-2.75,0,0.002933086
-8.25,-3.25,0,4.10E-03
-8.25,-3.75,0,0.000465009
-8.25,-4.25,0,4.95E-04
-8.25,-4.75,0,0.00145046
-8.25,-5.25,0,0.001598979
-8.25,-5.75,0,0.000418259
-8.25,-6.25,0,-4.79E-05
-8.25,-6.75,0,0.000258504
-8.25,-7.25,0,-0.004152529
-8.25,-7.75,0,-0.002777963
-8.25,-8.25,0,-0.000155962
-8.25,-8.75,0,0.001282417
-8.25,-9.25,0,0.005216094
-8.25,-9.75,0,0.000213266
-8.25,-10.25,0,0.000137343
-8.25,-10.75,0,0.000244473
-8.25,-11.25,0,0.002599245
-8.25,-11.75,0,1.37E-04
-8.25,-12.25,0,-0.004280583
-8.25,-12.75,0,-2.99E-03
-8.25,-13.25,0,-0.000674899
-8.25,-13.75,0,-0.000300952
-8.25,-14.25,0,-0.004090323
-8.25,-14.75,0,-0.001630043
-7.75,14.75,0,5.13E-05
-7.75,14.25,0,3.58E-05
-7.75,13.75,0,-0.000200542
-7.75,13.25,0,-0.003791313
-7.75,12.75,0,-2.94E-04
-7.75,12.25,0,4.34E-03
-7.75,11.75,0,0.000430023
-7.75,11.25,0,0.000187325
-7.75,10.75,0,0.001158829
-7.75,10.25,0,-0.001592051
-7.75,9.75,0,-0.004124847
-7.75,9.25,0,0.000302233
-7.75,8.75,0,0.000473214
-7.75,8.25,0,0.00153135
-7.75,7.75,0,-0.000373556
-7.75,7.25,0,-0.000263814
-7.75,6.75,0,-0.004557265
-7.75,6.25,0,-0.001604167
-7.75,5.75,0,0.001319636
-7.75,5.25,0,-0.001488065
-7.75,4.75,0,7.35E-05
-7.75,4.25,0,-6.53E-04
-7.75,3.75,0,-0.00122435
-7.75,3.25,0,0.001230744
-7.75,2.75,0,-0.007612641
-7.75,2.25,0,-0.001869857
-7.75,1.75,0,-0.001006493
-7.75,1.25,0,0.000294118
-7.75,0.75,0,0.001840871
-7.75,0.25,0,-0.000113683
-7.75,-0.25,0,5.83E-04
-7.75,-0.75,0,-0.001205957
-7.75,-1.25,0,-0.009104535
-7.75,-1.75,0,-0.000844742
-7.75,-2.25,0,-0.002143594
-7.75,-2.75,0,-0.005048155
-7.75,-3.25,0,-0.001561043
-7.75,-3.75,0,-0.003594257
-7.75,-4.25,0,-0.000781579
-7.75,-4.75,0,2.50E-03
-7.75,-5.25,0,0.002703746
-7.75,-5.75,0,2.87E-03
-7.75,-6.25,0,-0.00215621
-7.75,-6.75,0,-0.000536178
-7.75,-7.25,0,0.002033054
-7.75,-7.75,0,0.001215861
-7.75,-8.25,0,1.88E-04
-7.75,-8.75,0,0.00056451
-7.75,-9.25,0,0.002162163
-7.75,-9.75,0,-1.66E-06
-7.75,-10.25,0,-0.000565748
-7.75,-10.75,0,-5.83E-05
-7.75,-11.25,0,0.001887611
-7.75,-11.75,0,0.000255997
-7.75,-12.25,0,-0.003641517
-7.75,-12.75,0,-0.000744032
-7.75,-13.25,0,-0.002171936
-7.75,-13.75,0,-0.000830575
-7.75,-14.25,0,-4.33E-05
-7.75,-14.75,0,-0.000387128
-7.25,14.75,0,-0.000423564
-7.25,14.25,0,-5.41E-06
-7.25,13.75,0,0.000649047
-7.25,13.25,0,-1.38E-03
-7.25,12.75,0,-0.003691086
-7.25,12.25,0,0.000626554
-7.25,11.75,0,0.000309087
-7.25,11.25,0,0.000232296
-7.25,10.75,0,0.004738658
-7.25,10.25,0,-4.36E-05
-7.25,9.75,0,-0.00160535
-7.25,9.25,0,-6.25E-05
-7.25,8.75,0,0.000530277
-7.25,8.25,0,0.001646584
-7.25,7.75,0,-0.002600977
-7.25,7.25,0,-0.001742632
-7.25,6.75,0,0.003806883
-7.25,6.25,0,1.02E-02
-7.25,5.75,0,0.013823217
-7.25,5.25,0,8.39E-03
-7.25,4.75,0,0.003472731
-7.25,4.25,0,0.003602099
-7.25,3.75,0,0.009010243
-7.25,3.25,0,5.10E-03
-7.25,2.75,0,0.010795451
-7.25,2.25,0,2.10E-02
-7.25,1.75,0,0.009022582
-7.25,1.25,0,0.007156723
-7.25,0.75,0,0.002579074
-7.25,0.25,0,0.006590468
-7.25,-0.25,0,6.87E-03
-7.25,-0.75,0,0.023849477
-7.25,-1.25,0,0.005173219
-7.25,-1.75,0,0.008165856
-7.25,-2.25,0,0.012389957
-7.25,-2.75,0,-0.005799904
-7.25,-3.25,0,0.014235527
-7.25,-3.75,0,-1.25E-03
-7.25,-4.25,0,0.006049283
-7.25,-4.75,0,6.53E-03
-7.25,-5.25,0,-0.001226295
-7.25,-5.75,0,-0.000139173
-7.25,-6.25,0,0.013167311
-7.25,-6.75,0,0.011658481
-7.25,-7.25,0,0.00143494
-7.25,-7.75,0,-9.71E-04
-7.25,-8.25,0,0.001210724
-7.25,-8.75,0,0.000380375
-7.25,-9.25,0,-0.000394166
-7.25,-9.75,0,-0.000280575
-7.25,-10.25,0,-0.001737456
-7.25,-10.75,0,-1.93E-03
-7.25,-11.25,0,-2.09E-05
-7.25,-11.75,0,4.01E-05
-7.25,-12.25,0,-1.71E-03
-7.25,-12.75,0,2.54E-03
-7.25,-13.25,0,0.000185333
-7.25,-13.75,0,0.000182041
-7.25,-14.25,0,1.67E-04
-7.25,-14.75,0,-0.003436296
-6.75,14.75,0,-0.003461196
-6.75,14.25,0,0.00043621
-6.75,13.75,0,5.29E-04
-6.75,13.25,0,0.004105309
-6.75,12.75,0,0.000216485
-6.75,12.25,0,0.001004301
-6.75,11.75,0,-0.000118285
-6.75,11.25,0,-2.39E-04
-6.75,10.75,0,1.77E-03
-6.75,10.25,0,0.000120707
-6.75,9.75,0,-0.004295717
-6.75,9.25,0,-0.002527571
-6.75,8.75,0,0.000847614
-6.75,8.25,0,0.001807281
-6.75,7.75,0,-0.001991218
-6.75,7.25,0,1.21E-02
-6.75,6.75,0,0.369717859
-6.75,6.25,0,0.371101346
-6.75,5.75,0,3.57E-01
-6.75,5.25,0,0.376623068
-6.75,4.75,0,0.433207482
-6.75,4.25,0,0.376475326
-6.75,3.75,0,3.74E-01
-6.75,3.25,0,0.371872244
-6.75,2.75,0,0.356324841
-6.75,2.25,0,0.382778147
-6.75,1.75,0,0.379874996
-6.75,1.25,0,0.369322239
-6.75,0.75,0,0.381654239
-6.75,0.25,0,3.76E-01
-6.75,-0.25,0,3.70E-01
-6.75,-0.75,0,0.387345759
-6.75,-1.25,0,0.376733923
-6.75,-1.75,0,0.386419727
-6.75,-2.25,0,0.362857753
-6.75,-2.75,0,0.401418618
-6.75,-3.25,0,0.381860624
-6.75,-3.75,0,0.382755985
-6.75,-4.25,0,0.381870542
-6.75,-4.75,0,3.66E-01
-6.75,-5.25,0,0.425495997
-6.75,-5.75,0,0.342745471
-6.75,-6.25,0,0.384969316
-6.75,-6.75,0,0.370209745
-6.75,-7.25,0,0.02676609
-6.75,-7.75,0,-0.009244417
-6.75,-8.25,0,-0.000271256
-6.75,-8.75,0,9.55E-05
-6.75,-9.25,0,-1.42E-03
-6.75,-9.75,0,-0.002156308
-6.75,-10.25,0,-0.000605977
-6.75,-10.75,0,-0.000290183
-6.75,-11.25,0,-1.09E-04
-6.75,-11.75,0,0.000334058
-6.75,-12.25,0,-0.000792877
-6.75,-12.75,0,9.34E-04
-6.75,-13.25,0,0.001999445
-6.75,-13.75,0,-9.91E-04
-6.75,-14.25,0,-0.000101808
-6.75,-14.75,0,-0.000743209
-6.25,14.75,0,-3.75E-05
-6.25,14.25,0,0.001011024
-6.25,13.75,0,0.000279945
-6.25,13.25,0,0.000616873
-6.25,12.75,0,0.000675819
-6.25,12.25,0,0.0011968
-6.25,11.75,0,1.12E-03
-6.25,11.25,0,-0.000372231
-6.25,10.75,0,0.000751464
-6.25,10.25,0,0.002469127
-6.25,9.75,0,-0.000677024
-6.25,9.25,0,1.73E-05
-6.25,8.75,0,0.001464958
-6.25,8.25,0,0.003016921
-6.25,7.75,0,-0.003070902
-6.25,7.25,0,0.011590741
-6.25,6.75,0,0.392376555
-6.25,6.25,0,0.367398605
-6.25,5.75,0,0.432314898
-6.25,5.25,0,3.64E-01
-6.25,4.75,0,0.361382572
-6.25,4.25,0,0.390726363
-6.25,3.75,0,0.381093631
-6.25,3.25,0,0.388687638
-6.25,2.75,0,4.03E-01
-6.25,2.25,0,0.362588049
-6.25,1.75,0,0.400277877
-6.25,1.25,0,0.389384259
-6.25,0.75,0,0.378587512
-6.25,0.25,0,0.4030817
-6.25,-0.25,0,3.65E-01
-6.25,-0.75,0,0.387119412
-6.25,-1.25,0,0.406460611
-6.25,-1.75,0,0.390449892
-6.25,-2.25,0,0.39892274
-6.25,-2.75,0,0.373930263
-6.25,-3.25,0,0.386445125
-6.25,-3.75,0,3.90E-01
-6.25,-4.25,0,0.389855952
-6.25,-4.75,0,3.92E-01
-6.25,-5.25,0,0.362417279
-6.25,-5.75,0,0.407813522
-6.25,-6.25,0,3.70E-01
-6.25,-6.75,0,3.69E-01
-6.25,-7.25,0,0.018734591
-6.25,-7.75,0,-0.004588172
-6.25,-8.25,0,-0.001427895
-6.25,-8.75,0,0.000279356
-6.25,-9.25,0,0.00078296
-6.25,-9.75,0,-4.56E-05
-6.25,-10.25,0,6.92E-05
-6.25,-10.75,0,0.000414944
-6.25,-11.25,0,0.000122288
-6.25,-11.75,0,0.001348079
-6.25,-12.25,0,-0.000437386
-6.25,-12.75,0,0.002033947
-6.25,-13.25,0,0.002102747
-6.25,-13.75,0,-0.004956425
-6.25,-14.25,0,-1.51E-03
-6.25,-14.75,0,-5.98E-05
-5.75,14.75,0,0.002117509
-5.75,14.25,0,0.001314106
-5.75,13.75,0,2.04E-06
-5.75,13.25,0,-0.001751117
-5.75,12.75,0,0.000444325
-5.75,12.25,0,0.001535838
-5.75,11.75,0,0.003440588
-5.75,11.25,0,-2.42E-04
-5.75,10.75,0,-0.000302205
-5.75,10.25,0,0.000448192
-5.75,9.75,0,7.09E-05
-5.75,9.25,0,3.52E-04
-5.75,8.75,0,7.63E-05
-5.75,8.25,0,0.000806164
-5.75,7.75,0,-0.001063934
-5.75,7.25,0,0.005187231
-5.75,6.75,0,0.374915292
-5.75,6.25,0,0.395730778
-5.75,5.75,0,0.358527887
-5.75,5.25,0,0.3901866
-5.75,4.75,0,0.396169216
-5.75,4.25,0,4.04E-01
-5.75,3.75,0,0.402931372
-5.75,3.25,0,0.396162415
-5.75,2.75,0,3.71E-01
-5.75,2.25,0,3.99E-01
-5.75,1.75,0,0.392908719
-5.75,1.25,0,0.386103245
-5.75,0.75,0,0.393091475
-5.75,0.25,0,0.375369926
-5.75,-0.25,0,4.09E-01
-5.75,-0.75,0,0.403775127
-5.75,-1.25,0,0.355197823
-5.75,-1.75,0,0.397048983
-5.75,-2.25,0,0.36762869
-5.75,-2.75,0,0.409772606
-5.75,-3.25,0,0.385235467
-5.75,-3.75,0,0.408970092
-5.75,-4.25,0,3.61E-01
-5.75,-4.75,0,4.16E-01
-5.75,-5.25,0,0.395937031
-5.75,-5.75,0,4.16E-01
-5.75,-6.25,0,0.37344396
-5.75,-6.75,0,3.91E-01
-5.75,-7.25,0,0.002239278
-5.75,-7.75,0,2.31E-04
-5.75,-8.25,0,0.002314742
-5.75,-8.75,0,0.000197568
-5.75,-9.25,0,0.00023313
-5.75,-9.75,0,0.000578061
-5.75,-10.25,0,3.32E-03
-5.75,-10.75,0,0.002314471
-5.75,-11.25,0,-0.000109758
-5.75,-11.75,0,-0.000145275
-5.75,-12.25,0,-0.000704476
-5.75,-12.75,0,-0.000234628
-5.75,-13.25,0,-0.000265816
-5.75,-13.75,0,-0.001570614
-5.75,-14.25,0,-1.52E-03
-5.75,-14.75,0,-0.000119479
-5.25,14.75,0,-0.000892304
-5.25,14.25,0,0.000155372
-5.25,13.75,0,-3.56E-04
-5.25,13.25,0,8.56E-05
-5.25,12.75,0,2.74E-03
-5.25,12.25,0,1.46E-04
-5.25,11.75,0,0.000724977
-5.25,11.25,0,-4.55E-04
-5.25,10.75,0,-0.000250073
-5.25,10.25,0,0.000173887
-5.25,9.75,0,3.71E-04
-5.25,9.25,0,-0.000117386
-5.25,8.75,0,0.000557241
-5.25,8.25,0,0.002111281
-5.25,7.75,0,-0.000794554
-5.25,7.25,0,0.00953028
-5.25,6.75,0,0.381879626
-5.25,6.25,0,3.97E-01
-5.25,5.75,0,0.387277728
-5.25,5.25,0,3.86E-01
-5.25,4.75,0,3.74E-01
-5.25,4.25,0,4.18E-01
-5.25,3.75,0,3.72E-01
-5.25,3.25,0,0.416330425
-5.25,2.75,0,0.392806666
-5.25,2.25,0,0.386708678
-5.25,1.75,0,0.408905614
-5.25,1.25,0,0.387787028
-5.25,0.75,0,0.391319818
-5.25,0.25,0,0.394692403
-5.25,-0.25,0,3.92E-01
-5.25,-0.75,0,0.403006097
-5.25,-1.25,0,0.405899699
-5.25,-1.75,0,0.395776018
-5.25,-2.25,0,0.363530707
-5.25,-2.75,0,0.409107556
-5.25,-3.25,0,0.358351082
-5.25,-3.75,0,0.417819694
-5.25,-4.25,0,3.65E-01
-5.25,-4.75,0,0.387423615
-5.25,-5.25,0,0.381432152
-5.25,-5.75,0,0.3827227
-5.25,-6.25,0,0.387914877
-5.25,-6.75,0,0.382400882
-5.25,-7.25,0,0.01113035
-5.25,-7.75,0,0.003018497
-5.25,-8.25,0,0.003344298
-5.25,-8.75,0,0.000135648
-5.25,-9.25,0,8.12E-05
-5.25,-9.75,0,0.000605812
-5.25,-10.25,0,0.000984698
-5.25,-10.75,0,0.000241639
-5.25,-11.25,0,-0.001096559
-5.25,-11.75,0,-3.47E-04
-5.25,-12.25,0,0.001057959
-5.25,-12.75,0,0.000425341
-5.25,-13.25,0,-0.001336049
-5.25,-13.75,0,2.31E-04
-5.25,-14.25,0,6.34E-04
-5.25,-14.75,0,0.001590617
-4.75,14.75,0,-0.000213872
-4.75,14.25,0,-0.001778313
-4.75,13.75,0,-0.00211243
-4.75,13.25,0,8.93E-04
-4.75,12.75,0,0.000173881
-4.75,12.25,0,-1.97E-03
-4.75,11.75,0,-0.0006511
-4.75,11.25,0,-0.001853385
-4.75,10.75,0,-1.06E-04
-4.75,10.25,0,1.24E-03
-4.75,9.75,0,-7.84E-06
-4.75,9.25,0,-0.000375969
-4.75,8.75,0,2.56E-03
-4.75,8.25,0,0.003338789
-4.75,7.75,0,-0.000611236
-4.75,7.25,0,0.008505488
-4.75,6.75,0,0.385212649
-4.75,6.25,0,0.359231252
-4.75,5.75,0,0.413755664
-4.75,5.25,0,0.389542152
-4.75,4.75,0,5.72E-01
-4.75,4.25,0,5.96E-01
-4.75,3.75,0,5.56E-01
-4.75,3.25,0,0.589559239
-4.75,2.75,0,0.553514197
-4.75,2.25,0,0.585560942
-4.75,1.75,0,0.568351069
-4.75,1.25,0,5.85E-01
-4.75,0.75,0,0.571545553
-4.75,0.25,0,0.593163789
-4.75,-0.25,0,5.21E-01
-4.75,-0.75,0,0.60041449
-4.75,-1.25,0,0.571336894
-4.75,-1.75,0,0.560386567
-4.75,-2.25,0,0.589150184
-4.75,-2.75,0,5.76E-01
-4.75,-3.25,0,0.593752209
-4.75,-3.75,0,0.555218377
-4.75,-4.25,0,0.584228237
-4.75,-4.75,0,0.607347207
-4.75,-5.25,0,0.411787774
-4.75,-5.75,0,4.00E-01
-4.75,-6.25,0,0.353850542
-4.75,-6.75,0,0.388508269
-4.75,-7.25,0,0.011447757
-4.75,-7.75,0,-0.001477287
-4.75,-8.25,0,0.002735735
-4.75,-8.75,0,-7.34E-05
-4.75,-9.25,0,-0.000447689
-4.75,-9.75,0,0.000676107
-4.75,-10.25,0,0.002018169
-4.75,-10.75,0,-0.000161573
-4.75,-11.25,0,-0.002590403
-4.75,-11.75,0,-0.000695023
-4.75,-12.25,0,0.000927221
-4.75,-12.75,0,2.16E-03
-4.75,-13.25,0,-0.003049643
-4.75,-13.75,0,0.00055858
-4.75,-14.25,0,0.001414023
-4.75,-14.75,0,0.003836725
-4.25,14.75,0,7.62E-05
-4.25,14.25,0,-5.39E-04
-4.25,13.75,0,0.000258505
-4.25,13.25,0,1.97E-05
-4.25,12.75,0,-0.000664513
-4.25,12.25,0,5.51E-04
-4.25,11.75,0,-6.17E-05
-4.25,11.25,0,-0.000333726
-4.25,10.75,0,-1.97E-04
-4.25,10.25,0,9.88E-06
-4.25,9.75,0,0.000126364
-4.25,9.25,0,-0.000885133
-4.25,8.75,0,0.001396934
-4.25,8.25,0,3.33E-03
-4.25,7.75,0,-0.001471508
-4.25,7.25,0,0.013300332
-4.25,6.75,0,0.364489915
-4.25,6.25,0,0.405396994
-4.25,5.75,0,3.69E-01
-4.25,5.25,0,4.05E-01
-4.25,4.75,0,0.565506298
-4.25,4.25,0,0.579353441
-4.25,3.75,0,0.582173559
-4.25,3.25,0,6.11E-01
-4.25,2.75,0,0.582601752
-4.25,2.25,0,0.560731972
-4.25,1.75,0,0.585132021
-4.25,1.25,0,0.555124057
-4.25,0.75,0,0.567180387
-4.25,0.25,0,0.581400615
-4.25,-0.25,0,6.13E-01
-4.25,-0.75,0,0.562663687
-4.25,-1.25,0,0.558689784
-4.25,-1.75,0,0.626720153
-4.25,-2.25,0,0.590193767
-4.25,-2.75,0,5.78E-01
-4.25,-3.25,0,0.576503313
-4.25,-3.75,0,0.617177368
-4.25,-4.25,0,0.576417404
-4.25,-4.75,0,0.571489588
-4.25,-5.25,0,0.369660536
-4.25,-5.75,0,0.380241939
-4.25,-6.25,0,0.398894223
-4.25,-6.75,0,0.391505315
-4.25,-7.25,0,-0.002504178
-4.25,-7.75,0,1.42E-04
-4.25,-8.25,0,0.004637922
-4.25,-8.75,0,1.82E-03
-4.25,-9.25,0,-5.17E-04
-4.25,-9.75,0,-8.20E-05
-4.25,-10.25,0,1.93E-03
-4.25,-10.75,0,-2.15E-04
-4.25,-11.25,0,-1.88E-03
-4.25,-11.75,0,-0.000319088
-4.25,-12.25,0,0.001558426
-4.25,-12.75,0,0.003164321
-4.25,-13.25,0,0.000344129
-4.25,-13.75,0,-0.001075791
-4.25,-14.25,0,-1.46E-03
-4.25,-14.75,0,0.000711359
-3.75,14.75,0,-0.000272448
-3.75,14.25,0,-0.001004987
-3.75,13.75,0,-0.000846927
-3.75,13.25,0,-0.000552347
-3.75,12.75,0,-3.50E-05
-3.75,12.25,0,-4.45E-05
-3.75,11.75,0,-3.87E-03
-3.75,11.25,0,-0.000193522
-3.75,10.75,0,-1.22E-04
-3.75,10.25,0,-0.000137239
-3.75,9.75,0,0.001216612
-3.75,9.25,0,-0.00064457
-3.75,8.75,0,-0.00100149
-3.75,8.25,0,3.84E-04
-3.75,7.75,0,-0.005659182
-3.75,7.25,0,9.49E-03
-3.75,6.75,0,3.71E-01
-3.75,6.25,0,3.90E-01
-3.75,5.75,0,0.395243262
-3.75,5.25,0,3.70E-01
-3.75,4.75,0,0.590491098
-3.75,4.25,0,0.578653831
-3.75,3.75,0,5.75E-01
-3.75,3.25,0,0.584814277
-3.75,2.75,0,0.556728375
-3.75,2.25,0,0.630973388
-3.75,1.75,0,0.565591047
-3.75,1.25,0,0.630031461
-3.75,0.75,0,0.613801192
-3.75,0.25,0,0.525369768
-3.75,-0.25,0,6.13E-01
-3.75,-0.75,0,0.55391743
-3.75,-1.25,0,0.616284411
-3.75,-1.75,0,0.537665172
-3.75,-2.25,0,0.550695136
-3.75,-2.75,0,0.617272511
-3.75,-3.25,0,0.531854086
-3.75,-3.75,0,0.583037014
-3.75,-4.25,0,0.58227571
-3.75,-4.75,0,0.598205529
-3.75,-5.25,0,0.412231594
-3.75,-5.75,0,0.374771003
-3.75,-6.25,0,0.405085326
-3.75,-6.75,0,0.366273756
-3.75,-7.25,0,0.004644734
-3.75,-7.75,0,-0.000526503
-3.75,-8.25,0,5.60E-04
-3.75,-8.75,0,1.31E-03
-3.75,-9.25,0,-0.001237817
-3.75,-9.75,0,-0.000470002
-3.75,-10.25,0,-8.38E-05
-3.75,-10.75,0,-0.001582686
-3.75,-11.25,0,-0.001122086
-3.75,-11.75,0,3.08E-05
-3.75,-12.25,0,0.000423364
-3.75,-12.75,0,1.58E-03
-3.75,-13.25,0,0.000114023
-3.75,-13.75,0,-0.00031185
-3.75,-14.25,0,-0.001130294
-3.75,-14.75,0,0.005532168
-3.25,14.75,0,0.002164103
-3.25,14.25,0,3.39E-04
-3.25,13.75,0,0.000118396
-3.25,13.25,0,0.000833854
-3.25,12.75,0,0.000269788
-3.25,12.25,0,-0.00078667
-3.25,11.75,0,-0.00415353
-3.25,11.25,0,-0.000348272
-3.25,10.75,0,-0.000310431
-3.25,10.25,0,0.002308494
-3.25,9.75,0,0.001597745
-3.25,9.25,0,-0.000557102
-3.25,8.75,0,0.00212409
-3.25,8.25,0,0.00363812
-3.25,7.75,0,-1.08E-03
-3.25,7.25,0,0.007696636
-3.25,6.75,0,0.41457334
-3.25,6.25,0,0.36529065
-3.25,5.75,0,3.92E-01
-3.25,5.25,0,3.92E-01
-3.25,4.75,0,0.580213276
-3.25,4.25,0,0.580364854
-3.25,3.75,0,0.571938423
-3.25,3.25,0,5.54E-01
-3.25,2.75,0,0.623359028
-3.25,2.25,0,0.54209352
-3.25,1.75,0,0.58331432
-3.25,1.25,0,0.57077311
-3.25,0.75,0,0.657262781
-3.25,0.25,0,0.575210242
-3.25,-0.25,0,5.96E-01
-3.25,-0.75,0,0.571167999
-3.25,-1.25,0,0.612087334
-3.25,-1.75,0,0.618044689
-3.25,-2.25,0,0.586792113
-3.25,-2.75,0,0.5866231
-3.25,-3.25,0,0.571379129
-3.25,-3.75,0,0.578925034
-3.25,-4.25,0,0.573185379
-3.25,-4.75,0,5.41E-01
-3.25,-5.25,0,0.400886827
-3.25,-5.75,0,0.392673198
-3.25,-6.25,0,0.366814122
-3.25,-6.75,0,3.88E-01
-3.25,-7.25,0,1.12E-02
-3.25,-7.75,0,0.000973666
-3.25,-8.25,0,0.0005781
-3.25,-8.75,0,0.005688013
-3.25,-9.25,0,-0.00093693
-3.25,-9.75,0,-5.29E-04
-3.25,-10.25,0,0.000278422
-3.25,-10.75,0,-0.001761202
-3.25,-11.25,0,-0.000212804
-3.25,-11.75,0,0.000554819
-3.25,-12.25,0,4.13E-04
-3.25,-12.75,0,0.000630103
-3.25,-13.25,0,0.000614964
-3.25,-13.75,0,2.14E-06
-3.25,-14.25,0,-6.45E-05
-3.25,-14.75,0,-0.00150992
-2.75,14.75,0,0.000411055
-2.75,14.25,0,0.001021664
-2.75,13.75,0,0.002038738
-2.75,13.25,0,8.96E-04
-2.75,12.75,0,-0.00026479
-2.75,12.25,0,0.000546172
-2.75,11.75,0,0.001262978
-2.75,11.25,0,0.000236278
-2.75,10.75,0,0.001007884
-2.75,10.25,0,0.002338185
-2.75,9.75,0,-0.000247978
-2.75,9.25,0,-0.000432973
-2.75,8.75,0,0.001964815
-2.75,8.25,0,1.21E-03
-2.75,7.75,0,-3.21E-03
-2.75,7.25,0,0.019197058
-2.75,6.75,0,3.49E-01
-2.75,6.25,0,0.400821055
-2.75,5.75,0,0.396051538
-2.75,5.25,0,0.36990208
-2.75,4.75,0,5.89E-01
-2.75,4.25,0,0.57861175
-2.75,3.75,0,6.07E-01
-2.75,3.25,0,0.606321747
-2.75,2.75,0,0.7617314
-2.75,2.25,0,0.820556049
-2.75,1.75,0,0.786249777
-2.75,1.25,0,0.710400237
-2.75,0.75,0,0.783582175
-2.75,0.25,0,0.767585433
-2.75,-0.25,0,8.08E-01
-2.75,-0.75,0,0.791452668
-2.75,-1.25,0,0.732709443
-2.75,-1.75,0,0.786767208
-2.75,-2.25,0,0.769314313
-2.75,-2.75,0,7.72E-01
-2.75,-3.25,0,0.590557098
-2.75,-3.75,0,0.591700606
-2.75,-4.25,0,6.13E-01
-2.75,-4.75,0,5.92E-01
-2.75,-5.25,0,0.422734397
-2.75,-5.75,0,3.64E-01
-2.75,-6.25,0,3.95E-01
-2.75,-6.75,0,3.89E-01
-2.75,-7.25,0,0.009101918
-2.75,-7.75,0,-0.003070561
-2.75,-8.25,0,-9.45E-04
-2.75,-8.75,0,1.98E-03
-2.75,-9.25,0,-1.17E-03
-2.75,-9.75,0,-0.000539104
-2.75,-10.25,0,4.34E-03
-2.75,-10.75,0,-1.53E-05
-2.75,-11.25,0,-0.000187874
-2.75,-11.75,0,-3.31E-05
-2.75,-12.25,0,2.29E-05
-2.75,-12.75,0,-3.26E-05
-2.75,-13.25,0,0.000515862
-2.75,-13.75,0,0.001216504
-2.75,-14.25,0,0.002570807
-2.75,-14.75,0,-0.00264295
-2.25,14.75,0,-0.000874596
-2.25,14.25,0,0.000904102
-2.25,13.75,0,0.000791995
-2.25,13.25,0,-6.04E-05
-2.25,12.75,0,-2.61E-04
-2.25,12.25,0,4.09E-05
-2.25,11.75,0,0.000422724
-2.25,11.25,0,2.26E-03
-2.25,10.75,0,0.000422881
-2.25,10.25,0,6.77E-05
-2.25,9.75,0,-0.000717313
-2.25,9.25,0,-0.001227529
-2.25,8.75,0,0.00324275
-2.25,8.25,0,0.002043132
-2.25,7.75,0,-9.50E-03
-2.25,7.25,0,0.009245994
-2.25,6.75,0,0.405087398
-2.25,6.25,0,0.365728531
-2.25,5.75,0,0.39340097
-2.25,5.25,0,0.378103399
-2.25,4.75,0,5.89E-01
-2.25,4.25,0,5.54E-01
-2.25,3.75,0,5.69E-01
-2.25,3.25,0,5.63E-01
-2.25,2.75,0,8.10E-01
-2.25,2.25,0,0.747533201
-2.25,1.75,0,0.807396834
-2.25,1.25,0,0.777742491
-2.25,0.75,0,0.73899993
-2.25,0.25,0,0.79105943
-2.25,-0.25,0,7.23E-01
-2.25,-0.75,0,0.72653946
-2.25,-1.25,0,0.787646249
-2.25,-1.75,0,0.78779194
-2.25,-2.25,0,0.818635162
-2.25,-2.75,0,0.771099539
-2.25,-3.25,0,0.584864702
-2.25,-3.75,0,0.551824744
-2.25,-4.25,0,5.55E-01
-2.25,-4.75,0,0.555950523
-2.25,-5.25,0,3.81E-01
-2.25,-5.75,0,0.378086757
-2.25,-6.25,0,3.92E-01
-2.25,-6.75,0,0.365894161
-2.25,-7.25,0,7.15E-03
-2.25,-7.75,0,-3.30E-03
-2.25,-8.25,0,0.000261363
-2.25,-8.75,0,2.46E-03
-2.25,-9.25,0,0.001551833
-2.25,-9.75,0,-6.37E-05
-2.25,-10.25,0,0.002824135
-2.25,-10.75,0,-0.000331362
-2.25,-11.25,0,-1.27E-03
-2.25,-11.75,0,-0.000127507
-2.25,-12.25,0,-7.23E-05
-2.25,-12.75,0,1.36E-05
-2.25,-13.25,0,0.000283936
-2.25,-13.75,0,2.89E-04
-2.25,-14.25,0,0.002793828
-2.25,-14.75,0,-5.89E-04
-1.75,14.75,0,-3.76E-04
-1.75,14.25,0,-0.000856174
-1.75,13.75,0,-6.88E-04
-1.75,13.25,0,-0.00066355
-1.75,12.75,0,-0.00012665
-1.75,12.25,0,-1.74E-03
-1.75,11.75,0,-0.000151074
-1.75,11.25,0,-0.000102568
-1.75,10.75,0,-6.24E-04
-1.75,10.25,0,0.000359472
-1.75,9.75,0,-0.000103757
-1.75,9.25,0,-0.002193828
-1.75,8.75,0,-0.000704739
-1.75,8.25,0,2.44E-03
-1.75,7.75,0,-0.002002471
-1.75,7.25,0,0.010711807
-1.75,6.75,0,0.380269471
-1.75,6.25,0,0.387779099
-1.75,5.75,0,4.05E-01
-1.75,5.25,0,3.95E-01
-1.75,4.75,0,5.37E-01
-1.75,4.25,0,6.33E-01
-1.75,3.75,0,0.578090224
-1.75,3.25,0,5.52E-01
-1.75,2.75,0,0.777144872
-1.75,2.25,0,0.799317153
-1.75,1.75,0,0.724067179
-1.75,1.25,0,0.840281546
-1.75,0.75,0,0.72484742
-1.75,0.25,0,0.86465112
-1.75,-0.25,0,7.53E-01
-1.75,-0.75,0,0.835156049
-1.75,-1.25,0,0.739195254
-1.75,-1.75,0,0.808518451
-1.75,-2.25,0,0.755612032
-1.75,-2.75,0,0.772372444
-1.75,-3.25,0,0.54088779
-1.75,-3.75,0,0.600745913
-1.75,-4.25,0,0.608582726
-1.75,-4.75,0,0.612185041
-1.75,-5.25,0,0.397692216
-1.75,-5.75,0,0.377385042
-1.75,-6.25,0,0.383330611
-1.75,-6.75,0,3.93E-01
-1.75,-7.25,0,0.002582358
-1.75,-7.75,0,0.00205587
-1.75,-8.25,0,0.004864348
-1.75,-8.75,0,0.003244051
-1.75,-9.25,0,0.000701102
-1.75,-9.75,0,-0.000493469
-1.75,-10.25,0,-9.92E-05
-1.75,-10.75,0,-0.000378624
-1.75,-11.25,0,-0.002397294
-1.75,-11.75,0,0.001014906
-1.75,-12.25,0,0.000124412
-1.75,-12.75,0,0.00091992
-1.75,-13.25,0,0.001025352
-1.75,-13.75,0,-1.03E-03
-1.75,-14.25,0,-0.002265542
-1.75,-14.75,0,-4.02E-04
-1.25,14.75,0,-0.002595412
-1.25,14.25,0,-0.001643907
-1.25,13.75,0,-7.14E-07
-1.25,13.25,0,4.55E-05
-1.25,12.75,0,0.000130587
-1.25,12.25,0,0.001201568
-1.25,11.75,0,8.89E-06
-1.25,11.25,0,0.000608655
-1.25,10.75,0,0.000482883
-1.25,10.25,0,2.12E-03
-1.25,9.75,0,-0.000124564
-1.25,9.25,0,-0.002322557
-1.25,8.75,0,-0.000381981
-1.25,8.25,0,0.002881393
-1.25,7.75,0,-0.000113191
-1.25,7.25,0,0.010369401
-1.25,6.75,0,0.366886227
-1.25,6.25,0,0.396828133
-1.25,5.75,0,0.384811738
-1.25,5.25,0,0.367218449
-1.25,4.75,0,6.34E-01
-1.25,4.25,0,5.63E-01
-1.25,3.75,0,5.73E-01
-1.25,3.25,0,6.38E-01
-1.25,2.75,0,0.776179632
-1.25,2.25,0,7.43E-01
-1.25,1.75,0,0.838210159
-1.25,1.25,0,0.758918083
-1.25,0.75,0,0.782215142
-1.25,0.25,0,0.692137439
-1.25,-0.25,0,7.94E-01
-1.25,-0.75,0,0.769649234
-1.25,-1.25,0,0.752569491
-1.25,-1.75,0,7.89E-01
-1.25,-2.25,0,0.760977075
-1.25,-2.75,0,0.752126855
-1.25,-3.25,0,0.630578531
-1.25,-3.75,0,0.564652734
-1.25,-4.25,0,5.42E-01
-1.25,-4.75,0,0.583785946
-1.25,-5.25,0,0.384032698
-1.25,-5.75,0,3.98E-01
-1.25,-6.25,0,0.382244541
-1.25,-6.75,0,0.384621016
-1.25,-7.25,0,0.004120255
-1.25,-7.75,0,0.00032933
-1.25,-8.25,0,4.97E-03
-1.25,-8.75,0,-5.99E-04
-1.25,-9.25,0,-1.26E-03
-1.25,-9.75,0,-0.000680585
-1.25,-10.25,0,-2.23E-04
-1.25,-10.75,0,0.001069768
-1.25,-11.25,0,0.002124986
-1.25,-11.75,0,6.41E-05
-1.25,-12.25,0,-0.002348144
-1.25,-12.75,0,8.59E-05
-1.25,-13.25,0,1.58E-03
-1.25,-13.75,0,-0.002800878
-1.25,-14.25,0,-2.29E-03
-1.25,-14.75,0,-0.002917739
-0.75,14.75,0,0.001869499
-0.75,14.25,0,0.000766036
-0.75,13.75,0,0.00224776
-0.75,13.25,0,0.001826745
-0.75,12.75,0,-5.33E-05
-0.75,12.25,0,-3.33E-03
-0.75,11.75,0,-0.000232189
-0.75,11.25,0,5.15E-05
-0.75,10.75,0,0.00075938
-0.75,10.25,0,0.004320031
-0.75,9.75,0,8.76E-03
-0.75,9.25,0,0.004088589
-0.75,8.75,0,0.004452032
-0.75,8.25,0,0.000329036
-0.75,7.75,0,-0.004970386
-0.75,7.25,0,-0.000487215
-0.75,6.75,0,0.368114702
-0.75,6.25,0,3.76E-01
-0.75,5.75,0,0.416564194
-0.75,5.25,0,0.383509108
-0.75,4.75,0,0.584501976
-0.75,4.25,0,0.582405559
-0.75,3.75,0,0.594744602
-0.75,3.25,0,0.606361415
-0.75,2.75,0,0.759128588
-0.75,2.25,0,0.772396737
-0.75,1.75,0,7.35E-01
-0.75,1.25,0,0.753453104
-0.75,0.75,0,1.024851077
-0.75,0.25,0,0.961833335
-0.75,-0.25,0,9.91E-01
-0.75,-0.75,0,0.969377588
-0.75,-1.25,0,0.8105562
-0.75,-1.75,0,0.793353449
-0.75,-2.25,0,0.764236227
-0.75,-2.75,0,0.773704612
-0.75,-3.25,0,5.61E-01
-0.75,-3.75,0,0.6118517
-0.75,-4.25,0,0.568893604
-0.75,-4.75,0,5.73E-01
-0.75,-5.25,0,0.406977743
-0.75,-5.75,0,0.372524828
-0.75,-6.25,0,0.384996744
-0.75,-6.75,0,0.379952193
-0.75,-7.25,0,0.016820703
-0.75,-7.75,0,0.000713189
-0.75,-8.25,0,6.89E-05
-0.75,-8.75,0,-0.001873535
-0.75,-9.25,0,8.75E-04
-0.75,-9.75,0,-0.000687922
-0.75,-10.25,0,-3.58E-04
-0.75,-10.75,0,-3.42E-04
-0.75,-11.25,0,1.75E-05
-0.75,-11.75,0,6.16E-05
-0.75,-12.25,0,-7.44E-04
-0.75,-12.75,0,0.000186666
-0.75,-13.25,0,0.003801691
-0.75,-13.75,0,-0.002302901
-0.75,-14.25,0,-0.002385545
-0.75,-14.75,0,-0.000584662
-0.25,14.75,0,0.003242707
-0.25,14.25,0,0.001821205
-0.25,13.75,0,0.00052201
-0.25,13.25,0,0.000860248
-0.25,12.75,0,0.000396723
-0.25,12.25,0,-0.001843124
-0.25,11.75,0,-2.12E-03
-0.25,11.25,0,0.001489069
-0.25,10.75,0,0.000131086
-0.25,10.25,0,-7.93E-04
-0.25,9.75,0,-1.40E-03
-0.25,9.25,0,-0.001449625
-0.25,8.75,0,0.001215566
-0.25,8.25,0,-0.001328694
-0.25,7.75,0,-0.000985146
-0.25,7.25,0,0.013513587
-0.25,6.75,0,0.401934629
-0.25,6.25,0,0.397000414
-0.25,5.75,0,0.361917358
-0.25,5.25,0,0.420522503
-0.25,4.75,0,0.561282655
-0.25,4.25,0,5.73E-01
-0.25,3.75,0,5.76E-01
-0.25,3.25,0,0.616497527
-0.25,2.75,0,7.72E-01
-0.25,2.25,0,0.777019848
-0.25,1.75,0,0.770777594
-0.25,1.25,0,0.844989307
-0.25,0.75,0,0.878876169
-0.25,0.25,0,0.991623813
-0.25,-0.25,0,9.86E-01
-0.25,-0.75,0,0.954442243
-0.25,-1.25,0,0.757492608
-0.25,-1.75,0,0.774832299
-0.25,-2.25,0,7.90E-01
-0.25,-2.75,0,0.751331119
-0.25,-3.25,0,0.58839444
-0.25,-3.75,0,0.579909156
-0.25,-4.25,0,0.622140863
-0.25,-4.75,0,0.57635736
-0.25,-5.25,0,0.394850333
-0.25,-5.75,0,0.384481148
-0.25,-6.25,0,3.89E-01
-0.25,-6.75,0,3.88E-01
-0.25,-7.25,0,0.006682209
-0.25,-7.75,0,-0.004826161
-0.25,-8.25,0,-0.00327287
-0.25,-8.75,0,-5.57E-04
-0.25,-9.25,0,3.12E-03
-0.25,-9.75,0,-2.93E-05
-0.25,-10.25,0,-0.000207066
-0.25,-10.75,0,-0.003127839
-0.25,-11.25,0,-0.001716871
-0.25,-11.75,0,0.001938414
-0.25,-12.25,0,4.50E-05
-0.25,-12.75,0,-0.00045347
-0.25,-13.25,0,0.00122654
-0.25,-13.75,0,-0.000118732
-0.25,-14.25,0,-0.000885837
-0.25,-14.75,0,-5.74E-05
0.25,14.75,0,-0.00044747
0.25,14.25,0,4.71E-04
0.25,13.75,0,0.005950215
0.25,13.25,0,0.001964142
0.25,12.75,0,0.001371448
0.25,12.25,0,-0.00012629
0.25,11.75,0,-0.000956664
0.25,11.25,0,-0.00055414
0.25,10.75,0,-2.97E-03
0.25,10.25,0,-0.000333064
0.25,9.75,0,-0.000627119
0.25,9.25,0,-0.000955563
0.25,8.75,0,0.003130535
0.25,8.25,0,0.00054337
0.25,7.75,0,-3.13E-03
0.25,7.25,0,0.015015097
0.25,6.75,0,0.374529635
0.25,6.25,0,0.359355834
0.25,5.75,0,4.06E-01
0.25,5.25,0,3.88E-01
0.25,4.75,0,0.579241824
0.25,4.25,0,0.590579362
0.25,3.75,0,0.568747646
0.25,3.25,0,0.570827375
0.25,2.75,0,0.784038069
0.25,2.25,0,0.76602871
0.25,1.75,0,0.751248466
0.25,1.25,0,0.779391654
0.25,0.75,0,1.006564275
0.25,0.25,0,0.938900943
0.25,-0.25,0,9.94E-01
0.25,-0.75,0,0.95006269
0.25,-1.25,0,0.757759706
0.25,-1.75,0,0.796695241
0.25,-2.25,0,0.77501892
0.25,-2.75,0,0.849403685
0.25,-3.25,0,0.565377852
0.25,-3.75,0,0.614831689
0.25,-4.25,0,0.525703239
0.25,-4.75,0,0.591013014
0.25,-5.25,0,0.377909106
0.25,-5.75,0,3.85E-01
0.25,-6.25,0,3.75E-01
0.25,-6.75,0,0.372658869
0.25,-7.25,0,0.012416071
0.25,-7.75,0,-4.46E-04
0.25,-8.25,0,0.003629474
0.25,-8.75,0,0.000381117
0.25,-9.25,0,0.000987016
0.25,-9.75,0,1.71E-04
0.25,-10.25,0,0.004569566
0.25,-10.75,0,0.000171707
0.25,-11.25,0,-0.000286018
0.25,-11.75,0,0.000200044
0.25,-12.25,0,0.000454973
0.25,-12.75,0,6.99E-04
0.25,-13.25,0,2.13E-04
0.25,-13.75,0,0.000154499
0.25,-14.25,0,0.001690706
0.25,-14.75,0,2.66E-05
0.75,14.75,0,-0.005980652
0.75,14.25,0,-4.42E-03
0.75,13.75,0,2.96E-04
0.75,13.25,0,3.24E-05
0.75,12.75,0,0.001517172
0.75,12.25,0,0.000951653
0.75,11.75,0,-1.98E-04
0.75,11.25,0,-0.000489347
0.75,10.75,0,-9.26E-04
0.75,10.25,0,-0.000133368
0.75,9.75,0,-0.000809887
0.75,9.25,0,-0.00036541
0.75,8.75,0,0.005255538
0.75,8.25,0,0.003619537
0.75,7.75,0,-5.01E-03
0.75,7.25,0,0.005476815
0.75,6.75,0,0.392780587
0.75,6.25,0,0.397568562
0.75,5.75,0,0.380050296
0.75,5.25,0,0.397642979
0.75,4.75,0,0.557308258
0.75,4.25,0,6.23E-01
0.75,3.75,0,5.81E-01
0.75,3.25,0,0.590702536
0.75,2.75,0,7.74E-01
0.75,2.25,0,0.769052688
0.75,1.75,0,0.818601852
0.75,1.25,0,0.755103613
0.75,0.75,0,0.916676912
0.75,0.25,0,0.970711463
0.75,-0.25,0,9.78E-01
0.75,-0.75,0,0.975119499
0.75,-1.25,0,0.796725352
0.75,-1.75,0,0.781614966
0.75,-2.25,0,7.25E-01
0.75,-2.75,0,7.69E-01
0.75,-3.25,0,0.528180308
0.75,-3.75,0,0.588191448
0.75,-4.25,0,0.628326922
0.75,-4.75,0,0.581525398
0.75,-5.25,0,0.391549963
0.75,-5.75,0,4.10E-01
0.75,-6.25,0,3.98E-01
0.75,-6.75,0,3.95E-01
0.75,-7.25,0,1.32E-02
0.75,-7.75,0,-0.001635922
0.75,-8.25,0,0.005693656
0.75,-8.75,0,0.001277741
0.75,-9.25,0,-0.000329412
0.75,-9.75,0,-0.000591539
0.75,-10.25,0,-0.000276558
0.75,-10.75,0,-0.000248782
0.75,-11.25,0,1.72E-03
0.75,-11.75,0,2.36E-03
0.75,-12.25,0,0.00097251
0.75,-12.75,0,0.000725457
0.75,-13.25,0,1.19E-03
0.75,-13.75,0,6.72E-04
0.75,-14.25,0,-9.48E-05
0.75,-14.75,0,-0.000926791
1.25,14.75,0,-0.005200589
1.25,14.25,0,-0.000597387
1.25,13.75,0,-0.000173741
1.25,13.25,0,3.83E-05
1.25,12.75,0,0.001752403
1.25,12.25,0,0.007007866
1.25,11.75,0,-0.001980644
1.25,11.25,0,-3.31E-03
1.25,10.75,0,-0.001112219
1.25,10.25,0,-0.000336702
1.25,9.75,0,-1.12E-03
1.25,9.25,0,-2.14E-03
1.25,8.75,0,-0.001464125
1.25,8.25,0,0.003174829
1.25,7.75,0,-0.005096897
1.25,7.25,0,0.012400043
1.25,6.75,0,0.370105444
1.25,6.25,0,0.408256811
1.25,5.75,0,0.391676876
1.25,5.25,0,0.381541861
1.25,4.75,0,5.74E-01
1.25,4.25,0,5.61E-01
1.25,3.75,0,5.59E-01
1.25,3.25,0,0.613449434
1.25,2.75,0,8.07E-01
1.25,2.25,0,0.749147184
1.25,1.75,0,7.85E-01
1.25,1.25,0,0.767312568
1.25,0.75,0,0.841324194
1.25,0.25,0,0.7646353
1.25,-0.25,0,8.21E-01
1.25,-0.75,0,0.763193787
1.25,-1.25,0,0.762449522
1.25,-1.75,0,0.8192933
1.25,-2.25,0,7.68E-01
1.25,-2.75,0,0.757492128
1.25,-3.25,0,6.07E-01
1.25,-3.75,0,0.607667765
1.25,-4.25,0,0.562050743
1.25,-4.75,0,0.569087998
1.25,-5.25,0,0.383814778
1.25,-5.75,0,0.358930173
1.25,-6.25,0,0.373523475
1.25,-6.75,0,3.64E-01
1.25,-7.25,0,0.008201836
1.25,-7.75,0,-0.002435513
1.25,-8.25,0,-0.000571883
1.25,-8.75,0,0.002398824
1.25,-9.25,0,5.69E-05
1.25,-9.75,0,-0.00084861
1.25,-10.25,0,-0.000325725
1.25,-10.75,0,-4.79E-04
1.25,-11.25,0,0.00026427
1.25,-11.75,0,0.002373259
1.25,-12.25,0,-0.004166825
1.25,-12.75,0,-0.004311572
1.25,-13.25,0,7.23E-05
1.25,-13.75,0,0.000460819
1.25,-14.25,0,-0.000172448
1.25,-14.75,0,7.69E-05
1.75,14.75,0,-0.000589862
1.75,14.25,0,-0.000940401
1.75,13.75,0,-0.001002392
1.75,13.25,0,0.000558251
1.75,12.75,0,9.98E-04
1.75,12.25,0,1.02E-04
1.75,11.75,0,-0.001721607
1.75,11.25,0,-0.000207318
1.75,10.75,0,-3.79E-05
1.75,10.25,0,-0.00045762
1.75,9.75,0,-8.42E-04
1.75,9.25,0,0.002322764
1.75,8.75,0,0.002969577
1.75,8.25,0,0.004560262
1.75,7.75,0,1.11E-03
1.75,7.25,0,0.017975139
1.75,6.75,0,0.346855227
1.75,6.25,0,3.91E-01
1.75,5.75,0,0.348238651
1.75,5.25,0,0.408690088
1.75,4.75,0,6.03E-01
1.75,4.25,0,0.580023839
1.75,3.75,0,6.07E-01
1.75,3.25,0,0.503608011
1.75,2.75,0,8.20E-01
1.75,2.25,0,0.770829668
1.75,1.75,0,0.809998744
1.75,1.25,0,0.749582258
1.75,0.75,0,0.752061055
1.75,0.25,0,0.803957465
1.75,-0.25,0,7.84E-01
1.75,-0.75,0,0.718033044
1.75,-1.25,0,0.838128896
1.75,-1.75,0,0.763269312
1.75,-2.25,0,7.66E-01
1.75,-2.75,0,0.838078299
1.75,-3.25,0,0.602266637
1.75,-3.75,0,5.47E-01
1.75,-4.25,0,6.02E-01
1.75,-4.75,0,5.70E-01
1.75,-5.25,0,4.02E-01
1.75,-5.75,0,0.387926969
1.75,-6.25,0,0.4106428
1.75,-6.75,0,0.402599356
1.75,-7.25,0,0.005242329
1.75,-7.75,0,-0.000634715
1.75,-8.25,0,-0.001043982
1.75,-8.75,0,-1.82E-04
1.75,-9.25,0,0.002810244
1.75,-9.75,0,-7.49E-05
1.75,-10.25,0,0.002060331
1.75,-10.75,0,-0.000434561
1.75,-11.25,0,-0.000253391
1.75,-11.75,0,-0.000212247
1.75,-12.25,0,-0.000689019
1.75,-12.75,0,-0.000427206
1.75,-13.25,0,0.002049129
1.75,-13.75,0,-8.89E-04
1.75,-14.25,0,-0.000723779
1.75,-14.75,0,0.000230164
2.25,14.75,0,0.001491736
2.25,14.25,0,0.00072278
2.25,13.75,0,-0.005494461
2.25,13.25,0,-0.000159957
2.25,12.75,0,0.000622095
2.25,12.25,0,-8.47E-04
2.25,11.75,0,-9.47E-04
2.25,11.25,0,1.05E-03
2.25,10.75,0,0.000652995
2.25,10.25,0,-0.000377727
2.25,9.75,0,-0.000658346
2.25,9.25,0,-0.000248538
2.25,8.75,0,0.00143779
2.25,8.25,0,0.005847889
2.25,7.75,0,-0.001602667
2.25,7.25,0,0.008885326
2.25,6.75,0,0.389939894
2.25,6.25,0,0.385213543
2.25,5.75,0,4.22E-01
2.25,5.25,0,0.401466678
2.25,4.75,0,5.48E-01
2.25,4.25,0,0.563908109
2.25,3.75,0,5.71E-01
2.25,3.25,0,5.99E-01
2.25,2.75,0,7.66E-01
2.25,2.25,0,0.770111361
2.25,1.75,0,0.769951428
2.25,1.25,0,0.822003219
2.25,0.75,0,0.772399819
2.25,0.25,0,7.63E-01
2.25,-0.25,0,7.81E-01
2.25,-0.75,0,0.77496145
2.25,-1.25,0,0.787937858
2.25,-1.75,0,0.746192947
2.25,-2.25,0,7.85E-01
2.25,-2.75,0,0.767650111
2.25,-3.25,0,5.73E-01
2.25,-3.75,0,0.602660299
2.25,-4.25,0,0.558627014
2.25,-4.75,0,5.99E-01
2.25,-5.25,0,3.98E-01
2.25,-5.75,0,0.383753993
2.25,-6.25,0,3.94E-01
2.25,-6.75,0,0.366255432
2.25,-7.25,0,0.006798706
2.25,-7.75,0,-1.94E-03
2.25,-8.25,0,0.007244164
2.25,-8.75,0,0.000181282
2.25,-9.25,0,1.59E-03
2.25,-9.75,0,0.001259677
2.25,-10.25,0,0.001273091
2.25,-10.75,0,-0.001020251
2.25,-11.25,0,-9.30E-04
2.25,-11.75,0,-0.002972946
2.25,-12.25,0,-7.68E-05
2.25,-12.75,0,0.001341336
2.25,-13.25,0,4.91E-04
2.25,-13.75,0,-0.001332999
2.25,-14.25,0,0.001846693
2.25,-14.75,0,2.07E-04
2.75,14.75,0,0.002519863
2.75,14.25,0,0.000974696
2.75,13.75,0,0.000294385
2.75,13.25,0,0.001799079
2.75,12.75,0,0.007367502
2.75,12.25,0,-0.000110194
2.75,11.75,0,-3.78E-04
2.75,11.25,0,0.001987918
2.75,10.75,0,-7.03E-05
2.75,10.25,0,-0.000306901
2.75,9.75,0,-0.000841456
2.75,9.25,0,-0.000680808
2.75,8.75,0,0.001235019
2.75,8.25,0,0.003476557
2.75,7.75,0,-0.005640822
2.75,7.25,0,0.015657124
2.75,6.75,0,3.79E-01
2.75,6.25,0,3.78E-01
2.75,5.75,0,3.69E-01
2.75,5.25,0,0.374550432
2.75,4.75,0,0.604224789
2.75,4.25,0,0.599706757
2.75,3.75,0,0.587894964
2.75,3.25,0,0.589100462
2.75,2.75,0,0.7716889
2.75,2.25,0,0.780359697
2.75,1.75,0,0.760101431
2.75,1.25,0,0.78056752
2.75,0.75,0,0.734647177
2.75,0.25,0,0.839220305
2.75,-0.25,0,7.42E-01
2.75,-0.75,0,0.808194796
2.75,-1.25,0,0.724188416
2.75,-1.75,0,0.794079835
2.75,-2.25,0,0.737332868
2.75,-2.75,0,0.754840956
2.75,-3.25,0,0.591530267
2.75,-3.75,0,0.575209984
2.75,-4.25,0,5.91E-01
2.75,-4.75,0,0.577595584
2.75,-5.25,0,0.371777296
2.75,-5.75,0,0.371053018
2.75,-6.25,0,0.40669705
2.75,-6.75,0,0.363190122
2.75,-7.25,0,0.012967163
2.75,-7.75,0,-0.003090121
2.75,-8.25,0,0.004358346
2.75,-8.75,0,-0.001086117
2.75,-9.25,0,-1.40E-04
2.75,-9.75,0,-0.000125651
2.75,-10.25,0,3.32E-04
2.75,-10.75,0,-0.000452853
2.75,-11.25,0,0.001859495
2.75,-11.75,0,0.002187878
2.75,-12.25,0,1.62E-04
2.75,-12.75,0,0.00052515
2.75,-13.25,0,-1.13E-04
2.75,-13.75,0,-0.001856765
2.75,-14.25,0,-0.000559147
2.75,-14.75,0,1.23E-05
3.25,14.75,0,0.000184851
3.25,14.25,0,4.08E-03
3.25,13.75,0,0.001292772
3.25,13.25,0,0.000261308
3.25,12.75,0,1.12E-04
3.25,12.25,0,-0.00025984
3.25,11.75,0,-0.000681007
3.25,11.25,0,0.000571773
3.25,10.75,0,5.92E-05
3.25,10.25,0,-0.000387728
3.25,9.75,0,-8.22E-04
3.25,9.25,0,1.39E-03
3.25,8.75,0,0.003186482
3.25,8.25,0,0.001553939
3.25,7.75,0,-0.002436548
3.25,7.25,0,0.01201809
3.25,6.75,0,0.367345641
3.25,6.25,0,0.392160816
3.25,5.75,0,0.409428455
3.25,5.25,0,0.379137348
3.25,4.75,0,0.579249776
3.25,4.25,0,5.77E-01
3.25,3.75,0,0.56809473
3.25,3.25,0,5.94E-01
3.25,2.75,0,5.78E-01
3.25,2.25,0,0.632726849
3.25,1.75,0,0.559325548
3.25,1.25,0,0.540602123
3.25,0.75,0,0.650863089
3.25,0.25,0,0.527537408
3.25,-0.25,0,5.99E-01
3.25,-0.75,0,0.564662613
3.25,-1.25,0,0.60525357
3.25,-1.75,0,0.594351739
3.25,-2.25,0,0.59553189
3.25,-2.75,0,0.613419449
3.25,-3.25,0,0.576553713
3.25,-3.75,0,0.556048083
3.25,-4.25,0,0.619756755
3.25,-4.75,0,5.56E-01
3.25,-5.25,0,4.08E-01
3.25,-5.75,0,0.417443888
3.25,-6.25,0,3.61E-01
3.25,-6.75,0,4.03E-01
3.25,-7.25,0,1.05E-02
3.25,-7.75,0,-4.34E-03
3.25,-8.25,0,0.001475142
3.25,-8.75,0,-0.000594866
3.25,-9.25,0,9.66E-05
3.25,-9.75,0,2.65E-05
3.25,-10.25,0,1.81E-04
3.25,-10.75,0,-2.48E-03
3.25,-11.25,0,-0.000389252
3.25,-11.75,0,0.002566358
3.25,-12.25,0,0.00023481
3.25,-12.75,0,-4.50E-06
3.25,-13.25,0,0.000463835
3.25,-13.75,0,-0.000357532
3.25,-14.25,0,-0.002392395
3.25,-14.75,0,-0.00053685
3.75,14.75,0,1.10E-04
3.75,14.25,0,0.003817369
3.75,13.75,0,3.83E-03
3.75,13.25,0,-3.95E-05
3.75,12.75,0,-0.001254959
3.75,12.25,0,-0.000172537
3.75,11.75,0,-1.76E-04
3.75,11.25,0,0.000126817
3.75,10.75,0,3.57E-04
3.75,10.25,0,-3.08E-04
3.75,9.75,0,-0.000694579
3.75,9.25,0,-0.001026647
3.75,8.75,0,2.59E-03
3.75,8.25,0,2.60E-03
3.75,7.75,0,0.002440917
3.75,7.25,0,5.44E-03
3.75,6.75,0,3.90E-01
3.75,6.25,0,3.81E-01
3.75,5.75,0,0.37863341
3.75,5.25,0,0.365088767
3.75,4.75,0,6.27E-01
3.75,4.25,0,0.562461474
3.75,3.75,0,0.613445643
3.75,3.25,0,0.563297877
3.75,2.75,0,0.600570547
3.75,2.25,0,0.553389284
3.75,1.75,0,0.606416621
3.75,1.25,0,0.562223904
3.75,0.75,0,0.580169241
3.75,0.25,0,0.609034826
3.75,-0.25,0,6.00E-01
3.75,-0.75,0,0.597027351
3.75,-1.25,0,0.593527167
3.75,-1.75,0,0.613584233
3.75,-2.25,0,0.551029863
3.75,-2.75,0,0.569015851
3.75,-3.25,0,0.602918063
3.75,-3.75,0,0.567302356
3.75,-4.25,0,5.96E-01
3.75,-4.75,0,5.77E-01
3.75,-5.25,0,3.91E-01
3.75,-5.75,0,3.86E-01
3.75,-6.25,0,0.392357687
3.75,-6.75,0,0.374305178
3.75,-7.25,0,0.005602507
3.75,-7.75,0,0.00182551
3.75,-8.25,0,0.001225241
3.75,-8.75,0,0.000387798
3.75,-9.25,0,-0.000882328
3.75,-9.75,0,-0.000175922
3.75,-10.25,0,1.03E-03
3.75,-10.75,0,-5.15E-04
3.75,-11.25,0,-0.000619795
3.75,-11.75,0,0.000297595
3.75,-12.25,0,0.000552235
3.75,-12.75,0,-0.003014466
3.75,-13.25,0,-8.13E-05
3.75,-13.75,0,1.24E-05
3.75,-14.25,0,-2.09E-04
3.75,-14.75,0,-0.002109781
4.25,14.75,0,0.002511383
4.25,14.25,0,0.00046812
4.25,13.75,0,0.003643845
4.25,13.25,0,-1.28E-04
4.25,12.75,0,-2.54E-03
4.25,12.25,0,-0.000196532
4.25,11.75,0,-0.000587324
4.25,11.25,0,-1.15E-04
4.25,10.75,0,0.000338401
4.25,10.25,0,0.000614702
4.25,9.75,0,-2.12E-04
4.25,9.25,0,-5.40E-04
4.25,8.75,0,-0.000376023
4.25,8.25,0,0.000979451
4.25,7.75,0,0.00188696
4.25,7.25,0,0.000740572
4.25,6.75,0,0.378719758
4.25,6.25,0,0.361072683
4.25,5.75,0,0.42286822
4.25,5.25,0,0.371549818
4.25,4.75,0,0.565140343
4.25,4.25,0,0.561439275
4.25,3.75,0,0.596183791
4.25,3.25,0,0.582971119
4.25,2.75,0,5.65E-01
4.25,2.25,0,0.559665083
4.25,1.75,0,0.561781689
4.25,1.25,0,0.603557536
4.25,0.75,0,0.591582333
4.25,0.25,0,0.569090486
4.25,-0.25,0,5.83E-01
4.25,-0.75,0,0.568577077
4.25,-1.25,0,0.551234789
4.25,-1.75,0,0.598664255
4.25,-2.25,0,0.565870371
4.25,-2.75,0,0.612295217
4.25,-3.25,0,0.581478766
4.25,-3.75,0,5.84E-01
4.25,-4.25,0,0.595681339
4.25,-4.75,0,0.580861248
4.25,-5.25,0,0.381190296
4.25,-5.75,0,0.377034432
4.25,-6.25,0,3.83E-01
4.25,-6.75,0,3.89E-01
4.25,-7.25,0,0.008351703
4.25,-7.75,0,0.001333191
4.25,-8.25,0,0.001956604
4.25,-8.75,0,-0.000727636
4.25,-9.25,0,-0.000451113
4.25,-9.75,0,1.05E-03
4.25,-10.25,0,0.001668718
4.25,-10.75,0,0.004921649
4.25,-11.25,0,0.002576538
4.25,-11.75,0,2.95E-03
4.25,-12.25,0,0.000397267
4.25,-12.75,0,-0.002856168
4.25,-13.25,0,-6.51E-04
4.25,-13.75,0,0.001256296
4.25,-14.25,0,-0.000177798
4.25,-14.75,0,-0.00021403
4.75,14.75,0,0.000358248
4.75,14.25,0,-0.000702284
4.75,13.75,0,0.000747652
4.75,13.25,0,-1.66E-03
4.75,12.75,0,-5.87E-04
4.75,12.25,0,-0.000659747
4.75,11.75,0,8.41E-06
4.75,11.25,0,-0.000117671
4.75,10.75,0,-0.001208709
4.75,10.25,0,1.46E-03
4.75,9.75,0,0.001310808
4.75,9.25,0,0.001208356
4.75,8.75,0,-0.000309644
4.75,8.25,0,-4.89E-03
4.75,7.75,0,-0.004454664
4.75,7.25,0,0.015350114
4.75,6.75,0,0.403931599
4.75,6.25,0,3.90E-01
4.75,5.75,0,3.98E-01
4.75,5.25,0,3.86E-01
4.75,4.75,0,0.605213857
4.75,4.25,0,0.617058611
4.75,3.75,0,0.548908638
4.75,3.25,0,0.598429407
4.75,2.75,0,0.589394217
4.75,2.25,0,0.622232644
4.75,1.75,0,0.584768234
4.75,1.25,0,0.554794857
4.75,0.75,0,0.604942825
4.75,0.25,0,5.68E-01
4.75,-0.25,0,5.92E-01
4.75,-0.75,0,0.610348114
4.75,-1.25,0,0.555885263
4.75,-1.75,0,0.590971079
4.75,-2.25,0,0.608497445
4.75,-2.75,0,0.529362544
4.75,-3.25,0,0.578800346
4.75,-3.75,0,0.600982672
4.75,-4.25,0,5.91E-01
4.75,-4.75,0,5.65E-01
4.75,-5.25,0,3.78E-01
4.75,-5.75,0,0.419427786
4.75,-6.25,0,0.363296906
4.75,-6.75,0,0.36516291
4.75,-7.25,0,3.27E-03
4.75,-7.75,0,0.003928823
4.75,-8.25,0,0.001272472
4.75,-8.75,0,-0.000295336
4.75,-9.25,0,-0.00032917
4.75,-9.75,0,2.38E-05
4.75,-10.25,0,-3.16E-04
4.75,-10.75,0,-8.47E-04
4.75,-11.25,0,-0.000393919
4.75,-11.75,0,8.22E-05
4.75,-12.25,0,6.22E-05
4.75,-12.75,0,-0.000409924
4.75,-13.25,0,-0.001142086
4.75,-13.75,0,-7.48E-04
4.75,-14.25,0,-8.13E-04
4.75,-14.75,0,-0.000353668
5.25,14.75,0,-0.00198095
5.25,14.25,0,-0.000362065
5.25,13.75,0,-0.000504313
5.25,13.25,0,-1.06E-04
5.25,12.75,0,3.82E-05
5.25,12.25,0,4.41E-05
5.25,11.75,0,0.000616734
5.25,11.25,0,-5.72E-05
5.25,10.75,0,-1.54E-03
5.25,10.25,0,-0.000136288
5.25,9.75,0,8.13E-05
5.25,9.25,0,7.84E-04
5.25,8.75,0,0.000321798
5.25,8.25,0,-0.000748381
5.25,7.75,0,1.61E-04
5.25,7.25,0,0.018853048
5.25,6.75,0,0.352949616
5.25,6.25,0,0.365253626
5.25,5.75,0,3.93E-01
5.25,5.25,0,0.384698493
5.25,4.75,0,4.08E-01
5.25,4.25,0,3.76E-01
5.25,3.75,0,4.10E-01
5.25,3.25,0,0.371711669
5.25,2.75,0,0.39079231
5.25,2.25,0,0.361416335
5.25,1.75,0,0.41421111
5.25,1.25,0,0.370269676
5.25,0.75,0,0.398945195
5.25,0.25,0,0.396683811
5.25,-0.25,0,3.62E-01
5.25,-0.75,0,0.38096817
5.25,-1.25,0,0.406856639
5.25,-1.75,0,0.412154083
5.25,-2.25,0,0.381552046
5.25,-2.75,0,0.424619199
5.25,-3.25,0,0.362910351
5.25,-3.75,0,0.387823965
5.25,-4.25,0,0.376126352
5.25,-4.75,0,0.40248053
5.25,-5.25,0,0.379402212
5.25,-5.75,0,0.432023981
5.25,-6.25,0,3.88E-01
5.25,-6.75,0,3.78E-01
5.25,-7.25,0,5.18E-03
5.25,-7.75,0,1.23E-03
5.25,-8.25,0,0.001809128
5.25,-8.75,0,-0.000502616
5.25,-9.25,0,-9.95E-05
5.25,-9.75,0,-0.000186366
5.25,-10.25,0,-5.22E-04
5.25,-10.75,0,-2.19E-03
5.25,-11.25,0,-0.000651208
5.25,-11.75,0,-3.88E-05
5.25,-12.25,0,0.000533877
5.25,-12.75,0,-9.74E-04
5.25,-13.25,0,-9.83E-05
5.25,-13.75,0,-6.19E-05
5.25,-14.25,0,-0.000590051
5.25,-14.75,0,-0.000124377
5.75,14.75,0,-1.27E-03
5.75,14.25,0,-0.001822112
5.75,13.75,0,-0.002710419
5.75,13.25,0,-2.24E-04
5.75,12.75,0,0.001973641
5.75,12.25,0,-0.001774205
5.75,11.75,0,-0.001531308
5.75,11.25,0,-0.000724372
5.75,10.75,0,-0.000326413
5.75,10.25,0,-0.001263633
5.75,9.75,0,-7.51E-05
5.75,9.25,0,1.34E-03
5.75,8.75,0,2.00E-03
5.75,8.25,0,0.000853241
5.75,7.75,0,-0.000216904
5.75,7.25,0,0.010526611
5.75,6.75,0,0.386940113
5.75,6.25,0,0.411172006
5.75,5.75,0,0.403696612
5.75,5.25,0,3.83E-01
5.75,4.75,0,0.380188261
5.75,4.25,0,0.395002877
5.75,3.75,0,0.394604185
5.75,3.25,0,0.389699002
5.75,2.75,0,0.399971402
5.75,2.25,0,0.372183165
5.75,1.75,0,0.377653897
5.75,1.25,0,0.396083891
5.75,0.75,0,0.389692379
5.75,0.25,0,0.373266172
5.75,-0.25,0,4.07E-01
5.75,-0.75,0,0.411161618
5.75,-1.25,0,0.384891975
5.75,-1.75,0,0.377833293
5.75,-2.25,0,0.385224941
5.75,-2.75,0,0.371229514
5.75,-3.25,0,0.403385785
5.75,-3.75,0,0.401764966
5.75,-4.25,0,0.385783439
5.75,-4.75,0,3.97E-01
5.75,-5.25,0,0.380102873
5.75,-5.75,0,0.353405672
5.75,-6.25,0,0.390176528
5.75,-6.75,0,0.40092257
5.75,-7.25,0,0.007196745
5.75,-7.75,0,-2.42E-05
5.75,-8.25,0,0.00120033
5.75,-8.75,0,0.000221563
5.75,-9.25,0,-2.14E-04
5.75,-9.75,0,6.09E-05
5.75,-10.25,0,0.000610586
5.75,-10.75,0,-8.09E-05
5.75,-11.25,0,0.000210103
5.75,-11.75,0,0.000447122
5.75,-12.25,0,0.000349969
5.75,-12.75,0,-3.17E-05
5.75,-13.25,0,0.000113937
5.75,-13.75,0,0.000152916
5.75,-14.25,0,-0.000128649
5.75,-14.75,0,-0.00152018
6.25,14.75,0,-0.000361189
6.25,14.25,0,3.47E-05
6.25,13.75,0,0.002583195
6.25,13.25,0,4.21E-03
6.25,12.75,0,0.000130886
6.25,12.25,0,-0.001789333
6.25,11.75,0,-0.001891964
6.25,11.25,0,-3.50E-04
6.25,10.75,0,-0.000176455
6.25,10.25,0,-1.82E-03
6.25,9.75,0,-0.000388321
6.25,9.25,0,0.000775828
6.25,8.75,0,0.002660316
6.25,8.25,0,0.002701546
6.25,7.75,0,-0.000928121
6.25,7.25,0,-1.11E-03
6.25,6.75,0,0.371258236
6.25,6.25,0,0.405594508
6.25,5.75,0,0.381855211
6.25,5.25,0,0.366006934
6.25,4.75,0,0.406354632
6.25,4.25,0,3.80E-01
6.25,3.75,0,0.394450502
6.25,3.25,0,0.396065092
6.25,2.75,0,0.365383132
6.25,2.25,0,4.09E-01
6.25,1.75,0,3.92E-01
6.25,1.25,0,0.408056185
6.25,0.75,0,0.385132145
6.25,0.25,0,0.402321509
6.25,-0.25,0,3.81E-01
6.25,-0.75,0,0.38925769
6.25,-1.25,0,0.362285932
6.25,-1.75,0,0.406973696
6.25,-2.25,0,3.78E-01
6.25,-2.75,0,3.91E-01
6.25,-3.25,0,0.376506803
6.25,-3.75,0,0.407229566
6.25,-4.25,0,0.405153611
6.25,-4.75,0,3.93E-01
6.25,-5.25,0,3.76E-01
6.25,-5.75,0,4.24E-01
6.25,-6.25,0,0.357487206
6.25,-6.75,0,0.39161196
6.25,-7.25,0,-0.005803758
6.25,-7.75,0,-0.003648823
6.25,-8.25,0,0.000273353
6.25,-8.75,0,2.07E-03
6.25,-9.25,0,0.000160926
6.25,-9.75,0,-9.20E-05
6.25,-10.25,0,9.85E-04
6.25,-10.75,0,0.000134298
6.25,-11.25,0,0.000339373
6.25,-11.75,0,0.000102808
6.25,-12.25,0,0.001174837
6.25,-12.75,0,0.000572937
6.25,-13.25,0,-1.46E-05
6.25,-13.75,0,-1.37E-04
6.25,-14.25,0,-0.0016372
6.25,-14.75,0,-0.002602425
6.75,14.75,0,-0.002169355
6.75,14.25,0,-0.000278122
6.75,13.75,0,1.54E-03
6.75,13.25,0,0.002396104
6.75,12.75,0,-0.000489678
6.75,12.25,0,-0.001405878
6.75,11.75,0,-2.15E-04
6.75,11.25,0,3.64E-05
6.75,10.75,0,-0.000103827
6.75,10.25,0,-7.30E-04
6.75,9.75,0,-5.57E-04
6.75,9.25,0,-9.14E-05
6.75,8.75,0,0.000209299
6.75,8.25,0,1.12E-03
6.75,7.75,0,0.00105128
6.75,7.25,0,6.43E-04
6.75,6.75,0,0.36508432
6.75,6.25,0,0.376669652
6.75,5.75,0,3.87E-01
6.75,5.25,0,3.78E-01
6.75,4.75,0,3.70E-01
6.75,4.25,0,3.78E-01
6.75,3.75,0,0.364006667
6.75,3.25,0,0.393741999
6.75,2.75,0,0.390268188
6.75,2.25,0,3.57E-01
6.75,1.75,0,0.389288169
6.75,1.25,0,0.386866716
6.75,0.75,0,0.36992029
6.75,0.25,0,0.371727434
6.75,-0.25,0,3.83E-01
6.75,-0.75,0,0.38464542
6.75,-1.25,0,0.369883897
6.75,-1.75,0,0.372881976
6.75,-2.25,0,0.392276064
6.75,-2.75,0,0.362739628
6.75,-3.25,0,0.397164171
6.75,-3.75,0,0.366755703
6.75,-4.25,0,0.346960507
6.75,-4.75,0,0.36946217
6.75,-5.25,0,3.97E-01
6.75,-5.75,0,3.84E-01
6.75,-6.25,0,0.390930807
6.75,-6.75,0,0.390296788
6.75,-7.25,0,0.001211107
6.75,-7.75,0,-0.00306274
6.75,-8.25,0,0.001744737
6.75,-8.75,0,0.002400625
6.75,-9.25,0,0.000319775
6.75,-9.75,0,-0.000985701
6.75,-10.25,0,0.001430977
6.75,-10.75,0,0.000305137
6.75,-11.25,0,0.000607561
6.75,-11.75,0,-0.000681989
6.75,-12.25,0,-0.001856436
6.75,-12.75,0,-0.00080719
6.75,-13.25,0,-0.000122579
6.75,-13.75,0,-0.001897033
6.75,-14.25,0,-3.66E-04
6.75,-14.75,0,-2.98E-04
7.25,14.75,0,-1.23E-03
7.25,14.25,0,-8.01E-04
7.25,13.75,0,-3.97E-04
7.25,13.25,0,-1.73E-04
7.25,12.75,0,-0.001824421
7.25,12.25,0,-2.21E-03
7.25,11.75,0,-2.69E-03
7.25,11.25,0,-0.000604014
7.25,10.75,0,0.001229649
7.25,10.25,0,-0.000276977
7.25,9.75,0,-0.003067287
7.25,9.25,0,-0.001067684
7.25,8.75,0,0.000123604
7.25,8.25,0,6.53E-04
7.25,7.75,0,1.18E-03
7.25,7.25,0,0.001279857
7.25,6.75,0,0.02632162
7.25,6.25,0,0.002959462
7.25,5.75,0,0.005684707
7.25,5.25,0,0.008341375
7.25,4.75,0,0.013763944
7.25,4.25,0,3.40E-03
7.25,3.75,0,0.015810432
7.25,3.25,0,0.002466259
7.25,2.75,0,0.004544005
7.25,2.25,0,0.003336808
7.25,1.75,0,0.022260487
7.25,1.25,0,0.003642584
7.25,0.75,0,0.017445526
7.25,0.25,0,0.013002978
7.25,-0.25,0,8.49E-03
7.25,-0.75,0,0.014493094
7.25,-1.25,0,0.014853659
7.25,-1.75,0,0.028758062
7.25,-2.25,0,0.011687553
7.25,-2.75,0,0.01064043
7.25,-3.25,0,0.008874689
7.25,-3.75,0,0.01593889
7.25,-4.25,0,0.0325565
7.25,-4.75,0,0.004773342
7.25,-5.25,0,-0.001559632
7.25,-5.75,0,-0.005025233
7.25,-6.25,0,-0.002861769
7.25,-6.75,0,0.006774913
7.25,-7.25,0,-4.81E-03
7.25,-7.75,0,0.000573604
7.25,-8.25,0,1.77E-03
7.25,-8.75,0,0.001397891
7.25,-9.25,0,9.41E-05
7.25,-9.75,0,-1.64E-03
7.25,-10.25,0,-0.000583236
7.25,-10.75,0,-0.001157982
7.25,-11.25,0,-7.01E-05
7.25,-11.75,0,-0.000997031
7.25,-12.25,0,-0.001924939
7.25,-12.75,0,-0.001169998
7.25,-13.25,0,4.85E-05
7.25,-13.75,0,3.11E-05
7.25,-14.25,0,0.000312033
7.25,-14.75,0,8.27E-04
7.75,14.75,0,-0.000537433
7.75,14.25,0,-1.80E-04
7.75,13.75,0,-1.38E-03
7.75,13.25,0,-0.002556524
7.75,12.75,0,-0.003304268
7.75,12.25,0,-0.001088954
7.75,11.75,0,-0.00048836
7.75,11.25,0,-1.98E-04
7.75,10.75,0,0.000464209
7.75,10.25,0,3.03E-06
7.75,9.75,0,-0.000441726
7.75,9.25,0,1.80E-03
7.75,8.75,0,0.002348024
7.75,8.25,0,0.000551007
7.75,7.75,0,1.05E-03
7.75,7.25,0,0.001134181
7.75,6.75,0,-4.01E-05
7.75,6.25,0,0.000168973
7.75,5.75,0,-0.001356601
7.75,5.25,0,0.001494985
7.75,4.75,0,-0.0010951
7.75,4.25,0,-0.003003191
7.75,3.75,0,-0.003845096
7.75,3.25,0,-0.003851019
7.75,2.75,0,-0.005356203
7.75,2.25,0,-0.003652517
7.75,1.75,0,-0.004174049
7.75,1.25,0,0.00017253
7.75,0.75,0,0.002022531
7.75,0.25,0,-0.003319118
7.75,-0.25,0,-5.13E-03
7.75,-0.75,0,-0.003626613
7.75,-1.25,0,-0.001120632
7.75,-1.75,0,-0.008247438
7.75,-2.25,0,2.08E-04
7.75,-2.75,0,0.000587744
7.75,-3.25,0,-0.008442136
7.75,-3.75,0,-6.14E-03
7.75,-4.25,0,-0.002272968
7.75,-4.75,0,0.000523437
7.75,-5.25,0,3.04E-03
7.75,-5.75,0,0.001476877
7.75,-6.25,0,-1.13E-03
7.75,-6.75,0,-0.007909522
7.75,-7.25,0,-0.000817615
7.75,-7.75,0,0.001502864
7.75,-8.25,0,0.000667225
7.75,-8.75,0,8.58E-05
7.75,-9.25,0,-0.000107898
7.75,-9.75,0,-2.40E-03
7.75,-10.25,0,-0.000854139
7.75,-10.75,0,8.51E-04
7.75,-11.25,0,6.66E-04
7.75,-11.75,0,0.00097798
7.75,-12.25,0,2.22E-05
7.75,-12.75,0,-1.36E-03
7.75,-13.25,0,-1.84E-04
7.75,-13.75,0,3.04E-05
7.75,-14.25,0,-7.22E-05
7.75,-14.75,0,-0.002445523
8.25,14.75,0,-0.000322535
8.25,14.25,0,-3.30E-05
8.25,13.75,0,2.41E-03
8.25,13.25,0,0.001059141
8.25,12.75,0,2.15E-03
8.25,12.25,0,2.17E-05
8.25,11.75,0,-3.81E-04
8.25,11.25,0,-5.79E-04
8.25,10.75,0,8.86E-05
8.25,10.25,0,8.65E-05
8.25,9.75,0,8.02E-04
8.25,9.25,0,0.000289286
8.25,8.75,0,0.000591315
8.25,8.25,0,3.47E-05
8.25,7.75,0,0.000169032
8.25,7.25,0,-1.04E-03
8.25,6.75,0,0.000784178
8.25,6.25,0,1.54E-04
8.25,5.75,0,7.82E-04
8.25,5.25,0,0.001863664
8.25,4.75,0,0.001331167
8.25,4.25,0,0.001714949
8.25,3.75,0,2.73E-03
8.25,3.25,0,0.003301592
8.25,2.75,0,4.01E-04
8.25,2.25,0,0.000636473
8.25,1.75,0,0.00061792
8.25,1.25,0,0.001250077
8.25,0.75,0,0.001671285
8.25,0.25,0,0.002750366
8.25,-0.25,0,1.28E-03
8.25,-0.75,0,0.004678383
8.25,-1.25,0,0.004751245
8.25,-1.75,0,-0.003732237
8.25,-2.25,0,-2.22E-03
8.25,-2.75,0,0.001066554
8.25,-3.25,0,0.00189795
8.25,-3.75,0,0.00035722
8.25,-4.25,0,0.001984069
8.25,-4.75,0,1.81E-03
8.25,-5.25,0,0.001848306
8.25,-5.75,0,0.002120623
8.25,-6.25,0,0.003409986
8.25,-6.75,0,0.000898835
8.25,-7.25,0,0.001215979
8.25,-7.75,0,0.000623994
8.25,-8.25,0,-4.89E-05
8.25,-8.75,0,-2.15E-03
8.25,-9.25,0,-0.001107094
8.25,-9.75,0,-0.000509315
8.25,-10.25,0,-0.001043803
8.25,-10.75,0,0.005778383
8.25,-11.25,0,6.31E-04
8.25,-11.75,0,0.003891675
8.25,-12.25,0,1.52E-03
8.25,-12.75,0,-4.09E-04
8.25,-13.25,0,-0.002144349
8.25,-13.75,0,-0.000587891
8.25,-14.25,0,-1.96E-05
8.25,-14.75,0,-0.005527129
8.75,14.75,0,-1.68E-03
8.75,14.25,0,0.000566126
8.75,13.75,0,2.79E-03
8.75,13.25,0,0.000359561
8.75,12.75,0,-0.000874117
8.75,12.25,0,-2.62E-03
8.75,11.75,0,-0.00014099
8.75,11.25,0,0.000225956
8.75,10.75,0,0.001928665
8.75,10.25,0,1.09E-03
8.75,9.75,0,6.86E-05
8.75,9.25,0,-2.07E-04
8.75,8.75,0,-0.000163715
8.75,8.25,0,0.000251948
8.75,7.75,0,0.001394387
8.75,7.25,0,-5.43E-06
8.75,6.75,0,0.000199943
8.75,6.25,0,0.000216314
8.75,5.75,0,-7.34E-05
8.75,5.25,0,-0.000307381
8.75,4.75,0,-0.000997087
8.75,4.25,0,-1.25E-03
8.75,3.75,0,0.001996993
8.75,3.25,0,2.73E-03
8.75,2.75,0,3.62E-03
8.75,2.25,0,-0.000717065
8.75,1.75,0,0.002272469
8.75,1.25,0,-0.001048982
8.75,0.75,0,-0.000666375
8.75,0.25,0,-0.000151663
8.75,-0.25,0,-1.58E-03
8.75,-0.75,0,0.001825585
8.75,-1.25,0,0.001656613
8.75,-1.75,0,4.47E-05
8.75,-2.25,0,-1.31E-03
8.75,-2.75,0,0.001443184
8.75,-3.25,0,1.41E-03
8.75,-3.75,0,3.16E-03
8.75,-4.25,0,0.004450043
8.75,-4.75,0,1.61E-04
8.75,-5.25,0,-0.000126349
8.75,-5.75,0,0.002547572
8.75,-6.25,0,0.002642234
8.75,-6.75,0,0.000454243
8.75,-7.25,0,0.00578405
8.75,-7.75,0,0.002115645
8.75,-8.25,0,0.00192321
8.75,-8.75,0,-9.06E-04
8.75,-9.25,0,-0.001877482
8.75,-9.75,0,0.000882159
8.75,-10.25,0,5.53E-04
8.75,-10.75,0,1.40E-03
8.75,-11.25,0,-0.000449705
8.75,-11.75,0,1.33E-04
8.75,-12.25,0,0.000982332
8.75,-12.75,0,6.16E-05
8.75,-13.25,0,0.000765013
8.75,-13.75,0,0.000350184
8.75,-14.25,0,3.14E-03
8.75,-14.75,0,-3.62E-03
9.25,14.75,0,-0.006007447
9.25,14.25,0,0.000710716
9.25,13.75,0,0.003835027
9.25,13.25,0,0.002735625
9.25,12.75,0,0.000545498
9.25,12.25,0,-4.68E-04
9.25,11.75,0,0.000206579
9.25,11.25,0,2.02E-04
9.25,10.75,0,0.000490164
9.25,10.25,0,0.002048764
9.25,9.75,0,-0.000130887
9.25,9.25,0,-2.98E-04
9.25,8.75,0,-0.000191264
9.25,8.25,0,0.003077058
9.25,7.75,0,4.76E-03
9.25,7.25,0,0.000752509
9.25,6.75,0,-3.16E-05
9.25,6.25,0,-0.001714914
9.25,5.75,0,-0.000180743
9.25,5.25,0,0.001489595
9.25,4.75,0,-0.000510189
9.25,4.25,0,-1.09E-03
9.25,3.75,0,1.63E-03
9.25,3.25,0,4.96E-05
9.25,2.75,0,0.00318897
9.25,2.25,0,0.000373616
9.25,1.75,0,-0.000228047
9.25,1.25,0,-0.000657437
9.25,0.75,0,-0.000727275
9.25,0.25,0,-0.001039865
9.25,-0.25,0,5.88E-04
9.25,-0.75,0,0.001826401
9.25,-1.25,0,0.001404147
9.25,-1.75,0,-0.000844579
9.25,-2.25,0,-0.000846773
9.25,-2.75,0,-0.000279852
9.25,-3.25,0,2.29E-03
9.25,-3.75,0,-0.001055063
9.25,-4.25,0,0.000114791
9.25,-4.75,0,-8.59E-04
9.25,-5.25,0,-0.0003851
9.25,-5.75,0,0.001610456
9.25,-6.25,0,1.58E-03
9.25,-6.75,0,0.002018976
9.25,-7.25,0,0.005228805
9.25,-7.75,0,0.000864844
9.25,-8.25,0,-0.000526105
9.25,-8.75,0,-0.000283986
9.25,-9.25,0,-0.001115632
9.25,-9.75,0,0.000548253
9.25,-10.25,0,0.00031979
9.25,-10.75,0,0.001109346
9.25,-11.25,0,0.0016456
9.25,-11.75,0,0.002753981
9.25,-12.25,0,3.99E-05
9.25,-12.75,0,5.62E-05
9.25,-13.25,0,0.000374615
9.25,-13.75,0,0.001242335
9.25,-14.25,0,0.00183351
9.25,-14.75,0,-0.001518962
9.75,14.75,0,0.000148034
9.75,14.25,0,0.002643156
9.75,13.75,0,-0.001395966
9.75,13.25,0,1.29E-04
9.75,12.75,0,-0.00169459
9.75,12.25,0,-0.00112275
9.75,11.75,0,0.001174789
9.75,11.25,0,0.001146808
9.75,10.75,0,0.001638424
9.75,10.25,0,0.000919671
9.75,9.75,0,-1.15E-03
9.75,9.25,0,-0.001281501
9.75,8.75,0,-0.000594907
9.75,8.25,0,1.63E-04
9.75,7.75,0,0.002260496
9.75,7.25,0,1.24E-04
9.75,6.75,0,-0.000172359
9.75,6.25,0,-1.17E-04
9.75,5.75,0,-0.000896506
9.75,5.25,0,-9.01E-05
9.75,4.75,0,-0.000254115
9.75,4.25,0,-0.0009221
9.75,3.75,0,-0.000184988
9.75,3.25,0,1.71E-03
9.75,2.75,0,0.000524173
9.75,2.25,0,-0.000867422
9.75,1.75,0,-0.000671156
9.75,1.25,0,-0.000553142
9.75,0.75,0,-0.000538072
9.75,0.25,0,-0.000298842
9.75,-0.25,0,1.59E-03
9.75,-0.75,0,0.000236048
9.75,-1.25,0,-0.000413253
9.75,-1.75,0,-0.000455619
9.75,-2.25,0,-4.22E-04
9.75,-2.75,0,-0.000574256
9.75,-3.25,0,-0.000408054
9.75,-3.75,0,-0.000780213
9.75,-4.25,0,-2.74E-04
9.75,-4.75,0,2.56E-05
9.75,-5.25,0,-0.000300909
9.75,-5.75,0,9.63E-05
9.75,-6.25,0,0.00210926
9.75,-6.75,0,3.60E-05
9.75,-7.25,0,4.05E-05
9.75,-7.75,0,-2.24E-04
9.75,-8.25,0,-9.28E-05
9.75,-8.75,0,0.00096965
9.75,-9.25,0,-8.28E-05
9.75,-9.75,0,-9.23E-05
9.75,-10.25,0,-5.52E-05
9.75,-10.75,0,2.80E-04
9.75,-11.25,0,2.61E-03
9.75,-11.75,0,0.003517198
9.75,-12.25,0,-0.001453445
9.75,-12.75,0,-0.001036445
9.75,-13.25,0,1.56E-03
9.75,-13.75,0,0.000214881
9.75,-14.25,0,0.000236708
9.75,-14.75,0,5.94E-05
10.25,14.75,0,0.00358871
10.25,14.25,0,0.000392714
10.25,13.75,0,-0.005928289
10.25,13.25,0,0.000986761
10.25,12.75,0,-0.002129429
10.25,12.25,0,-0.000844597
10.25,11.75,0,0.000443192
10.25,11.25,0,0.000898599
10.25,10.75,0,0.002263641
10.25,10.25,0,-1.87E-04
10.25,9.75,0,-0.00023113
10.25,9.25,0,8.07E-05
10.25,8.75,0,2.02E-03
10.25,8.25,0,1.62E-05
10.25,7.75,0,-9.21E-04
10.25,7.25,0,-0.000897443
10.25,6.75,0,-2.74E-05
10.25,6.25,0,0.000828274
10.25,5.75,0,-0.000377991
10.25,5.25,0,-0.000633356
10.25,4.75,0,-1.96E-05
10.25,4.25,0,-0.000496665
10.25,3.75,0,-0.000205706
10.25,3.25,0,0.00143582
10.25,2.75,0,-0.000173347
10.25,2.25,0,-0.000214942
10.25,1.75,0,-0.000310382
10.25,1.25,0,-7.85E-05
10.25,0.75,0,1.92E-05
10.25,0.25,0,0.001996227
10.25,-0.25,0,-1.23E-04
10.25,-0.75,0,-0.001413966
10.25,-1.25,0,-0.003014437
10.25,-1.75,0,-0.001384146
10.25,-2.25,0,-0.000410103
10.25,-2.75,0,-9.66E-04
10.25,-3.25,0,1.15E-04
10.25,-3.75,0,-2.77E-04
10.25,-4.25,0,-6.09E-05
10.25,-4.75,0,0.002406004
10.25,-5.25,0,-8.41E-05
10.25,-5.75,0,-0.000143976
10.25,-6.25,0,-0.00016165
10.25,-6.75,0,-3.48E-03
10.25,-7.25,0,-0.001558149
10.25,-7.75,0,-1.03E-03
10.25,-8.25,0,0.000306634
10.25,-8.75,0,0.002256737
10.25,-9.25,0,-2.22E-05
10.25,-9.75,0,-0.004141352
10.25,-10.25,0,-4.02E-03
10.25,-10.75,0,-0.005940861
10.25,-11.25,0,-0.001447969
10.25,-11.75,0,-2.77E-03
10.25,-12.25,0,-0.001720929
10.25,-12.75,0,-0.002832048
10.25,-13.25,0,0.000165111
10.25,-13.75,0,0.001232771
10.25,-14.25,0,0.003165257
10.25,-14.75,0,0.003599957
10.75,14.75,0,0.004607161
10.75,14.25,0,-0.001521008
10.75,13.75,0,-0.001350167
10.75,13.25,0,6.39E-03
10.75,12.75,0,4.35E-04
10.75,12.25,0,-4.33E-03
10.75,11.75,0,-0.00081
10.75,11.25,0,2.33E-04
10.75,10.75,0,4.03E-03
10.75,10.25,0,1.63E-03
10.75,9.75,0,0.000355312
10.75,9.25,0,-0.000100842
10.75,8.75,0,0.001653408
10.75,8.25,0,0.000214893
10.75,7.75,0,-0.001232712
10.75,7.25,0,-0.000726346
10.75,6.75,0,0.000450243
10.75,6.25,0,-0.000563542
10.75,5.75,0,-0.002237295
10.75,5.25,0,-0.001676763
10.75,4.75,0,-0.000257946
10.75,4.25,0,-0.000301019
10.75,3.75,0,-0.002658042
10.75,3.25,0,-0.00030341
10.75,2.75,0,-0.001375821
10.75,2.25,0,1.44E-04
10.75,1.75,0,9.14E-05
10.75,1.25,0,0.0005905
10.75,0.75,0,0.001674038
10.75,0.25,0,-6.60E-05
10.75,-0.25,0,-4.60E-04
10.75,-0.75,0,-7.66E-05
10.75,-1.25,0,0.00178596
10.75,-1.75,0,-0.000360062
10.75,-2.25,0,-0.00289189
10.75,-2.75,0,-0.000669076
10.75,-3.25,0,0.003727506
10.75,-3.75,0,-7.97E-05
10.75,-4.25,0,-0.000729152
10.75,-4.75,0,-0.000116999
10.75,-5.25,0,-1.36E-03
10.75,-5.75,0,-0.001074432
10.75,-6.25,0,1.06E-04
10.75,-6.75,0,-0.000184838
10.75,-7.25,0,-9.74E-04
10.75,-7.75,0,-9.94E-04
10.75,-8.25,0,1.67E-03
10.75,-8.75,0,2.59E-03
10.75,-9.25,0,2.79E-05
10.75,-9.75,0,-1.73E-03
10.75,-10.25,0,-0.000337169
10.75,-10.75,0,-0.000113989
10.75,-11.25,0,-0.000361774
10.75,-11.75,0,-1.71E-03
10.75,-12.25,0,0.001606847
10.75,-12.75,0,-0.000187234
10.75,-13.25,0,1.49E-03
10.75,-13.75,0,0.001425259
10.75,-14.25,0,0.000142839
10.75,-14.75,0,0.000100245
11.25,14.75,0,-0.000723598
11.25,14.25,0,-0.00595885
11.25,13.75,0,-0.002111543
11.25,13.25,0,0.002794517
11.25,12.75,0,1.37E-03
11.25,12.25,0,-0.000542994
11.25,11.75,0,-8.93E-04
11.25,11.25,0,0.000171485
11.25,10.75,0,0.001048428
11.25,10.25,0,-1.08E-03
11.25,9.75,0,5.10E-04
11.25,9.25,0,5.78E-05
11.25,8.75,0,0.000200263
11.25,8.25,0,0.000282
11.25,7.75,0,-0.000817148
11.25,7.25,0,-1.70E-04
11.25,6.75,0,0.001651781
11.25,6.25,0,0.000169921
11.25,5.75,0,0.000112168
11.25,5.25,0,-7.28E-05
11.25,4.75,0,-9.82E-04
11.25,4.25,0,-2.82E-04
11.25,3.75,0,-0.000886947
11.25,3.25,0,-0.001291045
11.25,2.75,0,-0.000579994
11.25,2.25,0,0.00103597
11.25,1.75,0,-0.000726899
11.25,1.25,0,3.93E-05
11.25,0.75,0,-4.17E-05
11.25,0.25,0,-0.000161532
11.25,-0.25,0,-8.30E-04
11.25,-0.75,0,-5.54E-05
11.25,-1.25,0,0.001896307
11.25,-1.75,0,9.62E-05
11.25,-2.25,0,-6.56E-05
11.25,-2.75,0,-0.00283271
11.25,-3.25,0,-0.000849809
11.25,-3.75,0,-0.000188483
11.25,-4.25,0,-1.63E-04
11.25,-4.75,0,-3.93E-05
11.25,-5.25,0,-0.000538906
11.25,-5.75,0,-4.60E-05
11.25,-6.25,0,6.90E-04
11.25,-6.75,0,3.81E-04
11.25,-7.25,0,0.001154667
11.25,-7.75,0,-0.002251016
11.25,-8.25,0,-0.001989606
11.25,-8.75,0,-2.10E-05
11.25,-9.25,0,-0.000296949
11.25,-9.75,0,-0.000570472
11.25,-10.25,0,0.000351677
11.25,-10.75,0,0.003548561
11.25,-11.25,0,-2.06E-04
11.25,-11.75,0,9.37E-05
11.25,-12.25,0,0.002006358
11.25,-12.75,0,-1.69E-05
11.25,-13.25,0,1.35E-04
11.25,-13.75,0,0.001285959
11.25,-14.25,0,-0.000175354
11.25,-14.75,0,-1.84E-04
11.75,14.75,0,-0.000225515
11.75,14.25,0,-3.59E-05
11.75,13.75,0,0.001803276
11.75,13.25,0,0.00396942
11.75,12.75,0,-0.001139942
11.75,12.25,0,-9.55E-05
11.75,11.75,0,5.42E-05
11.75,11.25,0,-0.00039917
11.75,10.75,0,-0.000819588
11.75,10.25,0,-2.85E-03
11.75,9.75,0,-6.35E-05
11.75,9.25,0,0.000195428
11.75,8.75,0,0.000388462
11.75,8.25,0,0.003795151
11.75,7.75,0,-0.000644754
11.75,7.25,0,-0.000154078
11.75,6.75,0,0.001783207
11.75,6.25,0,-0.000337795
11.75,5.75,0,-0.002724513
11.75,5.25,0,-7.21E-05
11.75,4.75,0,-0.000918028
11.75,4.25,0,-0.001822509
11.75,3.75,0,-0.002408037
11.75,3.25,0,-0.00029665
11.75,2.75,0,-0.001448382
11.75,2.25,0,2.31E-05
11.75,1.75,0,-0.002124723
11.75,1.25,0,-5.02E-05
11.75,0.75,0,-0.000521577
11.75,0.25,0,0.000382521
11.75,-0.25,0,-9.97E-05
11.75,-0.75,0,0.000585035
11.75,-1.25,0,0.000236124
11.75,-1.75,0,0.000721931
11.75,-2.25,0,0.00189306
11.75,-2.75,0,-0.002359653
11.75,-3.25,0,-0.000670842
11.75,-3.75,0,-8.13E-05
11.75,-4.25,0,-0.000456085
11.75,-4.75,0,0.003098311
11.75,-5.25,0,1.12E-04
11.75,-5.75,0,2.02E-03
11.75,-6.25,0,0.000296897
11.75,-6.75,0,0.000111729
11.75,-7.25,0,-0.000593416
11.75,-7.75,0,-0.00547981
11.75,-8.25,0,-0.002884078
11.75,-8.75,0,-0.000905219
11.75,-9.25,0,-9.84E-05
11.75,-9.75,0,-2.50E-03
11.75,-10.25,0,0.00018303
11.75,-10.75,0,0.001481373
11.75,-11.25,0,1.85E-05
11.75,-11.75,0,2.44E-04
11.75,-12.25,0,0.00092062
11.75,-12.75,0,0.000342146
11.75,-13.25,0,-2.81E-06
11.75,-13.75,0,2.63E-04
11.75,-14.25,0,0.000867341
11.75,-14.75,0,-0.001966691
12.25,14.75,0,0.001432854
12.25,14.25,0,0.001280287
12.25,13.75,0,4.65E-03
12.25,13.25,0,0.000687431
12.25,12.75,0,-1.23E-04
12.25,12.25,0,3.46E-05
12.25,11.75,0,0.002605065
12.25,11.25,0,-7.30E-04
12.25,10.75,0,-1.47E-03
12.25,10.25,0,-0.000972096
12.25,9.75,0,-0.000339062
12.25,9.25,0,-0.001358336
12.25,8.75,0,-2.21E-05
12.25,8.25,0,0.000489113
12.25,7.75,0,0.002145912
12.25,7.25,0,0.000234159
12.25,6.75,0,0.000205599
12.25,6.25,0,0.000667902
12.25,5.75,0,2.60E-05
12.25,5.25,0,0.001158699
12.25,4.75,0,8.93E-05
12.25,4.25,0,-1.96E-03
12.25,3.75,0,-0.000773922
12.25,3.25,0,0.000123639
12.25,2.75,0,0.00074957
12.25,2.25,0,0.003267186
12.25,1.75,0,0.000461646
12.25,1.25,0,6.76E-05
12.25,0.75,0,-0.001520781
12.25,0.25,0,-0.000297378
12.25,-0.25,0,-9.25E-05
12.25,-0.75,0,-9.81E-05
12.25,-1.25,0,-0.000108177
12.25,-1.75,0,-0.001461022
12.25,-2.25,0,0.000195174
12.25,-2.75,0,3.63E-03
12.25,-3.25,0,0.001529608
12.25,-3.75,0,0.000285392
12.25,-4.25,0,-0.002464777
12.25,-4.75,0,-3.38E-05
12.25,-5.25,0,-0.002581319
12.25,-5.75,0,-9.11E-05
12.25,-6.25,0,4.25E-05
12.25,-6.75,0,0.001996886
12.25,-7.25,0,6.28E-05
12.25,-7.75,0,-0.000284752
12.25,-8.25,0,-0.001621835
12.25,-8.75,0,-2.04E-03
12.25,-9.25,0,0.001901829
12.25,-9.75,0,0.00059583
12.25,-10.25,0,0.001901647
12.25,-10.75,0,2.37E-04
12.25,-11.25,0,-0.002334355
12.25,-11.75,0,3.45E-05
12.25,-12.25,0,3.46E-05
12.25,-12.75,0,0.000151669
12.25,-13.25,0,-1.94E-05
12.25,-13.75,0,-0.000665537
12.25,-14.25,0,-2.60E-05
12.25,-14.75,0,-0.000969097
12.75,14.75,0,-0.000425438
12.75,14.25,0,-0.002484606
12.75,13.75,0,-0.000965928
12.75,13.25,0,-5.36E-03
12.75,12.75,0,-1.55E-04
12.75,12.25,0,0.000103377
12.75,11.75,0,5.00E-04
12.75,11.25,0,-0.001759661
12.75,10.75,0,-1.16E-03
12.75,10.25,0,-0.001741804
12.75,9.75,0,-0.001605884
12.75,9.25,0,-0.000259329
12.75,8.75,0,5.60E-06
12.75,8.25,0,1.97E-06
12.75,7.75,0,0.003132218
12.75,7.25,0,0.001606174
12.75,6.75,0,-8.28E-06
12.75,6.25,0,6.65E-05
12.75,5.75,0,0.000354938
12.75,5.25,0,0.000788621
12.75,4.75,0,0.001831427
12.75,4.25,0,0.002406033
12.75,3.75,0,0.001103861
12.75,3.25,0,0.000426823
12.75,2.75,0,-1.15E-04
12.75,2.25,0,-0.002717421
12.75,1.75,0,-0.000516005
12.75,1.25,0,-0.003558742
12.75,0.75,0,-0.000734166
12.75,0.25,0,0.003270475
12.75,-0.25,0,8.66E-04
12.75,-0.75,0,-0.001876149
12.75,-1.25,0,-0.000951671
12.75,-1.75,0,-0.001365892
12.75,-2.25,0,-0.001851816
12.75,-2.75,0,1.01E-05
12.75,-3.25,0,1.68E-04
12.75,-3.75,0,-0.000366185
12.75,-4.25,0,-1.27E-03
12.75,-4.75,0,6.69E-05
12.75,-5.25,0,-0.000228297
12.75,-5.75,0,-0.000317684
12.75,-6.25,0,2.01E-05
12.75,-6.75,0,0.001112143
12.75,-7.25,0,0.000164004
12.75,-7.75,0,0.000928022
12.75,-8.25,0,1.07E-04
12.75,-8.75,0,0.000250259
12.75,-9.25,0,1.25E-03
12.75,-9.75,0,6.54E-04
12.75,-10.25,0,0.003299339
12.75,-10.75,0,0.000452313
12.75,-11.25,0,-0.000407018
12.75,-11.75,0,-0.000626382
12.75,-12.25,0,-0.002020949
12.75,-12.75,0,-1.53E-04
12.75,-13.25,0,0.00137561
12.75,-13.75,0,0.001322755
12.75,-14.25,0,-0.002218754
12.75,-14.75,0,-0.0009113
13.25,14.75,0,-3.48E-03
13.25,14.25,0,-4.66E-03
13.25,13.75,0,3.57E-04
13.25,13.25,0,0.001035043
13.25,12.75,0,0.000493666
13.25,12.25,0,3.78E-03
13.25,11.75,0,6.41E-04
13.25,11.25,0,6.07E-05
13.25,10.75,0,0.000267867
13.25,10.25,0,-0.000480672
13.25,9.75,0,-0.002407669
13.25,9.25,0,0.000225569
13.25,8.75,0,0.000130686
13.25,8.25,0,-2.77E-03
13.25,7.75,0,0.000202508
13.25,7.25,0,8.17E-05
13.25,6.75,0,-2.29E-03
13.25,6.25,0,-0.000620441
13.25,5.75,0,1.22E-04
13.25,5.25,0,7.87E-05
13.25,4.75,0,-0.000317139
13.25,4.25,0,0.000146317
13.25,3.75,0,7.61E-04
13.25,3.25,0,-0.001574822
13.25,2.75,0,-0.0003546
13.25,2.25,0,-0.000283022
13.25,1.75,0,-0.000545328
13.25,1.25,0,-0.001048592
13.25,0.75,0,-0.000550929
13.25,0.25,0,0.000103881
13.25,-0.25,0,-6.75E-05
13.25,-0.75,0,-4.51E-05
13.25,-1.25,0,0.000792205
13.25,-1.75,0,-0.00076828
13.25,-2.25,0,-0.000571324
13.25,-2.75,0,-0.002580412
13.25,-3.25,0,-1.36E-04
13.25,-3.75,0,-2.78E-06
13.25,-4.25,0,-0.000613701
13.25,-4.75,0,9.16E-04
13.25,-5.25,0,-4.75E-04
13.25,-5.75,0,-0.000522987
13.25,-6.25,0,0.00147337
13.25,-6.75,0,0.001217113
13.25,-7.25,0,1.38E-03
13.25,-7.75,0,7.09E-03
13.25,-8.25,0,1.57E-04
13.25,-8.75,0,0.000426622
13.25,-9.25,0,0.000357323
13.25,-9.75,0,0.001973259
13.25,-10.25,0,3.24E-03
13.25,-10.75,0,2.35E-03
13.25,-11.25,0,-3.61E-05
13.25,-11.75,0,-0.002355518
13.25,-12.25,0,-1.13E-03
13.25,-12.75,0,5.18E-04
13.25,-13.25,0,0.002414865
13.25,-13.75,0,0.003900676
13.25,-14.25,0,-0.004152332
13.25,-14.75,0,-0.002615377
13.75,14.75,0,2.91E-05
13.75,14.25,0,0.001432723
13.75,13.75,0,6.20E-05
13.75,13.25,0,0.001642078
13.75,12.75,0,0.000155714
13.75,12.25,0,4.53E-03
13.75,11.75,0,0.0010906
13.75,11.25,0,-0.000249599
13.75,10.75,0,0.000563946
13.75,10.25,0,0.00181133
13.75,9.75,0,0.000479484
13.75,9.25,0,0.000741552
13.75,8.75,0,0.003639621
13.75,8.25,0,5.19E-04
13.75,7.75,0,2.98E-03
13.75,7.25,0,-0.000665917
13.75,6.75,0,-0.00079955
13.75,6.25,0,0.001405096
13.75,5.75,0,3.13E-05
13.75,5.25,0,-0.000144185
13.75,4.75,0,-4.74E-05
13.75,4.25,0,-7.33E-04
13.75,3.75,0,7.26E-04
13.75,3.25,0,-0.001507116
13.75,2.75,0,-0.001962482
13.75,2.25,0,-0.000147026
13.75,1.75,0,3.26E-05
13.75,1.25,0,-2.20E-05
13.75,0.75,0,7.71E-06
13.75,0.25,0,5.78E-05
13.75,-0.25,0,5.80E-05
13.75,-0.75,0,0.00019505
13.75,-1.25,0,0.005458054
13.75,-1.75,0,0.000209723
13.75,-2.25,0,-0.001323408
13.75,-2.75,0,-7.51E-05
13.75,-3.25,0,0.000934312
13.75,-3.75,0,1.20E-03
13.75,-4.25,0,0.000111539
13.75,-4.75,0,0.003968783
13.75,-5.25,0,1.02E-04
13.75,-5.75,0,0.001624244
13.75,-6.25,0,0.002996791
13.75,-6.75,0,0.001032858
13.75,-7.25,0,-0.000104265
13.75,-7.75,0,0.000329358
13.75,-8.25,0,9.16E-05
13.75,-8.75,0,0.001186909
13.75,-9.25,0,0.000345513
13.75,-9.75,0,7.71E-04
13.75,-10.25,0,1.50E-04
13.75,-10.75,0,1.08E-04
13.75,-11.25,0,-0.000755431
13.75,-11.75,0,-0.000123707
13.75,-12.25,0,0.002358263
13.75,-12.75,0,0.000501685
13.75,-13.25,0,-0.002504848
13.75,-13.75,0,0.000123953
13.75,-14.25,0,-0.000473521
13.75,-14.75,0,-0.001062652
14.25,14.75,0,0.002203916
14.25,14.25,0,0.003150723
14.25,13.75,0,-0.000714899
14.25,13.25,0,9.99E-05
14.25,12.75,0,-0.003903641
14.25,12.25,0,-8.58E-05
14.25,11.75,0,-9.53E-05
14.25,11.25,0,-0.001648586
14.25,10.75,0,0.002855188
14.25,10.25,0,0.001365058
14.25,9.75,0,-0.001339107
14.25,9.25,0,-0.00287113
14.25,8.75,0,-0.00011199
14.25,8.25,0,0.003754515
14.25,7.75,0,0.000140563
14.25,7.25,0,-1.93E-03
14.25,6.75,0,-0.002616453
14.25,6.25,0,-0.001011427
14.25,5.75,0,-0.000289089
14.25,5.25,0,1.03E-03
14.25,4.75,0,4.71E-04
14.25,4.25,0,-1.03E-03
14.25,3.75,0,-3.54E-04
14.25,3.25,0,-1.94E-05
14.25,2.75,0,-0.000444421
14.25,2.25,0,-0.001766182
14.25,1.75,0,-0.000445008
14.25,1.25,0,-0.000340846
14.25,0.75,0,8.02E-05
14.25,0.25,0,0.002143449
14.25,-0.25,0,4.56E-03
14.25,-0.75,0,0.000956194
14.25,-1.25,0,0.001914642
14.25,-1.75,0,0.000959485
14.25,-2.25,0,-2.19E-03
14.25,-2.75,0,-3.52E-06
14.25,-3.25,0,8.68E-05
14.25,-3.75,0,-4.88E-05
14.25,-4.25,0,-8.20E-05
14.25,-4.75,0,0.002104508
14.25,-5.25,0,0.000114029
14.25,-5.75,0,-6.92E-05
14.25,-6.25,0,0.000232282
14.25,-6.75,0,1.57E-03
14.25,-7.25,0,5.95E-04
14.25,-7.75,0,0.001224387
14.25,-8.25,0,1.51E-03
14.25,-8.75,0,0.000186975
14.25,-9.25,0,1.45E-05
14.25,-9.75,0,6.94E-04
14.25,-10.25,0,6.94E-05
14.25,-10.75,0,-2.53E-04
14.25,-11.25,0,-8.61E-05
14.25,-11.75,0,0.000428032
14.25,-12.25,0,0.001186765
14.25,-12.75,0,-0.000446692
14.25,-13.25,0,-0.001465824
14.25,-13.75,0,1.40E-04
14.25,-14.25,0,-8.92E-05
14.25,-14.75,0,-4.53E-03
14.75,14.75,0,-0.000988753
14.75,14.25,0,0.001164869
14.75,13.75,0,-0.000472232
14.75,13.25,0,-6.87E-04
14.75,12.75,0,-5.23E-04
14.75,12.25,0,-0.002647157
14.75,11.75,0,-0.001519546
14.75,11.25,0,-0.000298532
14.75,10.75,0,0.000149805
14.75,10.25,0,0.000592034
14.75,9.75,0,-0.000172594
14.75,9.25,0,-0.001806003
14.75,8.75,0,-0.00499237
14.75,8.25,0,-0.001103389
14.75,7.75,0,-0.003590552
14.75,7.25,0,-2.29E-03
14.75,6.75,0,-2.64E-03
14.75,6.25,0,-2.40E-04
14.75,5.75,0,4.16E-05
14.75,5.25,0,6.16E-05
14.75,4.75,0,0.000199668
14.75,4.25,0,0.000290988
14.75,3.75,0,9.41E-06
14.75,3.25,0,0.00179165
14.75,2.75,0,8.06E-06
14.75,2.25,0,-0.000114438
14.75,1.75,0,-0.00021063
14.75,1.25,0,-0.000897957
14.75,0.75,0,-1.67E-05
14.75,0.25,0,0.000505759
14.75,-0.25,0,9.14E-05
14.75,-0.75,0,-0.00190771
14.75,-1.25,0,-7.45E-05
14.75,-1.75,0,-1.89E-05
14.75,-2.25,0,-1.50E-03
14.75,-2.75,0,-0.001258346
14.75,-3.25,0,-2.76E-05
14.75,-3.75,0,0.000908596
14.75,-4.25,0,0.005446939
14.75,-4.75,0,3.36E-03
14.75,-5.25,0,3.49E-03
14.75,-5.75,0,1.81E-05
14.75,-6.25,0,-1.79E-05
14.75,-6.75,0,0.000420308
14.75,-7.25,0,-0.001065889
14.75,-7.75,0,-0.002967892
14.75,-8.25,0,-0.003346579
14.75,-8.75,0,-0.003087169
14.75,-9.25,0,-1.32E-03
14.75,-9.75,0,-0.000372982
14.75,-10.25,0,0.000155673
14.75,-10.75,0,-0.000348814
14.75,-11.25,0,-2.22E-03
14.75,-11.75,0,-0.002135121
14.75,-12.25,0,-0.000279269
14.75,-12.75,0,-0.002631387
14.75,-13.25,0,-0.000208674
14.75,-13.75,0,0.001524625
14.75,-14.25,0,-0.000106904
14.75,-14.75,0,-0.000216372
