-14.75,14.75,0,0.009699121
-14.75,14.25,0,0.008817058
-14.75,13.75,0,0.009733432
-14.75,13.25,0,0.01998275
-14.75,12.75,0,0.033493206
-14.75,12.25,0,0.033691036
-14.75,11.75,0,0.025738038
-14.75,11.25,0,0.005308178
-14.75,10.75,0,-0.015025316
-14.75,10.25,0,-0.014090139
-14.75,9.75,0,-0.021688286
-14.75,9.25,0,-0.014352533
-14.75,8.75,0,0.002809047
-14.75,8.25,0,0.003830263
-14.75,7.75,0,-0.023955347
-14.75,7.25,0,-0.01728766
-14.75,6.75,0,0.002492203
-14.75,6.25,0,0.014901876
-14.75,5.75,0,-0.010482826
-14.75,5.25,0,-0.01045232
-14.75,4.75,0,0.002307612
-14.75,4.25,0,0.020336054
-14.75,3.75,0,0.005634109
-14.75,3.25,0,-0.005283018
-14.75,2.75,0,-0.020430682
-14.75,2.25,0,-0.009656626
-14.75,1.75,0,0.003140213
-14.75,1.25,0,0.000197557
-14.75,0.75,0,-0.010710551
-14.75,0.25,0,-0.008681861
-14.75,-0.25,0,1.22E-02
-14.75,-0.75,0,0.004041193
-14.75,-1.25,0,0.009075978
-14.75,-1.75,0,0.014750221
-14.75,-2.25,0,0.017002956
-14.75,-2.75,0,0.008932004
-14.75,-3.25,0,0.023124668
-14.75,-3.75,0,0.01446301
-14.75,-4.25,0,0.011641008
-14.75,-4.75,0,0.000334365
-14.75,-5.25,0,-0.008107152
-14.75,-5.75,0,-0.004951838
-14.75,-6.25,0,-0.001562582
-14.75,-6.75,0,-0.000622623
-14.75,-7.25,0,-0.007268634
-14.75,-7.75,0,0.00121582
-14.75,-8.25,0,0.010866959
-14.75,-8.75,0,0.001123168
-14.75,-9.25,0,0.000978349
-14.75,-9.75,0,6.31E-03
-14.75,-10.25,0,0.024218725
-14.75,-10.75,0,0.02063272
-14.75,-11.25,0,0.001621169
-14.75,-11.75,0,-0.009677244
-14.75,-12.25,0,0.000566182
-14.75,-12.75,0,0.003807916
-14.75,-13.25,0,-0.006305492
-14.75,-13.75,0,-0.012385304
-14.75,-14.25,0,-0.000198425
-14.75,-14.75,0,0.00092
-14.25,14.75,0,0.003359017
-14.25,14.25,0,0.00162678
-14.25,13.75,0,0.006837467
-14.25,13.25,0,0.006258605
-14.25,12.75,0,0.01229024
-14.25,12.25,0,0.031702821
-14.25,11.75,0,0.043146225
-14.25,11.25,0,0.009313791
-14.25,10.75,0,-0.003328425
-14.25,10.25,0,-0.01093305
-14.25,9.75,0,-0.015893824
-14.25,9.25,0,-2.25E-02
-14.25,8.75,0,-0.004250235
-14.25,8.25,0,-0.001559918
-14.25,7.75,0,-0.011810092
-14.25,7.25,0,-0.005407388
-14.25,6.75,0,0.000444293
-14.25,6.25,0,-0.000380019
-14.25,5.75,0,-0.004625005
-14.25,5.25,0,-0.025560885
-14.25,4.75,0,0.0019
-14.25,4.25,0,0.016491795
-14.25,3.75,0,0.003440314
-14.25,3.25,0,0.004476898
-14.25,2.75,0,-0.008514432
-14.25,2.25,0,-0.008185563
-14.25,1.75,0,-0.005774599
-14.25,1.25,0,-0.010974724
-14.25,0.75,0,-0.022321511
-14.25,0.25,0,-0.000532455
-14.25,-0.25,0,2.36E-02
-14.25,-0.75,0,0.006364879
-14.25,-1.25,0,0.005537691
-14.25,-1.75,0,0.012916265
-14.25,-2.25,0,0.015529438
-14.25,-2.75,0,0.003388825
-14.25,-3.25,0,0.002454938
-14.25,-3.75,0,0.01665845
-14.25,-4.25,0,0.00943289
-14.25,-4.75,0,0.000887824
-14.25,-5.25,0,0.004676705
-14.25,-5.75,0,0.008196718
-14.25,-6.25,0,0.004396915
-14.25,-6.75,0,-0.001806576
-14.25,-7.25,0,-0.011207619
-14.25,-7.75,0,0.000312686
-14.25,-8.25,0,0.004895833
-14.25,-8.75,0,0.001359144
-14.25,-9.25,0,-6.39E-05
-14.25,-9.75,0,0.006951971
-14.25,-10.25,0,0.008000218
-14.25,-10.75,0,0.003056461
-14.25,-11.25,0,0.002425026
-14.25,-11.75,0,-0.007745089
-14.25,-12.25,0,-0.002856574
-14.25,-12.75,0,0.001905436
-14.25,-13.25,0,0.003349876
-14.25,-13.75,0,0.002360156
-14.25,-14.25,0,0.004034134
-14.25,-14.75,0,0.002424406
-13.75,14.75,0,0.00060335
-13.75,14.25,0,0.001245767
-13.75,13.75,0,0.008176204
-13.75,13.25,0,0.005414002
-13.75,12.75,0,0.009844165
-13.75,12.25,0,0.009668175
-13.75,11.75,0,0.024958684
-13.75,11.25,0,0.004959357
-13.75,10.75,0,0.000571439
-13.75,10.25,0,-0.001249174
-13.75,9.75,0,0.003706669
-13.75,9.25,0,-0.004021943
-13.75,8.75,0,-0.001783702
-13.75,8.25,0,-0.009350914
-13.75,7.75,0,-0.00230193
-13.75,7.25,0,1.63E-05
-13.75,6.75,0,0.017869684
-13.75,6.25,0,-0.000181193
-13.75,5.75,0,-0.000958978
-13.75,5.25,0,-0.007166839
-13.75,4.75,0,-0.005897119
-13.75,4.25,0,-0.00103169
-13.75,3.75,0,0.002860625
-13.75,3.25,0,0.013931958
-13.75,2.75,0,0.002160803
-13.75,2.25,0,0.00362722
-13.75,1.75,0,2.81E-05
-13.75,1.25,0,-0.002178768
-13.75,0.75,0,-0.01185871
-13.75,0.25,0,0.00038914
-13.75,-0.25,0,8.45E-03
-13.75,-0.75,0,0.005782993
-13.75,-1.25,0,0.002520704
-13.75,-1.75,0,0.002126956
-13.75,-2.25,0,0.007251525
-13.75,-2.75,0,0.001094475
-13.75,-3.25,0,-0.015493347
-13.75,-3.75,0,0.003005749
-13.75,-4.25,0,0.002511161
-13.75,-4.75,0,-0.000177288
-13.75,-5.25,0,-0.004910462
-13.75,-5.75,0,0.001289121
-13.75,-6.25,0,0.001089087
-13.75,-6.75,0,-1.69E-02
-13.75,-7.25,0,-0.011889789
-13.75,-7.75,0,0.001110401
-13.75,-8.25,0,0.000351256
-13.75,-8.75,0,0.000126133
-13.75,-9.25,0,-0.004096992
-13.75,-9.75,0,0.000150434
-13.75,-10.25,0,-0.011077739
-13.75,-10.75,0,-0.007940058
-13.75,-11.25,0,-0.001486382
-13.75,-11.75,0,0.001792416
-13.75,-12.25,0,3.50E-03
-13.75,-12.75,0,0.008117387
-13.75,-13.25,0,0.008309206
-13.75,-13.75,0,0.026560728
-13.75,-14.25,0,0.004307568
-13.75,-14.75,0,0.000177452
-13.25,14.75,0,0.002606769
-13.25,14.25,0,0.003416924
-13.25,13.75,0,0.012375576
-13.25,13.25,0,0.0193014
-13.25,12.75,0,0.014639267
-13.25,12.25,0,0.001792068
-13.25,11.75,0,0.001191123
-13.25,11.25,0,0.003546377
-13.25,10.75,0,0.006107211
-13.25,10.25,0,0.005128626
-13.25,9.75,0,0.019584687
-13.25,9.25,0,0.017036071
-13.25,8.75,0,0.000365685
-13.25,8.25,0,-0.000679976
-13.25,7.75,0,0.001229735
-13.25,7.25,0,0.008320469
-13.25,6.75,0,0.007464176
-13.25,6.25,0,-0.000410137
-13.25,5.75,0,-0.000699223
-13.25,5.25,0,-0.001114647
-13.25,4.75,0,-0.003716787
-13.25,4.25,0,-0.000364857
-13.25,3.75,0,0.009759974
-13.25,3.25,0,0.025013088
-13.25,2.75,0,0.008145465
-13.25,2.25,0,0.01654087
-13.25,1.75,0,0.007301334
-13.25,1.25,0,-0.000999003
-13.25,0.75,0,-0.007203957
-13.25,0.25,0,0.001823751
-13.25,-0.25,0,3.21E-03
-13.25,-0.75,0,0.010049792
-13.25,-1.25,0,0.007299197
-13.25,-1.75,0,0.002780162
-13.25,-2.25,0,0.000738624
-13.25,-2.75,0,-0.000953895
-13.25,-3.25,0,-0.024470071
-13.25,-3.75,0,-0.002356738
-13.25,-4.25,0,-0.013831482
-13.25,-4.75,0,-0.010854038
-13.25,-5.25,0,-0.002812833
-13.25,-5.75,0,0.002466362
-13.25,-6.25,0,0.000773176
-13.25,-6.75,0,0.000794953
-13.25,-7.25,0,0.003514168
-13.25,-7.75,0,0.007249136
-13.25,-8.25,0,0.001488919
-13.25,-8.75,0,-0.003216674
-13.25,-9.25,0,-0.001931404
-13.25,-9.75,0,-0.000157662
-13.25,-10.25,0,-0.014883177
-13.25,-10.75,0,-0.004165225
-13.25,-11.25,0,-0.006756073
-13.25,-11.75,0,0.001694915
-13.25,-12.25,0,0.006530665
-13.25,-12.75,0,0.01194522
-13.25,-13.25,0,0.005029192
-13.25,-13.75,0,0.008976221
-13.25,-14.25,0,0.011745153
-13.25,-14.75,0,0.005642015
-12.75,14.75,0,0.000471481
-12.75,14.25,0,0.009643546
-12.75,13.75,0,0.019333573
-12.75,13.25,0,0.016280636
-12.75,12.75,0,0.009629596
-12.75,12.25,0,-0.000158177
-12.75,11.75,0,-0.004569825
-12.75,11.25,0,2.38E-05
-12.75,10.75,0,0.003252481
-12.75,10.25,0,-0.002694924
-12.75,9.75,0,0.006615387
-12.75,9.25,0,0.006844755
-12.75,8.75,0,0.003644253
-12.75,8.25,0,-6.98E-03
-12.75,7.75,0,-0.002541099
-12.75,7.25,0,-0.006961092
-12.75,6.75,0,-0.013291094
-12.75,6.25,0,-0.013485018
-12.75,5.75,0,0.002425866
-12.75,5.25,0,-0.007153153
-12.75,4.75,0,-0.017836196
-12.75,4.25,0,-2.78E-05
-12.75,3.75,0,0.007624642
-12.75,3.25,0,2.31E-02
-12.75,2.75,0,0.014959772
-12.75,2.25,0,0.035013569
-12.75,1.75,0,0.043989414
-12.75,1.25,0,0.009666495
-12.75,0.75,0,0.000726681
-12.75,0.25,0,0.004348879
-12.75,-0.25,0,2.17E-03
-12.75,-0.75,0,0.00319624
-12.75,-1.25,0,0.022754755
-12.75,-1.75,0,0.016004469
-12.75,-2.25,0,0.002045014
-12.75,-2.75,0,0.001443215
-12.75,-3.25,0,-0.005277091
-12.75,-3.75,0,-0.000112492
-12.75,-4.25,0,-0.009076808
-12.75,-4.75,0,0.000197804
-12.75,-5.25,0,0.003443905
-12.75,-5.75,0,0.01508598
-12.75,-6.25,0,0.014382121
-12.75,-6.75,0,0.004001936
-12.75,-7.25,0,0.001933384
-12.75,-7.75,0,0.008980338
-12.75,-8.25,0,-0.006388323
-12.75,-8.75,0,-0.008369809
-12.75,-9.25,0,0.000986911
-12.75,-9.75,0,0.003798735
-12.75,-10.25,0,4.16E-05
-12.75,-10.75,0,0.001093498
-12.75,-11.25,0,0.001423843
-12.75,-11.75,0,0.00124316
-12.75,-12.25,0,0.001746236
-12.75,-12.75,0,0.003248663
-12.75,-13.25,0,0.010465488
-12.75,-13.75,0,0.015157676
-12.75,-14.25,0,0.007754448
-12.75,-14.75,0,-0.00029558
-12.25,14.75,0,0.010015546
-12.25,14.25,0,0.017211143
-12.25,13.75,0,0.015206006
-12.25,13.25,0,0.003023242
-12.25,12.75,0,0.00147703
-12.25,12.25,0,0.00455596
-12.25,11.75,0,0.011414468
-12.25,11.25,0,5.10E-03
-12.25,10.75,0,0.003737565
-12.25,10.25,0,-0.000190177
-12.25,9.75,0,0.006574804
-12.25,9.25,0,0.006912404
-12.25,8.75,0,0.008936996
-12.25,8.25,0,0.000885746
-12.25,7.75,0,0.00715833
-12.25,7.25,0,-0.000892324
-12.25,6.75,0,-0.014236508
-12.25,6.25,0,-0.016435234
-12.25,5.75,0,0.007647706
-12.25,5.25,0,0.005559687
-12.25,4.75,0,-0.001507035
-12.25,4.25,0,0.001037903
-12.25,3.75,0,0.008798159
-12.25,3.25,0,0.011278349
-12.25,2.75,0,0.018329655
-12.25,2.25,0,0.029625189
-12.25,1.75,0,0.03631471
-12.25,1.25,0,0.015740187
-12.25,0.75,0,0.001706812
-12.25,0.25,0,-0.00894039
-12.25,-0.25,0,-1.42E-02
-12.25,-0.75,0,0.001705668
-12.25,-1.25,0,0.01214696
-12.25,-1.75,0,0.007477117
-12.25,-2.25,0,0.000108424
-12.25,-2.75,0,0.000213623
-12.25,-3.25,0,0.003118164
-12.25,-3.75,0,0.014028037
-12.25,-4.25,0,0.008664042
-12.25,-4.75,0,0.006961966
-12.25,-5.25,0,3.45E-03
-12.25,-5.75,0,0.008236717
-12.25,-6.25,0,0.022492287
-12.25,-6.75,0,0.013460142
-12.25,-7.25,0,0.001002234
-12.25,-7.75,0,0.006405781
-12.25,-8.25,0,-0.009015715
-12.25,-8.75,0,-0.003568319
-12.25,-9.25,0,0.001944336
-12.25,-9.75,0,0.003667989
-12.25,-10.25,0,0.015772433
-12.25,-10.75,0,0.024237766
-12.25,-11.25,0,0.015968751
-12.25,-11.75,0,-0.003523385
-12.25,-12.25,0,-0.019824238
-12.25,-12.75,0,-0.019104515
-12.25,-13.25,0,0.004796263
-12.25,-13.75,0,0.011897791
-12.25,-14.25,0,0.003482086
-12.25,-14.75,0,-0.002112922
-11.75,14.75,0,0.006461537
-11.75,14.25,0,0.009154687
-11.75,13.75,0,0.006505799
-11.75,13.25,0,0.000288272
-11.75,12.75,0,0.000688664
-11.75,12.25,0,0.02192449
-11.75,11.75,0,0.027882799
-11.75,11.25,0,0.006350781
-11.75,10.75,0,6.97E-05
-11.75,10.25,0,-0.001706466
-11.75,9.75,0,0.006687879
-11.75,9.25,0,0.011613135
-11.75,8.75,0,0.012462479
-11.75,8.25,0,0.011197709
-11.75,7.75,0,0.013243029
-11.75,7.25,0,-0.010387909
-11.75,6.75,0,-0.014215255
-11.75,6.25,0,-8.70E-04
-11.75,5.75,0,0.027486415
-11.75,5.25,0,0.017643833
-11.75,4.75,0,0.008595721
-11.75,4.25,0,0.001670381
-11.75,3.75,0,0.006372603
-11.75,3.25,0,0.010078464
-11.75,2.75,0,0.020614221
-11.75,2.25,0,0.022564487
-11.75,1.75,0,0.012238202
-11.75,1.25,0,0.009105706
-11.75,0.75,0,-0.004125557
-11.75,0.25,0,-0.011472438
-11.75,-0.25,0,-2.37E-03
-11.75,-0.75,0,-0.000171622
-11.75,-1.25,0,-0.003458069
-11.75,-1.75,0,-0.013429588
-11.75,-2.25,0,-0.026132024
-11.75,-2.75,0,-0.006455672
-11.75,-3.25,0,0.006035885
-11.75,-3.75,0,0.003639368
-11.75,-4.25,0,0.004874588
-11.75,-4.75,0,0.007055661
-11.75,-5.25,0,-0.004271572
-11.75,-5.75,0,-0.00723886
-11.75,-6.25,0,-0.014638096
-11.75,-6.75,0,-0.002301991
-11.75,-7.25,0,-0.005684413
-11.75,-7.75,0,-0.000415969
-11.75,-8.25,0,-0.004296524
-11.75,-8.75,0,-0.001122197
-11.75,-9.25,0,0.00673524
-11.75,-9.75,0,0.002044731
-11.75,-10.25,0,0.010468748
-11.75,-10.75,0,0.008299107
-11.75,-11.25,0,0.004946083
-11.75,-11.75,0,-0.012479875
-11.75,-12.25,0,-0.033387874
-11.75,-12.75,0,-0.0171928
-11.75,-13.25,0,0.001073623
-11.75,-13.75,0,0.006029589
-11.75,-14.25,0,0.01685563
-11.75,-14.75,0,-0.00067001
-11.25,14.75,0,0.001732538
-11.25,14.25,0,0.008215427
-11.25,13.75,0,0.011911902
-11.25,13.25,0,0.001409631
-11.25,12.75,0,-0.004543524
-11.25,12.25,0,0.008511314
-11.25,11.75,0,0.003722927
-11.25,11.25,0,-0.002071948
-11.25,10.75,0,-0.010793744
-11.25,10.25,0,-8.38E-05
-11.25,9.75,0,0.013834786
-11.25,9.25,0,0.016929482
-11.25,8.75,0,0.006631852
-11.25,8.25,0,7.18E-03
-11.25,7.75,0,0.018507194
-11.25,7.25,0,-0.00347951
-11.25,6.75,0,-0.013298561
-11.25,6.25,0,0.004024204
-11.25,5.75,0,0.028087155
-11.25,5.25,0,0.018710202
-11.25,4.75,0,0.007411727
-11.25,4.25,0,0.002709279
-11.25,3.75,0,-6.46E-05
-11.25,3.25,0,-0.003661643
-11.25,2.75,0,0.003235656
-11.25,2.25,0,0.014888401
-11.25,1.75,0,0.015817142
-11.25,1.25,0,0.007068219
-11.25,0.75,0,-0.000327923
-11.25,0.25,0,0.00085296
-11.25,-0.25,0,8.36E-03
-11.25,-0.75,0,0.004103589
-11.25,-1.25,0,0.00304457
-11.25,-1.75,0,-0.003316123
-11.25,-2.25,0,-0.017114198
-11.25,-2.75,0,-0.008447849
-11.25,-3.25,0,0.007249691
-11.25,-3.75,0,0.003735825
-11.25,-4.25,0,0.003469809
-11.25,-4.75,0,0.000381008
-11.25,-5.25,0,-0.012295776
-11.25,-5.75,0,-0.010072341
-11.25,-6.25,0,-0.030566889
-11.25,-6.75,0,-0.012829115
-11.25,-7.25,0,-0.005544633
-11.25,-7.75,0,-0.000829911
-11.25,-8.25,0,0.003405598
-11.25,-8.75,0,0.005112846
-11.25,-9.25,0,0.009253248
-11.25,-9.75,0,0.001696346
-11.25,-10.25,0,0.006661562
-11.25,-10.75,0,0.005991789
-11.25,-11.25,0,4.34E-03
-11.25,-11.75,0,0.004013542
-11.25,-12.25,0,7.20E-05
-11.25,-12.75,0,-0.004187156
-11.25,-13.25,0,-0.002174182
-11.25,-13.75,0,-0.003306913
-11.25,-14.25,0,0.004002995
-11.25,-14.75,0,-0.00502197
-10.75,14.75,0,0.002897144
-10.75,14.25,0,0.018979683
-10.75,13.75,0,0.033668562
-10.75,13.25,0,0.01431581
-10.75,12.75,0,0.00715767
-10.75,12.25,0,0.001671505
-10.75,11.75,0,-0.008845673
-10.75,11.25,0,0.002894488
-10.75,10.75,0,0.003214373
-10.75,10.25,0,-1.11E-03
-10.75,9.75,0,0.002266937
-10.75,9.25,0,0.000968708
-10.75,8.75,0,0.001924117
-10.75,8.25,0,0.002435136
-10.75,7.75,0,0.023923746
-10.75,7.25,0,0.015941442
-10.75,6.75,0,0.003538173
-10.75,6.25,0,0.004751451
-10.75,5.75,0,0.012944751
-10.75,5.25,0,0.003245206
-10.75,4.75,0,0.001914277
-10.75,4.25,0,0.007298779
-10.75,3.75,0,0.004090662
-10.75,3.25,0,0.001280428
-10.75,2.75,0,0.006628296
-10.75,2.25,0,0.014557503
-10.75,1.75,0,0.008655936
-10.75,1.25,0,0.000912915
-10.75,0.75,0,0.003449184
-10.75,0.25,0,0.003317732
-10.75,-0.25,0,1.48E-02
-10.75,-0.75,0,0.026187511
-10.75,-1.25,0,0.017856866
-10.75,-1.75,0,0.002509492
-10.75,-2.25,0,-0.014991191
-10.75,-2.75,0,0.000354363
-10.75,-3.25,0,0.009147138
-10.75,-3.75,0,1.42E-02
-10.75,-4.25,0,0.017602797
-10.75,-4.75,0,0.005925873
-10.75,-5.25,0,-0.008314214
-10.75,-5.75,0,-0.01482476
-10.75,-6.25,0,-0.033602929
-10.75,-6.75,0,-0.033317539
-10.75,-7.25,0,-0.027748058
-10.75,-7.75,0,-0.008280029
-10.75,-8.25,0,-0.002529593
-10.75,-8.75,0,-0.001711788
-10.75,-9.25,0,0.001683892
-10.75,-9.75,0,-0.002161146
-10.75,-10.25,0,-0.004376495
-10.75,-10.75,0,0.002689679
-10.75,-11.25,0,1.74E-02
-10.75,-11.75,0,0.016835361
-10.75,-12.25,0,0.016421373
-10.75,-12.75,0,-0.003209262
-10.75,-13.25,0,-0.009584944
-10.75,-13.75,0,-0.002029644
-10.75,-14.25,0,-0.004165552
-10.75,-14.75,0,-0.005802157
-10.25,14.75,0,-0.011030647
-10.25,14.25,0,0.003676036
-10.25,13.75,0,0.023684728
-10.25,13.25,0,0.018130604
-10.25,12.75,0,0.012336048
-10.25,12.25,0,0.004590977
-10.25,11.75,0,-0.006162067
-10.25,11.25,0,0.008215386
-10.25,10.75,0,0.010294981
-10.25,10.25,0,0.00246962
-10.25,9.75,0,0.010523974
-10.25,9.25,0,-0.003289445
-10.25,8.75,0,-0.001689756
-10.25,8.25,0,-0.005038283
-10.25,7.75,0,0.004397939
-10.25,7.25,0,0.007351144
-10.25,6.75,0,0.001452822
-10.25,6.25,0,0.006654712
-10.25,5.75,0,0.002135243
-10.25,5.25,0,-0.002852363
-10.25,4.75,0,-0.000381873
-10.25,4.25,0,-0.002119913
-10.25,3.75,0,0.010518137
-10.25,3.25,0,0.018966465
-10.25,2.75,0,0.024379846
-10.25,2.25,0,0.01021331
-10.25,1.75,0,0.004960527
-10.25,1.25,0,-0.001339376
-10.25,0.75,0,0.001788021
-10.25,0.25,0,0.006891037
-10.25,-0.25,0,4.68E-03
-10.25,-0.75,0,0.006380093
-10.25,-1.25,0,0.00678435
-10.25,-1.75,0,0.000439536
-10.25,-2.25,0,-0.007666936
-10.25,-2.75,0,0.000958352
-10.25,-3.25,0,0.002913975
-10.25,-3.75,0,0.007341287
-10.25,-4.25,0,0.009312519
-10.25,-4.75,0,0.003976973
-10.25,-5.25,0,0.004962092
-10.25,-5.75,0,-0.002472258
-10.25,-6.25,0,-0.017049397
-10.25,-6.75,0,-0.014282965
-10.25,-7.25,0,-0.031823254
-10.25,-7.75,0,-0.018409449
-10.25,-8.25,0,-0.009327791
-10.25,-8.75,0,-0.013808832
-10.25,-9.25,0,-0.004267238
-10.25,-9.75,0,0.000181496
-10.25,-10.25,0,-0.006811703
-10.25,-10.75,0,-0.001606789
-10.25,-11.25,0,0.007426187
-10.25,-11.75,0,0.005713651
-10.25,-12.25,0,0.0062623
-10.25,-12.75,0,-0.006336452
-10.25,-13.25,0,-0.009323449
-10.25,-13.75,0,-0.004059823
-10.25,-14.25,0,-0.00694767
-10.25,-14.75,0,-0.002479499
-9.75,14.75,0,-0.029832281
-9.75,14.25,0,0.001661721
-9.75,13.75,0,0.021386929
-9.75,13.25,0,0.021263007
-9.75,12.75,0,0.014707053
-9.75,12.25,0,0.00033553
-9.75,11.75,0,-0.010849057
-9.75,11.25,0,0.000599089
-9.75,10.75,0,0.007330033
-9.75,10.25,0,0.004349933
-9.75,9.75,0,3.18E-02
-9.75,9.25,0,0.003276324
-9.75,8.75,0,-0.018295097
-9.75,8.25,0,-0.017358021
-9.75,7.75,0,-0.014664666
-9.75,7.25,0,-0.000444279
-9.75,6.75,0,-0.002863517
-9.75,6.25,0,-0.000873477
-9.75,5.75,0,-0.019833051
-9.75,5.25,0,-0.013344619
-9.75,4.75,0,-0.010471553
-9.75,4.25,0,-0.016351771
-9.75,3.75,0,0.005686366
-9.75,3.25,0,0.021594167
-9.75,2.75,0,0.027856252
-9.75,2.25,0,0.01426598
-9.75,1.75,0,0.009294495
-9.75,1.25,0,-0.002604085
-9.75,0.75,0,-0.010376756
-9.75,0.25,0,-0.001521473
-9.75,-0.25,0,2.22E-04
-9.75,-0.75,0,0.006618334
-9.75,-1.25,0,0.011969498
-9.75,-1.75,0,0.001970385
-9.75,-2.25,0,-0.022160108
-9.75,-2.75,0,2.92E-04
-9.75,-3.25,0,0.008983635
-9.75,-3.75,0,0.01386503
-9.75,-4.25,0,0.02567173
-9.75,-4.75,0,0.01671371
-9.75,-5.25,0,0.023801161
-9.75,-5.75,0,0.014242422
-9.75,-6.25,0,0.004898046
-9.75,-6.75,0,0.000860041
-9.75,-7.25,0,-0.000617121
-9.75,-7.75,0,-0.005141961
-9.75,-8.25,0,-0.008704068
-9.75,-8.75,0,-0.008883262
-9.75,-9.25,0,0.001944238
-9.75,-9.75,0,3.72E-03
-9.75,-10.25,0,-0.000953601
-9.75,-10.75,0,0.006490772
-9.75,-11.25,0,0.01454279
-9.75,-11.75,0,0.007386978
-9.75,-12.25,0,-0.00142511
-9.75,-12.75,0,-0.008948425
-9.75,-13.25,0,-0.012231922
-9.75,-13.75,0,-0.003543382
-9.75,-14.25,0,-0.003534743
-9.75,-14.75,0,-0.001930613
-9.25,14.75,0,-0.015662994
-9.25,14.25,0,0.000183468
-9.25,13.75,0,0.006351312
-9.25,13.25,0,0.009274815
-9.25,12.75,0,9.80E-05
-9.25,12.25,0,-0.004603412
-9.25,11.75,0,-0.002663483
-9.25,11.25,0,-0.000775393
-9.25,10.75,0,-0.00019026
-9.25,10.25,0,0.000724384
-9.25,9.75,0,0.016467106
-9.25,9.25,0,0.00330738
-9.25,8.75,0,-0.010250913
-9.25,8.25,0,-0.00566104
-9.25,7.75,0,-0.020454563
-9.25,7.25,0,-0.007914143
-9.25,6.75,0,-0.005664552
-9.25,6.25,0,-0.002543217
-9.25,5.75,0,-0.013017384
-9.25,5.25,0,-0.004971692
-9.25,4.75,0,-0.004758918
-9.25,4.25,0,-0.002773462
-9.25,3.75,0,0.002929272
-9.25,3.25,0,0.003862498
-9.25,2.75,0,0.005032945
-9.25,2.25,0,0.00436159
-9.25,1.75,0,0.006360316
-9.25,1.25,0,0.001238711
-9.25,0.75,0,-0.003884104
-9.25,0.25,0,-0.00100107
-9.25,-0.25,0,8.03E-03
-9.25,-0.75,0,0.006586922
-9.25,-1.25,0,0.014297008
-9.25,-1.75,0,0.011852756
-9.25,-2.25,0,0.000425045
-9.25,-2.75,0,0.004855778
-9.25,-3.25,0,0.014904604
-9.25,-3.75,0,0.019620686
-9.25,-4.25,0,0.021536004
-9.25,-4.75,0,0.016598549
-9.25,-5.25,0,0.01207854
-9.25,-5.75,0,0.006258579
-9.25,-6.25,0,0.003575113
-9.25,-6.75,0,0.001435418
-9.25,-7.25,0,0.00455141
-9.25,-7.75,0,0.000427201
-9.25,-8.25,0,0.001418388
-9.25,-8.75,0,0.003831189
-9.25,-9.25,0,0.009214305
-9.25,-9.75,0,0.009226773
-9.25,-10.25,0,0.010784299
-9.25,-10.75,0,0.010958119
-9.25,-11.25,0,-0.000466185
-9.25,-11.75,0,-0.01908272
-9.25,-12.25,0,-0.00342196
-9.25,-12.75,0,0.00086243
-9.25,-13.25,0,-0.001670236
-9.25,-13.75,0,-0.009957116
-9.25,-14.25,0,-0.005965953
-9.25,-14.75,0,-2.82E-05
-8.75,14.75,0,-0.005328764
-8.75,14.25,0,0.000163779
-8.75,13.75,0,-0.000251784
-8.75,13.25,0,0.002773334
-8.75,12.75,0,-0.012190354
-8.75,12.25,0,-0.017648604
-8.75,11.75,0,-0.011321067
-8.75,11.25,0,-0.004264336
-8.75,10.75,0,-0.005395962
-8.75,10.25,0,-0.005253484
-8.75,9.75,0,0.000284761
-8.75,9.25,0,-0.008073724
-8.75,8.75,0,0.000528749
-8.75,8.25,0,0.004823759
-8.75,7.75,0,-0.002810861
-8.75,7.25,0,-0.004850359
-8.75,6.75,0,-0.00167901
-8.75,6.25,0,0.004382764
-8.75,5.75,0,0.008181981
-8.75,5.25,0,-0.001298757
-8.75,4.75,0,-4.27E-03
-8.75,4.25,0,-0.002790419
-8.75,3.75,0,-1.62E-03
-8.75,3.25,0,0.003141534
-8.75,2.75,0,0.00375139
-8.75,2.25,0,0.002303725
-8.75,1.75,0,0.009479114
-8.75,1.25,0,0.005117671
-8.75,0.75,0,0.006140925
-8.75,0.25,0,0.009918058
-8.75,-0.25,0,2.19E-02
-8.75,-0.75,0,0.027404791
-8.75,-1.25,0,0.035862294
-8.75,-1.75,0,0.019713845
-8.75,-2.25,0,-0.005792795
-8.75,-2.75,0,0.000238938
-8.75,-3.25,0,0.015261078
-8.75,-3.75,0,0.009619136
-8.75,-4.25,0,0.013527196
-8.75,-4.75,0,0.005748452
-8.75,-5.25,0,-0.000152789
-8.75,-5.75,0,2.20E-05
-8.75,-6.25,0,-0.000136663
-8.75,-6.75,0,0.002223414
-8.75,-7.25,0,0.008178057
-8.75,-7.75,0,0.003123525
-8.75,-8.25,0,0.002151957
-8.75,-8.75,0,0.010724544
-8.75,-9.25,0,0.005425329
-8.75,-9.75,0,0.005841097
-8.75,-10.25,0,0.01284226
-8.75,-10.75,0,0.015342685
-8.75,-11.25,0,-0.016668549
-8.75,-11.75,0,-0.033377753
-8.75,-12.25,0,-0.018137558
-8.75,-12.75,0,0.002323122
-8.75,-13.25,0,0.00416511
-8.75,-13.75,0,0.005537019
-8.75,-14.25,0,0.000172949
-8.75,-14.75,0,0.010995474
-8.25,14.75,0,-0.002429115
-8.25,14.25,0,-0.002047774
-8.25,13.75,0,-0.002184199
-8.25,13.25,0,-0.003691372
-8.25,12.75,0,-0.00744681
-8.25,12.25,0,-0.014869311
-8.25,11.75,0,-0.019952872
-8.25,11.25,0,-0.021971236
-8.25,10.75,0,-5.72E-03
-8.25,10.25,0,-0.002422625
-8.25,9.75,0,-0.001141867
-8.25,9.25,0,-0.008058884
-8.25,8.75,0,0.000252354
-8.25,8.25,0,0.006345362
-8.25,7.75,0,-0.00138981
-8.25,7.25,0,-0.002892978
-8.25,6.75,0,0.00293673
-8.25,6.25,0,0.007432754
-8.25,5.75,0,0.018663073
-8.25,5.25,0,0.007222675
-8.25,4.75,0,-0.00248086
-8.25,4.25,0,-0.010660453
-8.25,3.75,0,-0.008317667
-8.25,3.25,0,0.00069726
-8.25,2.75,0,0.011892281
-8.25,2.25,0,0.003586153
-8.25,1.75,0,0.009119117
-8.25,1.25,0,0.015229472
-8.25,0.75,0,0.02071902
-8.25,0.25,0,0.036342499
-8.25,-0.25,0,2.23E-02
-8.25,-0.75,0,0.030579193
-8.25,-1.25,0,0.032427437
-8.25,-1.75,0,0.002030135
-8.25,-2.25,0,-0.012171664
-8.25,-2.75,0,0.007526276
-8.25,-3.25,0,0.027944722
-8.25,-3.75,0,0.013697273
-8.25,-4.25,0,0.019369965
-8.25,-4.75,0,0.018543074
-8.25,-5.25,0,0.0052379
-8.25,-5.75,0,0.011682042
-8.25,-6.25,0,0.005392889
-8.25,-6.75,0,0.012440108
-8.25,-7.25,0,0.01827427
-8.25,-7.75,0,8.99E-03
-8.25,-8.25,0,-0.000727218
-8.25,-8.75,0,-0.008169084
-8.25,-9.25,0,-0.002323069
-8.25,-9.75,0,0.019874663
-8.25,-10.25,0,0.034421934
-8.25,-10.75,0,0.031970858
-8.25,-11.25,0,-0.002637173
-8.25,-11.75,0,-0.021723665
-8.25,-12.25,0,-0.011822003
-8.25,-12.75,0,-0.002168191
-8.25,-13.25,0,0.003890688
-8.25,-13.75,0,0.016011167
-8.25,-14.25,0,0.000601476
-8.25,-14.75,0,-0.000965036
-7.75,14.75,0,-0.014667436
-7.75,14.25,0,-0.013669981
-7.75,13.75,0,-1.04E-02
-7.75,13.25,0,-0.001546474
-7.75,12.75,0,-0.001845217
-7.75,12.25,0,-0.00591642
-7.75,11.75,0,-0.007374431
-7.75,11.25,0,-0.022508931
-7.75,10.75,0,-0.014409365
-7.75,10.25,0,-0.000461114
-7.75,9.75,0,0.004489878
-7.75,9.25,0,0.005309689
-7.75,8.75,0,0.012584421
-7.75,8.25,0,0.018032769
-7.75,7.75,0,0.007555733
-7.75,7.25,0,0.012650881
-7.75,6.75,0,0.022959982
-7.75,6.25,0,0.039089768
-7.75,5.75,0,0.050612775
-7.75,5.25,0,0.030660365
-7.75,4.75,0,0.024078282
-7.75,4.25,0,0.009310517
-7.75,3.75,0,0.009861208
-7.75,3.25,0,0.030190545
-7.75,2.75,0,0.037448707
-7.75,2.25,0,0.020776332
-7.75,1.75,0,0.039325417
-7.75,1.25,0,0.021060534
-7.75,0.75,0,0.03599109
-7.75,0.25,0,0.070755746
-7.75,-0.25,0,5.52E-02
-7.75,-0.75,0,0.037467746
-7.75,-1.25,0,0.036217634
-7.75,-1.75,0,0.003569857
-7.75,-2.25,0,0.011249833
-7.75,-2.75,0,0.009535649
-7.75,-3.25,0,0.028970642
-7.75,-3.75,0,0.040371646
-7.75,-4.25,0,0.036985
-7.75,-4.75,0,0.047647626
-7.75,-5.25,0,0.025947237
-7.75,-5.75,0,0.03985005
-7.75,-6.25,0,0.03013064
-7.75,-6.75,0,0.048102206
-7.75,-7.25,0,0.031027004
-7.75,-7.75,0,0.01151058
-7.75,-8.25,0,0.0011985
-7.75,-8.75,0,-0.022135082
-7.75,-9.25,0,-0.015617806
-7.75,-9.75,0,0.004178687
-7.75,-10.25,0,0.010814735
-7.75,-10.75,0,0.011080627
-7.75,-11.25,0,0.000198686
-7.75,-11.75,0,-0.013513574
-7.75,-12.25,0,-0.003261044
-7.75,-12.75,0,-0.000379876
-7.75,-13.25,0,0.007379073
-7.75,-13.75,0,0.007125517
-7.75,-14.25,0,0.000462529
-7.75,-14.75,0,-0.011484868
-7.25,14.75,0,-0.012244445
-7.25,14.25,0,-0.005886195
-7.25,13.75,0,-0.008771521
-7.25,13.25,0,-0.00659019
-7.25,12.75,0,-0.001331958
-7.25,12.25,0,0.012754597
-7.25,11.75,0,0.000346198
-7.25,11.25,0,-0.009693843
-7.25,10.75,0,-0.009448426
-7.25,10.25,0,0.000294285
-7.25,9.75,0,0.006082688
-7.25,9.25,0,0.005615215
-7.25,8.75,0,0.013971815
-7.25,8.25,0,0.021010196
-7.25,7.75,0,0.032122247
-7.25,7.25,0,0.053935986
-7.25,6.75,0,0.086489165
-7.25,6.25,0,0.090636246
-7.25,5.75,0,0.091454448
-7.25,5.25,0,0.066941889
-7.25,4.75,0,0.097438635
-7.25,4.25,0,0.123878321
-7.25,3.75,0,0.113652075
-7.25,3.25,0,0.100971494
-7.25,2.75,0,0.088791749
-7.25,2.25,0,0.085957682
-7.25,1.75,0,0.136549862
-7.25,1.25,0,0.113472563
-7.25,0.75,0,0.123174107
-7.25,0.25,0,0.1207701
-7.25,-0.25,0,9.88E-02
-7.25,-0.75,0,0.097004047
-7.25,-1.25,0,0.13427242
-7.25,-1.75,0,0.087563435
-7.25,-2.25,0,0.068513751
-7.25,-2.75,0,0.076940244
-7.25,-3.25,0,0.104082491
-7.25,-3.75,0,0.111850257
-7.25,-4.25,0,0.094729011
-7.25,-4.75,0,0.115104819
-7.25,-5.25,0,0.109537156
-7.25,-5.75,0,0.113752942
-7.25,-6.25,0,0.107004508
-7.25,-6.75,0,0.090599006
-7.25,-7.25,0,0.065496068
-7.25,-7.75,0,0.022883576
-7.25,-8.25,0,0.002456084
-7.25,-8.75,0,-0.004441857
-7.25,-9.25,0,-0.035126644
-7.25,-9.75,0,-0.016939341
-7.25,-10.25,0,1.43E-04
-7.25,-10.75,0,0.00532428
-7.25,-11.25,0,0.010711334
-7.25,-11.75,0,-0.002552667
-7.25,-12.25,0,0.003443981
-7.25,-12.75,0,0.008546473
-7.25,-13.25,0,0.001938383
-7.25,-13.75,0,0.00443999
-7.25,-14.25,0,-0.006367786
-7.25,-14.75,0,-0.006857922
-6.75,14.75,0,-0.007461017
-6.75,14.25,0,-0.003335455
-6.75,13.75,0,-0.006566459
-6.75,13.25,0,-0.010576898
-6.75,12.75,0,-0.011595239
-6.75,12.25,0,-0.000581911
-6.75,11.75,0,0.005334368
-6.75,11.25,0,0.003275746
-6.75,10.75,0,0.002901425
-6.75,10.25,0,0.002692721
-6.75,9.75,0,0.002892572
-6.75,9.25,0,0.001581942
-6.75,8.75,0,0.003946135
-6.75,8.25,0,0.011984411
-6.75,7.75,0,0.036628834
-6.75,7.25,0,0.062368447
-6.75,6.75,0,0.199032
-6.75,6.25,0,0.239977898
-6.75,5.75,0,0.294427267
-6.75,5.25,0,0.290638114
-6.75,4.75,0,0.275630707
-6.75,4.25,0,0.35989017
-6.75,3.75,0,0.279602697
-6.75,3.25,0,0.288716629
-6.75,2.75,0,0.274807375
-6.75,2.25,0,0.266658542
-6.75,1.75,0,0.329328682
-6.75,1.25,0,0.309569716
-6.75,0.75,0,0.337899656
-6.75,0.25,0,0.274361337
-6.75,-0.25,0,2.46E-01
-6.75,-0.75,0,0.279312066
-6.75,-1.25,0,0.341475716
-6.75,-1.75,0,0.306503853
-6.75,-2.25,0,0.264791433
-6.75,-2.75,0,0.271049142
-6.75,-3.25,0,0.271142651
-6.75,-3.75,0,0.273377521
-6.75,-4.25,0,0.296482521
-6.75,-4.75,0,0.29210774
-6.75,-5.25,0,0.279458078
-6.75,-5.75,0,0.251308945
-6.75,-6.25,0,0.220585011
-6.75,-6.75,0,0.191313513
-6.75,-7.25,0,0.102877189
-6.75,-7.75,0,0.046007268
-6.75,-8.25,0,0.013133419
-6.75,-8.75,0,0.005382618
-6.75,-9.25,0,-0.000324648
-6.75,-9.75,0,-0.003617157
-6.75,-10.25,0,-0.006876325
-6.75,-10.75,0,0.000229035
-6.75,-11.25,0,0.00568636
-6.75,-11.75,0,0.002713039
-6.75,-12.25,0,0.003286044
-6.75,-12.75,0,-2.74E-05
-6.75,-13.25,0,0.004778146
-6.75,-13.75,0,-0.006909491
-6.75,-14.25,0,-0.016681487
-6.75,-14.75,0,-0.006490361
-6.25,14.75,0,-0.013735594
-6.25,14.25,0,-0.00915871
-6.25,13.75,0,-0.013114535
-6.25,13.25,0,-0.020294187
-6.25,12.75,0,-0.011701867
-6.25,12.25,0,0.002331243
-6.25,11.75,0,0.000407959
-6.25,11.25,0,0.011388236
-6.25,10.75,0,-0.000477274
-6.25,10.25,0,-0.002957847
-6.25,9.75,0,-0.000608161
-6.25,9.25,0,0.003494116
-6.25,8.75,0,0.004610587
-6.25,8.25,0,0.007001601
-6.25,7.75,0,0.028031628
-6.25,7.25,0,0.094838206
-6.25,6.75,0,0.234122196
-6.25,6.25,0,0.339024067
-6.25,5.75,0,0.374846897
-6.25,5.25,0,3.93E-01
-6.25,4.75,0,0.355350373
-6.25,4.25,0,0.350790313
-6.25,3.75,0,0.322957579
-6.25,3.25,0,4.07E-01
-6.25,2.75,0,0.364673638
-6.25,2.25,0,0.394070974
-6.25,1.75,0,0.375077738
-6.25,1.25,0,0.348417639
-6.25,0.75,0,0.391390498
-6.25,0.25,0,0.353704136
-6.25,-0.25,0,3.33E-01
-6.25,-0.75,0,0.354485144
-6.25,-1.25,0,0.397983255
-6.25,-1.75,0,0.333775034
-6.25,-2.25,0,0.30836511
-6.25,-2.75,0,0.371934248
-6.25,-3.25,0,0.350108866
-6.25,-3.75,0,0.346965951
-6.25,-4.25,0,0.368729229
-6.25,-4.75,0,0.352701178
-6.25,-5.25,0,0.327803908
-6.25,-5.75,0,0.337843472
-6.25,-6.25,0,0.322128765
-6.25,-6.75,0,0.2449407
-6.25,-7.25,0,0.079718762
-6.25,-7.75,0,0.038251964
-6.25,-8.25,0,0.020793372
-6.25,-8.75,0,0.007456606
-6.25,-9.25,0,0.009586743
-6.25,-9.75,0,0.00026233
-6.25,-10.25,0,-9.01E-03
-6.25,-10.75,0,-0.005095671
-6.25,-11.25,0,-0.016625844
-6.25,-11.75,0,-0.01194386
-6.25,-12.25,0,-0.0087952
-6.25,-12.75,0,-0.003963139
-6.25,-13.25,0,-0.001263229
-6.25,-13.75,0,-0.014244808
-6.25,-14.25,0,-0.022678728
-6.25,-14.75,0,-0.001775777
-5.75,14.75,0,-0.00416367
-5.75,14.25,0,-0.011859535
-5.75,13.75,0,-0.020201269
-5.75,13.25,0,-0.009618588
-5.75,12.75,0,-0.010561789
-5.75,12.25,0,-0.001174486
-5.75,11.75,0,-0.001230103
-5.75,11.25,0,0.003385382
-5.75,10.75,0,0.000778566
-5.75,10.25,0,-0.008522448
-5.75,9.75,0,-0.003358634
-5.75,9.25,0,0.007496244
-5.75,8.75,0,2.35E-02
-5.75,8.25,0,0.014524407
-5.75,7.75,0,0.028101888
-5.75,7.25,0,0.115753543
-5.75,6.75,0,0.266983213
-5.75,6.25,0,0.320621005
-5.75,5.75,0,0.36720868
-5.75,5.25,0,0.374825334
-5.75,4.75,0,0.372975755
-5.75,4.25,0,0.376228986
-5.75,3.75,0,0.374204343
-5.75,3.25,0,0.358327323
-5.75,2.75,0,0.382957771
-5.75,2.25,0,0.38924118
-5.75,1.75,0,0.395274936
-5.75,1.25,0,0.3856724
-5.75,0.75,0,0.414348325
-5.75,0.25,0,0.375476628
-5.75,-0.25,0,3.48E-01
-5.75,-0.75,0,0.405271145
-5.75,-1.25,0,0.373218472
-5.75,-1.75,0,0.318057454
-5.75,-2.25,0,0.396923998
-5.75,-2.75,0,0.374227139
-5.75,-3.25,0,0.351534644
-5.75,-3.75,0,0.413956939
-5.75,-4.25,0,0.366750907
-5.75,-4.75,0,0.375748079
-5.75,-5.25,0,0.424342795
-5.75,-5.75,0,0.383331828
-5.75,-6.25,0,0.362214466
-5.75,-6.75,0,0.260038565
-5.75,-7.25,0,0.052966498
-5.75,-7.75,0,0.020609145
-5.75,-8.25,0,0.027170752
-5.75,-8.75,0,0.008482214
-5.75,-9.25,0,0.013870919
-5.75,-9.75,0,0.00945405
-5.75,-10.25,0,-0.001169475
-5.75,-10.75,0,-0.003130476
-5.75,-11.25,0,-0.009308636
-5.75,-11.75,0,-0.005133725
-5.75,-12.25,0,-0.003105205
-5.75,-12.75,0,-0.005617865
-5.75,-13.25,0,-0.007085095
-5.75,-13.75,0,-0.016266578
-5.75,-14.25,0,-0.00788212
-5.75,-14.75,0,0.013460618
-5.25,14.75,0,0.00123033
-5.25,14.25,0,-0.003602084
-5.25,13.75,0,-0.023182054
-5.25,13.25,0,-0.021779431
-5.25,12.75,0,-0.02306155
-5.25,12.25,0,-0.003890888
-5.25,11.75,0,-0.00242022
-5.25,11.25,0,0.000161644
-5.25,10.75,0,0.001021897
-5.25,10.25,0,-0.004993454
-5.25,9.75,0,0.000161011
-5.25,9.25,0,0.004470533
-5.25,8.75,0,0.0168105
-5.25,8.25,0,0.024727301
-5.25,7.75,0,0.03414116
-5.25,7.25,0,0.11893852
-5.25,6.75,0,0.231637727
-5.25,6.25,0,0.352007165
-5.25,5.75,0,0.338355142
-5.25,5.25,0,0.35099064
-5.25,4.75,0,0.356941721
-5.25,4.25,0,0.437206225
-5.25,3.75,0,0.402978926
-5.25,3.25,0,0.410263656
-5.25,2.75,0,0.422179168
-5.25,2.25,0,0.372389436
-5.25,1.75,0,0.416889643
-5.25,1.25,0,0.475221092
-5.25,0.75,0,0.39903966
-5.25,0.25,0,0.434793521
-5.25,-0.25,0,4.11E-01
-5.25,-0.75,0,0.460576951
-5.25,-1.25,0,0.448656198
-5.25,-1.75,0,0.436359541
-5.25,-2.25,0,0.448560877
-5.25,-2.75,0,0.382528863
-5.25,-3.25,0,0.397809818
-5.25,-3.75,0,0.439271818
-5.25,-4.25,0,0.421996431
-5.25,-4.75,0,0.406847006
-5.25,-5.25,0,0.393999357
-5.25,-5.75,0,0.363003053
-5.25,-6.25,0,0.335368169
-5.25,-6.75,0,0.260457029
-5.25,-7.25,0,0.057549783
-5.25,-7.75,0,0.028025186
-5.25,-8.25,0,0.005803897
-5.25,-8.75,0,4.75E-03
-5.25,-9.25,0,0.023251886
-5.25,-9.75,0,0.021784639
-5.25,-10.25,0,0.018498562
-5.25,-10.75,0,0.004767176
-5.25,-11.25,0,-0.010882728
-5.25,-11.75,0,-1.19E-02
-5.25,-12.25,0,-0.008688726
-5.25,-12.75,0,-0.003560387
-5.25,-13.25,0,-0.001816409
-5.25,-13.75,0,-0.001850021
-5.25,-14.25,0,0.002879468
-5.25,-14.75,0,0.016037493
-4.75,14.75,0,0.001822454
-4.75,14.25,0,-0.005286587
-4.75,13.75,0,-0.018683177
-4.75,13.25,0,-0.028956856
-4.75,12.75,0,-0.035167275
-4.75,12.25,0,-0.008383253
-4.75,11.75,0,-0.000906566
-4.75,11.25,0,0.00143942
-4.75,10.75,0,0.012887061
-4.75,10.25,0,0.009030341
-4.75,9.75,0,0.000847918
-4.75,9.25,0,0.001915926
-4.75,8.75,0,0.004544038
-4.75,8.25,0,0.010094564
-4.75,7.75,0,0.027374295
-4.75,7.25,0,0.110605714
-4.75,6.75,0,0.27331451
-4.75,6.25,0,0.385275424
-4.75,5.75,0,0.386541537
-4.75,5.25,0,0.399901332
-4.75,4.75,0,0.461104581
-4.75,4.25,0,0.547930847
-4.75,3.75,0,5.33E-01
-4.75,3.25,0,0.513511021
-4.75,2.75,0,0.519264474
-4.75,2.25,0,0.46854321
-4.75,1.75,0,0.535288555
-4.75,1.25,0,0.533414202
-4.75,0.75,0,0.496542333
-4.75,0.25,0,0.497179053
-4.75,-0.25,0,4.94E-01
-4.75,-0.75,0,0.467988711
-4.75,-1.25,0,0.452340116
-4.75,-1.75,0,0.500239384
-4.75,-2.25,0,0.528733663
-4.75,-2.75,0,0.538528958
-4.75,-3.25,0,0.569786904
-4.75,-3.75,0,0.540886576
-4.75,-4.25,0,0.497044124
-4.75,-4.75,0,4.66E-01
-4.75,-5.25,0,0.399955969
-4.75,-5.75,0,0.354260665
-4.75,-6.25,0,0.34780476
-4.75,-6.75,0,0.273741781
-4.75,-7.25,0,0.098099499
-4.75,-7.75,0,0.019991505
-4.75,-8.25,0,0.000885779
-4.75,-8.75,0,0.000550667
-4.75,-9.25,0,0.014189198
-4.75,-9.75,0,0.019095504
-4.75,-10.25,0,0.017148493
-4.75,-10.75,0,0.0004339
-4.75,-11.25,0,-0.014253663
-4.75,-11.75,0,-0.026273025
-4.75,-12.25,0,-0.023523987
-4.75,-12.75,0,-0.005605297
-4.75,-13.25,0,-0.005994775
-4.75,-13.75,0,-0.005806749
-4.75,-14.25,0,0.002942701
-4.75,-14.75,0,0.00043526
-4.25,14.75,0,0.000567066
-4.25,14.25,0,-0.005589867
-4.25,13.75,0,-0.005274622
-4.25,13.25,0,-0.021469776
-4.25,12.75,0,-0.015518669
-4.25,12.25,0,-0.009173982
-4.25,11.75,0,0.004675863
-4.25,11.25,0,0.009233761
-4.25,10.75,0,0.017190099
-4.25,10.25,0,0.010048701
-4.25,9.75,0,0.001158387
-4.25,9.25,0,0.002053513
-4.25,8.75,0,0.004100965
-4.25,8.25,0,0.004694169
-4.25,7.75,0,0.016193084
-4.25,7.25,0,0.121747566
-4.25,6.75,0,0.325142553
-4.25,6.25,0,0.384627851
-4.25,5.75,0,0.396591182
-4.25,5.25,0,0.362677432
-4.25,4.75,0,0.498012541
-4.25,4.25,0,0.518419568
-4.25,3.75,0,0.58620052
-4.25,3.25,0,0.549904458
-4.25,2.75,0,0.548171904
-4.25,2.25,0,0.527241477
-4.25,1.75,0,0.581119811
-4.25,1.25,0,0.534233845
-4.25,0.75,0,0.581558542
-4.25,0.25,0,0.576630476
-4.25,-0.25,0,5.62E-01
-4.25,-0.75,0,0.550398827
-4.25,-1.25,0,0.515851434
-4.25,-1.75,0,0.626734306
-4.25,-2.25,0,0.574226978
-4.25,-2.75,0,0.538773085
-4.25,-3.25,0,0.584840712
-4.25,-3.75,0,0.584796323
-4.25,-4.25,0,0.574137774
-4.25,-4.75,0,0.547893433
-4.25,-5.25,0,0.429009219
-4.25,-5.75,0,0.407687577
-4.25,-6.25,0,0.360105526
-4.25,-6.75,0,0.282480253
-4.25,-7.25,0,0.100293436
-4.25,-7.75,0,0.011527335
-4.25,-8.25,0,0.00184961
-4.25,-8.75,0,0.000871091
-4.25,-9.25,0,0.003422024
-4.25,-9.75,0,0.00948078
-4.25,-10.25,0,0.009895099
-4.25,-10.75,0,-0.004917308
-4.25,-11.25,0,-0.010844446
-4.25,-11.75,0,-0.006204167
-4.25,-12.25,0,-0.005221133
-4.25,-12.75,0,-6.60E-03
-4.25,-13.25,0,-0.004992139
-4.25,-13.75,0,-0.003159217
-4.25,-14.25,0,0.003376431
-4.25,-14.75,0,-0.003889488
-3.75,14.75,0,0.002904783
-3.75,14.25,0,-0.000734541
-3.75,13.75,0,-0.003796164
-3.75,13.25,0,-0.005874778
-3.75,12.75,0,-0.004177626
-3.75,12.25,0,-0.001682778
-3.75,11.75,0,0.008426551
-3.75,11.25,0,0.010229868
-3.75,10.75,0,0.004398677
-3.75,10.25,0,3.45E-03
-3.75,9.75,0,0.001184064
-3.75,9.25,0,0.002791618
-3.75,8.75,0,-0.001242508
-3.75,8.25,0,-0.001634959
-3.75,7.75,0,0.017165174
-3.75,7.25,0,0.135661969
-3.75,6.75,0,0.291078517
-3.75,6.25,0,0.334807095
-3.75,5.75,0,0.379350269
-3.75,5.25,0,0.435984824
-3.75,4.75,0,0.559399999
-3.75,4.25,0,0.534565797
-3.75,3.75,0,0.590966954
-3.75,3.25,0,0.557616652
-3.75,2.75,0,0.639660454
-3.75,2.25,0,0.587861336
-3.75,1.75,0,0.57457821
-3.75,1.25,0,0.57057508
-3.75,0.75,0,0.611169916
-3.75,0.25,0,0.576587963
-3.75,-0.25,0,6.00E-01
-3.75,-0.75,0,0.574829069
-3.75,-1.25,0,0.601120927
-3.75,-1.75,0,0.653857201
-3.75,-2.25,0,0.574275123
-3.75,-2.75,0,0.555993138
-3.75,-3.25,0,0.537969853
-3.75,-3.75,0,0.570666473
-3.75,-4.25,0,0.603530058
-3.75,-4.75,0,0.554633493
-3.75,-5.25,0,0.4503961
-3.75,-5.75,0,0.359221656
-3.75,-6.25,0,0.313380726
-3.75,-6.75,0,0.306557782
-3.75,-7.25,0,0.118141397
-3.75,-7.75,0,0.023239768
-3.75,-8.25,0,0.017950062
-3.75,-8.75,0,0.018905389
-3.75,-9.25,0,0.023811084
-3.75,-9.75,0,0.022628004
-3.75,-10.25,0,0.01126031
-3.75,-10.75,0,0.00222735
-3.75,-11.25,0,-0.00349577
-3.75,-11.75,0,-0.010187357
-3.75,-12.25,0,-0.000489148
-3.75,-12.75,0,-0.002787484
-3.75,-13.25,0,0.004108443
-3.75,-13.75,0,0.00647503
-3.75,-14.25,0,0.002374679
-3.75,-14.75,0,-0.004167807
-3.25,14.75,0,-0.008224205
-3.25,14.25,0,-0.010970275
-3.25,13.75,0,-0.003069812
-3.25,13.25,0,6.23E-05
-3.25,12.75,0,-0.000408911
-3.25,12.25,0,0.005471599
-3.25,11.75,0,0.002659441
-3.25,11.25,0,0.003050811
-3.25,10.75,0,0.00725336
-3.25,10.25,0,0.000913592
-3.25,9.75,0,-0.011408453
-3.25,9.25,0,-0.001727028
-3.25,8.75,0,0.001451105
-3.25,8.25,0,0.002742914
-3.25,7.75,0,0.029992729
-3.25,7.25,0,0.120935435
-3.25,6.75,0,0.328452315
-3.25,6.25,0,3.81E-01
-3.25,5.75,0,0.383952311
-3.25,5.25,0,0.41056586
-3.25,4.75,0,0.528845025
-3.25,4.25,0,0.616502294
-3.25,3.75,0,0.59321414
-3.25,3.25,0,0.510795633
-3.25,2.75,0,0.619429341
-3.25,2.25,0,6.14E-01
-3.25,1.75,0,0.599788987
-3.25,1.25,0,0.594570818
-3.25,0.75,0,0.60516998
-3.25,0.25,0,0.583663443
-3.25,-0.25,0,6.21E-01
-3.25,-0.75,0,0.617523535
-3.25,-1.25,0,0.607276919
-3.25,-1.75,0,0.58539095
-3.25,-2.25,0,0.533023387
-3.25,-2.75,0,0.564492165
-3.25,-3.25,0,0.546958221
-3.25,-3.75,0,0.598245353
-3.25,-4.25,0,0.58847627
-3.25,-4.75,0,0.515275823
-3.25,-5.25,0,0.407551546
-3.25,-5.75,0,0.381872653
-3.25,-6.25,0,0.380708116
-3.25,-6.75,0,0.282623472
-3.25,-7.25,0,0.093927127
-3.25,-7.75,0,0.02861808
-3.25,-8.25,0,0.026845982
-3.25,-8.75,0,0.026009701
-3.25,-9.25,0,0.011844394
-3.25,-9.75,0,0.006439486
-3.25,-10.25,0,0.011432465
-3.25,-10.75,0,0.008013437
-3.25,-11.25,0,6.12E-05
-3.25,-11.75,0,-0.008830041
-3.25,-12.25,0,-0.006042313
-3.25,-12.75,0,-0.001718385
-3.25,-13.25,0,0.002758828
-3.25,-13.75,0,3.60E-05
-3.25,-14.25,0,-0.006151208
-3.25,-14.75,0,-0.00144966
-2.75,14.75,0,-0.011854358
-2.75,14.25,0,-0.009920088
-2.75,13.75,0,-0.017796188
-2.75,13.25,0,0.003445673
-2.75,12.75,0,0.002580548
-2.75,12.25,0,0.016101151
-2.75,11.75,0,0.012976445
-2.75,11.25,0,0.013414411
-2.75,10.75,0,0.027743406
-2.75,10.25,0,0.009925836
-2.75,9.75,0,0.000608762
-2.75,9.25,0,0.004769855
-2.75,8.75,0,0.001237634
-2.75,8.25,0,0.00704611
-2.75,7.75,0,0.045366818
-2.75,7.25,0,0.124912293
-2.75,6.75,0,0.257464205
-2.75,6.25,0,0.35087748
-2.75,5.75,0,0.34800183
-2.75,5.25,0,0.414817347
-2.75,4.75,0,0.459524078
-2.75,4.25,0,0.554751572
-2.75,3.75,0,0.616695515
-2.75,3.25,0,5.98E-01
-2.75,2.75,0,0.712910669
-2.75,2.25,0,0.744627087
-2.75,1.75,0,0.694492905
-2.75,1.25,0,0.679522786
-2.75,0.75,0,0.766055629
-2.75,0.25,0,0.715076559
-2.75,-0.25,0,6.58E-01
-2.75,-0.75,0,0.705933003
-2.75,-1.25,0,0.766261792
-2.75,-1.75,0,0.714947499
-2.75,-2.25,0,0.770851491
-2.75,-2.75,0,0.730847259
-2.75,-3.25,0,0.567603377
-2.75,-3.75,0,0.625536617
-2.75,-4.25,0,0.57228977
-2.75,-4.75,0,0.525454152
-2.75,-5.25,0,0.406812111
-2.75,-5.75,0,3.75E-01
-2.75,-6.25,0,0.381992995
-2.75,-6.75,0,0.261515922
-2.75,-7.25,0,0.066146508
-2.75,-7.75,0,0.022951248
-2.75,-8.25,0,0.013280697
-2.75,-8.75,0,0.033112019
-2.75,-9.25,0,0.041177446
-2.75,-9.75,0,0.013047091
-2.75,-10.25,0,0.001799451
-2.75,-10.75,0,0.001572379
-2.75,-11.25,0,0.003769781
-2.75,-11.75,0,-0.000968205
-2.75,-12.25,0,-0.003694143
-2.75,-12.75,0,-0.017936171
-2.75,-13.25,0,-0.000307445
-2.75,-13.75,0,0.00048109
-2.75,-14.25,0,-0.005920377
-2.75,-14.75,0,-0.008017663
-2.25,14.75,0,-0.005422265
-2.25,14.25,0,-3.14E-02
-2.25,13.75,0,-0.033764188
-2.25,13.25,0,-0.001569231
-2.25,12.75,0,-0.001105156
-2.25,12.25,0,-0.002202207
-2.25,11.75,0,-0.012858447
-2.25,11.25,0,0.002275818
-2.25,10.75,0,0.017587936
-2.25,10.25,0,0.004836732
-2.25,9.75,0,0.004818784
-2.25,9.25,0,0.007295749
-2.25,8.75,0,0.003077357
-2.25,8.25,0,0.00742731
-2.25,7.75,0,0.040760619
-2.25,7.25,0,1.39E-01
-2.25,6.75,0,0.255491071
-2.25,6.25,0,0.338358831
-2.25,5.75,0,0.418039588
-2.25,5.25,0,0.409151309
-2.25,4.75,0,0.460715413
-2.25,4.25,0,0.575482606
-2.25,3.75,0,0.578488708
-2.25,3.25,0,0.61048009
-2.25,2.75,0,0.78269742
-2.25,2.25,0,0.737462771
-2.25,1.75,0,0.761956072
-2.25,1.25,0,0.685268404
-2.25,0.75,0,0.782543364
-2.25,0.25,0,0.807912537
-2.25,-0.25,0,7.38E-01
-2.25,-0.75,0,0.729899075
-2.25,-1.25,0,0.789741478
-2.25,-1.75,0,0.758409143
-2.25,-2.25,0,0.776956518
-2.25,-2.75,0,0.689651097
-2.25,-3.25,0,0.538135019
-2.25,-3.75,0,0.517634498
-2.25,-4.25,0,0.554181197
-2.25,-4.75,0,0.523206987
-2.25,-5.25,0,0.423528519
-2.25,-5.75,0,0.385765635
-2.25,-6.25,0,0.373559482
-2.25,-6.75,0,0.262754083
-2.25,-7.25,0,0.089460196
-2.25,-7.75,0,0.024413889
-2.25,-8.25,0,0.008844562
-2.25,-8.75,0,1.86E-02
-2.25,-9.25,0,0.017952409
-2.25,-9.75,0,0.001416188
-2.25,-10.25,0,-0.032499112
-2.25,-10.75,0,-0.009192305
-2.25,-11.25,0,0.000307007
-2.25,-11.75,0,0.007737218
-2.25,-12.25,0,0.004461099
-2.25,-12.75,0,0.002382226
-2.25,-13.25,0,0.003293099
-2.25,-13.75,0,0.021992296
-2.25,-14.25,0,0.009435308
-2.25,-14.75,0,-0.007757627
-1.75,14.75,0,0.000480963
-1.75,14.25,0,-0.005710935
-1.75,13.75,0,-0.009951174
-1.75,13.25,0,-0.004570183
-1.75,12.75,0,-0.00150096
-1.75,12.25,0,0.000953908
-1.75,11.75,0,-0.009336365
-1.75,11.25,0,-0.016549393
-1.75,10.75,0,0.001897622
-1.75,10.25,0,0.000549482
-1.75,9.75,0,0.000269011
-1.75,9.25,0,0.002184089
-1.75,8.75,0,0.012016994
-1.75,8.25,0,0.008887361
-1.75,7.75,0,0.019676064
-1.75,7.25,0,0.096604308
-1.75,6.75,0,0.276073343
-1.75,6.25,0,0.337709133
-1.75,5.75,0,0.42715914
-1.75,5.25,0,4.54E-01
-1.75,4.75,0,0.523015197
-1.75,4.25,0,0.623237055
-1.75,3.75,0,0.622018814
-1.75,3.25,0,0.606447732
-1.75,2.75,0,0.756760274
-1.75,2.25,0,0.813632321
-1.75,1.75,0,0.86830448
-1.75,1.25,0,0.798142354
-1.75,0.75,0,0.722835481
-1.75,0.25,0,0.72737063
-1.75,-0.25,0,7.64E-01
-1.75,-0.75,0,0.749651557
-1.75,-1.25,0,0.785763232
-1.75,-1.75,0,0.757738162
-1.75,-2.25,0,0.726232142
-1.75,-2.75,0,0.708507375
-1.75,-3.25,0,0.606607132
-1.75,-3.75,0,0.542701235
-1.75,-4.25,0,0.602029914
-1.75,-4.75,0,0.539896129
-1.75,-5.25,0,0.403056061
-1.75,-5.75,0,0.366473516
-1.75,-6.25,0,0.346202673
-1.75,-6.75,0,0.276720572
-1.75,-7.25,0,0.090380265
-1.75,-7.75,0,0.019287989
-1.75,-8.25,0,0.007286204
-1.75,-8.75,0,0.003919348
-1.75,-9.25,0,0.003381292
-1.75,-9.75,0,0.002794725
-1.75,-10.25,0,0.000504145
-1.75,-10.75,0,6.03E-03
-1.75,-11.25,0,0.002456671
-1.75,-11.75,0,0.001974879
-1.75,-12.25,0,0.004337952
-1.75,-12.75,0,0.011816082
-1.75,-13.25,0,0.004438575
-1.75,-13.75,0,0.016035144
-1.75,-14.25,0,0.003770007
-1.75,-14.75,0,-0.022053859
-1.25,14.75,0,0.000841409
-1.25,14.25,0,0.017729432
-1.25,13.75,0,0.020555317
-1.25,13.25,0,0.004930284
-1.25,12.75,0,0.01108681
-1.25,12.25,0,0.006887793
-1.25,11.75,0,6.78E-05
-1.25,11.25,0,-0.000707288
-1.25,10.75,0,0.003357022
-1.25,10.25,0,-0.000434406
-1.25,9.75,0,-0.013574016
-1.25,9.25,0,-0.002376361
-1.25,8.75,0,0.005421767
-1.25,8.25,0,0.024988788
-1.25,7.75,0,0.023034971
-1.25,7.25,0,1.07E-01
-1.25,6.75,0,0.301750552
-1.25,6.25,0,0.34964529
-1.25,5.75,0,0.382222874
-1.25,5.25,0,0.438039339
-1.25,4.75,0,0.525612953
-1.25,4.25,0,0.548087554
-1.25,3.75,0,0.547486755
-1.25,3.25,0,0.599150245
-1.25,2.75,0,0.754839684
-1.25,2.25,0,0.764690621
-1.25,1.75,0,0.803863775
-1.25,1.25,0,0.841374742
-1.25,0.75,0,0.754767266
-1.25,0.25,0,0.801530513
-1.25,-0.25,0,8.30E-01
-1.25,-0.75,0,0.766050962
-1.25,-1.25,0,0.807899637
-1.25,-1.75,0,0.819905227
-1.25,-2.25,0,0.730948682
-1.25,-2.75,0,0.721753394
-1.25,-3.25,0,0.600411016
-1.25,-3.75,0,0.541153623
-1.25,-4.25,0,0.566081389
-1.25,-4.75,0,0.526550933
-1.25,-5.25,0,4.35E-01
-1.25,-5.75,0,0.439418249
-1.25,-6.25,0,0.366790574
-1.25,-6.75,0,0.301379485
-1.25,-7.25,0,0.083517521
-1.25,-7.75,0,0.031913427
-1.25,-8.25,0,0.004967289
-1.25,-8.75,0,0.003870909
-1.25,-9.25,0,0.008271888
-1.25,-9.75,0,0.007437351
-1.25,-10.25,0,0.003142172
-1.25,-10.75,0,0.005208947
-1.25,-11.25,0,0.000600484
-1.25,-11.75,0,-0.00187532
-1.25,-12.25,0,0.000129391
-1.25,-12.75,0,0.001647077
-1.25,-13.25,0,0.007722968
-1.25,-13.75,0,0.001468407
-1.25,-14.25,0,-0.008162312
-1.25,-14.75,0,-0.010969361
-0.75,14.75,0,-0.00017561
-0.75,14.25,0,0.0172452
-0.75,13.75,0,0.010430787
-0.75,13.25,0,0.0135721
-0.75,12.75,0,9.94E-03
-0.75,12.25,0,-0.00915697
-0.75,11.75,0,-0.00951851
-0.75,11.25,0,0.000155916
-0.75,10.75,0,1.03E-02
-0.75,10.25,0,0.002897877
-0.75,9.75,0,-0.008193753
-0.75,9.25,0,0.001398471
-0.75,8.75,0,0.012728815
-0.75,8.25,0,0.004426213
-0.75,7.75,0,0.005286211
-0.75,7.25,0,0.095455742
-0.75,6.75,0,0.335120806
-0.75,6.25,0,0.387058448
-0.75,5.75,0,0.433824205
-0.75,5.25,0,0.449133764
-0.75,4.75,0,0.544517757
-0.75,4.25,0,0.572579507
-0.75,3.75,0,0.562351472
-0.75,3.25,0,0.60048583
-0.75,2.75,0,0.635131606
-0.75,2.25,0,0.671441463
-0.75,1.75,0,0.794688209
-0.75,1.25,0,0.832849083
-0.75,0.75,0,0.866123077
-0.75,0.25,0,0.895817591
-0.75,-0.25,0,9.11E-01
-0.75,-0.75,0,0.902946937
-0.75,-1.25,0,0.76472845
-0.75,-1.75,0,0.725152144
-0.75,-2.25,0,0.734502806
-0.75,-2.75,0,0.703787561
-0.75,-3.25,0,0.612138198
-0.75,-3.75,0,0.58211639
-0.75,-4.25,0,0.620742296
-0.75,-4.75,0,0.539175529
-0.75,-5.25,0,0.466698692
-0.75,-5.75,0,0.389524421
-0.75,-6.25,0,0.338285052
-0.75,-6.75,0,0.242489079
-0.75,-7.25,0,0.099752796
-0.75,-7.75,0,0.025425169
-0.75,-8.25,0,0.006458058
-0.75,-8.75,0,0.013972953
-0.75,-9.25,0,0.012688942
-0.75,-9.75,0,0.000803424
-0.75,-10.25,0,-0.008992923
-0.75,-10.75,0,-0.006494152
-0.75,-11.25,0,-0.006923219
-0.75,-11.75,0,-0.007401762
-0.75,-12.25,0,-0.005983129
-0.75,-12.75,0,0.003635656
-0.75,-13.25,0,0.012183755
-0.75,-13.75,0,0.00790415
-0.75,-14.25,0,-3.81E-03
-0.75,-14.75,0,-0.017366345
-0.25,14.75,0,-0.002684059
-0.25,14.25,0,-0.010908194
-0.25,13.75,0,0.00139816
-0.25,13.25,0,0.009491474
-0.25,12.75,0,0.000346229
-0.25,12.25,0,-0.008856711
-0.25,11.75,0,-0.008363186
-0.25,11.25,0,-0.00769795
-0.25,10.75,0,0.001741278
-0.25,10.25,0,0.010185413
-0.25,9.75,0,0.00194429
-0.25,9.25,0,0.00192654
-0.25,8.75,0,0.004804254
-0.25,8.25,0,0.004539641
-0.25,7.75,0,0.025830014
-0.25,7.25,0,0.118812866
-0.25,6.75,0,0.301041845
-0.25,6.25,0,0.343453952
-0.25,5.75,0,0.410707169
-0.25,5.25,0,0.422258013
-0.25,4.75,0,0.569047242
-0.25,4.25,0,0.608867708
-0.25,3.75,0,0.521903797
-0.25,3.25,0,0.600265475
-0.25,2.75,0,0.747390449
-0.25,2.25,0,0.755642361
-0.25,1.75,0,0.76174487
-0.25,1.25,0,0.771328675
-0.25,0.75,0,0.897004884
-0.25,0.25,0,0.991374479
-0.25,-0.25,0,9.82E-01
-0.25,-0.75,0,0.932921529
-0.25,-1.25,0,0.755540407
-0.25,-1.75,0,0.781984244
-0.25,-2.25,0,0.750990056
-0.25,-2.75,0,0.714056933
-0.25,-3.25,0,0.581443479
-0.25,-3.75,0,0.579857888
-0.25,-4.25,0,0.538501856
-0.25,-4.75,0,0.517090804
-0.25,-5.25,0,0.490233864
-0.25,-5.75,0,0.340755511
-0.25,-6.25,0,0.345901896
-0.25,-6.75,0,0.268605143
-0.25,-7.25,0,0.126863472
-0.25,-7.75,0,0.033764858
-0.25,-8.25,0,0.002871797
-0.25,-8.75,0,0.020048258
-0.25,-9.25,0,0.007389688
-0.25,-9.75,0,0.000728791
-0.25,-10.25,0,0.00599768
-0.25,-10.75,0,0.011644854
-0.25,-11.25,0,0.000218751
-0.25,-11.75,0,-0.0171126
-0.25,-12.25,0,-0.015079454
-0.25,-12.75,0,-0.004872702
-0.25,-13.25,0,0.001669189
-0.25,-13.75,0,0.013037506
-0.25,-14.25,0,0.000928604
-0.25,-14.75,0,-0.021650318
0.25,14.75,0,-0.015927513
0.25,14.25,0,-0.0424754
0.25,13.75,0,-0.011431221
0.25,13.25,0,0.006887144
0.25,12.75,0,0.011288517
0.25,12.25,0,-0.016269749
0.25,11.75,0,-0.01368487
0.25,11.25,0,-0.024810604
0.25,10.75,0,-0.01178859
0.25,10.25,0,0.009511408
0.25,9.75,0,0.01190882
0.25,9.25,0,0.003721975
0.25,8.75,0,0.010741735
0.25,8.25,0,0.007633703
0.25,7.75,0,0.026803345
0.25,7.25,0,0.128053812
0.25,6.75,0,0.260476667
0.25,6.25,0,0.348132752
0.25,5.75,0,0.399931468
0.25,5.25,0,0.44079597
0.25,4.75,0,0.524624898
0.25,4.25,0,5.60E-01
0.25,3.75,0,0.536179296
0.25,3.25,0,0.56086927
0.25,2.75,0,0.725426022
0.25,2.25,0,0.735586666
0.25,1.75,0,0.734287887
0.25,1.25,0,0.821084435
0.25,0.75,0,0.879774608
0.25,0.25,0,0.996512596
0.25,-0.25,0,9.48E-01
0.25,-0.75,0,0.866603375
0.25,-1.25,0,0.818785753
0.25,-1.75,0,0.777823163
0.25,-2.25,0,0.706227311
0.25,-2.75,0,0.658877933
0.25,-3.25,0,0.639772157
0.25,-3.75,0,6.10E-01
0.25,-4.25,0,0.515564683
0.25,-4.75,0,0.503006134
0.25,-5.25,0,0.422925584
0.25,-5.75,0,0.333403733
0.25,-6.25,0,0.407382605
0.25,-6.75,0,0.372420841
0.25,-7.25,0,0.124039735
0.25,-7.75,0,0.029643367
0.25,-8.25,0,0.002566952
0.25,-8.75,0,0.029940094
0.25,-9.25,0,0.02920371
0.25,-9.75,0,0.006915985
0.25,-10.25,0,0.016217309
0.25,-10.75,0,0.028540362
0.25,-11.25,0,0.005420792
0.25,-11.75,0,-0.001247543
0.25,-12.25,0,-0.001078497
0.25,-12.75,0,0.00104982
0.25,-13.25,0,0.001030183
0.25,-13.75,0,0.002131021
0.25,-14.25,0,-0.004221299
0.25,-14.75,0,-0.030096929
0.75,14.75,0,-0.011422533
0.75,14.25,0,-0.030419995
0.75,13.75,0,-0.019512979
0.75,13.25,0,-0.000934851
0.75,12.75,0,0.02769645
0.75,12.25,0,-0.001593102
0.75,11.75,0,-0.031186974
0.75,11.25,0,-0.021827137
0.75,10.75,0,-0.017405886
0.75,10.25,0,0.000222876
0.75,9.75,0,0.001899759
0.75,9.25,0,0.002008447
0.75,8.75,0,0.004874748
0.75,8.25,0,0.005844158
0.75,7.75,0,0.030831814
0.75,7.25,0,0.12476215
0.75,6.75,0,0.255750408
0.75,6.25,0,0.379164987
0.75,5.75,0,0.388674775
0.75,5.25,0,0.472194837
0.75,4.75,0,0.527934729
0.75,4.25,0,0.552095984
0.75,3.75,0,0.619549272
0.75,3.25,0,0.642295645
0.75,2.75,0,0.710888222
0.75,2.25,0,0.808776594
0.75,1.75,0,0.822840918
0.75,1.25,0,0.786515134
0.75,0.75,0,0.843173739
0.75,0.25,0,0.927985526
0.75,-0.25,0,8.87E-01
0.75,-0.75,0,0.857420729
0.75,-1.25,0,0.736113934
0.75,-1.75,0,0.772827616
0.75,-2.25,0,0.771682801
0.75,-2.75,0,0.689917197
0.75,-3.25,0,0.540711896
0.75,-3.75,0,0.556621594
0.75,-4.25,0,5.76E-01
0.75,-4.75,0,0.572647337
0.75,-5.25,0,0.420911329
0.75,-5.75,0,0.390593411
0.75,-6.25,0,0.368170368
0.75,-6.75,0,0.32576243
0.75,-7.25,0,0.092840492
0.75,-7.75,0,0.004721143
0.75,-8.25,0,0.001413714
0.75,-8.75,0,0.027794411
0.75,-9.25,0,0.024049791
0.75,-9.75,0,0.002928105
0.75,-10.25,0,0.00385199
0.75,-10.75,0,0.008163938
0.75,-11.25,0,0.020249521
0.75,-11.75,0,0.009140915
0.75,-12.25,0,0.000143618
0.75,-12.75,0,0.005209211
0.75,-13.25,0,0.006662929
0.75,-13.75,0,0.005556205
0.75,-14.25,0,0.007337087
0.75,-14.75,0,-0.01054888
1.25,14.75,0,-0.002407043
1.25,14.25,0,-0.016797759
1.25,13.75,0,-0.011911863
1.25,13.25,0,-0.004284655
1.25,12.75,0,0.002437521
1.25,12.25,0,-0.001303309
1.25,11.75,0,-8.74E-03
1.25,11.25,0,-0.00848535
1.25,10.75,0,-0.018586845
1.25,10.25,0,-0.003431824
1.25,9.75,0,-0.005496466
1.25,9.25,0,0.004622474
1.25,8.75,0,0.006484597
1.25,8.25,0,0.006375731
1.25,7.75,0,0.034223726
1.25,7.25,0,0.097632556
1.25,6.75,0,0.243256379
1.25,6.25,0,0.376503164
1.25,5.75,0,0.387067516
1.25,5.25,0,4.33E-01
1.25,4.75,0,0.580785373
1.25,4.25,0,0.600010547
1.25,3.75,0,0.594663656
1.25,3.25,0,0.668514032
1.25,2.75,0,0.727632882
1.25,2.25,0,0.773679488
1.25,1.75,0,0.779049134
1.25,1.25,0,0.785939857
1.25,0.75,0,0.836505601
1.25,0.25,0,0.831896223
1.25,-0.25,0,8.12E-01
1.25,-0.75,0,0.773920666
1.25,-1.25,0,0.707106509
1.25,-1.75,0,0.752334785
1.25,-2.25,0,0.772178444
1.25,-2.75,0,7.01E-01
1.25,-3.25,0,0.595366878
1.25,-3.75,0,0.544091399
1.25,-4.25,0,0.547213115
1.25,-4.75,0,0.470984074
1.25,-5.25,0,0.447795023
1.25,-5.75,0,3.95E-01
1.25,-6.25,0,0.293446927
1.25,-6.75,0,0.311634913
1.25,-7.25,0,0.084959063
1.25,-7.75,0,0.022578573
1.25,-8.25,0,-0.000108071
1.25,-8.75,0,0.014429613
1.25,-9.25,0,0.004449339
1.25,-9.75,0,-0.00043434
1.25,-10.25,0,0.00629369
1.25,-10.75,0,2.67E-03
1.25,-11.25,0,0.011274158
1.25,-11.75,0,0.016233847
1.25,-12.25,0,0.00643713
1.25,-12.75,0,0.008602893
1.25,-13.25,0,0.009242214
1.25,-13.75,0,0.014086593
1.25,-14.25,0,0.01980283
1.25,-14.75,0,0.015550911
1.75,14.75,0,0.005106583
1.75,14.25,0,0.002994437
1.75,13.75,0,-0.00446053
1.75,13.25,0,-0.009613407
1.75,12.75,0,-0.012643257
1.75,12.25,0,-0.004022108
1.75,11.75,0,-0.00408254
1.75,11.25,0,-0.010684643
1.75,10.75,0,-0.015293157
1.75,10.25,0,-0.001088865
1.75,9.75,0,-0.009703127
1.75,9.25,0,0.002100759
1.75,8.75,0,-0.000534706
1.75,8.25,0,-0.000927012
1.75,7.75,0,0.016569747
1.75,7.25,0,0.109208081
1.75,6.75,0,0.216885813
1.75,6.25,0,0.305831944
1.75,5.75,0,4.11E-01
1.75,5.25,0,0.393998816
1.75,4.75,0,0.48984056
1.75,4.25,0,0.534509793
1.75,3.75,0,0.586415034
1.75,3.25,0,0.580602503
1.75,2.75,0,0.703600142
1.75,2.25,0,0.770951233
1.75,1.75,0,0.767974361
1.75,1.25,0,0.78296213
1.75,0.75,0,0.790007065
1.75,0.25,0,0.766646732
1.75,-0.25,0,7.51E-01
1.75,-0.75,0,0.782664773
1.75,-1.25,0,0.798584354
1.75,-1.75,0,0.835595425
1.75,-2.25,0,0.775764679
1.75,-2.75,0,7.64E-01
1.75,-3.25,0,6.55E-01
1.75,-3.75,0,0.549468658
1.75,-4.25,0,0.591957937
1.75,-4.75,0,0.489248587
1.75,-5.25,0,0.489980954
1.75,-5.75,0,0.365251473
1.75,-6.25,0,3.19E-01
1.75,-6.75,0,0.265580607
1.75,-7.25,0,0.074542295
1.75,-7.75,0,0.016689937
1.75,-8.25,0,0.002436995
1.75,-8.75,0,0.002676423
1.75,-9.25,0,0.004782938
1.75,-9.75,0,0.002161821
1.75,-10.25,0,0.00395507
1.75,-10.75,0,0.000746822
1.75,-11.25,0,-0.01433353
1.75,-11.75,0,0.000835716
1.75,-12.25,0,-0.001950069
1.75,-12.75,0,0.00407222
1.75,-13.25,0,0.006014103
1.75,-13.75,0,0.007192358
1.75,-14.25,0,0.001879733
1.75,-14.75,0,-0.000332855
2.25,14.75,0,0.024411474
2.25,14.25,0,0.007423957
2.25,13.75,0,-0.013651012
2.25,13.25,0,-0.015725607
2.25,12.75,0,-0.013176184
2.25,12.25,0,-0.0149544
2.25,11.75,0,-0.005871699
2.25,11.25,0,-0.006933479
2.25,10.75,0,9.11E-05
2.25,10.25,0,0.007187281
2.25,9.75,0,0.000983454
2.25,9.25,0,0.003568827
2.25,8.75,0,0.001876488
2.25,8.25,0,0.004454302
2.25,7.75,0,0.003742357
2.25,7.25,0,0.090078749
2.25,6.75,0,0.274315341
2.25,6.25,0,0.319751719
2.25,5.75,0,0.430070099
2.25,5.25,0,0.440154582
2.25,4.75,0,0.506067635
2.25,4.25,0,0.556127752
2.25,3.75,0,0.601289418
2.25,3.25,0,0.64557986
2.25,2.75,0,0.682488337
2.25,2.25,0,0.731918512
2.25,1.75,0,0.738538536
2.25,1.25,0,0.752871837
2.25,0.75,0,0.757506916
2.25,0.25,0,7.64E-01
2.25,-0.25,0,8.27E-01
2.25,-0.75,0,0.767911489
2.25,-1.25,0,0.752378088
2.25,-1.75,0,0.763460138
2.25,-2.25,0,0.774983789
2.25,-2.75,0,0.754473243
2.25,-3.25,0,0.595320011
2.25,-3.75,0,0.594386793
2.25,-4.25,0,0.577376362
2.25,-4.75,0,0.501965398
2.25,-5.25,0,0.453582986
2.25,-5.75,0,0.402751277
2.25,-6.25,0,0.42222615
2.25,-6.75,0,0.30562323
2.25,-7.25,0,0.085117742
2.25,-7.75,0,0.03258866
2.25,-8.25,0,0.009450456
2.25,-8.75,0,0.001823178
2.25,-9.25,0,0.002056085
2.25,-9.75,0,0.000547882
2.25,-10.25,0,0.006765388
2.25,-10.75,0,-0.003964791
2.25,-11.25,0,-0.012313907
2.25,-11.75,0,-0.002390603
2.25,-12.25,0,-0.002402972
2.25,-12.75,0,0.00093646
2.25,-13.25,0,0.010674446
2.25,-13.75,0,0.002486477
2.25,-14.25,0,-0.003302167
2.25,-14.75,0,-0.010731702
2.75,14.75,0,0.001679025
2.75,14.25,0,0.011023716
2.75,13.75,0,0.009151608
2.75,13.25,0,-0.004984944
2.75,12.75,0,-0.006154121
2.75,12.25,0,-0.005339779
2.75,11.75,0,-0.005408817
2.75,11.25,0,-0.004861115
2.75,10.75,0,-0.001754848
2.75,10.25,0,0.01478102
2.75,9.75,0,0.002327826
2.75,9.25,0,0.015464198
2.75,8.75,0,0.010667204
2.75,8.25,0,0.026033131
2.75,7.75,0,0.002651025
2.75,7.25,0,0.066953722
2.75,6.75,0,0.259880837
2.75,6.25,0,0.339787832
2.75,5.75,0,0.398949006
2.75,5.25,0,0.456102228
2.75,4.75,0,0.537280878
2.75,4.25,0,0.573967961
2.75,3.75,0,0.569710449
2.75,3.25,0,0.554649073
2.75,2.75,0,0.67702977
2.75,2.25,0,0.768637725
2.75,1.75,0,0.761215909
2.75,1.25,0,0.806343396
2.75,0.75,0,0.749303812
2.75,0.25,0,0.683741371
2.75,-0.25,0,6.78E-01
2.75,-0.75,0,0.794035523
2.75,-1.25,0,7.61E-01
2.75,-1.75,0,0.656597364
2.75,-2.25,0,0.598675165
2.75,-2.75,0,0.655576452
2.75,-3.25,0,0.638995269
2.75,-3.75,0,0.56909644
2.75,-4.25,0,0.548623968
2.75,-4.75,0,0.52171173
2.75,-5.25,0,0.399785814
2.75,-5.75,0,0.419713015
2.75,-6.25,0,0.364642916
2.75,-6.75,0,0.274647339
2.75,-7.25,0,0.083284805
2.75,-7.75,0,0.038838842
2.75,-8.25,0,0.027998334
2.75,-8.75,0,0.005729216
2.75,-9.25,0,-0.00259045
2.75,-9.75,0,-0.010293865
2.75,-10.25,0,0.002364878
2.75,-10.75,0,0.000637059
2.75,-11.25,0,0.00085447
2.75,-11.75,0,-0.013331092
2.75,-12.25,0,-0.000666658
2.75,-12.75,0,0.006855265
2.75,-13.25,0,0.011549274
2.75,-13.75,0,-0.007056937
2.75,-14.25,0,-0.013262946
2.75,-14.75,0,-0.001197823
3.25,14.75,0,-0.006898973
3.25,14.25,0,0.008932362
3.25,13.75,0,0.010559909
3.25,13.25,0,0.012415542
3.25,12.75,0,0.019985518
3.25,12.25,0,0.005692368
3.25,11.75,0,-0.008169549
3.25,11.25,0,-0.00856678
3.25,10.75,0,-0.001600796
3.25,10.25,0,-0.001276167
3.25,9.75,0,-0.002810117
3.25,9.25,0,0.001776022
3.25,8.75,0,0.005138284
3.25,8.25,0,0.011848682
3.25,7.75,0,-0.000684748
3.25,7.25,0,0.061650521
3.25,6.75,0,0.33487303
3.25,6.25,0,0.412536573
3.25,5.75,0,0.450430479
3.25,5.25,0,0.41972096
3.25,4.75,0,0.534807582
3.25,4.25,0,0.614592999
3.25,3.75,0,0.565247951
3.25,3.25,0,0.540519421
3.25,2.75,0,0.549418715
3.25,2.25,0,0.623669184
3.25,1.75,0,0.631832228
3.25,1.25,0,0.598211747
3.25,0.75,0,0.613485684
3.25,0.25,0,0.613383539
3.25,-0.25,0,5.31E-01
3.25,-0.75,0,0.654997162
3.25,-1.25,0,0.682889804
3.25,-1.75,0,0.625557256
3.25,-2.25,0,0.595886333
3.25,-2.75,0,0.686373066
3.25,-3.25,0,0.650306148
3.25,-3.75,0,0.593298888
3.25,-4.25,0,0.58182326
3.25,-4.75,0,0.530490868
3.25,-5.25,0,0.39375747
3.25,-5.75,0,0.392529097
3.25,-6.25,0,0.317757147
3.25,-6.75,0,0.237383624
3.25,-7.25,0,0.069075548
3.25,-7.75,0,0.022200422
3.25,-8.25,0,0.014647656
3.25,-8.75,0,0.021555154
3.25,-9.25,0,0.000868028
3.25,-9.75,0,-0.011156846
3.25,-10.25,0,0.006359257
3.25,-10.75,0,0.00618793
3.25,-11.25,0,0.000805253
3.25,-11.75,0,-0.024126366
3.25,-12.25,0,-0.004432734
3.25,-12.75,0,0.017165814
3.25,-13.25,0,0.022785503
3.25,-13.75,0,6.06E-03
3.25,-14.25,0,-0.00837517
3.25,-14.75,0,0.002990231
3.75,14.75,0,-0.021356721
3.75,14.25,0,-0.001302721
3.75,13.75,0,0.000617652
3.75,13.25,0,0.004069396
3.75,12.75,0,0.0256485
3.75,12.25,0,0.011824799
3.75,11.75,0,-0.002244772
3.75,11.25,0,-0.004281784
3.75,10.75,0,-0.01066126
3.75,10.25,0,-0.035556362
3.75,9.75,0,-0.020169991
3.75,9.25,0,9.30E-05
3.75,8.75,0,0.013225043
3.75,8.25,0,0.005421133
3.75,7.75,0,-1.29E-04
3.75,7.25,0,0.055360791
3.75,6.75,0,2.80E-01
3.75,6.25,0,0.357298288
3.75,5.75,0,0.395112022
3.75,5.25,0,0.404227067
3.75,4.75,0,5.41E-01
3.75,4.25,0,0.601900316
3.75,3.75,0,0.573429002
3.75,3.25,0,0.628059316
3.75,2.75,0,0.538146247
3.75,2.25,0,0.624190545
3.75,1.75,0,0.621643841
3.75,1.25,0,0.57144475
3.75,0.75,0,0.621318274
3.75,0.25,0,0.584739507
3.75,-0.25,0,5.08E-01
3.75,-0.75,0,0.592651655
3.75,-1.25,0,0.539459168
3.75,-1.75,0,0.557343791
3.75,-2.25,0,0.579897659
3.75,-2.75,0,0.589483836
3.75,-3.25,0,0.595498635
3.75,-3.75,0,0.621169034
3.75,-4.25,0,0.622579243
3.75,-4.75,0,0.520219793
3.75,-5.25,0,0.396898043
3.75,-5.75,0,4.18E-01
3.75,-6.25,0,0.355094375
3.75,-6.75,0,0.264392509
3.75,-7.25,0,0.090700707
3.75,-7.75,0,0.016850711
3.75,-8.25,0,0.006591748
3.75,-8.75,0,0.011291019
3.75,-9.25,0,0.01545266
3.75,-9.75,0,0.003121309
3.75,-10.25,0,0.022058512
3.75,-10.75,0,-0.00143324
3.75,-11.25,0,-0.002607618
3.75,-11.75,0,-0.013284593
3.75,-12.25,0,0.01622669
3.75,-12.75,0,0.032293663
3.75,-13.25,0,0.023092444
3.75,-13.75,0,0.001698918
3.75,-14.25,0,0.003109783
3.75,-14.75,0,0.007991017
4.25,14.75,0,-0.009832221
4.25,14.25,0,0.003734729
4.25,13.75,0,-0.002105216
4.25,13.25,0,-0.001283644
4.25,12.75,0,0.004660001
4.25,12.25,0,0.005697962
4.25,11.75,0,-0.009723942
4.25,11.25,0,-0.010198542
4.25,10.75,0,-0.005391951
4.25,10.25,0,-0.019827207
4.25,9.75,0,-0.013274893
4.25,9.25,0,-0.00024852
4.25,8.75,0,0.019541612
4.25,8.25,0,0.016056979
4.25,7.75,0,0.015667312
4.25,7.25,0,0.077102315
4.25,6.75,0,0.240501614
4.25,6.25,0,0.342386754
4.25,5.75,0,0.392679833
4.25,5.25,0,0.445027878
4.25,4.75,0,0.514007388
4.25,4.25,0,0.519471179
4.25,3.75,0,0.524801563
4.25,3.25,0,0.497628162
4.25,2.75,0,0.553036009
4.25,2.25,0,0.603500625
4.25,1.75,0,0.539254411
4.25,1.25,0,0.477383316
4.25,0.75,0,0.559165232
4.25,0.25,0,0.583099969
4.25,-0.25,0,5.27E-01
4.25,-0.75,0,0.551887323
4.25,-1.25,0,0.510360645
4.25,-1.75,0,0.532770514
4.25,-2.25,0,0.569237158
4.25,-2.75,0,0.556662737
4.25,-3.25,0,0.55007388
4.25,-3.75,0,0.564057427
4.25,-4.25,0,0.562307409
4.25,-4.75,0,0.527296088
4.25,-5.25,0,0.403842862
4.25,-5.75,0,0.384647213
4.25,-6.25,0,0.335083695
4.25,-6.75,0,0.328219908
4.25,-7.25,0,0.094939965
4.25,-7.75,0,0.036616782
4.25,-8.25,0,0.009106308
4.25,-8.75,0,0.002144455
4.25,-9.25,0,0.002566195
4.25,-9.75,0,0.00181388
4.25,-10.25,0,0.000240065
4.25,-10.75,0,-0.016934552
4.25,-11.25,0,-0.014548214
4.25,-11.75,0,-0.001036822
4.25,-12.25,0,0.006722126
4.25,-12.75,0,0.005341681
4.25,-13.25,0,-0.010722255
4.25,-13.75,0,-0.01455187
4.25,-14.25,0,-0.003690074
4.25,-14.75,0,0.01128221
4.75,14.75,0,-0.0106081
4.75,14.25,0,0.001462567
4.75,13.75,0,-0.0069504
4.75,13.25,0,-0.004167595
4.75,12.75,0,-0.002251484
4.75,12.25,0,0.008182084
4.75,11.75,0,-0.005076907
4.75,11.25,0,-0.003265855
4.75,10.75,0,-0.004422768
4.75,10.25,0,-0.003340539
4.75,9.75,0,-0.005714843
4.75,9.25,0,0.000966397
4.75,8.75,0,0.005745171
4.75,8.25,0,0.011384177
4.75,7.75,0,0.032506039
4.75,7.25,0,9.04E-02
4.75,6.75,0,0.255614009
4.75,6.25,0,0.381761178
4.75,5.75,0,0.390801996
4.75,5.25,0,0.362716036
4.75,4.75,0,0.517413462
4.75,4.25,0,0.558810693
4.75,3.75,0,0.564828287
4.75,3.25,0,0.53482703
4.75,2.75,0,0.509744207
4.75,2.25,0,0.518159431
4.75,1.75,0,0.518144291
4.75,1.25,0,0.486229522
4.75,0.75,0,0.563875842
4.75,0.25,0,0.573341025
4.75,-0.25,0,5.28E-01
4.75,-0.75,0,0.55793974
4.75,-1.25,0,0.557985691
4.75,-1.75,0,0.510582672
4.75,-2.25,0,0.501946175
4.75,-2.75,0,0.516164153
4.75,-3.25,0,0.500100739
4.75,-3.75,0,0.510171171
4.75,-4.25,0,0.576249439
4.75,-4.75,0,0.569042439
4.75,-5.25,0,0.432632798
4.75,-5.75,0,0.352557348
4.75,-6.25,0,0.312086514
4.75,-6.75,0,0.330457785
4.75,-7.25,0,0.132932159
4.75,-7.75,0,0.048631282
4.75,-8.25,0,3.82E-02
4.75,-8.75,0,0.008986029
4.75,-9.25,0,0.004708278
4.75,-9.75,0,0.004014221
4.75,-10.25,0,-0.006914139
4.75,-10.75,0,-0.021090917
4.75,-11.25,0,-0.016527918
4.75,-11.75,0,-0.010688471
4.75,-12.25,0,-0.014321384
4.75,-12.75,0,-0.012055044
4.75,-13.25,0,-0.029228784
4.75,-13.75,0,-0.015555969
4.75,-14.25,0,-0.00387335
4.75,-14.75,0,0.006555121
5.25,14.75,0,-0.027610034
5.25,14.25,0,-0.021029595
5.25,13.75,0,-0.016495385
5.25,13.25,0,-0.019640662
5.25,12.75,0,-0.040548616
5.25,12.25,0,-0.016492841
5.25,11.75,0,-0.006922546
5.25,11.25,0,-0.002352924
5.25,10.75,0,-0.002544197
5.25,10.25,0,-0.001093434
5.25,9.75,0,-0.002904748
5.25,9.25,0,0.001353168
5.25,8.75,0,0.009899064
5.25,8.25,0,0.017335047
5.25,7.75,0,0.032804723
5.25,7.25,0,0.111221261
5.25,6.75,0,0.325946455
5.25,6.25,0,0.384507573
5.25,5.75,0,0.37900684
5.25,5.25,0,0.349904493
5.25,4.75,0,0.382894266
5.25,4.25,0,0.440951742
5.25,3.75,0,0.432669796
5.25,3.25,0,0.463718767
5.25,2.75,0,0.421102325
5.25,2.25,0,0.400891129
5.25,1.75,0,0.388376111
5.25,1.25,0,0.454656561
5.25,0.75,0,0.50533671
5.25,0.25,0,0.476318889
5.25,-0.25,0,4.10E-01
5.25,-0.75,0,0.397688039
5.25,-1.25,0,0.402696099
5.25,-1.75,0,0.40306449
5.25,-2.25,0,0.379768477
5.25,-2.75,0,0.380073168
5.25,-3.25,0,0.445263223
5.25,-3.75,0,4.49E-01
5.25,-4.25,0,0.439360728
5.25,-4.75,0,0.438376461
5.25,-5.25,0,0.434749337
5.25,-5.75,0,0.390673891
5.25,-6.25,0,0.361349343
5.25,-6.75,0,0.325677844
5.25,-7.25,0,0.119178535
5.25,-7.75,0,0.036727558
5.25,-8.25,0,0.014324016
5.25,-8.75,0,0.001465345
5.25,-9.25,0,-0.000378353
5.25,-9.75,0,0.004159931
5.25,-10.25,0,0.003502178
5.25,-10.75,0,-0.003350055
5.25,-11.25,0,-0.007683347
5.25,-11.75,0,-0.013837118
5.25,-12.25,0,-0.013256811
5.25,-12.75,0,-0.007008172
5.25,-13.25,0,-0.014410291
5.25,-13.75,0,-0.005334826
5.25,-14.25,0,0.008531885
5.25,-14.75,0,0.016165722
5.75,14.75,0,-0.009872604
5.75,14.25,0,-0.014441256
5.75,13.75,0,-0.024950822
5.75,13.25,0,-0.027356626
5.75,12.75,0,-0.027139791
5.75,12.25,0,-0.020479031
5.75,11.75,0,-0.00775989
5.75,11.25,0,-0.01388405
5.75,10.75,0,-0.005911819
5.75,10.25,0,-0.010024545
5.75,9.75,0,-0.002388784
5.75,9.25,0,0.002965601
5.75,8.75,0,0.015108005
5.75,8.25,0,0.018913745
5.75,7.75,0,0.020195475
5.75,7.25,0,0.092662238
5.75,6.75,0,0.302634462
5.75,6.25,0,0.357178259
5.75,5.75,0,0.406263602
5.75,5.25,0,0.388205473
5.75,4.75,0,0.349474614
5.75,4.25,0,0.372415969
5.75,3.75,0,0.357765948
5.75,3.25,0,0.417463648
5.75,2.75,0,0.382895312
5.75,2.25,0,0.416049524
5.75,1.75,0,0.357688729
5.75,1.25,0,0.395952405
5.75,0.75,0,0.376167614
5.75,0.25,0,0.337075828
5.75,-0.25,0,3.83E-01
5.75,-0.75,0,0.342715456
5.75,-1.25,0,0.396304744
5.75,-1.75,0,0.406499166
5.75,-2.25,0,0.415159849
5.75,-2.75,0,0.344864651
5.75,-3.25,0,0.368181258
5.75,-3.75,0,0.368167266
5.75,-4.25,0,0.420432788
5.75,-4.75,0,0.370806797
5.75,-5.25,0,0.370943508
5.75,-5.75,0,0.374749491
5.75,-6.25,0,0.35615826
5.75,-6.75,0,0.295501787
5.75,-7.25,0,8.73E-02
5.75,-7.75,0,0.02317036
5.75,-8.25,0,0.00895766
5.75,-8.75,0,-0.000737683
5.75,-9.25,0,-0.001681392
5.75,-9.75,0,0.007106738
5.75,-10.25,0,0.008296989
5.75,-10.75,0,-0.004261844
5.75,-11.25,0,-0.012832178
5.75,-11.75,0,-0.007327653
5.75,-12.25,0,-0.002678495
5.75,-12.75,0,-0.002233388
5.75,-13.25,0,0.006265826
5.75,-13.75,0,0.008849788
5.75,-14.25,0,0.005357353
5.75,-14.75,0,0.032350673
6.25,14.75,0,-0.014915426
6.25,14.25,0,-1.28E-02
6.25,13.75,0,-0.013990889
6.25,13.25,0,-0.002879163
6.25,12.75,0,-0.000229007
6.25,12.25,0,-0.001077465
6.25,11.75,0,-0.005730027
6.25,11.25,0,-0.022541647
6.25,10.75,0,-0.019250507
6.25,10.25,0,-0.006486701
6.25,9.75,0,0.000523006
6.25,9.25,0,0.009295895
6.25,8.75,0,0.008169704
6.25,8.25,0,0.004510981
6.25,7.75,0,0.015352313
6.25,7.25,0,0.062941426
6.25,6.75,0,0.235640841
6.25,6.25,0,0.316842549
6.25,5.75,0,0.370936267
6.25,5.25,0,3.74E-01
6.25,4.75,0,0.399262042
6.25,4.25,0,0.391803694
6.25,3.75,0,0.33978965
6.25,3.25,0,0.366445304
6.25,2.75,0,0.337210847
6.25,2.25,0,0.375893649
6.25,1.75,0,0.32297281
6.25,1.25,0,0.336913225
6.25,0.75,0,0.330327207
6.25,0.25,0,0.386495665
6.25,-0.25,0,4.06E-01
6.25,-0.75,0,0.325926064
6.25,-1.25,0,0.362773954
6.25,-1.75,0,0.36928912
6.25,-2.25,0,0.366942921
6.25,-2.75,0,0.339498529
6.25,-3.25,0,0.319626042
6.25,-3.75,0,0.357175942
6.25,-4.25,0,0.413156435
6.25,-4.75,0,0.351558413
6.25,-5.25,0,0.399207403
6.25,-5.75,0,0.355619934
6.25,-6.25,0,0.347718509
6.25,-6.75,0,0.240471849
6.25,-7.25,0,0.071198242
6.25,-7.75,0,0.015508111
6.25,-8.25,0,0.001426008
6.25,-8.75,0,-0.005465051
6.25,-9.25,0,0.001296085
6.25,-9.75,0,0.025356997
6.25,-10.25,0,0.022374098
6.25,-10.75,0,0.014975204
6.25,-11.25,0,-0.004283745
6.25,-11.75,0,-9.06E-03
6.25,-12.25,0,-0.004845506
6.25,-12.75,0,-0.005261766
6.25,-13.25,0,-0.004087431
6.25,-13.75,0,-0.010747752
6.25,-14.25,0,0.005045962
6.25,-14.75,0,0.029622459
6.75,14.75,0,-0.00700236
6.75,14.25,0,-0.002974019
6.75,13.75,0,0.004366485
6.75,13.25,0,0.010349358
6.75,12.75,0,0.003399077
6.75,12.25,0,-0.001627932
6.75,11.75,0,-0.007382374
6.75,11.25,0,-0.021308371
6.75,10.75,0,-0.027070762
6.75,10.25,0,-0.007533202
6.75,9.75,0,8.55E-06
6.75,9.25,0,0.000191468
6.75,8.75,0,0.002599378
6.75,8.25,0,0.001700552
6.75,7.75,0,0.012959818
6.75,7.25,0,0.063366653
6.75,6.75,0,0.231531168
6.75,6.25,0,0.251687844
6.75,5.75,0,0.280218212
6.75,5.25,0,0.293226323
6.75,4.75,0,0.281227645
6.75,4.25,0,0.270139371
6.75,3.75,0,0.293257406
6.75,3.25,0,0.293605035
6.75,2.75,0,0.249756535
6.75,2.25,0,0.285020135
6.75,1.75,0,0.293199625
6.75,1.25,0,2.47E-01
6.75,0.75,0,0.261768063
6.75,0.25,0,0.291933804
6.75,-0.25,0,2.91E-01
6.75,-0.75,0,0.262807862
6.75,-1.25,0,0.244108625
6.75,-1.75,0,0.264586854
6.75,-2.25,0,0.306478628
6.75,-2.75,0,0.270588181
6.75,-3.25,0,0.243322926
6.75,-3.75,0,0.281476777
6.75,-4.25,0,0.316101432
6.75,-4.75,0,0.293418725
6.75,-5.25,0,0.291534938
6.75,-5.75,0,0.257484772
6.75,-6.25,0,0.258293158
6.75,-6.75,0,0.222963429
6.75,-7.25,0,0.071533167
6.75,-7.75,0,0.016664376
6.75,-8.25,0,0.005922367
6.75,-8.75,0,0.000261834
6.75,-9.25,0,0.003371828
6.75,-9.75,0,0.021020605
6.75,-10.25,0,0.014331917
6.75,-10.75,0,0.010068184
6.75,-11.25,0,-0.005213667
6.75,-11.75,0,-0.004796287
6.75,-12.25,0,-0.001131252
6.75,-12.75,0,-0.000598759
6.75,-13.25,0,0.001619578
6.75,-13.75,0,-0.010834862
6.75,-14.25,0,-0.005689542
6.75,-14.75,0,0.001426637
7.25,14.75,0,-1.42E-03
7.25,14.25,0,0.003742819
7.25,13.75,0,0.013991741
7.25,13.25,0,0.03230687
7.25,12.75,0,0.002159095
7.25,12.25,0,0.003836324
7.25,11.75,0,0.003188971
7.25,11.25,0,-0.018901834
7.25,10.75,0,-0.036108824
7.25,10.25,0,-0.032950533
7.25,9.75,0,-0.00493796
7.25,9.25,0,0.006037962
7.25,8.75,0,0.012966299
7.25,8.25,0,0.003690214
7.25,7.75,0,0.005697921
7.25,7.25,0,0.017247589
7.25,6.75,0,0.066807262
7.25,6.25,0,0.09093078
7.25,5.75,0,0.078967706
7.25,5.25,0,0.072493273
7.25,4.75,0,0.057527478
7.25,4.25,0,0.085725532
7.25,3.75,0,0.107608934
7.25,3.25,0,0.083980072
7.25,2.75,0,0.119975207
7.25,2.25,0,0.123403527
7.25,1.75,0,0.105642768
7.25,1.25,0,0.091630945
7.25,0.75,0,0.097723982
7.25,0.25,0,0.0944348
7.25,-0.25,0,1.08E-01
7.25,-0.75,0,0.14085616
7.25,-1.25,0,0.107201682
7.25,-1.75,0,0.110737514
7.25,-2.25,0,0.109034052
7.25,-2.75,0,0.123672786
7.25,-3.25,0,0.150859017
7.25,-3.75,0,0.11464963
7.25,-4.25,0,0.082041225
7.25,-4.75,0,0.099235347
7.25,-5.25,0,0.093261699
7.25,-5.75,0,0.093686354
7.25,-6.25,0,0.106947083
7.25,-6.75,0,0.072304932
7.25,-7.25,0,0.055162169
7.25,-7.75,0,0.02717356
7.25,-8.25,0,0.012028066
7.25,-8.75,0,0.008326966
7.25,-9.25,0,0.010942542
7.25,-9.75,0,0.01292572
7.25,-10.25,0,0.001163189
7.25,-10.75,0,-0.003322926
7.25,-11.25,0,-0.007027114
7.25,-11.75,0,-0.01366215
7.25,-12.25,0,-0.011407333
7.25,-12.75,0,0.003665625
7.25,-13.25,0,-0.00200892
7.25,-13.75,0,-0.008026335
7.25,-14.25,0,-0.004302843
7.25,-14.75,0,-0.000942601
7.75,14.75,0,0.006926225
7.75,14.25,0,0.02009639
7.75,13.75,0,0.023048337
7.75,13.25,0,0.007903895
7.75,12.75,0,0.002089147
7.75,12.25,0,0.007754478
7.75,11.75,0,0.010755981
7.75,11.25,0,-0.012674001
7.75,10.75,0,-0.022824135
7.75,10.25,0,-0.013025368
7.75,9.75,0,0.003068447
7.75,9.25,0,0.014752272
7.75,8.75,0,0.004888329
7.75,8.25,0,0.00651197
7.75,7.75,0,0.000556815
7.75,7.25,0,0.000875162
7.75,6.75,0,0.011787691
7.75,6.25,0,0.026225567
7.75,5.75,0,0.015645306
7.75,5.25,0,2.05E-02
7.75,4.75,0,0.01024803
7.75,4.25,0,0.005151327
7.75,3.75,0,0.015848446
7.75,3.25,0,0.029847286
7.75,2.75,0,0.083001897
7.75,2.25,0,0.049817276
7.75,1.75,0,0.024574992
7.75,1.25,0,0.014770012
7.75,0.75,0,0.02738493
7.75,0.25,0,0.010124057
7.75,-0.25,0,1.05E-02
7.75,-0.75,0,0.02324913
7.75,-1.25,0,0.031263425
7.75,-1.75,0,0.049623282
7.75,-2.25,0,0.056746768
7.75,-2.75,0,5.90E-02
7.75,-3.25,0,0.079275137
7.75,-3.75,0,0.022611963
7.75,-4.25,0,0.010780662
7.75,-4.75,0,0.041491853
7.75,-5.25,0,0.041096035
7.75,-5.75,0,0.031628226
7.75,-6.25,0,0.025488496
7.75,-6.75,0,0.025096969
7.75,-7.25,0,0.029794369
7.75,-7.75,0,0.034386209
7.75,-8.25,0,0.033150009
7.75,-8.75,0,0.00615197
7.75,-9.25,0,0.002099961
7.75,-9.75,0,0.002636971
7.75,-10.25,0,-0.007403089
7.75,-10.75,0,-0.030986418
7.75,-11.25,0,-0.022461238
7.75,-11.75,0,-0.026466222
7.75,-12.25,0,-0.033516795
7.75,-12.75,0,-0.005000642
7.75,-13.25,0,-0.001946146
7.75,-13.75,0,6.10E-05
7.75,-14.25,0,-0.001090631
7.75,-14.75,0,4.77E-03
8.25,14.75,0,0.00339462
8.25,14.25,0,0.003348711
8.25,13.75,0,-0.00561028
8.25,13.25,0,-0.003206883
8.25,12.75,0,-0.001357812
8.25,12.25,0,-0.002336288
8.25,11.75,0,-0.007900745
8.25,11.25,0,-0.019369857
8.25,10.75,0,-0.008171425
8.25,10.25,0,-3.21E-03
8.25,9.75,0,0.010741135
8.25,9.25,0,0.028716762
8.25,8.75,0,0.004047744
8.25,8.25,0,-0.000854442
8.25,7.75,0,0.00250659
8.25,7.25,0,0.007510786
8.25,6.75,0,0.016634767
8.25,6.25,0,0.0124976
8.25,5.75,0,1.87E-02
8.25,5.25,0,0.053642601
8.25,4.75,0,0.012250978
8.25,4.25,0,-0.000813734
8.25,3.75,0,0.005833716
8.25,3.25,0,0.008867412
8.25,2.75,0,0.018690841
8.25,2.25,0,0.014288289
8.25,1.75,0,0.006086331
8.25,1.25,0,-0.000504976
8.25,0.75,0,-0.004343872
8.25,0.25,0,-0.012158429
8.25,-0.25,0,-3.15E-03
8.25,-0.75,0,0.003330173
8.25,-1.25,0,0.007455402
8.25,-1.75,0,0.00983706
8.25,-2.25,0,0.016545466
8.25,-2.75,0,0.03826708
8.25,-3.25,0,0.043127427
8.25,-3.75,0,0.012335839
8.25,-4.25,0,-0.00067733
8.25,-4.75,0,0.011724823
8.25,-5.25,0,0.007648981
8.25,-5.75,0,0.00553361
8.25,-6.25,0,0.00990967
8.25,-6.75,0,0.012514592
8.25,-7.25,0,0.011263752
8.25,-7.75,0,0.006496055
8.25,-8.25,0,0.013784863
8.25,-8.75,0,0.00213389
8.25,-9.25,0,-0.002289055
8.25,-9.75,0,8.48E-05
8.25,-10.25,0,-0.008135359
8.25,-10.75,0,-0.00748451
8.25,-11.25,0,-0.008221952
8.25,-11.75,0,-0.035596446
8.25,-12.25,0,-0.045932872
8.25,-12.75,0,-0.015633783
8.25,-13.25,0,0.000976862
8.25,-13.75,0,0.006311882
8.25,-14.25,0,-0.001430486
8.25,-14.75,0,-0.000807595
8.75,14.75,0,-0.001944238
8.75,14.25,0,-0.004921353
8.75,13.75,0,-0.008924613
8.75,13.25,0,-0.004588723
8.75,12.75,0,-0.002123336
8.75,12.25,0,-0.010270599
8.75,11.75,0,-0.00566649
8.75,11.25,0,-0.006275427
8.75,10.75,0,-0.003120742
8.75,10.25,0,-0.000709716
8.75,9.75,0,0.007524616
8.75,9.25,0,0.017854872
8.75,8.75,0,0.000918234
8.75,8.25,0,-0.016062813
8.75,7.75,0,-0.016685647
8.75,7.25,0,0.003396551
8.75,6.75,0,0.010285368
8.75,6.25,0,0.005189801
8.75,5.75,0,0.009072871
8.75,5.25,0,0.038859703
8.75,4.75,0,0.024281931
8.75,4.25,0,0.00159997
8.75,3.75,0,-0.00385565
8.75,3.25,0,0.005928097
8.75,2.75,0,0.0068561
8.75,2.25,0,0.002391129
8.75,1.75,0,0.000189159
8.75,1.25,0,0.001401569
8.75,0.75,0,0.004225882
8.75,0.25,0,0.001366205
8.75,-0.25,0,1.51E-02
8.75,-0.75,0,0.019543267
8.75,-1.25,0,0.005136857
8.75,-1.75,0,0.003521703
8.75,-2.25,0,0.005819429
8.75,-2.75,0,0.008714646
8.75,-3.25,0,0.001957983
8.75,-3.75,0,-0.000492154
8.75,-4.25,0,0.001233928
8.75,-4.75,0,0.000367182
8.75,-5.25,0,0.00096352
8.75,-5.75,0,0.007810861
8.75,-6.25,0,0.002308155
8.75,-6.75,0,0.001605794
8.75,-7.25,0,0.006266938
8.75,-7.75,0,0.002825221
8.75,-8.25,0,0.006351746
8.75,-8.75,0,-4.50E-05
8.75,-9.25,0,-0.001552756
8.75,-9.75,0,-0.003706336
8.75,-10.25,0,-0.002639591
8.75,-10.75,0,-0.002818414
8.75,-11.25,0,-0.00402484
8.75,-11.75,0,-0.016815537
8.75,-12.25,0,-0.022093562
8.75,-12.75,0,-0.007866115
8.75,-13.25,0,-0.00528704
8.75,-13.75,0,-0.007889653
8.75,-14.25,0,-0.013906547
8.75,-14.75,0,-0.010727517
9.25,14.75,0,-0.009211899
9.25,14.25,0,-0.009794748
9.25,13.75,0,-0.007423508
9.25,13.25,0,-0.004924909
9.25,12.75,0,-0.005964638
9.25,12.25,0,-0.003288193
9.25,11.75,0,-0.010711538
9.25,11.25,0,-1.26E-02
9.25,10.75,0,-0.005609367
9.25,10.25,0,0.007365833
9.25,9.75,0,0.016024997
9.25,9.25,0,0.015122677
9.25,8.75,0,0.000893906
9.25,8.25,0,-0.011616545
9.25,7.75,0,-0.003636588
9.25,7.25,0,-0.00116074
9.25,6.75,0,-0.005211284
9.25,6.25,0,-0.003454593
9.25,5.75,0,0.001753533
9.25,5.25,0,0.025415977
9.25,4.75,0,0.007131093
9.25,4.25,0,-2.64E-03
9.25,3.75,0,-0.005189536
9.25,3.25,0,2.60E-05
9.25,2.75,0,-0.001369364
9.25,2.25,0,-0.001143382
9.25,1.75,0,0.00048899
9.25,1.25,0,0.000626569
9.25,0.75,0,0.007071726
9.25,0.25,0,0.016787888
9.25,-0.25,0,1.09E-02
9.25,-0.75,0,0.014840759
9.25,-1.25,0,1.35E-03
9.25,-1.75,0,-0.000118847
9.25,-2.25,0,0.000100606
9.25,-2.75,0,0.002002395
9.25,-3.25,0,-0.002711474
9.25,-3.75,0,-0.002811297
9.25,-4.25,0,-0.000124909
9.25,-4.75,0,-0.000580084
9.25,-5.25,0,0.000718461
9.25,-5.75,0,0.001376347
9.25,-6.25,0,-0.006069118
9.25,-6.75,0,-0.015308993
9.25,-7.25,0,0.005169809
9.25,-7.75,0,0.015886259
9.25,-8.25,0,0.005286406
9.25,-8.75,0,-0.000537764
9.25,-9.25,0,-0.013513804
9.25,-9.75,0,-2.00E-02
9.25,-10.25,0,-0.01229291
9.25,-10.75,0,-0.010347899
9.25,-11.25,0,-0.013215517
9.25,-11.75,0,-0.013600759
9.25,-12.25,0,-0.005195764
9.25,-12.75,0,-0.003543221
9.25,-13.25,0,-0.000137995
9.25,-13.75,0,9.19E-05
9.25,-14.25,0,-0.005491571
9.25,-14.75,0,-0.007260439
9.75,14.75,0,-0.020466573
9.75,14.25,0,-0.031573208
9.75,13.75,0,-0.021953652
9.75,13.25,0,-0.001297454
9.75,12.75,0,0.009345364
9.75,12.25,0,0.001622094
9.75,11.75,0,-0.021185676
9.75,11.25,0,-0.023020532
9.75,10.75,0,0.002533826
9.75,10.25,0,0.008688481
9.75,9.75,0,0.040176818
9.75,9.25,0,0.024658924
9.75,8.75,0,0.013594459
9.75,8.25,0,0.000887429
9.75,7.75,0,0.002530699
9.75,7.25,0,0.004077901
9.75,6.75,0,1.07E-03
9.75,6.25,0,0.00387346
9.75,5.75,0,0.000790428
9.75,5.25,0,0.003853715
9.75,4.75,0,0.005522812
9.75,4.25,0,-0.002428323
9.75,3.75,0,-0.02110523
9.75,3.25,0,-0.010044066
9.75,2.75,0,-0.00117539
9.75,2.25,0,-0.010422323
9.75,1.75,0,-0.000868717
9.75,1.25,0,-0.00125601
9.75,0.75,0,0.008033459
9.75,0.25,0,0.010576765
9.75,-0.25,0,9.31E-03
9.75,-0.75,0,0.001423808
9.75,-1.25,0,-0.000407604
9.75,-1.75,0,0.002499187
9.75,-2.25,0,0.002849341
9.75,-2.75,0,-0.000115952
9.75,-3.25,0,0.000574284
9.75,-3.75,0,0.002245724
9.75,-4.25,0,0.001934497
9.75,-4.75,0,-1.10E-05
9.75,-5.25,0,0.004908427
9.75,-5.75,0,0.008081687
9.75,-6.25,0,-0.001463256
9.75,-6.75,0,-0.015865867
9.75,-7.25,0,0.007784956
9.75,-7.75,0,0.027275777
9.75,-8.25,0,0.00283098
9.75,-8.75,0,-0.008815654
9.75,-9.25,0,-0.007079861
9.75,-9.75,0,-0.013707855
9.75,-10.25,0,-0.016952009
9.75,-10.75,0,-0.006257386
9.75,-11.25,0,-0.001310132
9.75,-11.75,0,-0.003194423
9.75,-12.25,0,0.000923745
9.75,-12.75,0,0.007892115
9.75,-13.25,0,2.79E-02
9.75,-13.75,0,0.009389674
9.75,-14.25,0,0.00218791
9.75,-14.75,0,-0.008140141
10.25,14.75,0,-0.01182743
10.25,14.25,0,-0.009303973
10.25,13.75,0,-0.007905153
10.25,13.25,0,-0.003874969
10.25,12.75,0,0.01673338
10.25,12.25,0,0.008278531
10.25,11.75,0,-0.004435538
10.25,11.25,0,-0.004992054
10.25,10.75,0,-0.00277423
10.25,10.25,0,0.003717443
10.25,9.75,0,0.018737172
10.25,9.25,0,0.015095112
10.25,8.75,0,0.003002385
10.25,8.25,0,0.001501027
10.25,7.75,0,0.008505675
10.25,7.25,0,0.020332245
10.25,6.75,0,0.01235408
10.25,6.25,0,0.006805276
10.25,5.75,0,0.004521165
10.25,5.25,0,0.002790618
10.25,4.75,0,0.001732116
10.25,4.25,0,0.003983962
10.25,3.75,0,-0.002338444
10.25,3.25,0,-0.003839218
10.25,2.75,0,-0.004706075
10.25,2.25,0,-1.13E-02
10.25,1.75,0,-0.002967741
10.25,1.25,0,-0.001374356
10.25,0.75,0,-0.000202897
10.25,0.25,0,-0.003348541
10.25,-0.25,0,7.63E-04
10.25,-0.75,0,-0.006193388
10.25,-1.25,0,-0.006958607
10.25,-1.75,0,2.32E-05
10.25,-2.25,0,0.000709196
10.25,-2.75,0,-0.002996704
10.25,-3.25,0,-0.001763985
10.25,-3.75,0,0.001559122
10.25,-4.25,0,0.006264782
10.25,-4.75,0,0.002489558
10.25,-5.25,0,0.009469355
10.25,-5.75,0,0.001721378
10.25,-6.25,0,-0.008945144
10.25,-6.75,0,-0.032687128
10.25,-7.25,0,0.005296894
10.25,-7.75,0,0.026269924
10.25,-8.25,0,0.004083281
10.25,-8.75,0,0.005487852
10.25,-9.25,0,0.003572786
10.25,-9.75,0,-0.00508257
10.25,-10.25,0,-0.018683136
10.25,-10.75,0,0.00332697
10.25,-11.25,0,0.016067295
10.25,-11.75,0,0.000535112
10.25,-12.25,0,-0.000304396
10.25,-12.75,0,0.018369827
10.25,-13.25,0,0.030992922
10.25,-13.75,0,0.011242678
10.25,-14.25,0,0.003468712
10.25,-14.75,0,0.00408585
10.75,14.75,0,-0.002796391
10.75,14.25,0,-0.011880205
10.75,13.75,0,-0.024079046
10.75,13.25,0,-4.17E-02
10.75,12.75,0,-0.005434598
10.75,12.25,0,0.010308957
10.75,11.75,0,0.002441269
10.75,11.25,0,-0.008993475
10.75,10.75,0,-0.007560466
10.75,10.25,0,0.007294638
10.75,9.75,0,0.014477087
10.75,9.25,0,0.013006056
10.75,8.75,0,0.000394358
10.75,8.25,0,0.002782569
10.75,7.75,0,0.009246118
10.75,7.25,0,0.005473171
10.75,6.75,0,-0.004114775
10.75,6.25,0,0.003262224
10.75,5.75,0,0.029289365
10.75,5.25,0,0.010857559
10.75,4.75,0,3.21E-03
10.75,4.25,0,0.01062055
10.75,3.75,0,-0.005342102
10.75,3.25,0,-0.009470026
10.75,2.75,0,-0.002751883
10.75,2.25,0,-0.003981917
10.75,1.75,0,-0.01565532
10.75,1.25,0,-0.015232075
10.75,0.75,0,-5.67E-03
10.75,0.25,0,-0.005045754
10.75,-0.25,0,-9.31E-03
10.75,-0.75,0,-0.002880214
10.75,-1.25,0,-0.004208058
10.75,-1.75,0,-0.013701293
10.75,-2.25,0,-0.0135629
10.75,-2.75,0,-0.022100789
10.75,-3.25,0,-0.005354006
10.75,-3.75,0,-0.002193822
10.75,-4.25,0,0.005199823
10.75,-4.75,0,0.003899624
10.75,-5.25,0,0.002209301
10.75,-5.75,0,0.003686145
10.75,-6.25,0,0.001109346
10.75,-6.75,0,0.000371395
10.75,-7.25,0,0.006687073
10.75,-7.75,0,0.019029202
10.75,-8.25,0,0.004481964
10.75,-8.75,0,0.011423965
10.75,-9.25,0,0.00742937
10.75,-9.75,0,-9.46E-03
10.75,-10.25,0,-0.007320766
10.75,-10.75,0,0.006350848
10.75,-11.25,0,0.011979143
10.75,-11.75,0,0.000700669
10.75,-12.25,0,0.001922935
10.75,-12.75,0,0.002307707
10.75,-13.25,0,0.017163604
10.75,-13.75,0,0.006579147
10.75,-14.25,0,0.020363536
10.75,-14.75,0,0.019441729
11.25,14.75,0,0.00338351
11.25,14.25,0,-0.000377042
11.25,13.75,0,-0.013070467
11.25,13.25,0,-0.018077465
11.25,12.75,0,-0.006656462
11.25,12.25,0,0.006457035
11.25,11.75,0,0.006623059
11.25,11.25,0,-0.002986666
11.25,10.75,0,-0.009650649
11.25,10.25,0,-0.002256777
11.25,9.75,0,-0.005943312
11.25,9.25,0,-0.002223393
11.25,8.75,0,-0.001799681
11.25,8.25,0,-0.000221928
11.25,7.75,0,-0.0008453
11.25,7.25,0,-0.010209892
11.25,6.75,0,-0.013440546
11.25,6.25,0,-0.002703317
11.25,5.75,0,0.003734488
11.25,5.25,0,0.002889048
11.25,4.75,0,0.001448506
11.25,4.25,0,-0.001772075
11.25,3.75,0,-0.012438656
11.25,3.25,0,-0.001144513
11.25,2.75,0,0.001191271
11.25,2.25,0,-0.005400571
11.25,1.75,0,-0.005193414
11.25,1.25,0,-0.008068012
11.25,0.75,0,-0.01346284
11.25,0.25,0,-0.015324843
11.25,-0.25,0,-3.17E-03
11.25,-0.75,0,-0.01134573
11.25,-1.25,0,-0.014207894
11.25,-1.75,0,-0.004888808
11.25,-2.25,0,-0.007524284
11.25,-2.75,0,-0.019934788
11.25,-3.25,0,-0.006183093
11.25,-3.75,0,-0.013994038
11.25,-4.25,0,-0.000387418
11.25,-4.75,0,0.005237817
11.25,-5.25,0,0.001246001
11.25,-5.75,0,-0.001029327
11.25,-6.25,0,0.003385713
11.25,-6.75,0,0.010983393
11.25,-7.25,0,0.00399112
11.25,-7.75,0,0.012709035
11.25,-8.25,0,0.002932341
11.25,-8.75,0,0.007342987
11.25,-9.25,0,0.008197889
11.25,-9.75,0,0.000274238
11.25,-10.25,0,0.002822726
11.25,-10.75,0,0.005814485
11.25,-11.25,0,0.002990776
11.25,-11.75,0,-0.003099734
11.25,-12.25,0,-0.001975478
11.25,-12.75,0,-0.00658315
11.25,-13.25,0,-0.001918517
11.25,-13.75,0,0.002308139
11.25,-14.25,0,0.002896106
11.25,-14.75,0,0.010363246
11.75,14.75,0,0.009776465
11.75,14.25,0,0.003930672
11.75,13.75,0,-0.000615346
11.75,13.25,0,0.001649852
11.75,12.75,0,0.003211659
11.75,12.25,0,-1.33E-05
11.75,11.75,0,0.003513445
11.75,11.25,0,0.005597452
11.75,10.75,0,-0.016072003
11.75,10.25,0,-0.022542032
11.75,9.75,0,-0.020562696
11.75,9.25,0,-0.009830098
11.75,8.75,0,0.002044054
11.75,8.25,0,0.005603302
11.75,7.75,0,-0.003677304
11.75,7.25,0,-0.019178082
11.75,6.75,0,-0.010169447
11.75,6.25,0,0.001987523
11.75,5.75,0,0.000362778
11.75,5.25,0,0.007220449
11.75,4.75,0,0.009765122
11.75,4.25,0,0.002459286
11.75,3.75,0,0.009286881
11.75,3.25,0,0.005703393
11.75,2.75,0,1.59E-03
11.75,2.25,0,0.002798514
11.75,1.75,0,-0.004549885
11.75,1.25,0,-0.011221806
11.75,0.75,0,-0.005958439
11.75,0.25,0,0.000201754
11.75,-0.25,0,2.10E-03
11.75,-0.75,0,-0.005367226
11.75,-1.25,0,-0.009725975
11.75,-1.75,0,-0.00172016
11.75,-2.25,0,-0.003533715
11.75,-2.75,0,-0.010810121
11.75,-3.25,0,-0.001657922
11.75,-3.75,0,-0.002665691
11.75,-4.25,0,-0.010214844
11.75,-4.75,0,0.005335433
11.75,-5.25,0,0.008758459
11.75,-5.75,0,-0.001239348
11.75,-6.25,0,0.00312772
11.75,-6.75,0,0.012087208
11.75,-7.25,0,0.005276556
11.75,-7.75,0,0.0045131
11.75,-8.25,0,0.001444033
11.75,-8.75,0,0.003936277
11.75,-9.25,0,0.006615888
11.75,-9.75,0,0.013030893
11.75,-10.25,0,0.019631438
11.75,-10.75,0,0.019620413
11.75,-11.25,0,0.003136494
11.75,-11.75,0,-0.003654688
11.75,-12.25,0,-0.016476276
11.75,-12.75,0,-0.013078278
11.75,-13.25,0,-0.012843006
11.75,-13.75,0,0.000780987
11.75,-14.25,0,-0.001072017
11.75,-14.75,0,-0.000858395
12.25,14.75,0,-0.008136274
12.25,14.25,0,-0.012693561
12.25,13.75,0,-0.001692389
12.25,13.25,0,-0.005418393
12.25,12.75,0,-0.002075975
12.25,12.25,0,-0.011918006
12.25,11.75,0,-0.00515606
12.25,11.25,0,0.000519026
12.25,10.75,0,-0.000797864
12.25,10.25,0,-0.003669947
12.25,9.75,0,-0.029843853
12.25,9.25,0,-0.040368302
12.25,8.75,0,-0.005905845
12.25,8.25,0,-0.01229826
12.25,7.75,0,-0.020005073
12.25,7.25,0,-0.018704497
12.25,6.75,0,-0.002989661
12.25,6.25,0,0.006960333
12.25,5.75,0,0.00126623
12.25,5.25,0,0.001186094
12.25,4.75,0,0.004721692
12.25,4.25,0,0.017853042
12.25,3.75,0,0.022571995
12.25,3.25,0,0.004259095
12.25,2.75,0,-0.004444433
12.25,2.25,0,-0.002581443
12.25,1.75,0,-0.004232746
12.25,1.25,0,0.002644962
12.25,0.75,0,0.008315268
12.25,0.25,0,0.011255927
12.25,-0.25,0,1.07E-02
12.25,-0.75,0,0.013341495
12.25,-1.25,0,-0.001868804
12.25,-1.75,0,-0.000954369
12.25,-2.25,0,-0.002809793
12.25,-2.75,0,0.006762329
12.25,-3.25,0,0.00280338
12.25,-3.75,0,1.31E-05
12.25,-4.25,0,-0.004432244
12.25,-4.75,0,-0.001002698
12.25,-5.25,0,0.00683462
12.25,-5.75,0,-0.001909412
12.25,-6.25,0,0.003954414
12.25,-6.75,0,-0.004487709
12.25,-7.25,0,-0.019172194
12.25,-7.75,0,-0.015899752
12.25,-8.25,0,0.003152549
12.25,-8.75,0,0.00685325
12.25,-9.25,0,4.84E-03
12.25,-9.75,0,0.00581218
12.25,-10.25,0,0.007385972
12.25,-10.75,0,0.020333474
12.25,-11.25,0,0.008437978
12.25,-11.75,0,0.002915953
12.25,-12.25,0,-0.009847174
12.25,-12.75,0,-0.007143329
12.25,-13.25,0,-0.020905789
12.25,-13.75,0,-0.000864648
12.25,-14.25,0,0.000521985
12.25,-14.75,0,-0.006351949
12.75,14.75,0,-0.003667568
12.75,14.25,0,-0.012314773
12.75,13.75,0,-0.002319222
12.75,13.25,0,-0.011815759
12.75,12.75,0,-0.005143824
12.75,12.25,0,-0.015417518
12.75,11.75,0,-0.00191977
12.75,11.25,0,-0.001712162
12.75,10.75,0,0.005002975
12.75,10.25,0,0.018964058
12.75,9.75,0,0.006658927
12.75,9.25,0,-0.01673096
12.75,8.75,0,-1.78E-02
12.75,8.25,0,-0.016914317
12.75,7.75,0,-0.016408448
12.75,7.25,0,-0.004004232
12.75,6.75,0,0.01436383
12.75,6.25,0,0.014213509
12.75,5.75,0,-0.003932001
12.75,5.25,0,-0.022350513
12.75,4.75,0,-0.004368921
12.75,4.25,0,0.010160015
12.75,3.75,0,0.022858164
12.75,3.25,0,0.004432106
12.75,2.75,0,-0.005736521
12.75,2.25,0,0.000752131
12.75,1.75,0,-0.000323129
12.75,1.25,0,0.017283425
12.75,0.75,0,0.020391944
12.75,0.25,0,0.014661072
12.75,-0.25,0,5.51E-03
12.75,-0.75,0,-0.000411687
12.75,-1.25,0,-0.018711481
12.75,-1.75,0,-0.009746823
12.75,-2.25,0,-0.000754412
12.75,-2.75,0,-2.18E-03
12.75,-3.25,0,-0.003395948
12.75,-3.75,0,0.004212538
12.75,-4.25,0,-4.35E-05
12.75,-4.75,0,-0.007435387
12.75,-5.25,0,0.000666779
12.75,-5.75,0,-0.004310308
12.75,-6.25,0,0.002735667
12.75,-6.75,0,-0.000734805
12.75,-7.25,0,-0.003185853
12.75,-7.75,0,-0.00790863
12.75,-8.25,0,0.001713589
12.75,-8.75,0,0.000882188
12.75,-9.25,0,0.002339868
12.75,-9.75,0,-0.004730867
12.75,-10.25,0,-0.006062554
12.75,-10.75,0,0.00188316
12.75,-11.25,0,0.002879636
12.75,-11.75,0,0.006242588
12.75,-12.25,0,-0.000425337
12.75,-12.75,0,-5.88E-03
12.75,-13.25,0,-0.024173682
12.75,-13.75,0,-0.003241556
12.75,-14.25,0,-0.002525276
12.75,-14.75,0,-0.010067745
13.25,14.75,0,-0.002561074
13.25,14.25,0,-0.002221326
13.25,13.75,0,0.000119615
13.25,13.25,0,-0.006870637
13.25,12.75,0,-0.001988823
13.25,12.25,0,-0.001592956
13.25,11.75,0,-0.002011012
13.25,11.25,0,0.000638581
13.25,10.75,0,0.000777686
13.25,10.25,0,0.01626584
13.25,9.75,0,0.064965256
13.25,9.25,0,0.025854521
13.25,8.75,0,-0.00050031
13.25,8.25,0,-0.001392194
13.25,7.75,0,-0.001792976
13.25,7.25,0,-0.002711453
13.25,6.75,0,0.008724712
13.25,6.25,0,0.004314869
13.25,5.75,0,-0.010855271
13.25,5.25,0,-0.013156743
13.25,4.75,0,-0.006268571
13.25,4.25,0,0.033911694
13.25,3.75,0,0.022062063
13.25,3.25,0,-7.35E-04
13.25,2.75,0,-0.004271196
13.25,2.25,0,0.005949397
13.25,1.75,0,0.002016403
13.25,1.25,0,0.019003299
13.25,0.75,0,0.016718566
13.25,0.25,0,0.014161448
13.25,-0.25,0,2.54E-04
13.25,-0.75,0,-0.009159491
13.25,-1.25,0,-0.014167689
13.25,-1.75,0,-0.013366711
13.25,-2.25,0,-0.002202049
13.25,-2.75,0,-0.001423141
13.25,-3.25,0,0.004927583
13.25,-3.75,0,0.019994184
13.25,-4.25,0,0.003237184
13.25,-4.75,0,0.002359815
13.25,-5.25,0,-0.000119473
13.25,-5.75,0,-0.008257394
13.25,-6.25,0,-0.002136293
13.25,-6.75,0,-0.010045184
13.25,-7.25,0,0.001951972
13.25,-7.75,0,-0.005335636
13.25,-8.25,0,0.000506591
13.25,-8.75,0,-0.002761635
13.25,-9.25,0,0.00033189
13.25,-9.75,0,-0.001353944
13.25,-10.25,0,0.000604473
13.25,-10.75,0,5.02E-03
13.25,-11.25,0,0.00274048
13.25,-11.75,0,0.001072808
13.25,-12.25,0,-0.004202425
13.25,-12.75,0,-0.004612509
13.25,-13.25,0,-0.009203049
13.25,-13.75,0,-0.005559719
13.25,-14.25,0,-0.008348184
13.25,-14.75,0,-0.003048131
13.75,14.75,0,-0.005073362
13.75,14.25,0,0.0076179
13.75,13.75,0,1.67E-02
13.75,13.25,0,0.002362328
13.75,12.75,0,-0.000524415
13.75,12.25,0,-3.86E-05
13.75,11.75,0,-1.30E-03
13.75,11.25,0,-0.000387647
13.75,10.75,0,-0.000272751
13.75,10.25,0,0.012363586
13.75,9.75,0,0.012480404
13.75,9.25,0,0.002631779
13.75,8.75,0,0.001807885
13.75,8.25,0,-0.000161798
13.75,7.75,0,-0.00098116
13.75,7.25,0,0.002224597
13.75,6.75,0,0.019985371
13.75,6.25,0,0.001741358
13.75,5.75,0,-0.014995955
13.75,5.25,0,-0.026586285
13.75,4.75,0,-0.02435362
13.75,4.25,0,0.004295952
13.75,3.75,0,0.002027076
13.75,3.25,0,-0.015449497
13.75,2.75,0,-0.015133424
13.75,2.25,0,-0.000149987
13.75,1.75,0,-0.00098546
13.75,1.25,0,0.003200105
13.75,0.75,0,0.02049454
13.75,0.25,0,0.01518732
13.75,-0.25,0,1.91E-03
13.75,-0.75,0,-0.007531795
13.75,-1.25,0,-0.016965323
13.75,-1.75,0,-0.005112398
13.75,-2.25,0,-0.00026646
13.75,-2.75,0,0.000941973
13.75,-3.25,0,0.002510064
13.75,-3.75,0,0.020593054
13.75,-4.25,0,0.003080533
13.75,-4.75,0,0.00229087
13.75,-5.25,0,0.001431217
13.75,-5.75,0,0.002636876
13.75,-6.25,0,0.00077676
13.75,-6.75,0,-0.004297469
13.75,-7.25,0,0.012837642
13.75,-7.75,0,0.007233181
13.75,-8.25,0,0.003416626
13.75,-8.75,0,-4.36E-03
13.75,-9.25,0,0.001877465
13.75,-9.75,0,-0.009671229
13.75,-10.25,0,-0.010256384
13.75,-10.75,0,0.004366743
13.75,-11.25,0,0.005066681
13.75,-11.75,0,0.009948824
13.75,-12.25,0,0.006295258
13.75,-12.75,0,0.003120274
13.75,-13.25,0,0.011741452
13.75,-13.75,0,0.00234372
13.75,-14.25,0,-0.004040203
13.75,-14.75,0,-0.005621733
14.25,14.75,0,-0.010707689
14.25,14.25,0,-0.009183487
14.25,13.75,0,0.010136333
14.25,13.25,0,0.013062141
14.25,12.75,0,0.00255015
14.25,12.25,0,-0.001029069
14.25,11.75,0,-0.013186956
14.25,11.25,0,-0.011602667
14.25,10.75,0,0.007248202
14.25,10.25,0,0.018298379
14.25,9.75,0,0.009425846
14.25,9.25,0,-0.007560322
14.25,8.75,0,-0.00094094
14.25,8.25,0,-0.003745909
14.25,7.75,0,-0.011921669
14.25,7.25,0,0.017010949
14.25,6.75,0,0.03667365
14.25,6.25,0,0.012290764
14.25,5.75,0,-0.001943274
14.25,5.25,0,-0.00836525
14.25,4.75,0,-0.018354176
14.25,4.25,0,-0.00563414
14.25,3.75,0,-0.009791727
14.25,3.25,0,-0.008635943
14.25,2.75,0,-0.015995322
14.25,2.25,0,-0.009243148
14.25,1.75,0,-0.00441456
14.25,1.25,0,-0.004650824
14.25,0.75,0,0.00052529
14.25,0.25,0,0.002584818
14.25,-0.25,0,1.06E-02
14.25,-0.75,0,-0.001298155
14.25,-1.25,0,-0.004452416
14.25,-1.75,0,0.014524222
14.25,-2.25,0,0.003614417
14.25,-2.75,0,-0.000399998
14.25,-3.25,0,0.000520239
14.25,-3.75,0,0.011187181
14.25,-4.25,0,0.003389378
14.25,-4.75,0,0.008900066
14.25,-5.25,0,0.020101098
14.25,-5.75,0,0.004842192
14.25,-6.25,0,0.004779434
14.25,-6.75,0,0.015520189
14.25,-7.25,0,0.01500062
14.25,-7.75,0,0.0007883
14.25,-8.25,0,0.007122638
14.25,-8.75,0,0.007359724
14.25,-9.25,0,0.011503896
14.25,-9.75,0,0.001405319
14.25,-10.25,0,0.00282967
14.25,-10.75,0,0.031982277
14.25,-11.25,0,0.022842724
14.25,-11.75,0,0.006990727
14.25,-12.25,0,0.00446074
14.25,-12.75,0,0.00673535
14.25,-13.25,0,0.006911348
14.25,-13.75,0,-0.003156693
14.25,-14.25,0,-0.009847193
14.25,-14.75,0,-0.000717625
14.75,14.75,0,-0.022129897
14.75,14.25,0,-0.018920006
14.75,13.75,0,0.001137786
14.75,13.25,0,0.001017026
14.75,12.75,0,0.005464249
14.75,12.25,0,-0.000913327
14.75,11.75,0,-0.019521004
14.75,11.25,0,-0.000471406
14.75,10.75,0,0.014135102
14.75,10.25,0,0.025266645
14.75,9.75,0,0.01850571
14.75,9.25,0,-0.001379202
14.75,8.75,0,-0.004759985
14.75,8.25,0,-0.013987475
14.75,7.75,0,-0.01634326
14.75,7.25,0,0.001463219
14.75,6.75,0,0.003213072
14.75,6.25,0,7.48E-05
14.75,5.75,0,-0.004106398
14.75,5.25,0,-0.003164733
14.75,4.75,0,-0.006173375
14.75,4.25,0,-0.026340935
14.75,3.75,0,-0.00459171
14.75,3.25,0,-0.000648493
14.75,2.75,0,-0.003267701
14.75,2.25,0,-0.000847084
14.75,1.75,0,-0.011615996
14.75,1.25,0,-0.009718745
14.75,0.75,0,-0.005343476
14.75,0.25,0,0.001865579
14.75,-0.25,0,-3.71E-03
14.75,-0.75,0,-0.020189896
14.75,-1.25,0,-0.006630844
14.75,-1.75,0,0.014564101
14.75,-2.25,0,0.014308764
14.75,-2.75,0,0.005783207
14.75,-3.25,0,-0.001724225
14.75,-3.75,0,0.00294817
14.75,-4.25,0,0.000446666
14.75,-4.75,0,0.01026839
14.75,-5.25,0,0.032225802
14.75,-5.75,0,0.009109474
14.75,-6.25,0,0.018304929
14.75,-6.75,0,0.016521989
14.75,-7.25,0,0.000581007
14.75,-7.75,0,-0.009679797
14.75,-8.25,0,0.004345437
14.75,-8.75,0,0.002543356
14.75,-9.25,0,0.008793599
14.75,-9.75,0,0.008458132
14.75,-10.25,0,0.005238022
14.75,-10.75,0,0.009427673
14.75,-11.25,0,0.008528759
14.75,-11.75,0,0.00351256
14.75,-12.25,0,0.010370418
14.75,-12.75,0,0.027547224
14.75,-13.25,0,0.025412938
14.75,-13.75,0,0.008484523
14.75,-14.25,0,0.001319762
14.75,-14.75,0,0.001994313
