-14.75,14.75,0,0.000937153
-14.75,14.25,0,0.0004151
-14.75,13.75,0,2.94E-05
-14.75,13.25,0,0.000723077
-14.75,12.75,0,0.002284809
-14.75,12.25,0,0.000210086
-14.75,11.75,0,0.00028643
-14.75,11.25,0,0.000817103
-14.75,10.75,0,-0.000345863
-14.75,10.25,0,-0.000218798
-14.75,9.75,0,-0.000189701
-14.75,9.25,0,-3.65E-05
-14.75,8.75,0,3.93E-05
-14.75,8.25,0,2.74E-05
-14.75,7.75,0,4.64E-05
-14.75,7.25,0,3.75E-05
-14.75,6.75,0,3.08E-05
-14.75,6.25,0,2.25E-05
-14.75,5.75,0,1.73E-05
-14.75,5.25,0,5.63E-06
-14.75,4.75,0,3.80E-06
-14.75,4.25,0,1.39E-05
-14.75,3.75,0,1.57E-05
-14.75,3.25,0,1.98E-05
-14.75,2.75,0,1.79E-05
-14.75,2.25,0,1.85E-05
-14.75,1.75,0,1.28E-05
-14.75,1.25,0,1.55E-05
-14.75,0.75,0,9.90E-06
-14.75,0.25,0,1.03E-05
-14.75,-0.25,0,9.59E-06
-14.75,-0.75,0,9.17E-06
-14.75,-1.25,0,8.78E-06
-14.75,-1.75,0,7.74E-06
-14.75,-2.25,0,7.22E-06
-14.75,-2.75,0,7.92E-06
-14.75,-3.25,0,6.91E-06
-14.75,-3.75,0,6.52E-06
-14.75,-4.25,0,5.91E-06
-14.75,-4.75,0,5.09E-06
-14.75,-5.25,0,4.37E-06
-14.75,-5.75,0,3.92E-06
-14.75,-6.25,0,3.58E-06
-14.75,-6.75,0,3.67E-06
-14.75,-7.25,0,3.00E-06
-14.75,-7.75,0,2.54E-06
-14.75,-8.25,0,2.23E-06
-14.75,-8.75,0,2.26E-06
-14.75,-9.25,0,1.97E-06
-14.75,-9.75,0,1.74E-06
-14.75,-10.25,0,1.87E-06
-14.75,-10.75,0,2.11E-06
-14.75,-11.25,0,1.61E-06
-14.75,-11.75,0,-1.22E-06
-14.75,-12.25,0,-2.14E-06
-14.75,-12.75,0,-2.99E-06
-14.75,-13.25,0,-4.00E-06
-14.75,-13.75,0,-3.24E-06
-14.75,-14.25,0,-3.48E-06
-14.75,-14.75,0,-1.73E-05
-14.25,14.75,0,0.000556978
-14.25,14.25,0,-0.000691407
-14.25,13.75,0,0.002632737
-14.25,13.25,0,0.008742561
-14.25,12.75,0,0.006262534
-14.25,12.25,0,-0.000769128
-14.25,11.75,0,0.000685253
-14.25,11.25,0,0.000571627
-14.25,10.75,0,-0.000131542
-14.25,10.25,0,-0.000175296
-14.25,9.75,0,-5.30E-05
-14.25,9.25,0,0.000161898
-14.25,8.75,0,-3.85E-05
-14.25,8.25,0,2.14E-05
-14.25,7.75,0,6.05E-05
-14.25,7.25,0,7.57E-05
-14.25,6.75,0,4.73E-05
-14.25,6.25,0,3.30E-05
-14.25,5.75,0,2.03E-05
-14.25,5.25,0,1.26E-05
-14.25,4.75,0,5.26E-06
-14.25,4.25,0,9.28E-06
-14.25,3.75,0,2.95E-06
-14.25,3.25,0,-1.76E-06
-14.25,2.75,0,-5.76E-06
-14.25,2.25,0,-5.18E-06
-14.25,1.75,0,-4.55E-06
-14.25,1.25,0,-3.00E-06
-14.25,0.75,0,-2.22E-06
-14.25,0.25,0,-2.17E-06
-14.25,-0.25,0,-2.45E-06
-14.25,-0.75,0,-2.08E-06
-14.25,-1.25,0,-2.07E-06
-14.25,-1.75,0,-2.04E-06
-14.25,-2.25,0,-2.06E-06
-14.25,-2.75,0,-1.93E-06
-14.25,-3.25,0,-1.83E-06
-14.25,-3.75,0,-1.75E-06
-14.25,-4.25,0,-1.89E-06
-14.25,-4.75,0,-1.53E-06
-14.25,-5.25,0,-1.71E-06
-14.25,-5.75,0,-1.66E-06
-14.25,-6.25,0,-1.50E-06
-14.25,-6.75,0,-1.33E-06
-14.25,-7.25,0,-1.42E-06
-14.25,-7.75,0,-1.20E-06
-14.25,-8.25,0,-1.20E-06
-14.25,-8.75,0,-1.01E-06
-14.25,-9.25,0,-7.56E-07
-14.25,-9.75,0,-4.36E-07
-14.25,-10.25,0,-9.14E-08
-14.25,-10.75,0,4.41E-07
-14.25,-11.25,0,2.64E-07
-14.25,-11.75,0,-1.03E-06
-14.25,-12.25,0,-8.38E-07
-14.25,-12.75,0,-2.74E-07
-14.25,-13.25,0,7.18E-07
-14.25,-13.75,0,9.49E-07
-14.25,-14.25,0,3.08E-06
-14.25,-14.75,0,-6.43E-06
-13.75,14.75,0,-0.001111601
-13.75,14.25,0,0.00644265
-13.75,13.75,0,0.00751045
-13.75,13.25,0,-0.003723438
-13.75,12.75,0,-0.012671007
-13.75,12.25,0,0.024355542
-13.75,11.75,0,0.000761275
-13.75,11.25,0,0.000427256
-13.75,10.75,0,0.000821646
-13.75,10.25,0,0.000145202
-13.75,9.75,0,0.000504042
-13.75,9.25,0,-0.000231492
-13.75,8.75,0,3.91E-05
-13.75,8.25,0,-3.58E-05
-13.75,7.75,0,-4.31E-06
-13.75,7.25,0,-3.56E-06
-13.75,6.75,0,-1.14E-05
-13.75,6.25,0,-1.27E-05
-13.75,5.75,0,6.58E-06
-13.75,5.25,0,1.76E-05
-13.75,4.75,0,1.00E-05
-13.75,4.25,0,2.71E-06
-13.75,3.75,0,7.95E-07
-13.75,3.25,0,7.39E-06
-13.75,2.75,0,5.25E-06
-13.75,2.25,0,3.80E-07
-13.75,1.75,0,-1.48E-07
-13.75,1.25,0,-2.60E-07
-13.75,0.75,0,-4.05E-08
-13.75,0.25,0,4.03E-08
-13.75,-0.25,0,4.95E-08
-13.75,-0.75,0,1.72E-08
-13.75,-1.25,0,-1.24E-08
-13.75,-1.75,0,-6.12E-08
-13.75,-2.25,0,-8.06E-08
-13.75,-2.75,0,-8.53E-08
-13.75,-3.25,0,-1.40E-07
-13.75,-3.75,0,-2.82E-07
-13.75,-4.25,0,-4.08E-07
-13.75,-4.75,0,-4.78E-07
-13.75,-5.25,0,-4.80E-07
-13.75,-5.75,0,-5.37E-07
-13.75,-6.25,0,-5.30E-07
-13.75,-6.75,0,-5.52E-07
-13.75,-7.25,0,-5.58E-07
-13.75,-7.75,0,-6.00E-07
-13.75,-8.25,0,-5.50E-07
-13.75,-8.75,0,-5.38E-07
-13.75,-9.25,0,-4.41E-07
-13.75,-9.75,0,-2.73E-07
-13.75,-10.25,0,-1.65E-08
-13.75,-10.75,0,1.82E-07
-13.75,-11.25,0,-3.48E-07
-13.75,-11.75,0,-7.34E-07
-13.75,-12.25,0,-4.84E-07
-13.75,-12.75,0,1.74E-07
-13.75,-13.25,0,1.95E-07
-13.75,-13.75,0,-1.64E-08
-13.75,-14.25,0,1.85E-06
-13.75,-14.75,0,-5.70E-06
-13.25,14.75,0,-2.16E-05
-13.25,14.25,0,0.012696092
-13.25,13.75,0,-0.012964105
-13.25,13.25,0,9.20E-01
-13.25,12.75,0,9.59E-01
-13.25,12.25,0,-0.026780799
-13.25,11.75,0,0.007684658
-13.25,11.25,0,-0.000375692
-13.25,10.75,0,0.000400054
-13.25,10.25,0,-0.000451633
-13.25,9.75,0,-0.000686642
-13.25,9.25,0,-0.000133239
-13.25,8.75,0,-5.62E-05
-13.25,8.25,0,-0.000101692
-13.25,7.75,0,-3.54E-05
-13.25,7.25,0,0.000215528
-13.25,6.75,0,9.90E-05
-13.25,6.25,0,-2.32E-05
-13.25,5.75,0,-5.56E-05
-13.25,5.25,0,-6.41E-06
-13.25,4.75,0,1.26E-05
-13.25,4.25,0,3.64E-06
-13.25,3.75,0,-6.71E-07
-13.25,3.25,0,9.89E-09
-13.25,2.75,0,3.39E-06
-13.25,2.25,0,3.06E-06
-13.25,1.75,0,2.38E-06
-13.25,1.25,0,5.54E-07
-13.25,0.75,0,2.61E-07
-13.25,0.25,0,2.06E-07
-13.25,-0.25,0,2.25E-07
-13.25,-0.75,0,1.47E-07
-13.25,-1.25,0,1.66E-07
-13.25,-1.75,0,1.51E-07
-13.25,-2.25,0,1.14E-07
-13.25,-2.75,0,1.10E-07
-13.25,-3.25,0,4.92E-08
-13.25,-3.75,0,-2.55E-08
-13.25,-4.25,0,-7.89E-08
-13.25,-4.75,0,-1.05E-07
-13.25,-5.25,0,-1.22E-07
-13.25,-5.75,0,-1.60E-07
-13.25,-6.25,0,-1.50E-07
-13.25,-6.75,0,-1.66E-07
-13.25,-7.25,0,-1.75E-07
-13.25,-7.75,0,-1.87E-07
-13.25,-8.25,0,-1.84E-07
-13.25,-8.75,0,-1.60E-07
-13.25,-9.25,0,-1.10E-07
-13.25,-9.75,0,-1.15E-08
-13.25,-10.25,0,1.21E-07
-13.25,-10.75,0,1.38E-07
-13.25,-11.25,0,-4.16E-07
-13.25,-11.75,0,-5.17E-07
-13.25,-12.25,0,-4.17E-07
-13.25,-12.75,0,5.52E-08
-13.25,-13.25,0,-1.92E-07
-13.25,-13.75,0,-3.71E-07
-13.25,-14.25,0,1.25E-06
-13.25,-14.75,0,-7.84E-06
-12.75,14.75,0,-3.03E-05
-12.75,14.25,0,-0.005364584
-12.75,13.75,0,6.01E-02
-12.75,13.25,0,9.42E-01
-12.75,12.75,0,9.48E-01
-12.75,12.25,0,2.96E-03
-12.75,11.75,0,0.006073751
-12.75,11.25,0,0.003122987
-12.75,10.75,0,-6.86E-05
-12.75,10.25,0,0.001613706
-12.75,9.75,0,0.001342277
-12.75,9.25,0,0.000243159
-12.75,8.75,0,-9.12E-06
-12.75,8.25,0,0.000440078
-12.75,7.75,0,9.27E-05
-12.75,7.25,0,0.000439559
-12.75,6.75,0,0.000404448
-12.75,6.25,0,0.000294347
-12.75,5.75,0,-5.48E-06
-12.75,5.25,0,-7.87E-05
-12.75,4.75,0,-1.52E-05
-12.75,4.25,0,-4.42E-06
-12.75,3.75,0,-3.13E-06
-12.75,3.25,0,-1.28E-06
-12.75,2.75,0,1.34E-06
-12.75,2.25,0,1.67E-06
-12.75,1.75,0,2.02E-06
-12.75,1.25,0,1.88E-06
-12.75,0.75,0,1.53E-06
-12.75,0.25,0,4.01E-07
-12.75,-0.25,0,1.05E-07
-12.75,-0.75,0,3.71E-08
-12.75,-1.25,0,6.85E-09
-12.75,-1.75,0,-4.31E-08
-12.75,-2.25,0,-6.01E-08
-12.75,-2.75,0,-7.76E-08
-12.75,-3.25,0,-8.31E-08
-12.75,-3.75,0,-1.08E-07
-12.75,-4.25,0,-9.72E-08
-12.75,-4.75,0,-9.59E-08
-12.75,-5.25,0,-7.29E-08
-12.75,-5.75,0,-6.41E-08
-12.75,-6.25,0,-6.20E-08
-12.75,-6.75,0,-5.58E-08
-12.75,-7.25,0,-5.30E-08
-12.75,-7.75,0,-4.72E-08
-12.75,-8.25,0,-3.00E-08
-12.75,-8.75,0,-3.15E-09
-12.75,-9.25,0,6.13E-08
-12.75,-9.75,0,9.53E-08
-12.75,-10.25,0,1.34E-07
-12.75,-10.75,0,-7.90E-08
-12.75,-11.25,0,-3.52E-07
-12.75,-11.75,0,-4.16E-07
-12.75,-12.25,0,-3.76E-07
-12.75,-12.75,0,-7.03E-09
-12.75,-13.25,0,-3.03E-07
-12.75,-13.75,0,-4.01E-07
-12.75,-14.25,0,1.09E-06
-12.75,-14.75,0,-7.71E-06
-12.25,14.75,0,0.000820042
-12.25,14.25,0,0.029594241
-12.25,13.75,0,-8.00E-02
-12.25,13.25,0,1.03E+00
-12.25,12.75,0,9.23E-01
-12.25,12.25,0,4.69E-02
-12.25,11.75,0,0.000951936
-12.25,11.25,0,0.001345282
-12.25,10.75,0,0.000700757
-12.25,10.25,0,-0.000803573
-12.25,9.75,0,0.000158701
-12.25,9.25,0,0.000808479
-12.25,8.75,0,0.00075158
-12.25,8.25,0,0.002355203
-12.25,7.75,0,0.000815417
-12.25,7.25,0,0.000386705
-12.25,6.75,0,0.000135875
-12.25,6.25,0,0.000445222
-12.25,5.75,0,0.000291482
-12.25,5.25,0,-8.64E-05
-12.25,4.75,0,-7.89E-05
-12.25,4.25,0,-1.88E-05
-12.25,3.75,0,-1.82E-06
-12.25,3.25,0,-5.97E-07
-12.25,2.75,0,-6.46E-07
-12.25,2.25,0,-1.36E-06
-12.25,1.75,0,-2.96E-07
-12.25,1.25,0,4.07E-07
-12.25,0.75,0,1.27E-06
-12.25,0.25,0,1.40E-06
-12.25,-0.25,0,1.10E-06
-12.25,-0.75,0,1.68E-07
-12.25,-1.25,0,-2.34E-07
-12.25,-1.75,0,-4.51E-07
-12.25,-2.25,0,-4.54E-07
-12.25,-2.75,0,-3.75E-07
-12.25,-3.25,0,-1.99E-08
-12.25,-3.75,0,2.07E-07
-12.25,-4.25,0,1.31E-07
-12.25,-4.75,0,9.40E-08
-12.25,-5.25,0,4.09E-08
-12.25,-5.75,0,2.32E-08
-12.25,-6.25,0,5.05E-08
-12.25,-6.75,0,6.19E-08
-12.25,-7.25,0,6.45E-08
-12.25,-7.75,0,8.33E-08
-12.25,-8.25,0,8.30E-08
-12.25,-8.75,0,8.80E-08
-12.25,-9.25,0,1.03E-07
-12.25,-9.75,0,1.11E-07
-12.25,-10.25,0,5.60E-08
-12.25,-10.75,0,-1.88E-07
-12.25,-11.25,0,-2.89E-07
-12.25,-11.75,0,-3.75E-07
-12.25,-12.25,0,-4.00E-07
-12.25,-12.75,0,-2.76E-08
-12.25,-13.25,0,-2.99E-07
-12.25,-13.75,0,-3.30E-07
-12.25,-14.25,0,1.13E-06
-12.25,-14.75,0,-1.04E-05
-11.75,14.75,0,0.000961217
-11.75,14.25,0,0.006948684
-11.75,13.75,0,1.93E-02
-11.75,13.25,0,9.37E-01
-11.75,12.75,0,9.36E-01
-11.75,12.25,0,-2.87E-04
-11.75,11.75,0,0.023906266
-11.75,11.25,0,-0.001384062
-11.75,10.75,0,0.012489648
-11.75,10.25,0,0.016621395
-11.75,9.75,0,0.005400281
-11.75,9.25,0,0.016389491
-11.75,8.75,0,0.006586002
-11.75,8.25,0,0.004783825
-11.75,7.75,0,0.008550204
-11.75,7.25,0,0.006628972
-11.75,6.75,0,0.000695751
-11.75,6.25,0,0.000119649
-11.75,5.75,0,0.000120883
-11.75,5.25,0,0.000101499
-11.75,4.75,0,-7.77E-05
-11.75,4.25,0,-2.20E-05
-11.75,3.75,0,-6.09E-06
-11.75,3.25,0,1.54E-06
-11.75,2.75,0,1.30E-06
-11.75,2.25,0,1.19E-06
-11.75,1.75,0,1.07E-06
-11.75,1.25,0,-7.45E-07
-11.75,0.75,0,-1.79E-08
-11.75,0.25,0,3.16E-07
-11.75,-0.25,0,1.10E-06
-11.75,-0.75,0,1.07E-06
-11.75,-1.25,0,7.30E-07
-11.75,-1.75,0,2.75E-07
-11.75,-2.25,0,-7.68E-07
-11.75,-2.75,0,-9.86E-07
-11.75,-3.25,0,4.18E-07
-11.75,-3.75,0,5.65E-07
-11.75,-4.25,0,4.56E-07
-11.75,-4.75,0,2.51E-07
-11.75,-5.25,0,1.74E-07
-11.75,-5.75,0,1.02E-07
-11.75,-6.25,0,7.71E-08
-11.75,-6.75,0,6.88E-08
-11.75,-7.25,0,6.86E-08
-11.75,-7.75,0,7.20E-08
-11.75,-8.25,0,7.62E-08
-11.75,-8.75,0,8.22E-08
-11.75,-9.25,0,8.65E-08
-11.75,-9.75,0,6.91E-08
-11.75,-10.25,0,-7.25E-08
-11.75,-10.75,0,-1.71E-07
-11.75,-11.25,0,-2.36E-07
-11.75,-11.75,0,-3.51E-07
-11.75,-12.25,0,-4.28E-07
-11.75,-12.75,0,-3.92E-08
-11.75,-13.25,0,-3.15E-07
-11.75,-13.75,0,-4.22E-07
-11.75,-14.25,0,1.21E-06
-11.75,-14.75,0,-8.30E-06
-11.25,14.75,0,0.001936497
-11.25,14.25,0,-0.010276465
-11.25,13.75,0,7.04E-02
-11.25,13.25,0,9.26E-01
-11.25,12.75,0,9.85E-01
-11.25,12.25,0,2.27E-03
-11.25,11.75,0,-8.34E-03
-11.25,11.25,0,3.06E-02
-11.25,10.75,0,-9.77E-04
-11.25,10.25,0,-1.72E-02
-11.25,9.75,0,1.38E-02
-11.25,9.25,0,-1.61E-02
-11.25,8.75,0,1.65E-02
-11.25,8.25,0,1.37E-02
-11.25,7.75,0,-5.21E-03
-11.25,7.25,0,-0.005724161
-11.25,6.75,0,0.022208538
-11.25,6.25,0,-0.001221353
-11.25,5.75,0,-0.000148545
-11.25,5.25,0,0.000195857
-11.25,4.75,0,-3.26E-05
-11.25,4.25,0,-2.27E-05
-11.25,3.75,0,-4.28E-05
-11.25,3.25,0,2.17E-06
-11.25,2.75,0,9.56E-06
-11.25,2.25,0,1.28E-05
-11.25,1.75,0,8.18E-06
-11.25,1.25,0,5.61E-07
-11.25,0.75,0,-1.02E-06
-11.25,0.25,0,-1.31E-06
-11.25,-0.25,0,-1.10E-06
-11.25,-0.75,0,-7.01E-07
-11.25,-1.25,0,-1.62E-07
-11.25,-1.75,0,1.46E-07
-11.25,-2.25,0,3.19E-07
-11.25,-2.75,0,-8.60E-07
-11.25,-3.25,0,-1.35E-06
-11.25,-3.75,0,2.64E-07
-11.25,-4.25,0,5.26E-07
-11.25,-4.75,0,3.24E-07
-11.25,-5.25,0,1.80E-07
-11.25,-5.75,0,1.16E-07
-11.25,-6.25,0,8.07E-08
-11.25,-6.75,0,5.88E-08
-11.25,-7.25,0,5.42E-08
-11.25,-7.75,0,5.48E-08
-11.25,-8.25,0,5.63E-08
-11.25,-8.75,0,6.06E-08
-11.25,-9.25,0,5.40E-08
-11.25,-9.75,0,-1.80E-08
-11.25,-10.25,0,-9.20E-08
-11.25,-10.75,0,-1.44E-07
-11.25,-11.25,0,-2.18E-07
-11.25,-11.75,0,-3.32E-07
-11.25,-12.25,0,-4.51E-07
-11.25,-12.75,0,-4.05E-08
-11.25,-13.25,0,-3.37E-07
-11.25,-13.75,0,-5.13E-07
-11.25,-14.25,0,1.28E-06
-11.25,-14.75,0,-1.07E-05
-10.75,14.75,0,0.000681972
-10.75,14.25,0,0.015906073
-10.75,13.75,0,-2.82E-02
-10.75,13.25,0,9.78E-01
-10.75,12.75,0,9.10E-01
-10.75,12.25,0,9.71E-01
-10.75,11.75,0,9.42E-01
-10.75,11.25,0,9.29E-01
-10.75,10.75,0,9.31E-01
-10.75,10.25,0,9.88E-01
-10.75,9.75,0,9.44E-01
-10.75,9.25,0,9.66E-01
-10.75,8.75,0,9.27E-01
-10.75,8.25,0,9.43E-01
-10.75,7.75,0,9.41E-01
-10.75,7.25,0,9.55E-01
-10.75,6.75,0,-0.029637701
-10.75,6.25,0,0.011608704
-10.75,5.75,0,-0.000205869
-10.75,5.25,0,4.15E-05
-10.75,4.75,0,6.89E-05
-10.75,4.25,0,-2.17E-05
-10.75,3.75,0,1.79E-05
-10.75,3.25,0,4.50E-05
-10.75,2.75,0,4.62E-05
-10.75,2.25,0,4.64E-05
-10.75,1.75,0,2.66E-05
-10.75,1.25,0,6.40E-06
-10.75,0.75,0,-2.61E-06
-10.75,0.25,0,-4.14E-06
-10.75,-0.25,0,-3.70E-06
-10.75,-0.75,0,-3.05E-06
-10.75,-1.25,0,-2.45E-06
-10.75,-1.75,0,-1.66E-06
-10.75,-2.25,0,-7.12E-07
-10.75,-2.75,0,1.78E-07
-10.75,-3.25,0,-9.99E-07
-10.75,-3.75,0,-1.33E-06
-10.75,-4.25,0,3.97E-07
-10.75,-4.75,0,4.28E-07
-10.75,-5.25,0,2.64E-07
-10.75,-5.75,0,1.62E-07
-10.75,-6.25,0,9.51E-08
-10.75,-6.75,0,7.16E-08
-10.75,-7.25,0,6.10E-08
-10.75,-7.75,0,5.55E-08
-10.75,-8.25,0,5.37E-08
-10.75,-8.75,0,4.61E-08
-10.75,-9.25,0,1.39E-08
-10.75,-9.75,0,-5.19E-08
-10.75,-10.25,0,-8.64E-08
-10.75,-10.75,0,-1.29E-07
-10.75,-11.25,0,-2.13E-07
-10.75,-11.75,0,-3.35E-07
-10.75,-12.25,0,-5.02E-07
-10.75,-12.75,0,-3.69E-08
-10.75,-13.25,0,-3.82E-07
-10.75,-13.75,0,-6.09E-07
-10.75,-14.25,0,1.35E-06
-10.75,-14.75,0,-1.04E-05
-10.25,14.75,0,0.0001807
-10.25,14.25,0,0.005735235
-10.25,13.75,0,2.70E-02
-10.25,13.25,0,9.38E-01
-10.25,12.75,0,9.40E-01
-10.25,12.25,0,9.98E-01
-10.25,11.75,0,9.77E-01
-10.25,11.25,0,9.61E-01
-10.25,10.75,0,9.18E-01
-10.25,10.25,0,9.39E-01
-10.25,9.75,0,9.44E-01
-10.25,9.25,0,9.82E-01
-10.25,8.75,0,9.07E-01
-10.25,8.25,0,9.83E-01
-10.25,7.75,0,9.57E-01
-10.25,7.25,0,9.76E-01
-10.25,6.75,0,0.011457803
-10.25,6.25,0,0.000701696
-10.25,5.75,0,0.000363964
-10.25,5.25,0,0.000552327
-10.25,4.75,0,3.87E-05
-10.25,4.25,0,9.94E-06
-10.25,3.75,0,0.000154413
-10.25,3.25,0,0.000156015
-10.25,2.75,0,0.000132681
-10.25,2.25,0,6.32E-05
-10.25,1.75,0,-1.21E-05
-10.25,1.25,0,-1.87E-05
-10.25,0.75,0,-2.11E-05
-10.25,0.25,0,-1.34E-05
-10.25,-0.25,0,-8.57E-06
-10.25,-0.75,0,-6.92E-06
-10.25,-1.25,0,-6.80E-06
-10.25,-1.75,0,-4.63E-06
-10.25,-2.25,0,-3.03E-06
-10.25,-2.75,0,-1.13E-06
-10.25,-3.25,0,1.43E-08
-10.25,-3.75,0,-1.50E-06
-10.25,-4.25,0,-5.27E-08
-10.25,-4.75,0,4.09E-07
-10.25,-5.25,0,3.61E-07
-10.25,-5.75,0,1.90E-07
-10.25,-6.25,0,1.22E-07
-10.25,-6.75,0,8.67E-08
-10.25,-7.25,0,7.91E-08
-10.25,-7.75,0,7.06E-08
-10.25,-8.25,0,5.82E-08
-10.25,-8.75,0,3.32E-08
-10.25,-9.25,0,-2.84E-08
-10.25,-9.75,0,-5.40E-08
-10.25,-10.25,0,-7.73E-08
-10.25,-10.75,0,-1.17E-07
-10.25,-11.25,0,-2.08E-07
-10.25,-11.75,0,-3.45E-07
-10.25,-12.25,0,-4.70E-07
-10.25,-12.75,0,-3.27E-08
-10.25,-13.25,0,-3.69E-07
-10.25,-13.75,0,-7.52E-07
-10.25,-14.25,0,1.37E-06
-10.25,-14.75,0,-1.15E-05
-9.75,14.75,0,0.00295629
-9.75,14.25,0,0.010726821
-9.75,13.75,0,-1.77E-02
-9.75,13.25,0,9.77E-01
-9.75,12.75,0,9.81E-01
-9.75,12.25,0,-4.51E-02
-9.75,11.75,0,2.46E-02
-9.75,11.25,0,1.41E-02
-9.75,10.75,0,2.71E-02
-9.75,10.25,0,1.55E-02
-9.75,9.75,0,2.19E-02
-9.75,9.25,0,1.42E-02
-9.75,8.75,0,1.35E-02
-9.75,8.25,0,2.95E-02
-9.75,7.75,0,-3.07E-02
-9.75,7.25,0,-0.012539402
-9.75,6.75,0,0.023361687
-9.75,6.25,0,-0.003926536
-9.75,5.75,0,-8.99E-05
-9.75,5.25,0,0.000392629
-9.75,4.75,0,-8.19E-05
-9.75,4.25,0,-0.000158484
-9.75,3.75,0,8.03E-05
-9.75,3.25,0,8.08E-05
-9.75,2.75,0,-0.000138934
-9.75,2.25,0,-0.000137958
-9.75,1.75,0,-9.65E-05
-9.75,1.25,0,-6.30E-05
-9.75,0.75,0,-6.83E-05
-9.75,0.25,0,-4.11E-05
-9.75,-0.25,0,-2.47E-05
-9.75,-0.75,0,-1.15E-05
-9.75,-1.25,0,-1.17E-05
-9.75,-1.75,0,-9.02E-06
-9.75,-2.25,0,-6.09E-06
-9.75,-2.75,0,-3.33E-06
-9.75,-3.25,0,-9.20E-07
-9.75,-3.75,0,2.79E-07
-9.75,-4.25,0,-1.88E-06
-9.75,-4.75,0,7.12E-08
-9.75,-5.25,0,5.18E-07
-9.75,-5.75,0,2.10E-07
-9.75,-6.25,0,1.52E-07
-9.75,-6.75,0,1.24E-07
-9.75,-7.25,0,1.14E-07
-9.75,-7.75,0,9.85E-08
-9.75,-8.25,0,6.72E-08
-9.75,-8.75,0,-1.22E-08
-9.75,-9.25,0,-4.33E-08
-9.75,-9.75,0,-5.10E-08
-9.75,-10.25,0,-6.88E-08
-9.75,-10.75,0,-1.08E-07
-9.75,-11.25,0,-2.05E-07
-9.75,-11.75,0,-3.70E-07
-9.75,-12.25,0,-5.49E-07
-9.75,-12.75,0,-4.51E-08
-9.75,-13.25,0,-4.38E-07
-9.75,-13.75,0,-9.35E-07
-9.75,-14.25,0,1.20E-06
-9.75,-14.75,0,-1.18E-05
-9.25,14.75,0,0.001456082
-9.25,14.25,0,0.002729911
-9.25,13.75,0,3.02E-02
-9.25,13.25,0,9.05E-01
-9.25,12.75,0,9.45E-01
-9.25,12.25,0,1.37E-02
-9.25,11.75,0,0.021359907
-9.25,11.25,0,0.003127587
-9.25,10.75,0,0.003107752
-9.25,10.25,0,0.004411879
-9.25,9.75,0,0.005998265
-9.25,9.25,0,-0.000110199
-9.25,8.75,0,0.01105051
-9.25,8.25,0,-0.001564085
-9.25,7.75,0,0.01456921
-9.25,7.25,0,0.005261154
-9.25,6.75,0,-0.001092528
-9.25,6.25,0,4.32E-05
-9.25,5.75,0,0.00024416
-9.25,5.25,0,-1.44E-05
-9.25,4.75,0,-0.000252434
-9.25,4.25,0,-6.04E-05
-9.25,3.75,0,0.000128513
-9.25,3.25,0,3.49E-05
-9.25,2.75,0,7.73E-05
-9.25,2.25,0,-5.72E-05
-9.25,1.75,0,-8.39E-05
-9.25,1.25,0,6.66E-05
-9.25,0.75,0,0.000139694
-9.25,0.25,0,9.93E-05
-9.25,-0.25,0,5.41E-05
-9.25,-0.75,0,2.62E-05
-9.25,-1.25,0,-5.96E-06
-9.25,-1.75,0,-1.40E-05
-9.25,-2.25,0,-9.34E-06
-9.25,-2.75,0,-6.10E-06
-9.25,-3.25,0,-2.56E-06
-9.25,-3.75,0,-3.65E-07
-9.25,-4.25,0,-5.78E-07
-9.25,-4.75,0,-1.81E-06
-9.25,-5.25,0,3.62E-07
-9.25,-5.75,0,2.26E-07
-9.25,-6.25,0,1.87E-07
-9.25,-6.75,0,1.64E-07
-9.25,-7.25,0,1.78E-07
-9.25,-7.75,0,1.43E-07
-9.25,-8.25,0,2.49E-08
-9.25,-8.75,0,-5.95E-08
-9.25,-9.25,0,-5.42E-08
-9.25,-9.75,0,-4.99E-08
-9.25,-10.25,0,-6.03E-08
-9.25,-10.75,0,-1.05E-07
-9.25,-11.25,0,-2.01E-07
-9.25,-11.75,0,-3.59E-07
-9.25,-12.25,0,-5.79E-07
-9.25,-12.75,0,-5.92E-08
-9.25,-13.25,0,-5.01E-07
-9.25,-13.75,0,-9.40E-07
-9.25,-14.25,0,1.37E-06
-9.25,-14.75,0,-1.30E-05
-8.75,14.75,0,0.000816635
-8.75,14.25,0,0.007039106
-8.75,13.75,0,1.34E-02
-8.75,13.25,0,1.03E+00
-8.75,12.75,0,9.66E-01
-8.75,12.25,0,7.62E-03
-8.75,11.75,0,0.005222767
-8.75,11.25,0,0.000825225
-8.75,10.75,0,0.000965339
-8.75,10.25,0,-7.76E-05
-8.75,9.75,0,0.000551696
-8.75,9.25,0,0.001201772
-8.75,8.75,0,6.49E-05
-8.75,8.25,0,8.16E-05
-8.75,7.75,0,0.000324824
-8.75,7.25,0,0.001640114
-8.75,6.75,0,0.000190979
-8.75,6.25,0,0.000747464
-8.75,5.75,0,0.001165523
-8.75,5.25,0,0.000313866
-8.75,4.75,0,0.000295078
-8.75,4.25,0,0.000279333
-8.75,3.75,0,0.00055135
-8.75,3.25,0,0.000162215
-8.75,2.75,0,7.08E-05
-8.75,2.25,0,0.00012989
-8.75,1.75,0,0.000280756
-8.75,1.25,0,0.000450649
-8.75,0.75,0,0.000129689
-8.75,0.25,0,0.000166762
-8.75,-0.25,0,0.000110427
-8.75,-0.75,0,8.38E-05
-8.75,-1.25,0,5.25E-05
-8.75,-1.75,0,-5.76E-06
-8.75,-2.25,0,-1.38E-05
-8.75,-2.75,0,-1.02E-05
-8.75,-3.25,0,-5.12E-06
-8.75,-3.75,0,-1.30E-06
-8.75,-4.25,0,5.70E-07
-8.75,-4.75,0,-2.06E-06
-8.75,-5.25,0,6.90E-08
-8.75,-5.75,0,5.25E-07
-8.75,-6.25,0,2.73E-07
-8.75,-6.75,0,3.18E-07
-8.75,-7.25,0,2.95E-07
-8.75,-7.75,0,1.12E-07
-8.75,-8.25,0,-1.20E-07
-8.75,-8.75,0,-9.73E-08
-8.75,-9.25,0,-6.64E-08
-8.75,-9.75,0,-4.72E-08
-8.75,-10.25,0,-5.64E-08
-8.75,-10.75,0,-9.46E-08
-8.75,-11.25,0,-1.98E-07
-8.75,-11.75,0,-3.76E-07
-8.75,-12.25,0,-5.68E-07
-8.75,-12.75,0,-7.53E-08
-8.75,-13.25,0,-6.33E-07
-8.75,-13.75,0,-1.30E-06
-8.75,-14.25,0,1.50E-06
-8.75,-14.75,0,-1.09E-05
-8.25,14.75,0,5.52E-05
-8.25,14.25,0,0.004766579
-8.25,13.75,0,2.87E-02
-8.25,13.25,0,8.11E-01
-8.25,12.75,0,9.79E-01
-8.25,12.25,0,-3.58E-02
-8.25,11.75,0,0.02718417
-8.25,11.25,0,-0.002024816
-8.25,10.75,0,-0.000327961
-8.25,10.25,0,0.000296695
-8.25,9.75,0,0.000300645
-8.25,9.25,0,0.000108335
-8.25,8.75,0,-0.000258834
-8.25,8.25,0,0.001341808
-8.25,7.75,0,3.53E-05
-8.25,7.25,0,4.03E-05
-8.25,6.75,0,0.000856734
-8.25,6.25,0,0.000110261
-8.25,5.75,0,0.000250882
-8.25,5.25,0,-6.94E-05
-8.25,4.75,0,-3.64E-05
-8.25,4.25,0,-0.000357907
-8.25,3.75,0,-0.000658411
-8.25,3.25,0,0.000180041
-8.25,2.75,0,-0.000273395
-8.25,2.25,0,0.00084185
-8.25,1.75,0,0.001014943
-8.25,1.25,0,-0.000375421
-8.25,0.75,0,-0.000290997
-8.25,0.25,0,-6.87E-07
-8.25,-0.25,0,1.42E-05
-8.25,-0.75,0,0.000203512
-8.25,-1.25,0,0.000133316
-8.25,-1.75,0,3.82E-05
-8.25,-2.25,0,-2.86E-05
-8.25,-2.75,0,-1.81E-05
-8.25,-3.25,0,-8.37E-06
-8.25,-3.75,0,-2.54E-06
-8.25,-4.25,0,3.48E-07
-8.25,-4.75,0,-1.29E-06
-8.25,-5.25,0,-1.27E-07
-8.25,-5.75,0,4.13E-07
-8.25,-6.25,0,5.29E-07
-8.25,-6.75,0,5.84E-07
-8.25,-7.25,0,3.24E-07
-8.25,-7.75,0,-2.63E-07
-8.25,-8.25,0,-1.95E-07
-8.25,-8.75,0,-1.21E-07
-8.25,-9.25,0,-7.50E-08
-8.25,-9.75,0,-5.70E-08
-8.25,-10.25,0,-5.89E-08
-8.25,-10.75,0,-8.74E-08
-8.25,-11.25,0,-1.92E-07
-8.25,-11.75,0,-3.99E-07
-8.25,-12.25,0,-6.50E-07
-8.25,-12.75,0,-8.84E-08
-8.25,-13.25,0,-7.10E-07
-8.25,-13.75,0,-1.48E-06
-8.25,-14.25,0,7.98E-07
-8.25,-14.75,0,-1.58E-05
-7.75,14.75,0,0.001358255
-7.75,14.25,0,0.008068444
-7.75,13.75,0,-0.005772107
-7.75,13.25,0,9.76E-01
-7.75,12.75,0,1.01E+00
-7.75,12.25,0,-0.000997428
-7.75,11.75,0,0.001323603
-7.75,11.25,0,-0.000765575
-7.75,10.75,0,0.000422356
-7.75,10.25,0,-8.08E-06
-7.75,9.75,0,-3.58E-05
-7.75,9.25,0,-8.23E-05
-7.75,8.75,0,-0.000126467
-7.75,8.25,0,6.07E-05
-7.75,7.75,0,-0.000763912
-7.75,7.25,0,0.000283982
-7.75,6.75,0,0.004422327
-7.75,6.25,0,0.003938416
-7.75,5.75,0,-0.000282501
-7.75,5.25,0,0.002807514
-7.75,4.75,0,0.006336895
-7.75,4.25,0,0.010506207
-7.75,3.75,0,-0.001421896
-7.75,3.25,0,0.012250759
-7.75,2.75,0,-0.000106371
-7.75,2.25,0,0.004379252
-7.75,1.75,0,0.001360292
-7.75,1.25,0,0.002265598
-7.75,0.75,0,0.010941814
-7.75,0.25,0,0.001855677
-7.75,-0.25,0,-0.000101777
-7.75,-0.75,0,-0.000249625
-7.75,-1.25,0,8.17E-05
-7.75,-1.75,0,0.000131504
-7.75,-2.25,0,-3.67E-05
-7.75,-2.75,0,-3.36E-05
-7.75,-3.25,0,-1.16E-05
-7.75,-3.75,0,-3.42E-06
-7.75,-4.25,0,1.68E-07
-7.75,-4.75,0,-9.51E-07
-7.75,-5.25,0,-2.01E-07
-7.75,-5.75,0,7.12E-07
-7.75,-6.25,0,1.12E-06
-7.75,-6.75,0,8.71E-07
-7.75,-7.25,0,-5.57E-07
-7.75,-7.75,0,-3.92E-07
-7.75,-8.25,0,-2.19E-07
-7.75,-8.75,0,-1.51E-07
-7.75,-9.25,0,-1.00E-07
-7.75,-9.75,0,-6.33E-08
-7.75,-10.25,0,-6.53E-08
-7.75,-10.75,0,-8.02E-08
-7.75,-11.25,0,-1.77E-07
-7.75,-11.75,0,-4.23E-07
-7.75,-12.25,0,-6.30E-07
-7.75,-12.75,0,-1.03E-07
-7.75,-13.25,0,-7.29E-07
-7.75,-13.75,0,-1.70E-06
-7.75,-14.25,0,7.27E-07
-7.75,-14.75,0,-1.91E-05
-7.25,14.75,0,0.000768096
-7.25,14.25,0,-0.003884604
-7.25,13.75,0,0.040416054
-7.25,13.25,0,-0.037746457
-7.25,12.75,0,-0.036553044
-7.25,12.25,0,0.022922066
-7.25,11.75,0,0.003009751
-7.25,11.25,0,-0.000954396
-7.25,10.75,0,0.000198183
-7.25,10.25,0,-6.29E-06
-7.25,9.75,0,0.000629227
-7.25,9.25,0,9.46E-06
-7.25,8.75,0,0.000260889
-7.25,8.25,0,-0.000163043
-7.25,7.75,0,-0.001742023
-7.25,7.25,0,0.020256734
-7.25,6.75,0,-0.018490039
-7.25,6.25,0,0.011950113
-7.25,5.75,0,0.020691587
-7.25,5.25,0,0.00734134
-7.25,4.75,0,-0.022689347
-7.25,4.25,0,-0.014418787
-7.25,3.75,0,0.028039164
-7.25,3.25,0,-0.022395674
-7.25,2.75,0,0.0230984
-7.25,2.25,0,0.000248219
-7.25,1.75,0,0.007955611
-7.25,1.25,0,0.006076799
-7.25,0.75,0,-0.008237569
-7.25,0.25,0,-0.001821583
-7.25,-0.25,0,0.013684457
-7.25,-0.75,0,-0.000420198
-7.25,-1.25,0,-0.000185551
-7.25,-1.75,0,0.000177128
-7.25,-2.25,0,-4.22E-05
-7.25,-2.75,0,-5.41E-05
-7.25,-3.25,0,-1.40E-05
-7.25,-3.75,0,-3.07E-06
-7.25,-4.25,0,4.84E-07
-7.25,-4.75,0,-1.37E-06
-7.25,-5.25,0,-3.97E-07
-7.25,-5.75,0,2.02E-06
-7.25,-6.25,0,2.20E-06
-7.25,-6.75,0,-1.16E-06
-7.25,-7.25,0,-8.03E-07
-7.25,-7.75,0,-4.29E-07
-7.25,-8.25,0,-2.74E-07
-7.25,-8.75,0,-2.18E-07
-7.25,-9.25,0,-1.65E-07
-7.25,-9.75,0,-1.36E-07
-7.25,-10.25,0,-9.20E-08
-7.25,-10.75,0,-9.45E-08
-7.25,-11.25,0,-1.81E-07
-7.25,-11.75,0,-4.00E-07
-7.25,-12.25,0,-5.52E-07
-7.25,-12.75,0,-8.62E-08
-7.25,-13.25,0,-7.41E-07
-7.25,-13.75,0,-2.10E-06
-7.25,-14.25,0,1.93E-06
-7.25,-14.75,0,-1.38E-05
-6.75,14.75,0,0.001155464
-6.75,14.25,0,-0.001274191
-6.75,13.75,0,-0.002411762
-6.75,13.25,0,0.015032638
-6.75,12.75,0,0.018592896
-6.75,12.25,0,-0.003887195
-6.75,11.75,0,-6.22E-05
-6.75,11.25,0,0.000730863
-6.75,10.75,0,-0.000303715
-6.75,10.25,0,-6.91E-05
-6.75,9.75,0,-5.44E-05
-6.75,9.25,0,-9.77E-05
-6.75,8.75,0,5.37E-05
-6.75,8.25,0,0.001252306
-6.75,7.75,0,0.002685979
-6.75,7.25,0,-0.011809451
-6.75,6.75,0,4.86E-01
-6.75,6.25,0,4.61E-01
-6.75,5.75,0,4.40E-01
-6.75,5.25,0,4.64E-01
-6.75,4.75,0,5.55E-01
-6.75,4.25,0,4.68E-01
-6.75,3.75,0,4.56E-01
-6.75,3.25,0,4.99E-01
-6.75,2.75,0,4.25E-01
-6.75,2.25,0,4.96E-01
-6.75,1.75,0,4.77E-01
-6.75,1.25,0,4.57E-01
-6.75,0.75,0,4.94E-01
-6.75,0.25,0,4.68E-01
-6.75,-0.25,0,-0.00034178
-6.75,-0.75,0,0.002517295
-6.75,-1.25,0,0.000211166
-6.75,-1.75,0,0.00024092
-6.75,-2.25,0,2.00E-05
-6.75,-2.75,0,-6.04E-05
-6.75,-3.25,0,-1.47E-05
-6.75,-3.75,0,1.60E-06
-6.75,-4.25,0,2.35E-06
-6.75,-4.75,0,-1.77E-06
-6.75,-5.25,0,3.47E-06
-6.75,-5.75,0,4.35E-06
-6.75,-6.25,0,-2.22E-06
-6.75,-6.75,0,-1.81E-06
-6.75,-7.25,0,-1.09E-06
-6.75,-7.75,0,-7.42E-07
-6.75,-8.25,0,-5.57E-07
-6.75,-8.75,0,-4.52E-07
-6.75,-9.25,0,-3.20E-07
-6.75,-9.75,0,-2.55E-07
-6.75,-10.25,0,-2.00E-07
-6.75,-10.75,0,-1.62E-07
-6.75,-11.25,0,-2.05E-07
-6.75,-11.75,0,-3.68E-07
-6.75,-12.25,0,-4.41E-07
-6.75,-12.75,0,-1.07E-07
-6.75,-13.25,0,-9.66E-07
-6.75,-13.75,0,-1.96E-06
-6.75,-14.25,0,1.53E-06
-6.75,-14.75,0,-1.42E-05
-6.25,14.75,0,0.000406946
-6.25,14.25,0,0.000524889
-6.25,13.75,0,6.54E-05
-6.25,13.25,0,-0.002416676
-6.25,12.75,0,-0.002266954
-6.25,12.25,0,0.000159103
-6.25,11.75,0,-0.000322874
-6.25,11.25,0,7.75E-05
-6.25,10.75,0,-0.000162854
-6.25,10.25,0,-0.000157912
-6.25,9.75,0,-0.000170857
-6.25,9.25,0,-0.000204794
-6.25,8.75,0,0.000239532
-6.25,8.25,0,-0.000203132
-6.25,7.75,0,0.00425613
-6.25,7.25,0,0.007193858
-6.25,6.75,0,4.77E-01
-6.25,6.25,0,4.57E-01
-6.25,5.75,0,5.55E-01
-6.25,5.25,0,4.57E-01
-6.25,4.75,0,4.43E-01
-6.25,4.25,0,5.14E-01
-6.25,3.75,0,4.67E-01
-6.25,3.25,0,4.69E-01
-6.25,2.75,0,4.92E-01
-6.25,2.25,0,4.59E-01
-6.25,1.75,0,5.08E-01
-6.25,1.25,0,4.86E-01
-6.25,0.75,0,4.49E-01
-6.25,0.25,0,4.78E-01
-6.25,-0.25,0,0.005772863
-6.25,-0.75,0,0.003462116
-6.25,-1.25,0,0.000112535
-6.25,-1.75,0,0.000377779
-6.25,-2.25,0,3.47E-05
-6.25,-2.75,0,-6.90E-05
-6.25,-3.25,0,-1.09E-06
-6.25,-3.75,0,1.14E-05
-6.25,-4.25,0,4.86E-06
-6.25,-4.75,0,-9.00E-07
-6.25,-5.25,0,8.04E-06
-6.25,-5.75,0,-3.92E-06
-6.25,-6.25,0,-4.02E-06
-6.25,-6.75,0,-2.61E-06
-6.25,-7.25,0,-1.74E-06
-6.25,-7.75,0,-1.14E-06
-6.25,-8.25,0,-9.63E-07
-6.25,-8.75,0,-8.55E-07
-6.25,-9.25,0,-4.72E-07
-6.25,-9.75,0,-5.17E-07
-6.25,-10.25,0,-3.44E-07
-6.25,-10.75,0,-2.54E-07
-6.25,-11.25,0,-2.75E-07
-6.25,-11.75,0,-3.72E-07
-6.25,-12.25,0,-3.85E-07
-6.25,-12.75,0,-1.42E-07
-6.25,-13.25,0,-1.01E-06
-6.25,-13.75,0,-2.13E-06
-6.25,-14.25,0,5.69E-07
-6.25,-14.75,0,-1.38E-05
-5.75,14.75,0,-0.000158444
-5.75,14.25,0,0.000277679
-5.75,13.75,0,0.000542221
-5.75,13.25,0,0.000229285
-5.75,12.75,0,9.99E-05
-5.75,12.25,0,0.000416444
-5.75,11.75,0,0.000669314
-5.75,11.25,0,2.68E-05
-5.75,10.75,0,-0.000144858
-5.75,10.25,0,-4.45E-05
-5.75,9.75,0,-9.79E-05
-5.75,9.25,0,-6.32E-05
-5.75,8.75,0,0.000355407
-5.75,8.25,0,-0.000210067
-5.75,7.75,0,0.004048386
-5.75,7.25,0,0.000449867
-5.75,6.75,0,4.90E-01
-5.75,6.25,0,4.94E-01
-5.75,5.75,0,-2.82E-02
-5.75,5.25,0,0.010706794
-5.75,4.75,0,0.025437378
-5.75,4.25,0,-8.21E-03
-5.75,3.75,0,5.24E-01
-5.75,3.25,0,4.76E-01
-5.75,2.75,0,3.19E-02
-5.75,2.25,0,-0.013940407
-5.75,1.75,0,0.003623333
-5.75,1.25,0,1.18E-04
-5.75,0.75,0,4.99E-01
-5.75,0.25,0,4.74E-01
-5.75,-0.25,0,0.007298871
-5.75,-0.75,0,0.001943204
-5.75,-1.25,0,0.000248885
-5.75,-1.75,0,0.0005362
-5.75,-2.25,0,6.15E-05
-5.75,-2.75,0,-2.47E-05
-5.75,-3.25,0,3.78E-05
-5.75,-3.75,0,2.76E-05
-5.75,-4.25,0,8.82E-06
-5.75,-4.75,0,2.76E-06
-5.75,-5.25,0,-6.96E-06
-5.75,-5.75,0,-9.15E-06
-5.75,-6.25,0,-3.41E-06
-5.75,-6.75,0,-5.05E-07
-5.75,-7.25,0,9.18E-07
-5.75,-7.75,0,8.98E-07
-5.75,-8.25,0,9.46E-07
-5.75,-8.75,0,-1.51E-08
-5.75,-9.25,0,-3.84E-07
-5.75,-9.75,0,-5.01E-07
-5.75,-10.25,0,-5.04E-07
-5.75,-10.75,0,-3.74E-07
-5.75,-11.25,0,-3.27E-07
-5.75,-11.75,0,-1.98E-07
-5.75,-12.25,0,-5.17E-09
-5.75,-12.75,0,-2.53E-07
-5.75,-13.25,0,-1.13E-06
-5.75,-13.75,0,-2.18E-06
-5.75,-14.25,0,9.94E-07
-5.75,-14.75,0,-1.52E-05
-5.25,14.75,0,-8.95E-05
-5.25,14.25,0,-0.000171323
-5.25,13.75,0,5.28E-05
-5.25,13.25,0,0.000226456
-5.25,12.75,0,0.000262038
-5.25,12.25,0,6.61E-05
-5.25,11.75,0,-3.18E-05
-5.25,11.25,0,-8.03E-05
-5.25,10.75,0,9.23E-05
-5.25,10.25,0,0.000132167
-5.25,9.75,0,-2.03E-05
-5.25,9.25,0,0.000101147
-5.25,8.75,0,9.53E-05
-5.25,8.25,0,0.000375504
-5.25,7.75,0,0.006893188
-5.25,7.25,0,-0.005920599
-5.25,6.75,0,4.62E-01
-5.25,6.25,0,4.94E-01
-5.25,5.75,0,-0.012343525
-5.25,5.25,0,0.014284877
-5.25,4.75,0,0.001463086
-5.25,4.25,0,0.018958276
-5.25,3.75,0,4.49E-01
-5.25,3.25,0,5.03E-01
-5.25,2.75,0,0.00082891
-5.25,2.25,0,0.009887829
-5.25,1.75,0,0.009248605
-5.25,1.25,0,0.013098465
-5.25,0.75,0,4.73E-01
-5.25,0.25,0,4.75E-01
-5.25,-0.25,0,0.0135241
-5.25,-0.75,0,0.001502195
-5.25,-1.25,0,0.000688163
-5.25,-1.75,0,7.20E-05
-5.25,-2.25,0,-5.98E-05
-5.25,-2.75,0,7.50E-05
-5.25,-3.25,0,8.87E-05
-5.25,-3.75,0,3.66E-05
-5.25,-4.25,0,-6.62E-06
-5.25,-4.75,0,-9.17E-06
-5.25,-5.25,0,-7.77E-06
-5.25,-5.75,0,-4.32E-06
-5.25,-6.25,0,-1.53E-06
-5.25,-6.75,0,-1.43E-06
-5.25,-7.25,0,-1.58E-07
-5.25,-7.75,0,7.92E-08
-5.25,-8.25,0,3.15E-07
-5.25,-8.75,0,8.96E-07
-5.25,-9.25,0,1.12E-06
-5.25,-9.75,0,1.02E-06
-5.25,-10.25,0,4.45E-07
-5.25,-10.75,0,-7.15E-08
-5.25,-11.25,0,-1.94E-07
-5.25,-11.75,0,1.72E-07
-5.25,-12.25,0,4.16E-08
-5.25,-12.75,0,-3.43E-07
-5.25,-13.25,0,-1.28E-06
-5.25,-13.75,0,-2.50E-06
-5.25,-14.25,0,1.67E-06
-5.25,-14.75,0,-1.74E-05
-4.75,14.75,0,9.12E-06
-4.75,14.25,0,-3.63E-05
-4.75,13.75,0,-6.57E-05
-4.75,13.25,0,-8.60E-05
-4.75,12.75,0,-9.06E-05
-4.75,12.25,0,-7.01E-05
-4.75,11.75,0,6.90E-06
-4.75,11.25,0,7.90E-05
-4.75,10.75,0,0.000128974
-4.75,10.25,0,0.000204261
-4.75,9.75,0,0.000103085
-4.75,9.25,0,-9.11E-06
-4.75,8.75,0,0.000276359
-4.75,8.25,0,-9.40E-05
-4.75,7.75,0,0.005243702
-4.75,7.25,0,0.004443926
-4.75,6.75,0,4.89E-01
-4.75,6.25,0,4.53E-01
-4.75,5.75,0,0.018229636
-4.75,5.25,0,0.003370996
-4.75,4.75,0,0.002079562
-4.75,4.25,0,-0.002250266
-4.75,3.75,0,4.80E-01
-4.75,3.25,0,4.73E-01
-4.75,2.75,0,0.00547271
-4.75,2.25,0,0.00444119
-4.75,1.75,0,-0.001193021
-4.75,1.25,0,0.005940036
-4.75,0.75,0,4.77E-01
-4.75,0.25,0,4.71E-01
-4.75,-0.25,0,-0.010934657
-4.75,-0.75,0,0.009453383
-4.75,-1.25,0,-0.000248241
-4.75,-1.75,0,0.00035692
-4.75,-2.25,0,-0.000154712
-4.75,-2.75,0,6.36E-05
-4.75,-3.25,0,0.000102861
-4.75,-3.75,0,-5.29E-06
-4.75,-4.25,0,-1.65E-05
-4.75,-4.75,0,-1.73E-06
-4.75,-5.25,0,-1.80E-05
-4.75,-5.75,0,-1.68E-05
-4.75,-6.25,0,-9.92E-06
-4.75,-6.75,0,-4.73E-06
-4.75,-7.25,0,-1.98E-06
-4.75,-7.75,0,-1.45E-06
-4.75,-8.25,0,-4.21E-06
-4.75,-8.75,0,-2.59E-06
-4.75,-9.25,0,-1.65E-06
-4.75,-9.75,0,2.24E-07
-4.75,-10.25,0,9.00E-07
-4.75,-10.75,0,7.72E-07
-4.75,-11.25,0,5.29E-07
-4.75,-11.75,0,2.73E-07
-4.75,-12.25,0,-9.69E-08
-4.75,-12.75,0,-4.93E-07
-4.75,-13.25,0,-1.46E-06
-4.75,-13.75,0,-2.58E-06
-4.75,-14.25,0,1.85E-06
-4.75,-14.75,0,-2.03E-05
-4.25,14.75,0,7.65E-05
-4.25,14.25,0,2.34E-05
-4.25,13.75,0,3.71E-05
-4.25,13.25,0,2.79E-05
-4.25,12.75,0,2.78E-05
-4.25,12.25,0,3.03E-05
-4.25,11.75,0,3.31E-05
-4.25,11.25,0,4.32E-05
-4.25,10.75,0,8.16E-05
-4.25,10.25,0,0.000158921
-4.25,9.75,0,9.89E-05
-4.25,9.25,0,-2.72E-05
-4.25,8.75,0,0.000261537
-4.25,8.25,0,0.000798118
-4.25,7.75,0,0.001640064
-4.25,7.25,0,0.003684322
-4.25,6.75,0,4.58E-01
-4.25,6.25,0,5.01E-01
-4.25,5.75,0,-0.011731898
-4.25,5.25,0,0.005343853
-4.25,4.75,0,0.002012778
-4.25,4.25,0,0.009837826
-4.25,3.75,0,4.88E-01
-4.25,3.25,0,4.99E-01
-4.25,2.75,0,-0.020364176
-4.25,2.25,0,0.008866713
-4.25,1.75,0,0.003290334
-4.25,1.25,0,0.004871092
-4.25,0.75,0,4.83E-01
-4.25,0.25,0,4.52E-01
-4.25,-0.25,0,0.013136218
-4.25,-0.75,0,-1.65E-05
-4.25,-1.25,0,-2.10E-05
-4.25,-1.75,0,0.000346582
-4.25,-2.25,0,5.30E-05
-4.25,-2.75,0,-1.23E-05
-4.25,-3.25,0,-1.92E-05
-4.25,-3.75,0,-3.94E-05
-4.25,-4.25,0,1.27E-06
-4.25,-4.75,0,-5.36E-05
-4.25,-5.25,0,-4.06E-05
-4.25,-5.75,0,-3.02E-05
-4.25,-6.25,0,-1.66E-05
-4.25,-6.75,0,-9.18E-06
-4.25,-7.25,0,-4.69E-06
-4.25,-7.75,0,-7.80E-07
-4.25,-8.25,0,-1.49E-06
-4.25,-8.75,0,-1.17E-06
-4.25,-9.25,0,-1.00E-06
-4.25,-9.75,0,-9.44E-07
-4.25,-10.25,0,-5.90E-07
-4.25,-10.75,0,-6.42E-08
-4.25,-11.25,0,4.25E-07
-4.25,-11.75,0,7.70E-08
-4.25,-12.25,0,-2.90E-07
-4.25,-12.75,0,-6.36E-07
-4.25,-13.25,0,-1.43E-06
-4.25,-13.75,0,-2.84E-06
-4.25,-14.25,0,2.30E-06
-4.25,-14.75,0,-1.92E-05
-3.75,14.75,0,7.85E-05
-3.75,14.25,0,1.34E-05
-3.75,13.75,0,3.25E-05
-3.75,13.25,0,3.83E-05
-3.75,12.75,0,3.23E-05
-3.75,12.25,0,2.60E-05
-3.75,11.75,0,2.42E-05
-3.75,11.25,0,2.37E-05
-3.75,10.75,0,4.41E-05
-3.75,10.25,0,8.74E-05
-3.75,9.75,0,-0.000125356
-3.75,9.25,0,4.47E-05
-3.75,8.75,0,9.46E-05
-3.75,8.25,0,-9.22E-05
-3.75,7.75,0,0.004864728
-3.75,7.25,0,0.00662841
-3.75,6.75,0,4.79E-01
-3.75,6.25,0,4.73E-01
-3.75,5.75,0,0.021348197
-3.75,5.25,0,-0.00032514
-3.75,4.75,0,0.002202445
-3.75,4.25,0,0.000913824
-3.75,3.75,0,4.81E-01
-3.75,3.25,0,4.72E-01
-3.75,2.75,0,0.015023775
-3.75,2.25,0,0.004254083
-3.75,1.75,0,-0.000343463
-3.75,1.25,0,0.007643998
-3.75,0.75,0,4.96E-01
-3.75,0.25,0,4.60E-01
-3.75,-0.25,0,0.024883663
-3.75,-0.75,0,0.000512371
-3.75,-1.25,0,-0.000173884
-3.75,-1.75,0,0.000307244
-3.75,-2.25,0,0.000103557
-3.75,-2.75,0,7.33E-05
-3.75,-3.25,0,-0.00014128
-3.75,-3.75,0,2.73E-05
-3.75,-4.25,0,-5.87E-05
-3.75,-4.75,0,-0.000109164
-3.75,-5.25,0,-0.000108884
-3.75,-5.75,0,-6.28E-05
-3.75,-6.25,0,-1.81E-05
-3.75,-6.75,0,9.32E-06
-3.75,-7.25,0,7.12E-06
-3.75,-7.75,0,4.96E-06
-3.75,-8.25,0,4.61E-06
-3.75,-8.75,0,4.03E-06
-3.75,-9.25,0,2.92E-06
-3.75,-9.75,0,1.62E-06
-3.75,-10.25,0,5.15E-07
-3.75,-10.75,0,-1.21E-08
-3.75,-11.25,0,-1.81E-07
-3.75,-11.75,0,-1.82E-07
-3.75,-12.25,0,-3.85E-07
-3.75,-12.75,0,-7.06E-07
-3.75,-13.25,0,-1.89E-06
-3.75,-13.75,0,-3.18E-06
-3.75,-14.25,0,3.04E-06
-3.75,-14.75,0,-2.18E-05
-3.25,14.75,0,1.96E-05
-3.25,14.25,0,1.42E-05
-3.25,13.75,0,1.39E-05
-3.25,13.25,0,1.95E-05
-3.25,12.75,0,1.84E-05
-3.25,12.25,0,1.48E-05
-3.25,11.75,0,1.27E-05
-3.25,11.25,0,1.26E-05
-3.25,10.75,0,1.99E-05
-3.25,10.25,0,-2.33E-05
-3.25,9.75,0,-8.19E-05
-3.25,9.25,0,-4.15E-05
-3.25,8.75,0,0.00016439
-3.25,8.25,0,0.000142778
-3.25,7.75,0,0.005678203
-3.25,7.25,0,-0.013140385
-3.25,6.75,0,4.93E-01
-3.25,6.25,0,4.66E-01
-3.25,5.75,0,-0.003654721
-3.25,5.25,0,0.005861735
-3.25,4.75,0,-7.27E-05
-3.25,4.25,0,0.010957486
-3.25,3.75,0,4.69E-01
-3.25,3.25,0,4.29E-01
-3.25,2.75,0,0.015327439
-3.25,2.25,0,-0.001264215
-3.25,1.75,0,0.003852231
-3.25,1.25,0,0.001624993
-3.25,0.75,0,5.17E-01
-3.25,0.25,0,4.56E-01
-3.25,-0.25,0,0.000193251
-3.25,-0.75,0,0.003835876
-3.25,-1.25,0,0.000603244
-3.25,-1.75,0,9.98E-05
-3.25,-2.25,0,0.000169003
-3.25,-2.75,0,-8.12E-05
-3.25,-3.25,0,0.000140418
-3.25,-3.75,0,3.81E-05
-3.25,-4.25,0,2.56E-05
-3.25,-4.75,0,-8.16E-06
-3.25,-5.25,0,1.75E-05
-3.25,-5.75,0,4.17E-05
-3.25,-6.25,0,5.95E-05
-3.25,-6.75,0,5.96E-05
-3.25,-7.25,0,4.22E-05
-3.25,-7.75,0,3.95E-05
-3.25,-8.25,0,3.29E-05
-3.25,-8.75,0,1.44E-05
-3.25,-9.25,0,1.06E-05
-3.25,-9.75,0,6.05E-06
-3.25,-10.25,0,3.33E-06
-3.25,-10.75,0,1.25E-06
-3.25,-11.25,0,4.23E-07
-3.25,-11.75,0,9.47E-08
-3.25,-12.25,0,-2.39E-07
-3.25,-12.75,0,-5.94E-07
-3.25,-13.25,0,-1.80E-06
-3.25,-13.75,0,-3.30E-06
-3.25,-14.25,0,2.72E-06
-3.25,-14.75,0,-2.66E-05
-2.75,14.75,0,4.99E-06
-2.75,14.25,0,3.02E-05
-2.75,13.75,0,1.17E-06
-2.75,13.25,0,5.15E-06
-2.75,12.75,0,6.71E-06
-2.75,12.25,0,5.96E-06
-2.75,11.75,0,3.87E-06
-2.75,11.25,0,1.94E-06
-2.75,10.75,0,-1.79E-06
-2.75,10.25,0,-2.13E-05
-2.75,9.75,0,-2.36E-05
-2.75,9.25,0,-3.93E-05
-2.75,8.75,0,0.000198459
-2.75,8.25,0,0.000121754
-2.75,7.75,0,-0.00247447
-2.75,7.25,0,0.022856392
-2.75,6.75,0,4.59E-01
-2.75,6.25,0,5.14E-01
-2.75,5.75,0,-0.016892605
-2.75,5.25,0,0.007679504
-2.75,4.75,0,-0.000366103
-2.75,4.25,0,0.007711567
-2.75,3.75,0,4.81E-01
-2.75,3.25,0,5.06E-01
-2.75,2.75,0,-0.006630693
-2.75,2.25,0,0.006653105
-2.75,1.75,0,0.006344107
-2.75,1.25,0,-0.019992576
-2.75,0.75,0,4.67E-01
-2.75,0.25,0,5.02E-01
-2.75,-0.25,0,-0.015596708
-2.75,-0.75,0,0.003391946
-2.75,-1.25,0,-0.000131761
-2.75,-1.75,0,-1.85E-06
-2.75,-2.25,0,3.76E-05
-2.75,-2.75,0,7.39E-06
-2.75,-3.25,0,-1.79E-05
-2.75,-3.75,0,1.96E-05
-2.75,-4.25,0,3.07E-05
-2.75,-4.75,0,-7.80E-05
-2.75,-5.25,0,-6.43E-05
-2.75,-5.75,0,0.000129784
-2.75,-6.25,0,0.000121423
-2.75,-6.75,0,5.57E-06
-2.75,-7.25,0,6.24E-07
-2.75,-7.75,0,4.66E-06
-2.75,-8.25,0,3.27E-05
-2.75,-8.75,0,3.43E-05
-2.75,-9.25,0,2.44E-05
-2.75,-9.75,0,1.36E-05
-2.75,-10.25,0,7.47E-06
-2.75,-10.75,0,3.61E-06
-2.75,-11.25,0,1.57E-06
-2.75,-11.75,0,6.76E-07
-2.75,-12.25,0,1.25E-07
-2.75,-12.75,0,-5.62E-07
-2.75,-13.25,0,-1.85E-06
-2.75,-13.75,0,-3.16E-06
-2.75,-14.25,0,2.76E-06
-2.75,-14.75,0,-2.03E-05
-2.25,14.75,0,5.25E-05
-2.25,14.25,0,2.02E-05
-2.25,13.75,0,-3.22E-07
-2.25,13.25,0,-1.04E-06
-2.25,12.75,0,-9.44E-08
-2.25,12.25,0,1.91E-07
-2.25,11.75,0,-3.94E-07
-2.25,11.25,0,8.76E-08
-2.25,10.75,0,-3.22E-07
-2.25,10.25,0,-2.35E-06
-2.25,9.75,0,-3.27E-05
-2.25,9.25,0,-4.35E-05
-2.25,8.75,0,0.000127494
-2.25,8.25,0,-2.21E-05
-2.25,7.75,0,-0.000507606
-2.25,7.25,0,0.004795234
-2.25,6.75,0,0.001066883
-2.25,6.25,0,-0.021152796
-2.25,5.75,0,0.012152869
-2.25,5.25,0,-0.000327223
-2.25,4.75,0,-0.000219284
-2.25,4.25,0,0.010592436
-2.25,3.75,0,-0.009620225
-2.25,3.25,0,-0.007437137
-2.25,2.75,0,0.004413683
-2.25,2.25,0,0.000696227
-2.25,1.75,0,-0.001060217
-2.25,1.25,0,0.016338741
-2.25,0.75,0,-0.009959857
-2.25,0.25,0,-0.016598306
-2.25,-0.25,0,0.018268492
-2.25,-0.75,0,-0.001287529
-2.25,-1.25,0,0.000414973
-2.25,-1.75,0,-0.00014388
-2.25,-2.25,0,-0.000125242
-2.25,-2.75,0,-0.00034722
-2.25,-3.25,0,-0.000190759
-2.25,-3.75,0,-0.000362043
-2.25,-4.25,0,-9.97E-05
-2.25,-4.75,0,-0.000536498
-2.25,-5.25,0,-0.000139102
-2.25,-5.75,0,-0.000194831
-2.25,-6.25,0,-0.00049227
-2.25,-6.75,0,-0.000358902
-2.25,-7.25,0,-0.000119223
-2.25,-7.75,0,-0.000227522
-2.25,-8.25,0,-0.000234778
-2.25,-8.75,0,-5.50E-05
-2.25,-9.25,0,3.75E-05
-2.25,-9.75,0,2.76E-05
-2.25,-10.25,0,1.49E-05
-2.25,-10.75,0,7.65E-06
-2.25,-11.25,0,3.46E-06
-2.25,-11.75,0,1.50E-06
-2.25,-12.25,0,6.39E-07
-2.25,-12.75,0,-2.81E-07
-2.25,-13.25,0,-1.82E-06
-2.25,-13.75,0,-3.40E-06
-2.25,-14.25,0,4.50E-06
-2.25,-14.75,0,-2.71E-05
-1.75,14.75,0,2.82E-05
-1.75,14.25,0,9.90E-06
-1.75,13.75,0,5.55E-06
-1.75,13.25,0,-6.65E-07
-1.75,12.75,0,-1.32E-06
-1.75,12.25,0,-8.07E-07
-1.75,11.75,0,6.02E-07
-1.75,11.25,0,1.52E-06
-1.75,10.75,0,4.85E-07
-1.75,10.25,0,-2.94E-06
-1.75,9.75,0,-3.22E-05
-1.75,9.25,0,-4.24E-05
-1.75,8.75,0,5.70E-05
-1.75,8.25,0,-9.33E-06
-1.75,7.75,0,-0.000116997
-1.75,7.25,0,0.000642165
-1.75,6.75,0,0.003650534
-1.75,6.25,0,0.005518117
-1.75,5.75,0,-0.0004072
-1.75,5.25,0,-0.000418538
-1.75,4.75,0,8.46E-05
-1.75,4.25,0,0.000128518
-1.75,3.75,0,0.004794245
-1.75,3.25,0,0.002956103
-1.75,2.75,0,0.000839185
-1.75,2.25,0,-3.81E-05
-1.75,1.75,0,6.62E-05
-1.75,1.25,0,-0.000322864
-1.75,0.75,0,0.006646869
-1.75,0.25,0,0.005423948
-1.75,-0.25,0,-0.001822895
-1.75,-0.75,0,-0.000208006
-1.75,-1.25,0,-9.27E-05
-1.75,-1.75,0,0.000318273
-1.75,-2.25,0,0.000549099
-1.75,-2.75,0,8.82E-05
-1.75,-3.25,0,0.000175673
-1.75,-3.75,0,0.000248153
-1.75,-4.25,0,-0.000633659
-1.75,-4.75,0,0.000570233
-1.75,-5.25,0,-0.000949811
-1.75,-5.75,0,-0.000132189
-1.75,-6.25,0,0.000345818
-1.75,-6.75,0,0.000176984
-1.75,-7.25,0,-0.000275756
-1.75,-7.75,0,0.000319933
-1.75,-8.25,0,-2.52E-05
-1.75,-8.75,0,-0.000259761
-1.75,-9.25,0,-5.91E-05
-1.75,-9.75,0,4.21E-05
-1.75,-10.25,0,2.30E-05
-1.75,-10.75,0,1.21E-05
-1.75,-11.25,0,5.62E-06
-1.75,-11.75,0,2.62E-06
-1.75,-12.25,0,1.28E-06
-1.75,-12.75,0,1.83E-07
-1.75,-13.25,0,-1.93E-06
-1.75,-13.75,0,-3.90E-06
-1.75,-14.25,0,4.05E-06
-1.75,-14.75,0,-2.75E-05
-1.25,14.75,0,3.80E-05
-1.25,14.25,0,1.04E-06
-1.25,13.75,0,5.58E-06
-1.25,13.25,0,1.75E-06
-1.25,12.75,0,6.26E-07
-1.25,12.25,0,6.07E-07
-1.25,11.75,0,9.41E-07
-1.25,11.25,0,6.01E-07
-1.25,10.75,0,5.11E-07
-1.25,10.25,0,-3.40E-06
-1.25,9.75,0,-1.52E-05
-1.25,9.25,0,-3.81E-05
-1.25,8.75,0,-1.24E-05
-1.25,8.25,0,0.0001148
-1.25,7.75,0,5.67E-05
-1.25,7.25,0,4.35E-05
-1.25,6.75,0,-0.000243085
-1.25,6.25,0,2.65E-05
-1.25,5.75,0,0.000279007
-1.25,5.25,0,8.17E-05
-1.25,4.75,0,0.000203062
-1.25,4.25,0,-6.87E-05
-1.25,3.75,0,-0.000243606
-1.25,3.25,0,1.95E-05
-1.25,2.75,0,0.000443068
-1.25,2.25,0,0.0003216
-1.25,1.75,0,0.000154
-1.25,1.25,0,-0.000329294
-1.25,0.75,0,-0.000383537
-1.25,0.25,0,-2.19E-05
-1.25,-0.25,0,-0.000324844
-1.25,-0.75,0,-0.000584543
-1.25,-1.25,0,-0.002462046
-1.25,-1.75,0,-0.007297494
-1.25,-2.25,0,-0.00417473
-1.25,-2.75,0,-0.001512181
-1.25,-3.25,0,-0.003025196
-1.25,-3.75,0,0.002249076
-1.25,-4.25,0,-0.006369354
-1.25,-4.75,0,0.001617345
-1.25,-5.25,0,-0.001984966
-1.25,-5.75,0,-0.005925416
-1.25,-6.25,0,-0.004666207
-1.25,-6.75,0,-0.000672581
-1.25,-7.25,0,-0.007553544
-1.25,-7.75,0,0.000362467
-1.25,-8.25,0,0.000327509
-1.25,-8.75,0,-2.62E-05
-1.25,-9.25,0,-0.000242617
-1.25,-9.75,0,-7.04E-06
-1.25,-10.25,0,2.77E-05
-1.25,-10.75,0,1.76E-05
-1.25,-11.25,0,8.20E-06
-1.25,-11.75,0,3.64E-06
-1.25,-12.25,0,1.88E-06
-1.25,-12.75,0,6.87E-07
-1.25,-13.25,0,-1.68E-06
-1.25,-13.75,0,-4.45E-06
-1.25,-14.25,0,5.59E-06
-1.25,-14.75,0,-2.74E-05
-0.75,14.75,0,2.54E-05
-0.75,14.25,0,-4.15E-06
-0.75,13.75,0,5.16E-06
-0.75,13.25,0,1.92E-06
-0.75,12.75,0,8.52E-07
-0.75,12.25,0,6.09E-07
-0.75,11.75,0,4.69E-07
-0.75,11.25,0,1.06E-07
-0.75,10.75,0,-6.31E-08
-0.75,10.25,0,-2.71E-06
-0.75,9.75,0,-8.56E-06
-0.75,9.25,0,-2.16E-05
-0.75,8.75,0,-3.03E-05
-0.75,8.25,0,3.54E-05
-0.75,7.75,0,0.000109124
-0.75,7.25,0,9.27E-05
-0.75,6.75,0,0.000115369
-0.75,6.25,0,4.23E-05
-0.75,5.75,0,-9.36E-05
-0.75,5.25,0,0.000259731
-0.75,4.75,0,0.00025671
-0.75,4.25,0,-4.24E-06
-0.75,3.75,0,6.35E-05
-0.75,3.25,0,0.000130391
-0.75,2.75,0,3.91E-05
-0.75,2.25,0,0.000106071
-0.75,1.75,0,0.000148986
-0.75,1.25,0,-3.46E-05
-0.75,0.75,0,-5.25E-06
-0.75,0.25,0,0.00041527
-0.75,-0.25,0,-0.001833613
-0.75,-0.75,0,-0.004393399
-0.75,-1.25,0,-0.003257386
-0.75,-1.75,0,0.009040204
-0.75,-2.25,0,-0.003622643
-0.75,-2.75,0,-0.017915372
-0.75,-3.25,0,0.000794233
-0.75,-3.75,0,-0.032142479
-0.75,-4.25,0,0.015926206
-0.75,-4.75,0,-0.012912418
-0.75,-5.25,0,-0.005274295
-0.75,-5.75,0,0.007634975
-0.75,-6.25,0,-0.005109923
-0.75,-6.75,0,-0.007871633
-0.75,-7.25,0,0.020796998
-0.75,-7.75,0,-0.014602943
-0.75,-8.25,0,0.000675212
-0.75,-8.75,0,0.000194958
-0.75,-9.25,0,-0.000170121
-0.75,-9.75,0,-7.18E-05
-0.75,-10.25,0,2.83E-05
-0.75,-10.75,0,2.01E-05
-0.75,-11.25,0,9.09E-06
-0.75,-11.75,0,4.52E-06
-0.75,-12.25,0,2.40E-06
-0.75,-12.75,0,1.20E-06
-0.75,-13.25,0,-1.33E-06
-0.75,-13.75,0,-4.78E-06
-0.75,-14.25,0,3.52E-06
-0.75,-14.75,0,-3.37E-05
-0.25,14.75,0,2.42E-05
-0.25,14.25,0,-4.36E-06
-0.25,13.75,0,4.70E-06
-0.25,13.25,0,1.76E-06
-0.25,12.75,0,7.55E-07
-0.25,12.25,0,3.58E-07
-0.25,11.75,0,2.46E-07
-0.25,11.25,0,3.12E-07
-0.25,10.75,0,1.32E-07
-0.25,10.25,0,-1.47E-06
-0.25,9.75,0,-5.38E-06
-0.25,9.25,0,-1.15E-05
-0.25,8.75,0,-2.39E-05
-0.25,8.25,0,-3.08E-05
-0.25,7.75,0,2.06E-05
-0.25,7.25,0,8.21E-05
-0.25,6.75,0,5.30E-05
-0.25,6.25,0,7.08E-05
-0.25,5.75,0,7.23E-05
-0.25,5.25,0,-7.86E-05
-0.25,4.75,0,-5.04E-05
-0.25,4.25,0,5.27E-05
-0.25,3.75,0,3.40E-05
-0.25,3.25,0,8.47E-06
-0.25,2.75,0,4.87E-05
-0.25,2.25,0,-3.40E-05
-0.25,1.75,0,0.000151461
-0.25,1.25,0,-8.45E-05
-0.25,0.75,0,0.000147972
-0.25,0.25,0,-9.06E-05
-0.25,-0.25,0,-0.005804593
-0.25,-0.75,0,0.008618381
-0.25,-1.25,0,-4.71E-01
-0.25,-1.75,0,-4.85E-01
-0.25,-2.25,0,-4.70E-01
-0.25,-2.75,0,-4.59E-01
-0.25,-3.25,0,-4.78E-01
-0.25,-3.75,0,-4.51E-01
-0.25,-4.25,0,-5.16E-01
-0.25,-4.75,0,-4.78E-01
-0.25,-5.25,0,-4.86E-01
-0.25,-5.75,0,-4.71E-01
-0.25,-6.25,0,-4.68E-01
-0.25,-6.75,0,-4.93E-01
-0.25,-7.25,0,-4.86E-01
-0.25,-7.75,0,0.008865243
-0.25,-8.25,0,-0.006682541
-0.25,-8.75,0,0.000563106
-0.25,-9.25,0,-0.000135301
-0.25,-9.75,0,-8.24E-05
-0.25,-10.25,0,7.16E-06
-0.25,-10.75,0,1.52E-05
-0.25,-11.25,0,8.31E-06
-0.25,-11.75,0,4.93E-06
-0.25,-12.25,0,2.94E-06
-0.25,-12.75,0,1.67E-06
-0.25,-13.25,0,-1.04E-06
-0.25,-13.75,0,-5.07E-06
-0.25,-14.25,0,6.61E-06
-0.25,-14.75,0,-3.38E-05
0.25,14.75,0,2.10E-05
0.25,14.25,0,-2.55E-06
0.25,13.75,0,3.75E-06
0.25,13.25,0,1.58E-06
0.25,12.75,0,6.09E-07
0.25,12.25,0,2.49E-07
0.25,11.75,0,-2.32E-08
0.25,11.25,0,-4.05E-07
0.25,10.75,0,2.59E-07
0.25,10.25,0,-4.22E-07
0.25,9.75,0,-2.32E-06
0.25,9.25,0,-5.56E-06
0.25,8.75,0,-1.10E-05
0.25,8.25,0,-1.50E-05
0.25,7.75,0,-1.21E-05
0.25,7.25,0,3.78E-06
0.25,6.75,0,6.99E-06
0.25,6.25,0,-1.98E-05
0.25,5.75,0,-4.72E-05
0.25,5.25,0,-7.85E-05
0.25,4.75,0,-7.06E-05
0.25,4.25,0,-4.58E-05
0.25,3.75,0,-1.97E-06
0.25,3.25,0,4.74E-06
0.25,2.75,0,-5.82E-05
0.25,2.25,0,9.37E-05
0.25,1.75,0,-0.000132723
0.25,1.25,0,-7.74E-06
0.25,0.75,0,-0.00045417
0.25,0.25,0,0.000249867
0.25,-0.25,0,-0.005131431
0.25,-0.75,0,-0.001250474
0.25,-1.25,0,-4.78E-01
0.25,-1.75,0,-4.94E-01
0.25,-2.25,0,-4.73E-01
0.25,-2.75,0,-5.55E-01
0.25,-3.25,0,-4.44E-01
0.25,-3.75,0,-5.03E-01
0.25,-4.25,0,-4.29E-01
0.25,-4.75,0,-4.88E-01
0.25,-5.25,0,-4.71E-01
0.25,-5.75,0,-4.85E-01
0.25,-6.25,0,-4.76E-01
0.25,-6.75,0,-4.79E-01
0.25,-7.25,0,-5.02E-01
0.25,-7.75,0,0.032954489
0.25,-8.25,0,-0.009832183
0.25,-8.75,0,0.000475879
0.25,-9.25,0,-0.000123982
0.25,-9.75,0,-7.89E-05
0.25,-10.25,0,-9.51E-06
0.25,-10.75,0,5.78E-06
0.25,-11.25,0,6.51E-06
0.25,-11.75,0,5.10E-06
0.25,-12.25,0,3.43E-06
0.25,-12.75,0,2.13E-06
0.25,-13.25,0,-3.23E-07
0.25,-13.75,0,-4.99E-06
0.25,-14.25,0,1.09E-05
0.25,-14.75,0,-3.77E-05
0.75,14.75,0,2.21E-05
0.75,14.25,0,-3.07E-06
0.75,13.75,0,3.14E-06
0.75,13.25,0,1.53E-06
0.75,12.75,0,4.92E-07
0.75,12.25,0,9.66E-08
0.75,11.75,0,-2.69E-07
0.75,11.25,0,-6.11E-07
0.75,10.75,0,-1.92E-07
0.75,10.25,0,2.82E-07
0.75,9.75,0,-5.19E-07
0.75,9.25,0,-2.16E-06
0.75,8.75,0,-4.71E-06
0.75,8.25,0,-7.03E-06
0.75,7.75,0,-7.57E-06
0.75,7.25,0,-5.68E-06
0.75,6.75,0,-4.51E-06
0.75,6.25,0,-9.53E-06
0.75,5.75,0,-1.63E-05
0.75,5.25,0,-2.31E-05
0.75,4.75,0,-2.39E-05
0.75,4.25,0,-1.91E-05
0.75,3.75,0,-2.68E-06
0.75,3.25,0,-4.28E-06
0.75,2.75,0,2.36E-05
0.75,2.25,0,-3.83E-05
0.75,1.75,0,3.51E-05
0.75,1.25,0,1.32E-05
0.75,0.75,0,-0.000286657
0.75,0.25,0,-0.000131605
0.75,-0.25,0,-0.002063397
0.75,-0.75,0,0.004048986
0.75,-1.25,0,-4.91E-01
0.75,-1.75,0,-4.67E-01
0.75,-2.25,0,-4.76E-01
0.75,-2.75,0,3.88E-02
0.75,-3.25,0,-2.39E-02
0.75,-3.75,0,-0.023881368
0.75,-4.25,0,-0.013353348
0.75,-4.75,0,-0.008262516
0.75,-5.25,0,-0.011603995
0.75,-5.75,0,0.00591932
0.75,-6.25,0,7.65E-05
0.75,-6.75,0,-0.017115034
0.75,-7.25,0,0.01276791
0.75,-7.75,0,-0.018523605
0.75,-8.25,0,0.00104734
0.75,-8.75,0,0.000146697
0.75,-9.25,0,-9.15E-05
0.75,-9.75,0,-5.59E-05
0.75,-10.25,0,-2.23E-05
0.75,-10.75,0,-3.00E-06
0.75,-11.25,0,5.83E-06
0.75,-11.75,0,5.38E-06
0.75,-12.25,0,3.85E-06
0.75,-12.75,0,2.54E-06
0.75,-13.25,0,4.51E-07
0.75,-13.75,0,-3.99E-06
0.75,-14.25,0,1.28E-05
0.75,-14.75,0,-3.11E-05
1.25,14.75,0,1.93E-05
1.25,14.25,0,-2.67E-06
1.25,13.75,0,3.06E-06
1.25,13.25,0,1.31E-06
1.25,12.75,0,3.65E-07
1.25,12.25,0,-3.57E-08
1.25,11.75,0,-3.41E-07
1.25,11.25,0,-5.28E-07
1.25,10.75,0,-8.02E-07
1.25,10.25,0,-5.34E-07
1.25,9.75,0,1.98E-07
1.25,9.25,0,-3.17E-07
1.25,8.75,0,-1.24E-06
1.25,8.25,0,-2.16E-06
1.25,7.75,0,-3.09E-06
1.25,7.25,0,-2.85E-06
1.25,6.75,0,-3.16E-06
1.25,6.25,0,-5.54E-06
1.25,5.75,0,-1.01E-05
1.25,5.25,0,-1.06E-05
1.25,4.75,0,-1.07E-05
1.25,4.25,0,-7.09E-06
1.25,3.75,0,-1.68E-06
1.25,3.25,0,6.18E-06
1.25,2.75,0,1.00E-06
1.25,2.25,0,1.21E-05
1.25,1.75,0,2.58E-05
1.25,1.25,0,6.99E-05
1.25,0.75,0,-0.000178028
1.25,0.25,0,6.61E-05
1.25,-0.25,0,0.00139681
1.25,-0.75,0,-0.021043908
1.25,-1.25,0,0.035115068
1.25,-1.75,0,-5.32E-01
1.25,-2.25,0,-4.44E-01
1.25,-2.75,0,-5.04E-01
1.25,-3.25,0,1.21E-02
1.25,-3.75,0,0.004408831
1.25,-4.25,0,-0.019250097
1.25,-4.75,0,-0.000428609
1.25,-5.25,0,0.000208111
1.25,-5.75,0,-0.004687019
1.25,-6.25,0,-0.00377111
1.25,-6.75,0,-0.000639096
1.25,-7.25,0,-0.00301495
1.25,-7.75,0,-9.74E-05
1.25,-8.25,0,0.00092942
1.25,-8.75,0,8.23E-05
1.25,-9.25,0,-0.000112451
1.25,-9.75,0,-4.99E-05
1.25,-10.25,0,-1.26E-05
1.25,-10.75,0,2.99E-06
1.25,-11.25,0,7.88E-06
1.25,-11.75,0,6.49E-06
1.25,-12.25,0,4.14E-06
1.25,-12.75,0,2.68E-06
1.25,-13.25,0,7.61E-07
1.25,-13.75,0,-3.64E-06
1.25,-14.25,0,1.12E-05
1.25,-14.75,0,-3.54E-05
1.75,14.75,0,2.03E-05
1.75,14.25,0,-1.50E-06
1.75,13.75,0,2.74E-06
1.75,13.25,0,1.24E-06
1.75,12.75,0,2.61E-07
1.75,12.25,0,-2.34E-07
1.75,11.75,0,3.00E-08
1.75,11.25,0,1.41E-07
1.75,10.75,0,-1.30E-07
1.75,10.25,0,-8.76E-07
1.75,9.75,0,-8.87E-07
1.75,9.25,0,1.33E-07
1.75,8.75,0,1.09E-07
1.75,8.25,0,-2.38E-07
1.75,7.75,0,-4.75E-07
1.75,7.25,0,-8.28E-07
1.75,6.75,0,-1.04E-06
1.75,6.25,0,-2.06E-06
1.75,5.75,0,-3.25E-06
1.75,5.25,0,-2.93E-06
1.75,4.75,0,-1.89E-06
1.75,4.25,0,-2.85E-06
1.75,3.75,0,1.05E-06
1.75,3.25,0,2.20E-06
1.75,2.75,0,-2.71E-06
1.75,2.25,0,-8.06E-07
1.75,1.75,0,4.31E-05
1.75,1.25,0,9.76E-05
1.75,0.75,0,-0.000107144
1.75,0.25,0,-0.000190732
1.75,-0.25,0,0.000429406
1.75,-0.75,0,0.002294929
1.75,-1.25,0,-0.024073761
1.75,-1.75,0,0.018828275
1.75,-2.25,0,-5.01E-01
1.75,-2.75,0,-4.97E-01
1.75,-3.25,0,-4.91E-01
1.75,-3.75,0,-4.84E-01
1.75,-4.25,0,0.021152381
1.75,-4.75,0,-0.01074768
1.75,-5.25,0,-0.011556748
1.75,-5.75,0,-0.002952454
1.75,-6.25,0,-0.003930814
1.75,-6.75,0,0.000217048
1.75,-7.25,0,-0.001100959
1.75,-7.75,0,-0.000128688
1.75,-8.25,0,-0.000118687
1.75,-8.75,0,-0.00010817
1.75,-9.25,0,-0.000163386
1.75,-9.75,0,2.10E-05
1.75,-10.25,0,2.44E-05
1.75,-10.75,0,5.20E-06
1.75,-11.25,0,6.50E-06
1.75,-11.75,0,6.59E-06
1.75,-12.25,0,3.13E-06
1.75,-12.75,0,1.57E-06
1.75,-13.25,0,9.24E-07
1.75,-13.75,0,-2.46E-06
1.75,-14.25,0,9.81E-06
1.75,-14.75,0,-3.79E-05
2.25,14.75,0,1.69E-05
2.25,14.25,0,-3.13E-06
2.25,13.75,0,2.65E-06
2.25,13.25,0,1.11E-06
2.25,12.75,0,1.54E-07
2.25,12.25,0,-3.14E-08
2.25,11.75,0,3.11E-07
2.25,11.25,0,2.57E-07
2.25,10.75,0,2.94E-07
2.25,10.25,0,6.40E-08
2.25,9.75,0,-6.29E-07
2.25,9.25,0,-1.36E-06
2.25,8.75,0,-1.06E-06
2.25,8.25,0,2.74E-08
2.25,7.75,0,2.46E-07
2.25,7.25,0,3.75E-07
2.25,6.75,0,3.48E-07
2.25,6.25,0,2.34E-07
2.25,5.75,0,-2.72E-07
2.25,5.25,0,1.04E-07
2.25,4.75,0,-7.61E-06
2.25,4.25,0,4.20E-06
2.25,3.75,0,2.07E-06
2.25,3.25,0,-8.72E-06
2.25,2.75,0,1.34E-05
2.25,2.25,0,9.84E-06
2.25,1.75,0,5.33E-05
2.25,1.25,0,0.000132478
2.25,0.75,0,0.00010598
2.25,0.25,0,-0.000140633
2.25,-0.25,0,-0.00078836
2.25,-0.75,0,0.000666026
2.25,-1.25,0,0.00075884
2.25,-1.75,0,-0.009703513
2.25,-2.25,0,-0.003197199
2.25,-2.75,0,0.017496299
2.25,-3.25,0,-4.88E-01
2.25,-3.75,0,-5.07E-01
2.25,-4.25,0,-4.43E-01
2.25,-4.75,0,-5.14E-01
2.25,-5.25,0,-0.004111555
2.25,-5.75,0,0.009793264
2.25,-6.25,0,-0.008735805
2.25,-6.75,0,-0.005039903
2.25,-7.25,0,-0.000610125
2.25,-7.75,0,0.000101265
2.25,-8.25,0,-0.00065004
2.25,-8.75,0,-0.000196249
2.25,-9.25,0,-0.000106748
2.25,-9.75,0,9.09E-05
2.25,-10.25,0,-2.04E-05
2.25,-10.75,0,-2.53E-05
2.25,-11.25,0,-3.74E-06
2.25,-11.75,0,6.23E-06
2.25,-12.25,0,-5.07E-07
2.25,-12.75,0,9.39E-08
2.25,-13.25,0,9.19E-07
2.25,-13.75,0,-2.49E-06
2.25,-14.25,0,-3.07E-06
2.25,-14.75,0,-5.69E-05
2.75,14.75,0,1.75E-05
2.75,14.25,0,-2.95E-06
2.75,13.75,0,2.23E-06
2.75,13.25,0,9.88E-07
2.75,12.75,0,3.40E-08
2.75,12.25,0,3.54E-07
2.75,11.75,0,3.38E-07
2.75,11.25,0,2.40E-07
2.75,10.75,0,2.30E-07
2.75,10.25,0,3.21E-07
2.75,9.75,0,2.98E-07
2.75,9.25,0,2.91E-08
2.75,8.75,0,-5.68E-07
2.75,8.25,0,-1.47E-06
2.75,7.75,0,-1.56E-06
2.75,7.25,0,-1.57E-06
2.75,6.75,0,-1.72E-06
2.75,6.25,0,-2.34E-06
2.75,5.75,0,-3.27E-06
2.75,5.25,0,-8.02E-07
2.75,4.75,0,4.60E-06
2.75,4.25,0,2.58E-08
2.75,3.75,0,-7.41E-06
2.75,3.25,0,6.57E-06
2.75,2.75,0,-6.93E-08
2.75,2.25,0,1.05E-05
2.75,1.75,0,4.01E-05
2.75,1.25,0,7.75E-05
2.75,0.75,0,7.59E-05
2.75,0.25,0,-6.85E-05
2.75,-0.25,0,-0.000626424
2.75,-0.75,0,-0.000551008
2.75,-1.25,0,0.000792089
2.75,-1.75,0,0.000945395
2.75,-2.25,0,-0.003302494
2.75,-2.75,0,-0.005460716
2.75,-3.25,0,-0.018914015
2.75,-3.75,0,0.042453757
2.75,-4.25,0,-5.10E-01
2.75,-4.75,0,-4.56E-01
2.75,-5.25,0,-4.22E-01
2.75,-5.75,0,-5.17E-01
2.75,-6.25,0,0.02185568
2.75,-6.75,0,0.004454091
2.75,-7.25,0,-0.010146948
2.75,-7.75,0,0.000683211
2.75,-8.25,0,0.000668857
2.75,-8.75,0,-0.000318073
2.75,-9.25,0,-0.000217303
2.75,-9.75,0,5.19E-05
2.75,-10.25,0,-8.58E-05
2.75,-10.75,0,-5.74E-05
2.75,-11.25,0,5.40E-06
2.75,-11.75,0,1.05E-05
2.75,-12.25,0,-4.33E-06
2.75,-12.75,0,1.12E-06
2.75,-13.25,0,2.48E-06
2.75,-13.75,0,-1.51E-06
2.75,-14.25,0,-9.25E-06
2.75,-14.75,0,-4.84E-05
3.25,14.75,0,1.92E-05
3.25,14.25,0,-2.15E-06
3.25,13.75,0,1.83E-06
3.25,13.25,0,7.81E-07
3.25,12.75,0,-6.34E-08
3.25,12.25,0,4.26E-07
3.25,11.75,0,3.68E-07
3.25,11.25,0,2.17E-07
3.25,10.75,0,1.51E-07
3.25,10.25,0,1.96E-07
3.25,9.75,0,2.46E-07
3.25,9.25,0,3.15E-07
3.25,8.75,0,2.91E-07
3.25,8.25,0,1.44E-07
3.25,7.75,0,-9.07E-08
3.25,7.25,0,-1.21E-07
3.25,6.75,0,-1.69E-07
3.25,6.25,0,-5.99E-08
3.25,5.75,0,8.85E-07
3.25,5.25,0,3.02E-06
3.25,4.75,0,1.29E-06
3.25,4.25,0,-4.39E-06
3.25,3.75,0,-7.60E-08
3.25,3.25,0,7.82E-07
3.25,2.75,0,1.75E-06
3.25,2.25,0,8.30E-06
3.25,1.75,0,1.68E-05
3.25,1.25,0,1.96E-05
3.25,0.75,0,-0.000103693
3.25,0.25,0,0.000217319
3.25,-0.25,0,4.85E-05
3.25,-0.75,0,-0.000237822
3.25,-1.25,0,-0.006702334
3.25,-1.75,0,-0.005654023
3.25,-2.25,0,-0.005139756
3.25,-2.75,0,-0.004097324
3.25,-3.25,0,-0.006888684
3.25,-3.75,0,-0.020583566
3.25,-4.25,0,-0.004986003
3.25,-4.75,0,-1.00E-02
3.25,-5.25,0,-5.32E-01
3.25,-5.75,0,-4.68E-01
3.25,-6.25,0,-4.74E-01
3.25,-6.75,0,-5.12E-01
3.25,-7.25,0,0.024112483
3.25,-7.75,0,-0.029047827
3.25,-8.25,0,0.002954392
3.25,-8.75,0,-6.02E-05
3.25,-9.25,0,-0.000235879
3.25,-9.75,0,0.000187882
3.25,-10.25,0,-9.69E-07
3.25,-10.75,0,2.58E-05
3.25,-11.25,0,6.93E-05
3.25,-11.75,0,7.61E-06
3.25,-12.25,0,7.79E-06
3.25,-12.75,0,7.68E-06
3.25,-13.25,0,-7.98E-06
3.25,-13.75,0,-3.14E-06
3.25,-14.25,0,-2.04E-05
3.25,-14.75,0,-7.35E-05
3.75,14.75,0,1.28E-05
3.75,14.25,0,-1.14E-06
3.75,13.75,0,1.75E-06
3.75,13.25,0,6.85E-07
3.75,12.75,0,-8.02E-08
3.75,12.25,0,6.04E-07
3.75,11.75,0,3.67E-07
3.75,11.25,0,1.92E-07
3.75,10.75,0,1.11E-07
3.75,10.25,0,1.17E-07
3.75,9.75,0,1.47E-07
3.75,9.25,0,1.99E-07
3.75,8.75,0,2.58E-07
3.75,8.25,0,3.25E-07
3.75,7.75,0,2.63E-07
3.75,7.25,0,3.67E-07
3.75,6.75,0,4.92E-07
3.75,6.25,0,8.26E-07
3.75,5.75,0,1.64E-06
3.75,5.25,0,9.30E-07
3.75,4.75,0,-2.80E-06
3.75,4.25,0,-8.97E-07
3.75,3.75,0,3.47E-06
3.75,3.25,0,-2.33E-07
3.75,2.75,0,2.72E-06
3.75,2.25,0,8.17E-06
3.75,1.75,0,1.09E-05
3.75,1.25,0,-2.65E-05
3.75,0.75,0,-5.91E-05
3.75,0.25,0,0.000126393
3.75,-0.25,0,-0.000367534
3.75,-0.75,0,-0.009106729
3.75,-1.25,0,0.00772061
3.75,-1.75,0,0.002176032
3.75,-2.25,0,0.01112685
3.75,-2.75,0,-0.001397152
3.75,-3.25,0,-0.004615871
3.75,-3.75,0,0.003485605
3.75,-4.25,0,0.001124318
3.75,-4.75,0,-9.93E-03
3.75,-5.25,0,1.84E-02
3.75,-5.75,0,4.45E-03
3.75,-6.25,0,-4.98E-01
3.75,-6.75,0,-4.65E-01
3.75,-7.25,0,-4.96E-01
3.75,-7.75,0,0.021743989
3.75,-8.25,0,-0.006853659
3.75,-8.75,0,-0.000208444
3.75,-9.25,0,-0.000199515
3.75,-9.75,0,0.000159888
3.75,-10.25,0,0.000332657
3.75,-10.75,0,0.000198345
3.75,-11.25,0,-4.17E-07
3.75,-11.75,0,-2.55E-05
3.75,-12.25,0,-1.71E-05
3.75,-12.75,0,-3.04E-05
3.75,-13.25,0,-2.81E-05
3.75,-13.75,0,-7.65E-06
3.75,-14.25,0,-4.37E-05
3.75,-14.75,0,-6.98E-05
4.25,14.75,0,1.35E-05
4.25,14.25,0,-1.68E-06
4.25,13.75,0,1.42E-06
4.25,13.25,0,5.99E-07
4.25,12.75,0,-7.32E-08
4.25,12.25,0,5.39E-07
4.25,11.75,0,3.66E-07
4.25,11.25,0,1.86E-07
4.25,10.75,0,9.05E-08
4.25,10.25,0,7.55E-08
4.25,9.75,0,9.28E-08
4.25,9.25,0,1.29E-07
4.25,8.75,0,1.68E-07
4.25,8.25,0,1.95E-07
4.25,7.75,0,2.31E-07
4.25,7.25,0,3.18E-07
4.25,6.75,0,4.85E-07
4.25,6.25,0,8.30E-07
4.25,5.75,0,5.14E-07
4.25,5.25,0,-1.51E-06
4.25,4.75,0,-1.13E-06
4.25,4.25,0,2.44E-07
4.25,3.75,0,6.08E-08
4.25,3.25,0,9.72E-07
4.25,2.75,0,4.71E-06
4.25,2.25,0,1.02E-05
4.25,1.75,0,1.71E-05
4.25,1.25,0,-5.21E-05
4.25,0.75,0,-0.000174774
4.25,0.25,0,0.000352484
4.25,-0.25,0,-0.006473648
4.25,-0.75,0,0.011890593
4.25,-1.25,0,-4.81E-01
4.25,-1.75,0,-4.90E-01
4.25,-2.25,0,-4.92E-01
4.25,-2.75,0,-4.86E-01
4.25,-3.25,0,-4.72E-01
4.25,-3.75,0,-4.67E-01
4.25,-4.25,0,-5.05E-01
4.25,-4.75,0,-4.97E-01
4.25,-5.25,0,-4.58E-01
4.25,-5.75,0,-5.07E-01
4.25,-6.25,0,-4.59E-01
4.25,-6.75,0,-4.95E-01
4.25,-7.25,0,-4.60E-01
4.25,-7.75,0,-0.007727759
4.25,-8.25,0,-0.004111435
4.25,-8.75,0,0.000638461
4.25,-9.25,0,-0.00030176
4.25,-9.75,0,-0.00018095
4.25,-10.25,0,-0.000158269
4.25,-10.75,0,-0.000165382
4.25,-11.25,0,-0.00010662
4.25,-11.75,0,-5.76E-05
4.25,-12.25,0,-9.53E-05
4.25,-12.75,0,-0.000110203
4.25,-13.25,0,-0.00011678
4.25,-13.75,0,-7.66E-05
4.25,-14.25,0,-1.29E-05
4.25,-14.75,0,-0.000125347
4.75,14.75,0,1.30E-05
4.75,14.25,0,-1.41E-06
4.75,13.75,0,1.48E-06
4.75,13.25,0,5.90E-07
4.75,12.75,0,-5.03E-09
4.75,12.25,0,6.26E-07
4.75,11.75,0,3.89E-07
4.75,11.25,0,1.85E-07
4.75,10.75,0,8.37E-08
4.75,10.25,0,5.82E-08
4.75,9.75,0,5.86E-08
4.75,9.25,0,7.59E-08
4.75,8.75,0,1.06E-07
4.75,8.25,0,1.32E-07
4.75,7.75,0,1.72E-07
4.75,7.25,0,2.62E-07
4.75,6.75,0,4.14E-07
4.75,6.25,0,2.61E-07
4.75,5.75,0,-7.78E-07
4.75,5.25,0,-8.30E-07
4.75,4.75,0,-4.42E-07
4.75,4.25,0,1.82E-06
4.75,3.75,0,-1.15E-07
4.75,3.25,0,1.71E-06
4.75,2.75,0,6.40E-06
4.75,2.25,0,1.41E-05
4.75,1.75,0,3.49E-05
4.75,1.25,0,-2.16E-05
4.75,0.75,0,-0.000229139
4.75,0.25,0,2.94E-05
4.75,-0.25,0,-0.000782509
4.75,-0.75,0,0.003043308
4.75,-1.25,0,-4.91E-01
4.75,-1.75,0,-4.72E-01
4.75,-2.25,0,-4.89E-01
4.75,-2.75,0,-4.33E-01
4.75,-3.25,0,-5.14E-01
4.75,-3.75,0,-4.93E-01
4.75,-4.25,0,-4.67E-01
4.75,-4.75,0,-4.80E-01
4.75,-5.25,0,-4.78E-01
4.75,-5.75,0,-4.94E-01
4.75,-6.25,0,-4.84E-01
4.75,-6.75,0,-4.53E-01
4.75,-7.25,0,-4.77E-01
4.75,-7.75,0,0.009360836
4.75,-8.25,0,-0.005368021
4.75,-8.75,0,2.12E-05
4.75,-9.25,0,-0.000175805
4.75,-9.75,0,-0.00014815
4.75,-10.25,0,-0.000133269
4.75,-10.75,0,-0.000205238
4.75,-11.25,0,-0.000209661
4.75,-11.75,0,-0.000118618
4.75,-12.25,0,-2.88E-05
4.75,-12.75,0,-6.60E-05
4.75,-13.25,0,-9.48E-05
4.75,-13.75,0,-1.80E-05
4.75,-14.25,0,5.97E-05
4.75,-14.75,0,-1.36E-05
5.25,14.75,0,1.15E-05
5.25,14.25,0,-1.86E-06
5.25,13.75,0,1.30E-06
5.25,13.25,0,5.47E-07
5.25,12.75,0,1.34E-09
5.25,12.25,0,5.93E-07
5.25,11.75,0,3.77E-07
5.25,11.25,0,1.94E-07
5.25,10.75,0,9.05E-08
5.25,10.25,0,5.18E-08
5.25,9.75,0,4.49E-08
5.25,9.25,0,5.39E-08
5.25,8.75,0,7.19E-08
5.25,8.25,0,9.66E-08
5.25,7.75,0,1.43E-07
5.25,7.25,0,2.00E-07
5.25,6.75,0,1.36E-07
5.25,6.25,0,-3.77E-07
5.25,5.75,0,-4.88E-07
5.25,5.25,0,-4.61E-07
5.25,4.75,0,-1.04E-07
5.25,4.25,0,1.64E-06
5.25,3.75,0,-1.94E-07
5.25,3.25,0,1.87E-06
5.25,2.75,0,7.31E-06
5.25,2.25,0,1.82E-05
5.25,1.75,0,4.63E-05
5.25,1.25,0,2.89E-05
5.25,0.75,0,-0.000208968
5.25,0.25,0,4.60E-05
5.25,-0.25,0,0.000196615
5.25,-0.75,0,-0.011979883
5.25,-1.25,0,0.001886116
5.25,-1.75,0,-0.000227455
5.25,-2.25,0,-0.006179103
5.25,-2.75,0,-0.016405354
5.25,-3.25,0,0.016176475
5.25,-3.75,0,-0.003860816
5.25,-4.25,0,0.001152375
5.25,-4.75,0,-0.008430332
5.25,-5.25,0,0.002970115
5.25,-5.75,0,-0.016174126
5.25,-6.25,0,-0.002422449
5.25,-6.75,0,-0.010038545
5.25,-7.25,0,-0.012028575
5.25,-7.75,0,-0.005496937
5.25,-8.25,0,-0.000783907
5.25,-8.75,0,-4.71E-05
5.25,-9.25,0,0.000116869
5.25,-9.75,0,0.000235153
5.25,-10.25,0,-0.000383726
5.25,-10.75,0,-0.000197368
5.25,-11.25,0,0.000207544
5.25,-11.75,0,0.000144378
5.25,-12.25,0,0.000138243
5.25,-12.75,0,5.01E-05
5.25,-13.25,0,-2.79E-05
5.25,-13.75,0,-0.000101675
5.25,-14.25,0,1.07E-05
5.25,-14.75,0,-2.75E-05
5.75,14.75,0,1.20E-05
5.75,14.25,0,-1.49E-06
5.75,13.75,0,1.18E-06
5.75,13.25,0,4.97E-07
5.75,12.75,0,9.59E-09
5.75,12.25,0,5.92E-07
5.75,11.75,0,3.49E-07
5.75,11.25,0,1.97E-07
5.75,10.75,0,9.43E-08
5.75,10.25,0,5.18E-08
5.75,9.75,0,3.90E-08
5.75,9.25,0,4.04E-08
5.75,8.75,0,5.24E-08
5.75,8.25,0,7.15E-08
5.75,7.75,0,9.49E-08
5.75,7.25,0,6.44E-08
5.75,6.75,0,-1.75E-07
5.75,6.25,0,-2.83E-07
5.75,5.75,0,-2.88E-07
5.75,5.25,0,-2.95E-07
5.75,4.75,0,5.39E-08
5.75,4.25,0,1.24E-06
5.75,3.75,0,-1.18E-07
5.75,3.25,0,1.63E-06
5.75,2.75,0,6.60E-06
5.75,2.25,0,1.75E-05
5.75,1.75,0,4.22E-05
5.75,1.25,0,5.15E-05
5.75,0.75,0,-0.000131125
5.75,0.25,0,-1.18E-05
5.75,-0.25,0,7.42E-05
5.75,-0.75,0,0.000340056
5.75,-1.25,0,-0.000485706
5.75,-1.75,0,-0.003610082
5.75,-2.25,0,-0.002956037
5.75,-2.75,0,-0.000634073
5.75,-3.25,0,-0.008621493
5.75,-3.75,0,-0.003142039
5.75,-4.25,0,-0.002946643
5.75,-4.75,0,-0.002290384
5.75,-5.25,0,-0.002922352
5.75,-5.75,0,-8.10E-05
5.75,-6.25,0,-0.002362208
5.75,-6.75,0,-0.000485345
5.75,-7.25,0,-0.000596396
5.75,-7.75,0,-0.000171433
5.75,-8.25,0,7.31E-05
5.75,-8.75,0,-0.00047803
5.75,-9.25,0,-0.00088336
5.75,-9.75,0,-0.000331558
5.75,-10.25,0,-0.000271831
5.75,-10.75,0,-0.000265143
5.75,-11.25,0,-0.000418212
5.75,-11.75,0,-0.000306129
5.75,-12.25,0,-0.001065106
5.75,-12.75,0,-0.000361063
5.75,-13.25,0,0.000775892
5.75,-13.75,0,-0.000252882
5.75,-14.25,0,-0.000184062
5.75,-14.75,0,5.89E-05
6.25,14.75,0,1.12E-05
6.25,14.25,0,-1.27E-06
6.25,13.75,0,9.83E-07
6.25,13.25,0,4.49E-07
6.25,12.75,0,1.70E-08
6.25,12.25,0,5.61E-07
6.25,11.75,0,3.48E-07
6.25,11.25,0,1.98E-07
6.25,10.75,0,9.97E-08
6.25,10.25,0,5.61E-08
6.25,9.75,0,3.72E-08
6.25,9.25,0,3.31E-08
6.25,8.75,0,3.76E-08
6.25,8.25,0,4.54E-08
6.25,7.75,0,3.39E-08
6.25,7.25,0,-7.70E-08
6.25,6.75,0,-1.45E-07
6.25,6.25,0,-1.95E-07
6.25,5.75,0,-2.00E-07
6.25,5.25,0,-2.67E-07
6.25,4.75,0,-5.30E-08
6.25,4.25,0,1.06E-06
6.25,3.75,0,-1.91E-07
6.25,3.25,0,8.51E-07
6.25,2.75,0,4.64E-06
6.25,2.25,0,1.17E-05
6.25,1.75,0,2.48E-05
6.25,1.25,0,5.70E-05
6.25,0.75,0,2.33E-05
6.25,0.25,0,-0.000165404
6.25,-0.25,0,-3.85E-05
6.25,-0.75,0,-4.59E-05
6.25,-1.25,0,-6.13E-05
6.25,-1.75,0,-0.0004326
6.25,-2.25,0,0.000239267
6.25,-2.75,0,0.000647564
6.25,-3.25,0,-0.000682397
6.25,-3.75,0,0.000152344
6.25,-4.25,0,-0.000207912
6.25,-4.75,0,-0.000269985
6.25,-5.25,0,-3.79E-07
6.25,-5.75,0,0.000624697
6.25,-6.25,0,-0.000245796
6.25,-6.75,0,-0.00164373
6.25,-7.25,0,0.000960655
6.25,-7.75,0,-0.000290959
6.25,-8.25,0,-0.000670188
6.25,-8.75,0,-0.001500436
6.25,-9.25,0,-0.000334012
6.25,-9.75,0,-0.001423546
6.25,-10.25,0,-0.000127314
6.25,-10.75,0,0.001793847
6.25,-11.25,0,-0.00017205
6.25,-11.75,0,0.000195807
6.25,-12.25,0,-0.000787223
6.25,-12.75,0,-0.000207789
6.25,-13.25,0,-0.001548914
6.25,-13.75,0,0.000460249
6.25,-14.25,0,-0.000875007
6.25,-14.75,0,-0.000444046
6.75,14.75,0,1.26E-05
6.75,14.25,0,-1.48E-06
6.75,13.75,0,9.31E-07
6.75,13.25,0,4.12E-07
6.75,12.75,0,4.03E-08
6.75,12.25,0,5.46E-07
6.75,11.75,0,3.38E-07
6.75,11.25,0,1.94E-07
6.75,10.75,0,1.01E-07
6.75,10.25,0,5.63E-08
6.75,9.75,0,3.69E-08
6.75,9.25,0,2.88E-08
6.75,8.75,0,2.74E-08
6.75,8.25,0,2.08E-08
6.75,7.75,0,-3.08E-08
6.75,7.25,0,-7.57E-08
6.75,6.75,0,-1.06E-07
6.75,6.25,0,-1.35E-07
6.75,5.75,0,-1.66E-07
6.75,5.25,0,-2.35E-07
6.75,4.75,0,-2.07E-07
6.75,4.25,0,8.15E-07
6.75,3.75,0,3.70E-07
6.75,3.25,0,1.16E-07
6.75,2.75,0,2.42E-06
6.75,2.25,0,6.89E-06
6.75,1.75,0,1.53E-05
6.75,1.25,0,2.99E-05
6.75,0.75,0,5.34E-05
6.75,0.25,0,-3.56E-06
6.75,-0.25,0,-0.000106523
6.75,-0.75,0,-0.000201249
6.75,-1.25,0,-0.000181074
6.75,-1.75,0,-0.000228537
6.75,-2.25,0,-0.00035779
6.75,-2.75,0,-0.000782416
6.75,-3.25,0,-0.000131398
6.75,-3.75,0,-0.00012394
6.75,-4.25,0,-0.000218866
6.75,-4.75,0,-0.000791878
6.75,-5.25,0,-0.000102547
6.75,-5.75,0,-0.000403421
6.75,-6.25,0,-0.002688958
6.75,-6.75,0,0.001258937
6.75,-7.25,0,-0.001147699
6.75,-7.75,0,-0.010904349
6.75,-8.25,0,-0.000970087
6.75,-8.75,0,0.000824982
6.75,-9.25,0,0.003805325
6.75,-9.75,0,-0.003504327
6.75,-10.25,0,-0.005627128
6.75,-10.75,0,-0.00989582
6.75,-11.25,0,-0.012844267
6.75,-11.75,0,-0.009198934
6.75,-12.25,0,-0.00043978
6.75,-12.75,0,0.005180593
6.75,-13.25,0,-0.012370916
6.75,-13.75,0,0.002255242
6.75,-14.25,0,0.001987725
6.75,-14.75,0,-0.002145868
7.25,14.75,0,9.00E-06
7.25,14.25,0,-1.34E-06
7.25,13.75,0,8.30E-07
7.25,13.25,0,3.56E-07
7.25,12.75,0,3.30E-08
7.25,12.25,0,5.21E-07
7.25,11.75,0,3.10E-07
7.25,11.25,0,1.81E-07
7.25,10.75,0,1.06E-07
7.25,10.25,0,5.91E-08
7.25,9.75,0,3.82E-08
7.25,9.25,0,2.66E-08
7.25,8.75,0,2.00E-08
7.25,8.25,0,4.15E-10
7.25,7.75,0,-3.64E-08
7.25,7.25,0,-5.81E-08
7.25,6.75,0,-7.94E-08
7.25,6.25,0,-9.93E-08
7.25,5.75,0,-1.44E-07
7.25,5.25,0,-2.26E-07
7.25,4.75,0,-2.73E-07
7.25,4.25,0,9.80E-08
7.25,3.75,0,9.92E-07
7.25,3.25,0,-2.89E-07
7.25,2.75,0,9.07E-07
7.25,2.25,0,3.47E-06
7.25,1.75,0,7.98E-06
7.25,1.25,0,1.37E-05
7.25,0.75,0,2.67E-05
7.25,0.25,0,4.05E-05
7.25,-0.25,0,1.25E-06
7.25,-0.75,0,-6.64E-05
7.25,-1.25,0,-8.78E-05
7.25,-1.75,0,-0.0002285
7.25,-2.25,0,-0.000109648
7.25,-2.75,0,0.000211121
7.25,-3.25,0,0.000119525
7.25,-3.75,0,-0.000267885
7.25,-4.25,0,-3.72E-05
7.25,-4.75,0,0.000303189
7.25,-5.25,0,-0.000362457
7.25,-5.75,0,-0.000227637
7.25,-6.25,0,0.003504353
7.25,-6.75,0,-0.004178594
7.25,-7.25,0,-0.035879707
7.25,-7.75,0,2.76E-02
7.25,-8.25,0,-2.93E-02
7.25,-8.75,0,-3.00E-02
7.25,-9.25,0,-3.81E-02
7.25,-9.75,0,2.18E-04
7.25,-10.25,0,-2.14E-02
7.25,-10.75,0,9.75E-04
7.25,-11.25,0,-1.79E-03
7.25,-11.75,0,4.91E-03
7.25,-12.25,0,-1.70E-02
7.25,-12.75,0,-7.02E-02
7.25,-13.25,0,6.06E-02
7.25,-13.75,0,-0.052471633
7.25,-14.25,0,0.0034338
7.25,-14.75,0,-0.00122549
7.75,14.75,0,9.93E-06
7.75,14.25,0,-1.48E-06
7.75,13.75,0,6.42E-07
7.75,13.25,0,2.96E-07
7.75,12.75,0,2.94E-08
7.75,12.25,0,4.98E-07
7.75,11.75,0,3.30E-07
7.75,11.25,0,1.86E-07
7.75,10.75,0,1.03E-07
7.75,10.25,0,6.01E-08
7.75,9.75,0,3.93E-08
7.75,9.25,0,2.61E-08
7.75,8.75,0,1.53E-08
7.75,8.25,0,-1.14E-08
7.75,7.75,0,-3.06E-08
7.75,7.25,0,-4.69E-08
7.75,6.75,0,-6.29E-08
7.75,6.25,0,-8.43E-08
7.75,5.75,0,-1.00E-07
7.75,5.25,0,-1.84E-07
7.75,4.75,0,-2.70E-07
7.75,4.25,0,-2.68E-07
7.75,3.75,0,7.34E-07
7.75,3.25,0,1.04E-06
7.75,2.75,0,-2.02E-07
7.75,2.25,0,8.95E-07
7.75,1.75,0,3.17E-06
7.75,1.25,0,5.91E-06
7.75,0.75,0,8.80E-06
7.75,0.25,0,1.32E-05
7.75,-0.25,0,2.33E-05
7.75,-0.75,0,2.91E-05
7.75,-1.25,0,5.07E-05
7.75,-1.75,0,7.58E-05
7.75,-2.25,0,6.62E-05
7.75,-2.75,0,2.25E-05
7.75,-3.25,0,1.39E-05
7.75,-3.75,0,-3.02E-05
7.75,-4.25,0,-6.13E-05
7.75,-4.75,0,6.70E-05
7.75,-5.25,0,0.000210302
7.75,-5.75,0,0.000937407
7.75,-6.25,0,-0.003850767
7.75,-6.75,0,-0.025471466
7.75,-7.25,0,8.33E-02
7.75,-7.75,0,-1.03E+00
7.75,-8.25,0,-8.81E-01
7.75,-8.75,0,-9.46E-01
7.75,-9.25,0,-9.33E-01
7.75,-9.75,0,-9.68E-01
7.75,-10.25,0,-9.89E-01
7.75,-10.75,0,-9.23E-01
7.75,-11.25,0,-1.00E+00
7.75,-11.75,0,-9.42E-01
7.75,-12.25,0,-8.89E-01
7.75,-12.75,0,-9.64E-01
7.75,-13.25,0,-9.80E-01
7.75,-13.75,0,3.26E-02
7.75,-14.25,0,-0.019035116
7.75,-14.75,0,-0.000282471
8.25,14.75,0,9.84E-06
8.25,14.25,0,-1.72E-06
8.25,13.75,0,3.73E-07
8.25,13.25,0,2.25E-07
8.25,12.75,0,2.52E-08
8.25,12.25,0,4.51E-07
8.25,11.75,0,3.14E-07
8.25,11.25,0,1.81E-07
8.25,10.75,0,1.00E-07
8.25,10.25,0,6.04E-08
8.25,9.75,0,3.99E-08
8.25,9.25,0,2.56E-08
8.25,8.75,0,1.25E-08
8.25,8.25,0,-1.18E-08
8.25,7.75,0,-2.47E-08
8.25,7.25,0,-3.58E-08
8.25,6.75,0,-4.90E-08
8.25,6.25,0,-6.80E-08
8.25,5.75,0,-1.02E-07
8.25,5.25,0,-1.42E-07
8.25,4.75,0,-2.34E-07
8.25,4.25,0,-2.96E-07
8.25,3.75,0,-1.17E-07
8.25,3.25,0,1.03E-06
8.25,2.75,0,5.63E-07
8.25,2.25,0,-4.22E-07
8.25,1.75,0,5.47E-07
8.25,1.25,0,1.89E-06
8.25,0.75,0,3.23E-06
8.25,0.25,0,5.06E-06
8.25,-0.25,0,6.67E-06
8.25,-0.75,0,6.78E-06
8.25,-1.25,0,-1.54E-06
8.25,-1.75,0,-1.77E-06
8.25,-2.25,0,1.44E-05
8.25,-2.75,0,-1.35E-06
8.25,-3.25,0,2.74E-05
8.25,-3.75,0,-0.000173618
8.25,-4.25,0,-5.04E-05
8.25,-4.75,0,-3.55E-05
8.25,-5.25,0,-0.000731699
8.25,-5.75,0,-0.000656573
8.25,-6.25,0,-0.005715605
8.25,-6.75,0,6.15E-03
8.25,-7.25,0,-1.01E+00
8.25,-7.75,0,-9.53E-01
8.25,-8.25,0,-9.80E-01
8.25,-8.75,0,-9.58E-01
8.25,-9.25,0,-9.63E-01
8.25,-9.75,0,-9.40E-01
8.25,-10.25,0,-9.38E-01
8.25,-10.75,0,-9.88E-01
8.25,-11.25,0,-9.43E-01
8.25,-11.75,0,-9.19E-01
8.25,-12.25,0,-1.01E+00
8.25,-12.75,0,-9.68E-01
8.25,-13.25,0,-9.06E-01
8.25,-13.75,0,-9.37E-01
8.25,-14.25,0,-2.24E-02
8.25,-14.75,0,-0.001933402
8.75,14.75,0,1.05E-05
8.75,14.25,0,-1.72E-06
8.75,13.75,0,2.83E-07
8.75,13.25,0,1.76E-07
8.75,12.75,0,2.55E-08
8.75,12.25,0,4.35E-07
8.75,11.75,0,2.93E-07
8.75,11.25,0,1.74E-07
8.75,10.75,0,9.93E-08
8.75,10.25,0,6.27E-08
8.75,9.75,0,3.93E-08
8.75,9.25,0,2.47E-08
8.75,8.75,0,8.56E-09
8.75,8.25,0,-1.17E-08
8.75,7.75,0,-2.06E-08
8.75,7.25,0,-2.81E-08
8.75,6.75,0,-3.83E-08
8.75,6.25,0,-5.33E-08
8.75,5.75,0,-7.49E-08
8.75,5.25,0,-1.14E-07
8.75,4.75,0,-1.70E-07
8.75,4.25,0,-2.56E-07
8.75,3.75,0,-3.13E-07
8.75,3.25,0,4.12E-08
8.75,2.75,0,9.70E-07
8.75,2.25,0,7.34E-07
8.75,1.75,0,-5.33E-07
8.75,1.25,0,-1.31E-07
8.75,0.75,0,7.14E-07
8.75,0.25,0,1.84E-06
8.75,-0.25,0,2.84E-06
8.75,-0.75,0,2.90E-06
8.75,-1.25,0,-1.84E-06
8.75,-1.75,0,-6.07E-06
8.75,-2.25,0,-2.09E-06
8.75,-2.75,0,1.20E-05
8.75,-3.25,0,2.04E-05
8.75,-3.75,0,-0.000284465
8.75,-4.25,0,-4.00E-05
8.75,-4.75,0,-9.08E-05
8.75,-5.25,0,-0.000174203
8.75,-5.75,0,-0.00082529
8.75,-6.25,0,-0.002252227
8.75,-6.75,0,-2.19E-02
8.75,-7.25,0,-8.94E-01
8.75,-7.75,0,-9.23E-01
8.75,-8.25,0,-4.55E-02
8.75,-8.75,0,-2.00E-02
8.75,-9.25,0,-5.85E-04
8.75,-9.75,0,-4.96E-02
8.75,-10.25,0,-1.79E-02
8.75,-10.75,0,1.52E-02
8.75,-11.25,0,-3.09E-02
8.75,-11.75,0,-8.16E-03
8.75,-12.25,0,-2.12E-02
8.75,-12.75,0,1.08E-03
8.75,-13.25,0,-9.90E-01
8.75,-13.75,0,-9.54E-01
8.75,-14.25,0,1.13E-03
8.75,-14.75,0,-0.012206496
9.25,14.75,0,8.17E-06
9.25,14.25,0,-1.76E-06
9.25,13.75,0,1.70E-07
9.25,13.25,0,1.57E-07
9.25,12.75,0,1.71E-08
9.25,12.25,0,3.75E-07
9.25,11.75,0,2.79E-07
9.25,11.25,0,1.73E-07
9.25,10.75,0,9.98E-08
9.25,10.25,0,6.15E-08
9.25,9.75,0,3.98E-08
9.25,9.25,0,2.15E-08
9.25,8.75,0,-1.35E-09
9.25,8.25,0,-1.38E-08
9.25,7.75,0,-1.90E-08
9.25,7.25,0,-2.36E-08
9.25,6.75,0,-3.03E-08
9.25,6.25,0,-3.98E-08
9.25,5.75,0,-5.38E-08
9.25,5.25,0,-8.62E-08
9.25,4.75,0,-1.19E-07
9.25,4.25,0,-1.98E-07
9.25,3.75,0,-2.70E-07
9.25,3.25,0,-3.54E-07
9.25,2.75,0,-5.70E-08
9.25,2.25,0,8.02E-07
9.25,1.75,0,8.82E-07
9.25,1.25,0,-1.87E-07
9.25,0.75,0,-4.84E-07
9.25,0.25,0,3.47E-07
9.25,-0.25,0,1.37E-06
9.25,-0.75,0,1.83E-06
9.25,-1.25,0,7.78E-07
9.25,-1.75,0,1.91E-06
9.25,-2.25,0,1.68E-05
9.25,-2.75,0,6.13E-05
9.25,-3.25,0,0.000222859
9.25,-3.75,0,-0.000145488
9.25,-4.25,0,-3.09E-05
9.25,-4.75,0,0.000114596
9.25,-5.25,0,0.000140695
9.25,-5.75,0,-0.000194741
9.25,-6.25,0,-0.00741089
9.25,-6.75,0,-3.80E-03
9.25,-7.25,0,-1.01E+00
9.25,-7.75,0,-9.95E-01
9.25,-8.25,0,3.91E-02
9.25,-8.75,0,-1.59E-02
9.25,-9.25,0,-0.00257088
9.25,-9.75,0,0.002461251
9.25,-10.25,0,0.001377785
9.25,-10.75,0,-0.006465442
9.25,-11.25,0,0.000902429
9.25,-11.75,0,-0.001988064
9.25,-12.25,0,-1.66E-02
9.25,-12.75,0,3.76E-03
9.25,-13.25,0,-9.28E-01
9.25,-13.75,0,-9.70E-01
9.25,-14.25,0,-5.44E-03
9.25,-14.75,0,-0.010437843
9.75,14.75,0,7.42E-06
9.75,14.25,0,-1.69E-06
9.75,13.75,0,7.35E-08
9.75,13.25,0,1.17E-07
9.75,12.75,0,6.99E-09
9.75,12.25,0,3.77E-07
9.75,11.75,0,2.72E-07
9.75,11.25,0,1.68E-07
9.75,10.75,0,1.02E-07
9.75,10.25,0,6.42E-08
9.75,9.75,0,3.68E-08
9.75,9.25,0,9.68E-09
9.75,8.75,0,-1.57E-08
9.75,8.25,0,-2.12E-08
9.75,7.75,0,-2.26E-08
9.75,7.25,0,-2.48E-08
9.75,6.75,0,-2.74E-08
9.75,6.25,0,-3.53E-08
9.75,5.75,0,-4.70E-08
9.75,5.25,0,-6.30E-08
9.75,4.75,0,-8.45E-08
9.75,4.25,0,-1.38E-07
9.75,3.75,0,-2.20E-07
9.75,3.25,0,-3.01E-07
9.75,2.75,0,-3.51E-07
9.75,2.25,0,-2.97E-07
9.75,1.75,0,3.81E-07
9.75,1.25,0,9.40E-07
9.75,0.75,0,3.14E-07
9.75,0.25,0,-2.23E-07
9.75,-0.25,0,6.22E-07
9.75,-0.75,0,1.24E-06
9.75,-1.25,0,2.43E-06
9.75,-1.75,0,5.98E-06
9.75,-2.25,0,2.57E-05
9.75,-2.75,0,8.10E-05
9.75,-3.25,0,0.00029095
9.75,-3.75,0,-0.000231705
9.75,-4.25,0,-0.00011629
9.75,-4.75,0,-0.000202976
9.75,-5.25,0,-9.61E-05
9.75,-5.75,0,-0.000147565
9.75,-6.25,0,-0.002595163
9.75,-6.75,0,-1.51E-02
9.75,-7.25,0,-9.68E-01
9.75,-7.75,0,-9.15E-01
9.75,-8.25,0,-2.05E-02
9.75,-8.75,0,-0.007718934
9.75,-9.25,0,-0.001798935
9.75,-9.75,0,-0.001253231
9.75,-10.25,0,-0.003180593
9.75,-10.75,0,-0.018989024
9.75,-11.25,0,-0.019790463
9.75,-11.75,0,-0.001779736
9.75,-12.25,0,-0.014173633
9.75,-12.75,0,1.35E-03
9.75,-13.25,0,-9.66E-01
9.75,-13.75,0,-1.01E+00
9.75,-14.25,0,3.34E-02
9.75,-14.75,0,-0.015914539
10.25,14.75,0,7.38E-06
10.25,14.25,0,-1.81E-06
10.25,13.75,0,-5.65E-08
10.25,13.25,0,7.47E-08
10.25,12.75,0,-5.15E-09
10.25,12.25,0,3.51E-07
10.25,11.75,0,2.65E-07
10.25,11.25,0,1.70E-07
10.25,10.75,0,1.09E-07
10.25,10.25,0,6.40E-08
10.25,9.75,0,2.15E-08
10.25,9.25,0,-2.44E-08
10.25,8.75,0,-3.40E-08
10.25,8.25,0,-3.45E-08
10.25,7.75,0,-3.36E-08
10.25,7.25,0,-3.36E-08
10.25,6.75,0,-3.39E-08
10.25,6.25,0,-3.65E-08
10.25,5.75,0,-4.06E-08
10.25,5.25,0,-4.96E-08
10.25,4.75,0,-6.51E-08
10.25,4.25,0,-8.70E-08
10.25,3.75,0,-1.31E-07
10.25,3.25,0,-1.83E-07
10.25,2.75,0,-2.62E-07
10.25,2.25,0,-3.60E-07
10.25,1.75,0,-3.13E-07
10.25,1.25,0,-3.17E-07
10.25,0.75,0,2.14E-07
10.25,0.25,0,-1.12E-07
10.25,-0.25,0,3.02E-07
10.25,-0.75,0,1.04E-06
10.25,-1.25,0,2.69E-06
10.25,-1.75,0,7.95E-06
10.25,-2.25,0,2.72E-05
10.25,-2.75,0,8.24E-05
10.25,-3.25,0,0.00023432
10.25,-3.75,0,-0.000268495
10.25,-4.25,0,-0.000109303
10.25,-4.75,0,-0.000287366
10.25,-5.25,0,-0.000196982
10.25,-5.75,0,3.69E-05
10.25,-6.25,0,-0.004223863
10.25,-6.75,0,-2.32E-02
10.25,-7.25,0,-9.39E-01
10.25,-7.75,0,-9.34E-01
10.25,-8.25,0,-3.35E-02
10.25,-8.75,0,0.001344057
10.25,-9.25,0,-0.001577302
10.25,-9.75,0,-0.000125866
10.25,-10.25,0,-0.025523047
10.25,-10.75,0,5.09E-02
10.25,-11.25,0,4.32E-02
10.25,-11.75,0,-0.017280599
10.25,-12.25,0,-0.008631593
10.25,-12.75,0,-4.14E-03
10.25,-13.25,0,-9.09E-01
10.25,-13.75,0,-9.19E-01
10.25,-14.25,0,-2.92E-02
10.25,-14.75,0,-0.003899871
10.75,14.75,0,6.98E-06
10.75,14.25,0,-1.52E-06
10.75,13.75,0,-1.75E-07
10.75,13.25,0,2.91E-08
10.75,12.75,0,-1.59E-08
10.75,12.25,0,3.36E-07
10.75,11.75,0,2.67E-07
10.75,11.25,0,1.79E-07
10.75,10.75,0,1.13E-07
10.75,10.25,0,4.41E-08
10.75,9.75,0,-3.89E-08
10.75,9.25,0,-5.65E-08
10.75,8.75,0,-5.71E-08
10.75,8.25,0,-5.75E-08
10.75,7.75,0,-5.56E-08
10.75,7.25,0,-5.68E-08
10.75,6.75,0,-5.59E-08
10.75,6.25,0,-5.72E-08
10.75,5.75,0,-5.46E-08
10.75,5.25,0,-5.99E-08
10.75,4.75,0,-6.09E-08
10.75,4.25,0,-7.62E-08
10.75,3.75,0,-8.98E-08
10.75,3.25,0,-1.17E-07
10.75,2.75,0,-1.63E-07
10.75,2.25,0,-2.40E-07
10.75,1.75,0,-2.33E-07
10.75,1.25,0,-3.06E-07
10.75,0.75,0,-2.17E-07
10.75,0.25,0,1.33E-07
10.75,-0.25,0,2.17E-07
10.75,-0.75,0,9.13E-07
10.75,-1.25,0,2.34E-06
10.75,-1.75,0,7.78E-06
10.75,-2.25,0,2.49E-05
10.75,-2.75,0,6.88E-05
10.75,-3.25,0,0.000121865
10.75,-3.75,0,-0.000252171
10.75,-4.25,0,-4.38E-05
10.75,-4.75,0,-7.12E-05
10.75,-5.25,0,-0.000949983
10.75,-5.75,0,-0.00071325
10.75,-6.25,0,-0.001586239
10.75,-6.75,0,-2.31E-02
10.75,-7.25,0,-9.58E-01
10.75,-7.75,0,-1.02E+00
10.75,-8.25,0,1.33E-02
10.75,-8.75,0,-0.021967496
10.75,-9.25,0,-0.004906493
10.75,-9.75,0,-0.001973095
10.75,-10.25,0,2.40E-02
10.75,-10.75,0,-1.01E+00
10.75,-11.25,0,-9.48E-01
10.75,-11.75,0,-6.40E-02
10.75,-12.25,0,-4.73E-03
10.75,-12.75,0,1.77E-02
10.75,-13.25,0,-1.01E+00
10.75,-13.75,0,-9.45E-01
10.75,-14.25,0,6.02E-04
10.75,-14.75,0,-0.009176382
11.25,14.75,0,6.32E-06
11.25,14.25,0,-1.58E-06
11.25,13.75,0,-2.70E-07
11.25,13.25,0,-1.89E-08
11.25,12.75,0,-1.71E-08
11.25,12.25,0,3.81E-07
11.25,11.75,0,3.03E-07
11.25,11.25,0,2.02E-07
11.25,10.75,0,9.22E-08
11.25,10.25,0,-6.02E-08
11.25,9.75,0,-9.22E-08
11.25,9.25,0,-9.15E-08
11.25,8.75,0,-8.95E-08
11.25,8.25,0,-9.02E-08
11.25,7.75,0,-9.06E-08
11.25,7.25,0,-9.85E-08
11.25,6.75,0,-9.82E-08
11.25,6.25,0,-1.07E-07
11.25,5.75,0,-1.00E-07
11.25,5.25,0,-1.03E-07
11.25,4.75,0,-1.03E-07
11.25,4.25,0,-1.03E-07
11.25,3.75,0,-1.01E-07
11.25,3.25,0,-1.14E-07
11.25,2.75,0,-1.28E-07
11.25,2.25,0,-1.48E-07
11.25,1.75,0,-1.73E-07
11.25,1.25,0,-2.55E-07
11.25,0.75,0,-3.59E-07
11.25,0.25,0,-2.62E-07
11.25,-0.25,0,5.52E-07
11.25,-0.75,0,7.99E-07
11.25,-1.25,0,1.63E-06
11.25,-1.75,0,5.69E-06
11.25,-2.25,0,2.05E-05
11.25,-2.75,0,5.05E-05
11.25,-3.25,0,2.45E-05
11.25,-3.75,0,-0.000156647
11.25,-4.25,0,2.15E-05
11.25,-4.75,0,-9.67E-07
11.25,-5.25,0,-0.000116932
11.25,-5.75,0,-0.000982409
11.25,-6.25,0,-0.004401682
11.25,-6.75,0,-9.50E-04
11.25,-7.25,0,-9.31E-01
11.25,-7.75,0,-9.23E-01
11.25,-8.25,0,3.84E-02
11.25,-8.75,0,-7.20E-03
11.25,-9.25,0,1.17E-02
11.25,-9.75,0,-6.18E-02
11.25,-10.25,0,-9.42E-03
11.25,-10.75,0,-9.32E-01
11.25,-11.25,0,-1.02E+00
11.25,-11.75,0,3.75E-02
11.25,-12.25,0,-6.42E-02
11.25,-12.75,0,6.09E-02
11.25,-13.25,0,-1.00E+00
11.25,-13.75,0,-9.84E-01
11.25,-14.25,0,2.39E-02
11.25,-14.75,0,-0.017827592
11.75,14.75,0,6.20E-06
11.75,14.25,0,-1.64E-06
11.75,13.75,0,-3.76E-07
11.75,13.25,0,-5.34E-08
11.75,12.75,0,1.33E-07
11.75,12.25,0,4.40E-07
11.75,11.75,0,3.42E-07
11.75,11.25,0,1.87E-07
11.75,10.75,0,-7.58E-08
11.75,10.25,0,-1.36E-07
11.75,9.75,0,-1.32E-07
11.75,9.25,0,-1.26E-07
11.75,8.75,0,-1.30E-07
11.75,8.25,0,-1.33E-07
11.75,7.75,0,-1.34E-07
11.75,7.25,0,-1.53E-07
11.75,6.75,0,-1.63E-07
11.75,6.25,0,-1.73E-07
11.75,5.75,0,-1.49E-07
11.75,5.25,0,-1.76E-07
11.75,4.75,0,-1.85E-07
11.75,4.25,0,-1.61E-07
11.75,3.75,0,-1.63E-07
11.75,3.25,0,-1.66E-07
11.75,2.75,0,-1.82E-07
11.75,2.25,0,-1.68E-07
11.75,1.75,0,-1.81E-07
11.75,1.25,0,-2.58E-07
11.75,0.75,0,-4.03E-07
11.75,0.25,0,-4.19E-07
11.75,-0.25,0,1.22E-07
11.75,-0.75,0,2.18E-07
11.75,-1.25,0,3.29E-07
11.75,-1.75,0,2.20E-06
11.75,-2.25,0,1.03E-05
11.75,-2.75,0,2.28E-05
11.75,-3.25,0,-1.35E-05
11.75,-3.75,0,-0.000126294
11.75,-4.25,0,8.96E-05
11.75,-4.75,0,-4.91E-05
11.75,-5.25,0,-0.000189847
11.75,-5.75,0,-0.000486842
11.75,-6.25,0,-0.002358868
11.75,-6.75,0,1.59E-03
11.75,-7.25,0,-1.06E+00
11.75,-7.75,0,-8.89E-01
11.75,-8.25,0,-1.05E+00
11.75,-8.75,0,-9.50E-01
11.75,-9.25,0,-9.61E-01
11.75,-9.75,0,3.63E-02
11.75,-10.25,0,-3.19E-02
11.75,-10.75,0,-9.40E-01
11.75,-11.25,0,-9.11E-01
11.75,-11.75,0,-9.80E-01
11.75,-12.25,0,-9.20E-01
11.75,-12.75,0,-1.00E+00
11.75,-13.25,0,-8.87E-01
11.75,-13.75,0,-1.04E+00
11.75,-14.25,0,3.31E-02
11.75,-14.75,0,-0.012140437
12.25,14.75,0,5.66E-06
12.25,14.25,0,-1.63E-06
12.25,13.75,0,-4.34E-07
12.25,13.25,0,-9.90E-08
12.25,12.75,0,4.39E-07
12.25,12.25,0,5.68E-07
12.25,11.75,0,3.74E-07
12.25,11.25,0,-5.98E-08
12.25,10.75,0,-1.70E-07
12.25,10.25,0,-1.61E-07
12.25,9.75,0,-1.33E-07
12.25,9.25,0,-1.28E-07
12.25,8.75,0,-1.24E-07
12.25,8.25,0,-1.35E-07
12.25,7.75,0,-1.45E-07
12.25,7.25,0,-1.63E-07
12.25,6.75,0,-1.91E-07
12.25,6.25,0,-2.00E-07
12.25,5.75,0,-2.13E-07
12.25,5.25,0,-2.23E-07
12.25,4.75,0,-1.95E-07
12.25,4.25,0,-2.00E-07
12.25,3.75,0,-2.17E-07
12.25,3.25,0,-1.51E-07
12.25,2.75,0,-1.83E-07
12.25,2.25,0,-1.75E-07
12.25,1.75,0,-1.92E-08
12.25,1.25,0,-1.78E-07
12.25,0.75,0,-2.55E-07
12.25,0.25,0,-3.01E-07
12.25,-0.25,0,6.44E-09
12.25,-0.75,0,-5.42E-07
12.25,-1.25,0,-1.05E-06
12.25,-1.75,0,-9.89E-07
12.25,-2.25,0,-6.90E-07
12.25,-2.75,0,8.01E-06
12.25,-3.25,0,-2.91E-05
12.25,-3.75,0,-7.93E-05
12.25,-4.25,0,6.78E-05
12.25,-4.75,0,5.93E-05
12.25,-5.25,0,-0.000318239
12.25,-5.75,0,-8.77E-05
12.25,-6.25,0,0.000464806
12.25,-6.75,0,-0.016736663
12.25,-7.25,0,5.09E-02
12.25,-7.75,0,-9.86E-01
12.25,-8.25,0,-8.82E-01
12.25,-8.75,0,-9.57E-01
12.25,-9.25,0,-9.70E-01
12.25,-9.75,0,-6.47E-03
12.25,-10.25,0,2.80E-02
12.25,-10.75,0,-9.99E-01
12.25,-11.25,0,-8.83E-01
12.25,-11.75,0,-1.03E+00
12.25,-12.25,0,-9.80E-01
12.25,-12.75,0,-9.25E-01
12.25,-13.25,0,-1.00E+00
12.25,-13.75,0,9.42E-02
12.25,-14.25,0,-0.030280676
12.25,-14.75,0,-0.000197493
12.75,14.75,0,4.30E-06
12.75,14.25,0,-1.64E-06
12.75,13.75,0,-5.63E-07
12.75,13.25,0,-7.77E-08
12.75,12.75,0,6.35E-07
12.75,12.25,0,6.89E-07
12.75,11.75,0,1.01E-08
12.75,11.25,0,-1.95E-07
12.75,10.75,0,-1.24E-07
12.75,10.25,0,-7.64E-08
12.75,9.75,0,1.87E-08
12.75,9.25,0,4.09E-08
12.75,8.75,0,4.21E-08
12.75,8.25,0,4.24E-08
12.75,7.75,0,4.06E-08
12.75,7.25,0,2.41E-08
12.75,6.75,0,2.58E-08
12.75,6.25,0,1.40E-08
12.75,5.75,0,4.84E-09
12.75,5.25,0,3.54E-09
12.75,4.75,0,-4.96E-09
12.75,4.25,0,-1.31E-08
12.75,3.75,0,-2.25E-08
12.75,3.25,0,-2.97E-08
12.75,2.75,0,-4.05E-08
12.75,2.25,0,-5.51E-08
12.75,1.75,0,-6.23E-08
12.75,1.25,0,-6.96E-08
12.75,0.75,0,-9.50E-08
12.75,0.25,0,-3.02E-07
12.75,-0.25,0,-6.02E-07
12.75,-0.75,0,-1.04E-06
12.75,-1.25,0,-1.44E-06
12.75,-1.75,0,-1.66E-06
12.75,-2.25,0,-1.16E-06
12.75,-2.75,0,1.09E-06
12.75,-3.25,0,-2.72E-05
12.75,-3.75,0,-1.93E-05
12.75,-4.25,0,3.85E-05
12.75,-4.75,0,0.000102686
12.75,-5.25,0,-0.000105705
12.75,-5.75,0,-0.000559126
12.75,-6.25,0,-3.79E-05
12.75,-6.75,0,0.002090014
12.75,-7.25,0,-0.040820917
12.75,-7.75,0,2.70E-02
12.75,-8.25,0,-3.52E-02
12.75,-8.75,0,5.84E-04
12.75,-9.25,0,0.023785769
12.75,-9.75,0,-0.022606866
12.75,-10.25,0,-0.037436169
12.75,-10.75,0,1.86E-02
12.75,-11.25,0,-1.63E-02
12.75,-11.75,0,1.28E-02
12.75,-12.25,0,1.69E-03
12.75,-12.75,0,1.69E-02
12.75,-13.25,0,1.69E-02
12.75,-13.75,0,-0.027850445
12.75,-14.25,0,-0.005207042
12.75,-14.75,0,-0.001051021
13.25,14.75,0,4.28E-06
13.25,14.25,0,-2.07E-06
13.25,13.75,0,-5.84E-07
13.25,13.25,0,1.97E-07
13.25,12.75,0,1.00E-06
13.25,12.25,0,3.49E-07
13.25,11.75,0,-1.85E-07
13.25,11.25,0,-2.97E-08
13.25,10.75,0,1.28E-07
13.25,10.25,0,1.76E-07
13.25,9.75,0,1.88E-07
13.25,9.25,0,1.75E-07
13.25,8.75,0,1.56E-07
13.25,8.25,0,1.32E-07
13.25,7.75,0,1.03E-07
13.25,7.25,0,7.77E-08
13.25,6.75,0,3.66E-08
13.25,6.25,0,6.25E-09
13.25,5.75,0,-1.33E-08
13.25,5.25,0,-4.43E-08
13.25,4.75,0,-8.17E-08
13.25,4.25,0,-1.14E-07
13.25,3.75,0,-1.46E-07
13.25,3.25,0,-1.85E-07
13.25,2.75,0,-2.57E-07
13.25,2.25,0,-3.12E-07
13.25,1.75,0,-3.88E-07
13.25,1.25,0,-4.02E-07
13.25,0.75,0,-4.91E-07
13.25,0.25,0,-6.74E-07
13.25,-0.25,0,-1.05E-06
13.25,-0.75,0,-1.63E-06
13.25,-1.25,0,-2.33E-06
13.25,-1.75,0,-2.84E-06
13.25,-2.25,0,-3.19E-06
13.25,-2.75,0,-7.73E-06
13.25,-3.25,0,-1.52E-05
13.25,-3.75,0,-2.07E-05
13.25,-4.25,0,1.97E-05
13.25,-4.75,0,3.81E-05
13.25,-5.25,0,0.000200549
13.25,-5.75,0,-0.000184905
13.25,-6.25,0,-0.00148458
13.25,-6.75,0,-2.52E-05
13.25,-7.25,0,0.003807456
13.25,-7.75,0,-0.010532119
13.25,-8.25,0,-0.002257273
13.25,-8.75,0,-0.007623139
13.25,-9.25,0,-0.01268867
13.25,-9.75,0,0.002630644
13.25,-10.25,0,0.003870089
13.25,-10.75,0,-0.011636111
13.25,-11.25,0,-0.006060184
13.25,-11.75,0,-0.008946265
13.25,-12.25,0,-0.018648212
13.25,-12.75,0,-0.011745401
13.25,-13.25,0,-0.007536524
13.25,-13.75,0,-0.007601939
13.25,-14.25,0,0.001550776
13.25,-14.75,0,-0.002422967
13.75,14.75,0,3.80E-06
13.75,14.25,0,-2.45E-06
13.75,13.75,0,-5.88E-07
13.75,13.25,0,9.17E-07
13.75,12.75,0,1.07E-06
13.75,12.25,0,-2.02E-07
13.75,11.75,0,1.56E-07
13.75,11.25,0,4.06E-07
13.75,10.75,0,5.56E-07
13.75,10.25,0,5.33E-07
13.75,9.75,0,5.52E-07
13.75,9.25,0,5.26E-07
13.75,8.75,0,4.56E-07
13.75,8.25,0,4.10E-07
13.75,7.75,0,4.30E-07
13.75,7.25,0,3.55E-07
13.75,6.75,0,2.74E-07
13.75,6.25,0,1.76E-07
13.75,5.75,0,1.40E-07
13.75,5.25,0,6.76E-08
13.75,4.75,0,3.64E-08
13.75,4.25,0,-2.17E-08
13.75,3.75,0,-5.79E-08
13.75,3.25,0,-1.62E-07
13.75,2.75,0,-3.32E-07
13.75,2.25,0,-4.44E-07
13.75,1.75,0,-5.32E-07
13.75,1.25,0,-6.20E-07
13.75,0.75,0,-6.87E-07
13.75,0.25,0,-6.95E-07
13.75,-0.25,0,-8.58E-07
13.75,-0.75,0,-1.31E-06
13.75,-1.25,0,-2.47E-06
13.75,-1.75,0,-3.90E-06
13.75,-2.25,0,-4.84E-06
13.75,-2.75,0,-1.86E-05
13.75,-3.25,0,-2.14E-05
13.75,-3.75,0,-1.34E-05
13.75,-4.25,0,-1.85E-05
13.75,-4.75,0,2.95E-05
13.75,-5.25,0,0.000100281
13.75,-5.75,0,0.000210782
13.75,-6.25,0,-0.000232371
13.75,-6.75,0,-0.00077538
13.75,-7.25,0,-2.36E-06
13.75,-7.75,0,-0.001072104
13.75,-8.25,0,0.001105112
13.75,-8.75,0,-0.000379043
13.75,-9.25,0,0.000320908
13.75,-9.75,0,-0.000570782
13.75,-10.25,0,-0.000235803
13.75,-10.75,0,5.61E-05
13.75,-11.25,0,7.60E-05
13.75,-11.75,0,0.000187501
13.75,-12.25,0,0.001783521
13.75,-12.75,0,0.00057961
13.75,-13.25,0,-0.000409841
13.75,-13.75,0,0.00040689
13.75,-14.25,0,-0.000480803
13.75,-14.75,0,-0.000297995
14.25,14.75,0,4.18E-06
14.25,14.25,0,-1.96E-06
14.25,13.75,0,-2.49E-07
14.25,13.25,0,1.26E-06
14.25,12.75,0,-3.92E-07
14.25,12.25,0,-1.88E-07
14.25,11.75,0,3.94E-07
14.25,11.25,0,9.91E-07
14.25,10.75,0,1.24E-06
14.25,10.25,0,1.30E-06
14.25,9.75,0,1.22E-06
14.25,9.25,0,1.33E-06
14.25,8.75,0,1.40E-06
14.25,8.25,0,1.44E-06
14.25,7.75,0,1.39E-06
14.25,7.25,0,1.44E-06
14.25,6.75,0,1.37E-06
14.25,6.25,0,1.32E-06
14.25,5.75,0,1.22E-06
14.25,5.25,0,1.42E-06
14.25,4.75,0,1.42E-06
14.25,4.25,0,1.49E-06
14.25,3.75,0,1.53E-06
14.25,3.25,0,1.49E-06
14.25,2.75,0,1.21E-06
14.25,2.25,0,1.26E-06
14.25,1.75,0,9.59E-07
14.25,1.25,0,1.09E-06
14.25,0.75,0,1.12E-06
14.25,0.25,0,1.49E-06
14.25,-0.25,0,1.41E-06
14.25,-0.75,0,1.66E-06
14.25,-1.25,0,2.14E-06
14.25,-1.75,0,3.31E-06
14.25,-2.25,0,4.06E-07
14.25,-2.75,0,-6.58E-06
14.25,-3.25,0,-1.96E-05
14.25,-3.75,0,-6.32E-05
14.25,-4.25,0,-2.27E-05
14.25,-4.75,0,-3.04E-05
14.25,-5.25,0,3.69E-05
14.25,-5.75,0,4.11E-05
14.25,-6.25,0,-8.81E-05
14.25,-6.75,0,-0.000225589
14.25,-7.25,0,-0.000546386
14.25,-7.75,0,-0.000174045
14.25,-8.25,0,-0.000616734
14.25,-8.75,0,-0.000912236
14.25,-9.25,0,-0.000188766
14.25,-9.75,0,-0.000260526
14.25,-10.25,0,-0.000787574
14.25,-10.75,0,-0.000486898
14.25,-11.25,0,-0.000494887
14.25,-11.75,0,-0.000339675
14.25,-12.25,0,-0.000540929
14.25,-12.75,0,-8.14E-05
14.25,-13.25,0,-0.000101276
14.25,-13.75,0,-0.000698138
14.25,-14.25,0,0.000169718
14.25,-14.75,0,-0.000106922
14.75,14.75,0,1.07E-05
14.75,14.25,0,1.96E-06
14.75,13.75,0,1.51E-06
14.75,13.25,0,-1.57E-08
14.75,12.75,0,-2.83E-06
14.75,12.25,0,-2.44E-06
14.75,11.75,0,-2.11E-06
14.75,11.25,0,-1.94E-06
14.75,10.75,0,-2.15E-06
14.75,10.25,0,-2.32E-06
14.75,9.75,0,-2.82E-06
14.75,9.25,0,-3.18E-06
14.75,8.75,0,-3.31E-06
14.75,8.25,0,-3.65E-06
14.75,7.75,0,-3.47E-06
14.75,7.25,0,-4.91E-06
14.75,6.75,0,-4.53E-06
14.75,6.25,0,-5.07E-06
14.75,5.75,0,-5.98E-06
14.75,5.25,0,-6.05E-06
14.75,4.75,0,-5.76E-06
14.75,4.25,0,-7.08E-06
14.75,3.75,0,-9.48E-06
14.75,3.25,0,-9.23E-06
14.75,2.75,0,-9.14E-06
14.75,2.25,0,-9.59E-06
14.75,1.75,0,-1.03E-05
14.75,1.25,0,-1.34E-05
14.75,0.75,0,-1.11E-05
14.75,0.25,0,-1.13E-05
14.75,-0.25,0,-1.25E-05
14.75,-0.75,0,-1.70E-05
14.75,-1.25,0,-1.95E-05
14.75,-1.75,0,-2.43E-05
14.75,-2.25,0,-3.09E-05
14.75,-2.75,0,-2.17E-05
14.75,-3.25,0,-6.00E-06
14.75,-3.75,0,-1.83E-05
14.75,-4.25,0,-5.43E-05
14.75,-4.75,0,-6.46E-05
14.75,-5.25,0,-4.13E-05
14.75,-5.75,0,1.62E-06
14.75,-6.25,0,6.69E-05
14.75,-6.75,0,9.00E-05
14.75,-7.25,0,1.76E-05
14.75,-7.75,0,2.19E-05
14.75,-8.25,0,-7.62E-06
14.75,-8.75,0,3.97E-05
14.75,-9.25,0,0.00011597
14.75,-9.75,0,9.26E-06
14.75,-10.25,0,3.64E-05
14.75,-10.75,0,-0.000328974
14.75,-11.25,0,-0.000253357
14.75,-11.75,0,-4.25E-05
14.75,-12.25,0,1.18E-05
14.75,-12.75,0,-0.000243042
14.75,-13.25,0,-0.000430844
14.75,-13.75,0,-0.00023471
14.75,-14.25,0,8.87E-05
14.75,-14.75,0,-0.000234466
