-14.75,14.75,0,0.001163796
-14.75,14.25,0,0.001612796
-14.75,13.75,0,-0.001626119
-14.75,13.25,0,0.001207201
-14.75,12.75,0,0.002096596
-14.75,12.25,0,-0.000199978
-14.75,11.75,0,0.000345104
-14.75,11.25,0,0.000820105
-14.75,10.75,0,0.001125519
-14.75,10.25,0,0.000906947
-14.75,9.75,0,-0.000696906
-14.75,9.25,0,0.001326886
-14.75,8.75,0,0.000229003
-14.75,8.25,0,1.38E-05
-14.75,7.75,0,0.000318534
-14.75,7.25,0,5.84E-05
-14.75,6.75,0,2.95E-05
-14.75,6.25,0,0.000819578
-14.75,5.75,0,0.000478629
-14.75,5.25,0,0.0005858
-14.75,4.75,0,0.000158591
-14.75,4.25,0,-0.000823917
-14.75,3.75,0,0.000168701
-14.75,3.25,0,0.000824075
-14.75,2.75,0,-2.34E-05
-14.75,2.25,0,0.00043772
-14.75,1.75,0,0.000293855
-14.75,1.25,0,-8.64E-05
-14.75,0.75,0,0.000141908
-14.75,0.25,0,-0.000178915
-14.75,-0.25,0,0.000429793
-14.75,-0.75,0,-0.000426278
-14.75,-1.25,0,-0.000515125
-14.75,-1.75,0,-0.000338127
-14.75,-2.25,0,-0.002005504
-14.75,-2.75,0,0.001145884
-14.75,-3.25,0,0.000248642
-14.75,-3.75,0,-0.000177582
-14.75,-4.25,0,0.00099202
-14.75,-4.75,0,-0.000709583
-14.75,-5.25,0,3.77E-05
-14.75,-5.75,0,5.83E-06
-14.75,-6.25,0,0.000192161
-14.75,-6.75,0,5.06E-06
-14.75,-7.25,0,-0.000378131
-14.75,-7.75,0,-5.82E-05
-14.75,-8.25,0,-4.06E-05
-14.75,-8.75,0,0.000119496
-14.75,-9.25,0,0.000371179
-14.75,-9.75,0,0.000529944
-14.75,-10.25,0,-0.000256
-14.75,-10.75,0,0.000129476
-14.75,-11.25,0,-0.000364558
-14.75,-11.75,0,-0.000729138
-14.75,-12.25,0,-8.00E-06
-14.75,-12.75,0,0.000676617
-14.75,-13.25,0,-0.000175951
-14.75,-13.75,0,3.76E-05
-14.75,-14.25,0,2.75E-05
-14.75,-14.75,0,0.000541122
-14.25,14.75,0,-0.00044235
-14.25,14.25,0,-0.000430457
-14.25,13.75,0,0.002544534
-14.25,13.25,0,0.009209695
-14.25,12.75,0,0.007548526
-14.25,12.25,0,-0.001053666
-14.25,11.75,0,-5.62E-05
-14.25,11.25,0,0.000110104
-14.25,10.75,0,-0.000257296
-14.25,10.25,0,0.000530226
-14.25,9.75,0,-0.000264444
-14.25,9.25,0,0.000313076
-14.25,8.75,0,-0.000162412
-14.25,8.25,0,0.000371937
-14.25,7.75,0,5.27E-06
-14.25,7.25,0,-0.000580062
-14.25,6.75,0,-0.00084183
-14.25,6.25,0,3.17E-05
-14.25,5.75,0,-0.000185132
-14.25,5.25,0,-0.00031939
-14.25,4.75,0,0.000735434
-14.25,4.25,0,3.90E-05
-14.25,3.75,0,5.27E-06
-14.25,3.25,0,0.000794854
-14.25,2.75,0,-0.000550773
-14.25,2.25,0,0.000196893
-14.25,1.75,0,0.000376301
-14.25,1.25,0,1.09E-05
-14.25,0.75,0,9.39E-05
-14.25,0.25,0,-0.000394229
-14.25,-0.25,0,-0.000401858
-14.25,-0.75,0,-9.17E-06
-14.25,-1.25,0,0.000305377
-14.25,-1.75,0,0.001813145
-14.25,-2.25,0,-0.000184856
-14.25,-2.75,0,0.000101508
-14.25,-3.25,0,-7.32E-06
-14.25,-3.75,0,-0.001267216
-14.25,-4.25,0,-4.75E-05
-14.25,-4.75,0,-0.000908705
-14.25,-5.25,0,0.000563829
-14.25,-5.75,0,-0.000253189
-14.25,-6.25,0,-5.73E-05
-14.25,-6.75,0,-0.000201715
-14.25,-7.25,0,-3.12E-05
-14.25,-7.75,0,-0.000145248
-14.25,-8.25,0,9.13E-05
-14.25,-8.75,0,0.000290624
-14.25,-9.25,0,0.0007589
-14.25,-9.75,0,-1.28E-05
-14.25,-10.25,0,-0.001226735
-14.25,-10.75,0,6.16E-05
-14.25,-11.25,0,0.000919345
-14.25,-11.75,0,-0.00027171
-14.25,-12.25,0,0.000382711
-14.25,-12.75,0,6.01E-05
-14.25,-13.25,0,0.000598984
-14.25,-13.75,0,-0.0009718
-14.25,-14.25,0,-0.000104513
-14.25,-14.75,0,-0.000570787
-13.75,14.75,0,0.000715946
-13.75,14.25,0,0.006121512
-13.75,13.75,0,0.009241609
-13.75,13.25,0,-0.005079815
-13.75,12.75,0,-0.01319771
-13.75,12.25,0,0.02395406
-13.75,11.75,0,0.001698691
-13.75,11.25,0,0.000359606
-13.75,10.75,0,0.001002345
-13.75,10.25,0,-0.001031536
-13.75,9.75,0,0.00059539
-13.75,9.25,0,-0.000636197
-13.75,8.75,0,-0.000527263
-13.75,8.25,0,7.55E-05
-13.75,7.75,0,6.35E-05
-13.75,7.25,0,-0.00010578
-13.75,6.75,0,-0.000423111
-13.75,6.25,0,0.000313331
-13.75,5.75,0,-7.11E-05
-13.75,5.25,0,-9.41E-05
-13.75,4.75,0,1.86E-06
-13.75,4.25,0,-4.83E-05
-13.75,3.75,0,-0.000875883
-13.75,3.25,0,-5.67E-05
-13.75,2.75,0,-0.000421589
-13.75,2.25,0,-0.000344153
-13.75,1.75,0,-0.00037394
-13.75,1.25,0,-0.000123603
-13.75,0.75,0,-0.000879101
-13.75,0.25,0,0.00048297
-13.75,-0.25,0,0.00018998
-13.75,-0.75,0,-1.56E-05
-13.75,-1.25,0,-0.000130044
-13.75,-1.75,0,-0.000262119
-13.75,-2.25,0,0.000469335
-13.75,-2.75,0,1.24E-05
-13.75,-3.25,0,-0.000156855
-13.75,-3.75,0,0.000764817
-13.75,-4.25,0,-5.43E-06
-13.75,-4.75,0,-0.000204505
-13.75,-5.25,0,-5.33E-06
-13.75,-5.75,0,-0.000563427
-13.75,-6.25,0,-0.000664814
-13.75,-6.75,0,0.001299257
-13.75,-7.25,0,0.00102131
-13.75,-7.75,0,1.68E-05
-13.75,-8.25,0,-0.0005448
-13.75,-8.75,0,-0.000483767
-13.75,-9.25,0,-4.36E-05
-13.75,-9.75,0,0.000477102
-13.75,-10.25,0,-0.000232523
-13.75,-10.75,0,-0.00108963
-13.75,-11.25,0,-0.00037521
-13.75,-11.75,0,9.55E-05
-13.75,-12.25,0,0.000132277
-13.75,-12.75,0,0.000129453
-13.75,-13.25,0,0.000196947
-13.75,-13.75,0,0.000103177
-13.75,-14.25,0,3.26E-05
-13.75,-14.75,0,0.000488887
-13.25,14.75,0,-0.001775825
-13.25,14.25,0,0.013241497
-13.25,13.75,0,-0.014015234
-13.25,13.25,0,9.20E-01
-13.25,12.75,0,9.60E-01
-13.25,12.25,0,-0.025907981
-13.25,11.75,0,0.006871402
-13.25,11.25,0,-0.000177161
-13.25,10.75,0,0.001000204
-13.25,10.25,0,-0.000637586
-13.25,9.75,0,-0.000722634
-13.25,9.25,0,-0.000119411
-13.25,8.75,0,-3.51E-05
-13.25,8.25,0,-0.000121654
-13.25,7.75,0,-5.96E-05
-13.25,7.25,0,0.000526606
-13.25,6.75,0,0.000525839
-13.25,6.25,0,-7.24E-05
-13.25,5.75,0,-0.000108543
-13.25,5.25,0,7.74E-05
-13.25,4.75,0,0.000111901
-13.25,4.25,0,-0.000229969
-13.25,3.75,0,0.000506853
-13.25,3.25,0,0.000232053
-13.25,2.75,0,0.000140533
-13.25,2.25,0,0.000187958
-13.25,1.75,0,0.000171257
-13.25,1.25,0,-0.000178201
-13.25,0.75,0,4.95E-05
-13.25,0.25,0,-9.85E-07
-13.25,-0.25,0,-0.000160991
-13.25,-0.75,0,0.000671447
-13.25,-1.25,0,-0.000393534
-13.25,-1.75,0,-0.000403912
-13.25,-2.25,0,-0.000120009
-13.25,-2.75,0,-0.000482488
-13.25,-3.25,0,-0.000134685
-13.25,-3.75,0,-3.09E-05
-13.25,-4.25,0,0.000864124
-13.25,-4.75,0,-8.17E-05
-13.25,-5.25,0,-0.000580684
-13.25,-5.75,0,0.000925863
-13.25,-6.25,0,0.000316726
-13.25,-6.75,0,-0.000242386
-13.25,-7.25,0,-0.001197422
-13.25,-7.75,0,-0.000134975
-13.25,-8.25,0,2.96E-05
-13.25,-8.75,0,4.10E-05
-13.25,-9.25,0,-1.62E-06
-13.25,-9.75,0,0.000218132
-13.25,-10.25,0,0.000410834
-13.25,-10.75,0,-0.000299702
-13.25,-11.25,0,-0.000188377
-13.25,-11.75,0,-0.00018135
-13.25,-12.25,0,-0.000167142
-13.25,-12.75,0,3.09E-06
-13.25,-13.25,0,9.33E-05
-13.25,-13.75,0,-0.001392905
-13.25,-14.25,0,5.08E-05
-13.25,-14.75,0,0.001075306
-12.75,14.75,0,-0.000637583
-12.75,14.25,0,-0.004258782
-12.75,13.75,0,6.04E-02
-12.75,13.25,0,9.42E-01
-12.75,12.75,0,9.48E-01
-12.75,12.25,0,2.30E-03
-12.75,11.75,0,0.005757394
-12.75,11.25,0,0.004230927
-12.75,10.75,0,-0.000598839
-12.75,10.25,0,0.001812727
-12.75,9.75,0,0.000913531
-12.75,9.25,0,0.000314805
-12.75,8.75,0,-2.82E-05
-12.75,8.25,0,0.000636523
-12.75,7.75,0,0.000107643
-12.75,7.25,0,0.000331661
-12.75,6.75,0,0.001184422
-12.75,6.25,0,-0.000669746
-12.75,5.75,0,0.000661392
-12.75,5.25,0,0.000129974
-12.75,4.75,0,0.000272727
-12.75,4.25,0,-0.000808551
-12.75,3.75,0,-5.95E-05
-12.75,3.25,0,1.76E-05
-12.75,2.75,0,0.000155644
-12.75,2.25,0,-0.000548583
-12.75,1.75,0,0.00013029
-12.75,1.25,0,-0.0003136
-12.75,0.75,0,7.13E-05
-12.75,0.25,0,0.000402047
-12.75,-0.25,0,3.70E-06
-12.75,-0.75,0,0.000537741
-12.75,-1.25,0,0.000477925
-12.75,-1.75,0,-9.75E-05
-12.75,-2.25,0,0.00022043
-12.75,-2.75,0,-0.000419425
-12.75,-3.25,0,-0.000766494
-12.75,-3.75,0,0.00035343
-12.75,-4.25,0,2.57E-05
-12.75,-4.75,0,5.45E-05
-12.75,-5.25,0,0.000402085
-12.75,-5.75,0,0.000223379
-12.75,-6.25,0,5.97E-05
-12.75,-6.75,0,0.000517017
-12.75,-7.25,0,0.000329425
-12.75,-7.75,0,8.82E-05
-12.75,-8.25,0,-0.00040639
-12.75,-8.75,0,-0.000221625
-12.75,-9.25,0,0.000539726
-12.75,-9.75,0,-0.000938254
-12.75,-10.25,0,1.54E-05
-12.75,-10.75,0,-0.000894096
-12.75,-11.25,0,0.000684474
-12.75,-11.75,0,0.00047754
-12.75,-12.25,0,1.64E-05
-12.75,-12.75,0,-5.46E-05
-12.75,-13.25,0,-0.001145083
-12.75,-13.75,0,0.000536901
-12.75,-14.25,0,-0.000841637
-12.75,-14.75,0,-0.001217263
-12.25,14.75,0,0.000851494
-12.25,14.25,0,0.028595176
-12.25,13.75,0,-7.98E-02
-12.25,13.25,0,1.03E+00
-12.25,12.75,0,9.23E-01
-12.25,12.25,0,4.64E-02
-12.25,11.75,0,0.00125913
-12.25,11.25,0,0.001550549
-12.25,10.75,0,0.001000409
-12.25,10.25,0,-0.000795861
-12.25,9.75,0,0.001030826
-12.25,9.25,0,0.00054152
-12.25,8.75,0,0.000534489
-12.25,8.25,0,0.003655104
-12.25,7.75,0,-0.000980761
-12.25,7.25,0,0.000141369
-12.25,6.75,0,-3.72E-05
-12.25,6.25,0,0.000186886
-12.25,5.75,0,0.00061514
-12.25,5.25,0,5.05E-05
-12.25,4.75,0,-0.000428036
-12.25,4.25,0,-0.000167921
-12.25,3.75,0,2.87E-05
-12.25,3.25,0,-1.27E-05
-12.25,2.75,0,5.73E-05
-12.25,2.25,0,1.58E-05
-12.25,1.75,0,-0.000365104
-12.25,1.25,0,-5.40E-05
-12.25,0.75,0,-0.001117202
-12.25,0.25,0,0.000693391
-12.25,-0.25,0,-0.00022073
-12.25,-0.75,0,-0.000576683
-12.25,-1.25,0,4.04E-06
-12.25,-1.75,0,-0.000614566
-12.25,-2.25,0,0.000105409
-12.25,-2.75,0,-3.80E-05
-12.25,-3.25,0,0.00145551
-12.25,-3.75,0,0.000835203
-12.25,-4.25,0,-0.001645966
-12.25,-4.75,0,9.70E-05
-12.25,-5.25,0,-0.00069961
-12.25,-5.75,0,-9.79E-05
-12.25,-6.25,0,2.23E-05
-12.25,-6.75,0,0.000329427
-12.25,-7.25,0,-2.16E-05
-12.25,-7.75,0,0.000841024
-12.25,-8.25,0,-0.000139867
-12.25,-8.75,0,-1.62E-05
-12.25,-9.25,0,0.000263692
-12.25,-9.75,0,-4.61E-05
-12.25,-10.25,0,0.000528635
-12.25,-10.75,0,6.89E-05
-12.25,-11.25,0,-0.000138462
-12.25,-11.75,0,-0.001050625
-12.25,-12.25,0,0.001154443
-12.25,-12.75,0,-5.39E-05
-12.25,-13.25,0,2.65E-05
-12.25,-13.75,0,0.000590015
-12.25,-14.25,0,0.000258801
-12.25,-14.75,0,-0.000179751
-11.75,14.75,0,0.000945574
-11.75,14.25,0,0.006883534
-11.75,13.75,0,2.04E-02
-11.75,13.25,0,9.36E-01
-11.75,12.75,0,9.36E-01
-11.75,12.25,0,-2.22E-04
-11.75,11.75,0,0.023576374
-11.75,11.25,0,-0.002565825
-11.75,10.75,0,0.012503456
-11.75,10.25,0,0.017011684
-11.75,9.75,0,0.004053388
-11.75,9.25,0,0.0170018
-11.75,8.75,0,0.00584249
-11.75,8.25,0,0.00446092
-11.75,7.75,0,0.009686894
-11.75,7.25,0,0.006534903
-11.75,6.75,0,0.000640623
-11.75,6.25,0,0.000522634
-11.75,5.75,0,-0.000806737
-11.75,5.25,0,0.000387345
-11.75,4.75,0,0.001108297
-11.75,4.25,0,0.000146434
-11.75,3.75,0,-0.000132001
-11.75,3.25,0,2.51E-05
-11.75,2.75,0,-0.000679177
-11.75,2.25,0,0.000958745
-11.75,1.75,0,0.00022121
-11.75,1.25,0,0.000239533
-11.75,0.75,0,-0.000362652
-11.75,0.25,0,0.000221877
-11.75,-0.25,0,-1.04E-05
-11.75,-0.75,0,-4.63E-08
-11.75,-1.25,0,-2.39E-05
-11.75,-1.75,0,-0.000211443
-11.75,-2.25,0,-0.000192046
-11.75,-2.75,0,-9.46E-05
-11.75,-3.25,0,-0.001060997
-11.75,-3.75,0,0.000235575
-11.75,-4.25,0,-6.26E-05
-11.75,-4.75,0,0.000528435
-11.75,-5.25,0,5.65E-05
-11.75,-5.75,0,0.000246504
-11.75,-6.25,0,-0.000933136
-11.75,-6.75,0,-0.000336543
-11.75,-7.25,0,-0.000183915
-11.75,-7.75,0,6.20E-05
-11.75,-8.25,0,0.000319721
-11.75,-8.75,0,-0.000158467
-11.75,-9.25,0,0.000468939
-11.75,-9.75,0,2.34E-05
-11.75,-10.25,0,0.000430365
-11.75,-10.75,0,5.82E-05
-11.75,-11.25,0,-0.000239662
-11.75,-11.75,0,-0.000852013
-11.75,-12.25,0,8.46E-05
-11.75,-12.75,0,0.000364495
-11.75,-13.25,0,-5.07E-05
-11.75,-13.75,0,-1.98E-05
-11.75,-14.25,0,-1.49E-05
-11.75,-14.75,0,-0.000410403
-11.25,14.75,0,0.001974059
-11.25,14.25,0,-0.010226065
-11.25,13.75,0,7.02E-02
-11.25,13.25,0,9.26E-01
-11.25,12.75,0,9.86E-01
-11.25,12.25,0,1.94E-03
-11.25,11.75,0,-7.14E-03
-11.25,11.25,0,3.08E-02
-11.25,10.75,0,-3.13E-04
-11.25,10.25,0,-1.79E-02
-11.25,9.75,0,1.46E-02
-11.25,9.25,0,-1.68E-02
-11.25,8.75,0,1.68E-02
-11.25,8.25,0,1.43E-02
-11.25,7.75,0,-7.00E-03
-11.25,7.25,0,-0.006202475
-11.25,6.75,0,0.021773126
-11.25,6.25,0,-0.001026393
-11.25,5.75,0,0.000571885
-11.25,5.25,0,1.72E-05
-11.25,4.75,0,0.000149795
-11.25,4.25,0,3.06E-05
-11.25,3.75,0,-0.000392972
-11.25,3.25,0,3.33E-05
-11.25,2.75,0,-0.000391785
-11.25,2.25,0,0.000398829
-11.25,1.75,0,-0.000267522
-11.25,1.25,0,0.000614266
-11.25,0.75,0,-0.000218069
-11.25,0.25,0,0.000388496
-11.25,-0.25,0,0.00015084
-11.25,-0.75,0,-0.000863135
-11.25,-1.25,0,-0.000199092
-11.25,-1.75,0,0.000276808
-11.25,-2.25,0,6.33E-05
-11.25,-2.75,0,-0.000302535
-11.25,-3.25,0,-0.000145632
-11.25,-3.75,0,5.51E-06
-11.25,-4.25,0,-0.000336112
-11.25,-4.75,0,0.000229878
-11.25,-5.25,0,-0.000195287
-11.25,-5.75,0,0.001290762
-11.25,-6.25,0,-0.000154107
-11.25,-6.75,0,0.000160634
-11.25,-7.25,0,-0.000564482
-11.25,-7.75,0,-0.000460816
-11.25,-8.25,0,-0.000207767
-11.25,-8.75,0,-4.13E-05
-11.25,-9.25,0,0.000341432
-11.25,-9.75,0,3.41E-06
-11.25,-10.25,0,-0.000118598
-11.25,-10.75,0,0.000354324
-11.25,-11.25,0,0.000512216
-11.25,-11.75,0,3.41E-05
-11.25,-12.25,0,0.000511572
-11.25,-12.75,0,0.000101197
-11.25,-13.25,0,-0.000498744
-11.25,-13.75,0,0.000289712
-11.25,-14.25,0,-0.000259571
-11.25,-14.75,0,-0.000305994
-10.75,14.75,0,0.000499386
-10.75,14.25,0,0.016079971
-10.75,13.75,0,-2.87E-02
-10.75,13.25,0,9.78E-01
-10.75,12.75,0,9.11E-01
-10.75,12.25,0,9.70E-01
-10.75,11.75,0,9.42E-01
-10.75,11.25,0,9.29E-01
-10.75,10.75,0,9.32E-01
-10.75,10.25,0,9.89E-01
-10.75,9.75,0,9.44E-01
-10.75,9.25,0,9.67E-01
-10.75,8.75,0,9.27E-01
-10.75,8.25,0,9.42E-01
-10.75,7.75,0,9.42E-01
-10.75,7.25,0,9.55E-01
-10.75,6.75,0,-0.029819805
-10.75,6.25,0,0.010717884
-10.75,5.75,0,0.000181103
-10.75,5.25,0,9.28E-05
-10.75,4.75,0,-2.36E-05
-10.75,4.25,0,0.000176071
-10.75,3.75,0,7.15E-05
-10.75,3.25,0,0.000127331
-10.75,2.75,0,6.05E-05
-10.75,2.25,0,6.57E-05
-10.75,1.75,0,-0.000155355
-10.75,1.25,0,0.001567803
-10.75,0.75,0,-0.000609876
-10.75,0.25,0,-0.000866323
-10.75,-0.25,0,-0.000201446
-10.75,-0.75,0,-0.000450294
-10.75,-1.25,0,-0.000162031
-10.75,-1.75,0,-4.18E-06
-10.75,-2.25,0,1.89E-05
-10.75,-2.75,0,0.000270309
-10.75,-3.25,0,0.000187086
-10.75,-3.75,0,0.000441544
-10.75,-4.25,0,0.00078526
-10.75,-4.75,0,0.000608317
-10.75,-5.25,0,-0.000802944
-10.75,-5.75,0,-0.001252109
-10.75,-6.25,0,0.000675549
-10.75,-6.75,0,-0.000550645
-10.75,-7.25,0,0.000141258
-10.75,-7.75,0,1.71E-05
-10.75,-8.25,0,0.001264583
-10.75,-8.75,0,-7.26E-05
-10.75,-9.25,0,-0.000279607
-10.75,-9.75,0,0.000102495
-10.75,-10.25,0,2.92E-05
-10.75,-10.75,0,1.63E-06
-10.75,-11.25,0,-0.000264412
-10.75,-11.75,0,-0.000703668
-10.75,-12.25,0,9.05E-05
-10.75,-12.75,0,-0.000588679
-10.75,-13.25,0,-0.000576591
-10.75,-13.75,0,0.000696466
-10.75,-14.25,0,-6.44E-05
-10.75,-14.75,0,-8.08E-07
-10.25,14.75,0,0.000499725
-10.25,14.25,0,0.004967207
-10.25,13.75,0,2.79E-02
-10.25,13.25,0,9.37E-01
-10.25,12.75,0,9.40E-01
-10.25,12.25,0,9.99E-01
-10.25,11.75,0,9.77E-01
-10.25,11.25,0,9.60E-01
-10.25,10.75,0,9.17E-01
-10.25,10.25,0,9.38E-01
-10.25,9.75,0,9.44E-01
-10.25,9.25,0,9.82E-01
-10.25,8.75,0,9.08E-01
-10.25,8.25,0,9.82E-01
-10.25,7.75,0,9.59E-01
-10.25,7.25,0,9.76E-01
-10.25,6.75,0,0.01233398
-10.25,6.25,0,0.000486078
-10.25,5.75,0,0.000307562
-10.25,5.25,0,0.000871597
-10.25,4.75,0,-0.000490672
-10.25,4.25,0,6.04E-05
-10.25,3.75,0,0.000337656
-10.25,3.25,0,0.000456298
-10.25,2.75,0,9.89E-05
-10.25,2.25,0,9.20E-05
-10.25,1.75,0,-0.000248922
-10.25,1.25,0,4.98E-06
-10.25,0.75,0,0.00056373
-10.25,0.25,0,-0.000655055
-10.25,-0.25,0,0.000434166
-10.25,-0.75,0,0.001069799
-10.25,-1.25,0,-1.62E-05
-10.25,-1.75,0,0.001131242
-10.25,-2.25,0,4.53E-05
-10.25,-2.75,0,-0.000296917
-10.25,-3.25,0,-0.000994265
-10.25,-3.75,0,-1.24E-05
-10.25,-4.25,0,0.000427994
-10.25,-4.75,0,0.000275411
-10.25,-5.25,0,0.00023212
-10.25,-5.75,0,-1.17E-05
-10.25,-6.25,0,0.000324601
-10.25,-6.75,0,-0.000486709
-10.25,-7.25,0,-0.000141227
-10.25,-7.75,0,-0.000338396
-10.25,-8.25,0,0.000148328
-10.25,-8.75,0,-2.32E-05
-10.25,-9.25,0,-0.000498342
-10.25,-9.75,0,7.66E-05
-10.25,-10.25,0,-0.000155874
-10.25,-10.75,0,-0.000261889
-10.25,-11.25,0,0.000337693
-10.25,-11.75,0,2.33E-05
-10.25,-12.25,0,0.000266841
-10.25,-12.75,0,0.000425813
-10.25,-13.25,0,7.95E-05
-10.25,-13.75,0,0.000213101
-10.25,-14.25,0,0.000199252
-10.25,-14.75,0,0.00061855
-9.75,14.75,0,0.002315345
-9.75,14.25,0,0.012773959
-9.75,13.75,0,-1.82E-02
-9.75,13.25,0,9.77E-01
-9.75,12.75,0,9.82E-01
-9.75,12.25,0,-4.61E-02
-9.75,11.75,0,2.43E-02
-9.75,11.25,0,1.49E-02
-9.75,10.75,0,2.70E-02
-9.75,10.25,0,1.64E-02
-9.75,9.75,0,2.23E-02
-9.75,9.25,0,1.46E-02
-9.75,8.75,0,1.22E-02
-9.75,8.25,0,3.05E-02
-9.75,7.75,0,-3.27E-02
-9.75,7.25,0,-0.012299356
-9.75,6.75,0,0.023417496
-9.75,6.25,0,-0.003778703
-9.75,5.75,0,0.000119978
-9.75,5.25,0,0.001656533
-9.75,4.75,0,-7.42E-05
-9.75,4.25,0,-3.24E-05
-9.75,3.75,0,0.000380777
-9.75,3.25,0,0.000249819
-9.75,2.75,0,-0.000637822
-9.75,2.25,0,-0.000285811
-9.75,1.75,0,0.000357509
-9.75,1.25,0,-5.74E-05
-9.75,0.75,0,0.000124117
-9.75,0.25,0,-0.000234874
-9.75,-0.25,0,-3.01E-05
-9.75,-0.75,0,9.18E-05
-9.75,-1.25,0,-0.000975162
-9.75,-1.75,0,8.87E-06
-9.75,-2.25,0,2.77E-07
-9.75,-2.75,0,-0.000209269
-9.75,-3.25,0,0.000135563
-9.75,-3.75,0,-0.000674026
-9.75,-4.25,0,-0.00101651
-9.75,-4.75,0,-0.000525767
-9.75,-5.25,0,-0.000353877
-9.75,-5.75,0,-0.000643904
-9.75,-6.25,0,-0.000678579
-9.75,-6.75,0,0.000126596
-9.75,-7.25,0,-0.00077668
-9.75,-7.75,0,4.79E-06
-9.75,-8.25,0,0.000429086
-9.75,-8.75,0,1.34E-05
-9.75,-9.25,0,0.00011851
-9.75,-9.75,0,0.000101889
-9.75,-10.25,0,-0.00054052
-9.75,-10.75,0,7.86E-06
-9.75,-11.25,0,0.00047161
-9.75,-11.75,0,0.00099187
-9.75,-12.25,0,-0.000182505
-9.75,-12.75,0,-0.00073668
-9.75,-13.25,0,6.70E-05
-9.75,-13.75,0,4.75E-05
-9.75,-14.25,0,-4.48E-05
-9.75,-14.75,0,-0.000781765
-9.25,14.75,0,0.003544355
-9.25,14.25,0,-4.01E-06
-9.25,13.75,0,3.04E-02
-9.25,13.25,0,9.04E-01
-9.25,12.75,0,9.44E-01
-9.25,12.25,0,1.41E-02
-9.25,11.75,0,0.021708051
-9.25,11.25,0,0.002271749
-9.25,10.75,0,0.003624774
-9.25,10.25,0,0.004652135
-9.25,9.75,0,0.006482711
-9.25,9.25,0,-0.000847957
-9.25,8.75,0,0.012132622
-9.25,8.25,0,-0.001829621
-9.25,7.75,0,0.016613234
-9.25,7.25,0,0.005975004
-9.25,6.75,0,-0.000684234
-9.25,6.25,0,4.90E-05
-9.25,5.75,0,-0.000709025
-9.25,5.25,0,-0.000270589
-9.25,4.75,0,-0.000556191
-9.25,4.25,0,-0.000404504
-9.25,3.75,0,0.000479158
-9.25,3.25,0,-9.62E-05
-9.25,2.75,0,-0.000296969
-9.25,2.25,0,-8.39E-05
-9.25,1.75,0,-0.000178274
-9.25,1.25,0,0.000100924
-9.25,0.75,0,-0.000101083
-9.25,0.25,0,0.000114973
-9.25,-0.25,0,-5.17E-05
-9.25,-0.75,0,0.00031928
-9.25,-1.25,0,-3.54E-05
-9.25,-1.75,0,-8.25E-05
-9.25,-2.25,0,-0.000455464
-9.25,-2.75,0,-0.00054393
-9.25,-3.25,0,0.000318234
-9.25,-3.75,0,0.0002108
-9.25,-4.25,0,0.000355199
-9.25,-4.75,0,-0.000172158
-9.25,-5.25,0,0.001323437
-9.25,-5.75,0,9.51E-05
-9.25,-6.25,0,0.00057348
-9.25,-6.75,0,1.45E-05
-9.25,-7.25,0,-1.48E-05
-9.25,-7.75,0,0.000333508
-9.25,-8.25,0,0.000158399
-9.25,-8.75,0,-0.000493407
-9.25,-9.25,0,-0.000614754
-9.25,-9.75,0,-0.000238779
-9.25,-10.25,0,-0.000539531
-9.25,-10.75,0,6.80E-05
-9.25,-11.25,0,-0.000173936
-9.25,-11.75,0,-0.000193099
-9.25,-12.25,0,-0.000661929
-9.25,-12.75,0,0.000316648
-9.25,-13.25,0,0.000290073
-9.25,-13.75,0,-2.47E-05
-9.25,-14.25,0,0.000364024
-9.25,-14.75,0,-0.000434893
-8.75,14.75,0,0.000204676
-8.75,14.25,0,0.00812335
-8.75,13.75,0,1.36E-02
-8.75,13.25,0,1.03E+00
-8.75,12.75,0,9.67E-01
-8.75,12.25,0,6.74E-03
-8.75,11.75,0,0.004609865
-8.75,11.25,0,0.000611409
-8.75,10.75,0,0.001717249
-8.75,10.25,0,-0.000867912
-8.75,9.75,0,0.000546995
-8.75,9.25,0,0.000677976
-8.75,8.75,0,0.000119181
-8.75,8.25,0,-0.001759004
-8.75,7.75,0,-0.000200343
-8.75,7.25,0,0.000129787
-8.75,6.75,0,-0.000251983
-8.75,6.25,0,0.001016824
-8.75,5.75,0,0.000976317
-8.75,5.25,0,0.000830197
-8.75,4.75,0,-3.26E-06
-8.75,4.25,0,0.000241619
-8.75,3.75,0,0.00018506
-8.75,3.25,0,0.000238717
-8.75,2.75,0,-0.000475717
-8.75,2.25,0,0.000192209
-8.75,1.75,0,0.000603249
-8.75,1.25,0,0.000860961
-8.75,0.75,0,-0.000139968
-8.75,0.25,0,-0.00065675
-8.75,-0.25,0,0.000915781
-8.75,-0.75,0,0.001263031
-8.75,-1.25,0,-3.41E-05
-8.75,-1.75,0,-0.000295968
-8.75,-2.25,0,0.000553013
-8.75,-2.75,0,-1.05E-05
-8.75,-3.25,0,5.57E-05
-8.75,-3.75,0,0.000418099
-8.75,-4.25,0,-0.000316055
-8.75,-4.75,0,-0.001249476
-8.75,-5.25,0,0.000192059
-8.75,-5.75,0,0.000180279
-8.75,-6.25,0,0.000149215
-8.75,-6.75,0,0.00016997
-8.75,-7.25,0,0.000619856
-8.75,-7.75,0,0.000438146
-8.75,-8.25,0,-0.000137878
-8.75,-8.75,0,0.000454571
-8.75,-9.25,0,0.000164041
-8.75,-9.75,0,-2.84E-05
-8.75,-10.25,0,-0.0004822
-8.75,-10.75,0,0.000194132
-8.75,-11.25,0,-8.61E-05
-8.75,-11.75,0,1.07E-05
-8.75,-12.25,0,-0.000225581
-8.75,-12.75,0,-0.000474876
-8.75,-13.25,0,4.00E-05
-8.75,-13.75,0,3.87E-06
-8.75,-14.25,0,0.000662494
-8.75,-14.75,0,0.000459403
-8.25,14.75,0,0.00023701
-8.25,14.25,0,0.004033268
-8.25,13.75,0,2.80E-02
-8.25,13.25,0,8.10E-01
-8.25,12.75,0,9.79E-01
-8.25,12.25,0,-3.33E-02
-8.25,11.75,0,0.027510577
-8.25,11.25,0,-0.002844025
-8.25,10.75,0,1.19E-05
-8.25,10.25,0,0.000145047
-8.25,9.75,0,-0.000167855
-8.25,9.25,0,0.000578093
-8.25,8.75,0,-0.000740599
-8.25,8.25,0,0.00198062
-8.25,7.75,0,0.000882621
-8.25,7.25,0,0.000715321
-8.25,6.75,0,0.001827813
-8.25,6.25,0,-0.00154542
-8.25,5.75,0,0.000698737
-8.25,5.25,0,0.001691023
-8.25,4.75,0,0.000334715
-8.25,4.25,0,-0.001034668
-8.25,3.75,0,-0.000662426
-8.25,3.25,0,0.000108489
-8.25,2.75,0,-0.000275935
-8.25,2.25,0,0.001365636
-8.25,1.75,0,0.001572908
-8.25,1.25,0,-0.000463785
-8.25,0.75,0,-0.000635992
-8.25,0.25,0,-0.000266279
-8.25,-0.25,0,0.000797922
-8.25,-0.75,0,-0.000997166
-8.25,-1.25,0,-4.81E-05
-8.25,-1.75,0,8.43E-05
-8.25,-2.25,0,-3.14E-05
-8.25,-2.75,0,0.000213993
-8.25,-3.25,0,5.78E-05
-8.25,-3.75,0,-0.00022287
-8.25,-4.25,0,7.58E-06
-8.25,-4.75,0,-0.000108023
-8.25,-5.25,0,-0.000110305
-8.25,-5.75,0,-0.000275908
-8.25,-6.25,0,3.45E-05
-8.25,-6.75,0,-0.001054279
-8.25,-7.25,0,-0.00013732
-8.25,-7.75,0,-0.000339734
-8.25,-8.25,0,-0.000351488
-8.25,-8.75,0,0.000414475
-8.25,-9.25,0,-0.000117518
-8.25,-9.75,0,0.000253244
-8.25,-10.25,0,0.000408178
-8.25,-10.75,0,-5.06E-05
-8.25,-11.25,0,2.32E-05
-8.25,-11.75,0,0.000465419
-8.25,-12.25,0,5.47E-05
-8.25,-12.75,0,0.000175889
-8.25,-13.25,0,-0.000373828
-8.25,-13.75,0,0.000432214
-8.25,-14.25,0,-0.00032296
-8.25,-14.75,0,-0.001222962
-7.75,14.75,0,0.002027252
-7.75,14.25,0,0.008498286
-7.75,13.75,0,-0.00571929
-7.75,13.25,0,9.76E-01
-7.75,12.75,0,1.01E+00
-7.75,12.25,0,-0.003729912
-7.75,11.75,0,0.002807753
-7.75,11.25,0,-0.001032508
-7.75,10.75,0,0.000546275
-7.75,10.25,0,-7.98E-06
-7.75,9.75,0,-0.000614037
-7.75,9.25,0,-0.000433976
-7.75,8.75,0,0.000267308
-7.75,8.25,0,0.000831204
-7.75,7.75,0,-0.001396191
-7.75,7.25,0,-0.000766903
-7.75,6.75,0,0.004486224
-7.75,6.25,0,0.004350104
-7.75,5.75,0,0.000105084
-7.75,5.25,0,0.002337796
-7.75,4.75,0,0.004976714
-7.75,4.25,0,0.01125305
-7.75,3.75,0,-0.002086188
-7.75,3.25,0,0.011771467
-7.75,2.75,0,-0.000308421
-7.75,2.25,0,0.003633015
-7.75,1.75,0,0.001259098
-7.75,1.25,0,0.002013138
-7.75,0.75,0,0.010971418
-7.75,0.25,0,0.001848945
-7.75,-0.25,0,-0.000233391
-7.75,-0.75,0,-0.000565823
-7.75,-1.25,0,0.00106584
-7.75,-1.75,0,0.000213251
-7.75,-2.25,0,-1.81E-05
-7.75,-2.75,0,-0.000674661
-7.75,-3.25,0,-0.000871559
-7.75,-3.75,0,-0.001343887
-7.75,-4.25,0,0.001823637
-7.75,-4.75,0,0.000330288
-7.75,-5.25,0,5.11E-05
-7.75,-5.75,0,-0.000519736
-7.75,-6.25,0,-0.000327997
-7.75,-6.75,0,0.000155535
-7.75,-7.25,0,0.001149804
-7.75,-7.75,0,-0.000945956
-7.75,-8.25,0,-3.83E-05
-7.75,-8.75,0,0.00011146
-7.75,-9.25,0,-0.001159581
-7.75,-9.75,0,0.000490591
-7.75,-10.25,0,-0.000106861
-7.75,-10.75,0,0.000955101
-7.75,-11.25,0,-6.12E-05
-7.75,-11.75,0,4.78E-05
-7.75,-12.25,0,-0.000613803
-7.75,-12.75,0,-0.000181326
-7.75,-13.25,0,-0.00089667
-7.75,-13.75,0,0.000132518
-7.75,-14.25,0,0.000508965
-7.75,-14.75,0,-0.000330229
-7.25,14.75,0,0.000825083
-7.25,14.25,0,-0.004561613
-7.25,13.75,0,0.040626943
-7.25,13.25,0,-0.03680253
-7.25,12.75,0,-0.036285503
-7.25,12.25,0,0.022701301
-7.25,11.75,0,0.002274714
-7.25,11.25,0,-0.000906516
-7.25,10.75,0,7.17E-05
-7.25,10.25,0,-3.70E-05
-7.25,9.75,0,0.000750319
-7.25,9.25,0,0.000609113
-7.25,8.75,0,4.42E-05
-7.25,8.25,0,-0.000459372
-7.25,7.75,0,-0.002727278
-7.25,7.25,0,0.020120859
-7.25,6.75,0,-0.01924017
-7.25,6.25,0,0.011715612
-7.25,5.75,0,0.020213067
-7.25,5.25,0,0.008135234
-7.25,4.75,0,-0.02104305
-7.25,4.25,0,-0.015082067
-7.25,3.75,0,0.027752461
-7.25,3.25,0,-0.021283689
-7.25,2.75,0,0.022862488
-7.25,2.25,0,0.000407412
-7.25,1.75,0,0.008802544
-7.25,1.25,0,0.004878886
-7.25,0.75,0,-0.00720011
-7.25,0.25,0,-0.001932891
-7.25,-0.25,0,0.01376488
-7.25,-0.75,0,-0.000921079
-7.25,-1.25,0,0.000450885
-7.25,-1.75,0,-0.000333072
-7.25,-2.25,0,-0.000663792
-7.25,-2.75,0,-3.25E-05
-7.25,-3.25,0,0.001489114
-7.25,-3.75,0,-4.93E-05
-7.25,-4.25,0,2.22E-05
-7.25,-4.75,0,-0.00071386
-7.25,-5.25,0,0.000974048
-7.25,-5.75,0,7.66E-05
-7.25,-6.25,0,0.000110619
-7.25,-6.75,0,-0.000381673
-7.25,-7.25,0,0.000592975
-7.25,-7.75,0,6.66E-05
-7.25,-8.25,0,-0.000313506
-7.25,-8.75,0,0.000119784
-7.25,-9.25,0,-7.52E-05
-7.25,-9.75,0,2.33E-05
-7.25,-10.25,0,-0.000205237
-7.25,-10.75,0,-4.06E-05
-7.25,-11.25,0,-0.000556254
-7.25,-11.75,0,-4.98E-05
-7.25,-12.25,0,0.000243059
-7.25,-12.75,0,0.000906531
-7.25,-13.25,0,-0.000693978
-7.25,-13.75,0,0.001163854
-7.25,-14.25,0,0.000606951
-7.25,-14.75,0,-2.24E-05
-6.75,14.75,0,0.001146562
-6.75,14.25,0,-0.001477421
-6.75,13.75,0,-0.002197129
-6.75,13.25,0,0.014625042
-6.75,12.75,0,0.018435932
-6.75,12.25,0,-0.003300906
-6.75,11.75,0,0.000145269
-6.75,11.25,0,0.001334236
-6.75,10.75,0,-0.000153772
-6.75,10.25,0,-0.000273792
-6.75,9.75,0,-0.000227067
-6.75,9.25,0,0.000154079
-6.75,8.75,0,-0.000826491
-6.75,8.25,0,0.00220595
-6.75,7.75,0,0.003338503
-6.75,7.25,0,-0.011574735
-6.75,6.75,0,4.86E-01
-6.75,6.25,0,4.60E-01
-6.75,5.75,0,4.43E-01
-6.75,5.25,0,4.63E-01
-6.75,4.75,0,5.53E-01
-6.75,4.25,0,4.71E-01
-6.75,3.75,0,4.56E-01
-6.75,3.25,0,4.98E-01
-6.75,2.75,0,4.27E-01
-6.75,2.25,0,4.96E-01
-6.75,1.75,0,4.77E-01
-6.75,1.25,0,4.57E-01
-6.75,0.75,0,4.93E-01
-6.75,0.25,0,4.67E-01
-6.75,-0.25,0,-0.000848864
-6.75,-0.75,0,0.001713284
-6.75,-1.25,0,0.00079503
-6.75,-1.75,0,-2.16E-05
-6.75,-2.25,0,0.000834485
-6.75,-2.75,0,0.000411302
-6.75,-3.25,0,-1.76E-05
-6.75,-3.75,0,-0.000124426
-6.75,-4.25,0,0.000416398
-6.75,-4.75,0,-0.000640415
-6.75,-5.25,0,0.000182248
-6.75,-5.75,0,-0.000180489
-6.75,-6.25,0,-0.000170835
-6.75,-6.75,0,-0.000408577
-6.75,-7.25,0,0.000138989
-6.75,-7.75,0,-0.000303193
-6.75,-8.25,0,-0.000435568
-6.75,-8.75,0,0.00028851
-6.75,-9.25,0,-8.56E-05
-6.75,-9.75,0,9.13E-05
-6.75,-10.25,0,-7.83E-05
-6.75,-10.75,0,9.19E-07
-6.75,-11.25,0,-0.001587142
-6.75,-11.75,0,8.41E-05
-6.75,-12.25,0,0.000931613
-6.75,-12.75,0,0.000411659
-6.75,-13.25,0,0.000106895
-6.75,-13.75,0,-0.00013214
-6.75,-14.25,0,-9.32E-05
-6.75,-14.75,0,-3.40E-05
-6.25,14.75,0,0.000290422
-6.25,14.25,0,0.000322463
-6.25,13.75,0,9.89E-05
-6.25,13.25,0,-0.002377045
-6.25,12.75,0,-0.002504041
-6.25,12.25,0,0.000405782
-6.25,11.75,0,0.00044381
-6.25,11.25,0,-0.000476939
-6.25,10.75,0,-0.000264698
-6.25,10.25,0,-0.000574033
-6.25,9.75,0,0.000422404
-6.25,9.25,0,0.000351001
-6.25,8.75,0,-0.000213422
-6.25,8.25,0,0.001003635
-6.25,7.75,0,0.003043839
-6.25,7.25,0,0.006972253
-6.25,6.75,0,4.77E-01
-6.25,6.25,0,4.56E-01
-6.25,5.75,0,5.56E-01
-6.25,5.25,0,4.59E-01
-6.25,4.75,0,4.43E-01
-6.25,4.25,0,5.12E-01
-6.25,3.75,0,4.67E-01
-6.25,3.25,0,4.68E-01
-6.25,2.75,0,4.91E-01
-6.25,2.25,0,4.58E-01
-6.25,1.75,0,5.08E-01
-6.25,1.25,0,4.88E-01
-6.25,0.75,0,4.49E-01
-6.25,0.25,0,4.78E-01
-6.25,-0.25,0,0.007057657
-6.25,-0.75,0,0.004259132
-6.25,-1.25,0,-2.38E-05
-6.25,-1.75,0,0.000582319
-6.25,-2.25,0,0.000275088
-6.25,-2.75,0,-0.000215137
-6.25,-3.25,0,-3.02E-05
-6.25,-3.75,0,-0.000218923
-6.25,-4.25,0,-0.000491623
-6.25,-4.75,0,7.71E-05
-6.25,-5.25,0,7.87E-05
-6.25,-5.75,0,-0.000128155
-6.25,-6.25,0,2.25E-05
-6.25,-6.75,0,0.000393733
-6.25,-7.25,0,4.60E-05
-6.25,-7.75,0,3.23E-06
-6.25,-8.25,0,8.68E-05
-6.25,-8.75,0,2.75E-05
-6.25,-9.25,0,-0.000252252
-6.25,-9.75,0,0.000358934
-6.25,-10.25,0,0.000656697
-6.25,-10.75,0,-0.00010266
-6.25,-11.25,0,0.001208215
-6.25,-11.75,0,-3.87E-05
-6.25,-12.25,0,-0.000100488
-6.25,-12.75,0,-0.00048291
-6.25,-13.25,0,-0.000360853
-6.25,-13.75,0,-0.00060881
-6.25,-14.25,0,2.98E-05
-6.25,-14.75,0,0.000692546
-5.75,14.75,0,-0.00011833
-5.75,14.25,0,0.000616157
-5.75,13.75,0,0.001183331
-5.75,13.25,0,-0.000966696
-5.75,12.75,0,4.75E-05
-5.75,12.25,0,0.000571383
-5.75,11.75,0,0.000972223
-5.75,11.25,0,-0.000561769
-5.75,10.75,0,-0.000283383
-5.75,10.25,0,0.00013711
-5.75,9.75,0,-0.000102732
-5.75,9.25,0,0.00043985
-5.75,8.75,0,-9.95E-05
-5.75,8.25,0,-0.001093198
-5.75,7.75,0,0.00487433
-5.75,7.25,0,0.000919912
-5.75,6.75,0,4.91E-01
-5.75,6.25,0,4.92E-01
-5.75,5.75,0,-2.91E-02
-5.75,5.25,0,0.009312057
-5.75,4.75,0,0.025893544
-5.75,4.25,0,-8.64E-03
-5.75,3.75,0,5.25E-01
-5.75,3.25,0,4.74E-01
-5.75,2.75,0,3.07E-02
-5.75,2.25,0,-0.013639262
-5.75,1.75,0,0.004587729
-5.75,1.25,0,-4.13E-04
-5.75,0.75,0,4.98E-01
-5.75,0.25,0,4.74E-01
-5.75,-0.25,0,0.005742867
-5.75,-0.75,0,0.002072991
-5.75,-1.25,0,0.00085201
-5.75,-1.75,0,0.000603382
-5.75,-2.25,0,-0.001259656
-5.75,-2.75,0,-0.000294955
-5.75,-3.25,0,-0.000153933
-5.75,-3.75,0,0.000784965
-5.75,-4.25,0,0.000100709
-5.75,-4.75,0,-7.25E-05
-5.75,-5.25,0,0.000799018
-5.75,-5.75,0,-0.000627675
-5.75,-6.25,0,-2.40E-05
-5.75,-6.75,0,0.000557327
-5.75,-7.25,0,0.000604496
-5.75,-7.75,0,0.000110063
-5.75,-8.25,0,0.000101889
-5.75,-8.75,0,-3.17E-05
-5.75,-9.25,0,0.000156645
-5.75,-9.75,0,-0.000258945
-5.75,-10.25,0,0.000194527
-5.75,-10.75,0,-3.54E-05
-5.75,-11.25,0,0.000547678
-5.75,-11.75,0,-0.000153025
-5.75,-12.25,0,0.000206305
-5.75,-12.75,0,0.000351514
-5.75,-13.25,0,-0.000242046
-5.75,-13.75,0,3.40E-05
-5.75,-14.25,0,0.000897241
-5.75,-14.75,0,2.43E-05
-5.25,14.75,0,-0.000228705
-5.25,14.25,0,-0.000206847
-5.25,13.75,0,3.68E-06
-5.25,13.25,0,0.000336234
-5.25,12.75,0,0.000124517
-5.25,12.25,0,-4.13E-05
-5.25,11.75,0,0.000182029
-5.25,11.25,0,0.000117432
-5.25,10.75,0,0.000246159
-5.25,10.25,0,0.000337382
-5.25,9.75,0,-0.000514014
-5.25,9.25,0,-0.00017749
-5.25,8.75,0,0.000416598
-5.25,8.25,0,0.000194123
-5.25,7.75,0,0.006115143
-5.25,7.25,0,-0.005847529
-5.25,6.75,0,4.62E-01
-5.25,6.25,0,4.94E-01
-5.25,5.75,0,-0.011733344
-5.25,5.25,0,0.014498575
-5.25,4.75,0,0.000728599
-5.25,4.25,0,0.018690886
-5.25,3.75,0,4.49E-01
-5.25,3.25,0,5.03E-01
-5.25,2.75,0,0.002368952
-5.25,2.25,0,0.009172454
-5.25,1.75,0,0.009567477
-5.25,1.25,0,0.01201344
-5.25,0.75,0,4.75E-01
-5.25,0.25,0,4.74E-01
-5.25,-0.25,0,0.014424436
-5.25,-0.75,0,0.000701244
-5.25,-1.25,0,0.00084268
-5.25,-1.75,0,5.75E-05
-5.25,-2.25,0,-0.000174892
-5.25,-2.75,0,0.001697376
-5.25,-3.25,0,-6.40E-05
-5.25,-3.75,0,-0.000288468
-5.25,-4.25,0,0.001573444
-5.25,-4.75,0,-0.00087769
-5.25,-5.25,0,0.000217734
-5.25,-5.75,0,-0.000407938
-5.25,-6.25,0,0.000521549
-5.25,-6.75,0,2.85E-05
-5.25,-7.25,0,-5.25E-05
-5.25,-7.75,0,-0.000139881
-5.25,-8.25,0,2.38E-05
-5.25,-8.75,0,0.00067408
-5.25,-9.25,0,-0.001243524
-5.25,-9.75,0,-0.000863534
-5.25,-10.25,0,3.63E-05
-5.25,-10.75,0,-0.000332651
-5.25,-11.25,0,-0.000187764
-5.25,-11.75,0,-0.001033761
-5.25,-12.25,0,-0.00030348
-5.25,-12.75,0,-5.85E-06
-5.25,-13.25,0,-0.000271944
-5.25,-13.75,0,-0.000303078
-5.25,-14.25,0,-0.000108614
-5.25,-14.75,0,-0.000661631
-4.75,14.75,0,0.000360137
-4.75,14.25,0,-0.000429705
-4.75,13.75,0,0.000295446
-4.75,13.25,0,-0.000333776
-4.75,12.75,0,-0.000555741
-4.75,12.25,0,-0.000478097
-4.75,11.75,0,5.92E-05
-4.75,11.25,0,0.00011471
-4.75,10.75,0,0.000153006
-4.75,10.25,0,0.000334072
-4.75,9.75,0,0.000308955
-4.75,9.25,0,-0.000610864
-4.75,8.75,0,0.000231255
-4.75,8.25,0,-0.001194034
-4.75,7.75,0,0.004781737
-4.75,7.25,0,0.005215345
-4.75,6.75,0,4.89E-01
-4.75,6.25,0,4.55E-01
-4.75,5.75,0,0.018343986
-4.75,5.25,0,0.00111836
-4.75,4.75,0,0.003737773
-4.75,4.25,0,-0.000746615
-4.75,3.75,0,4.79E-01
-4.75,3.25,0,4.73E-01
-4.75,2.75,0,0.005526369
-4.75,2.25,0,0.004274682
-4.75,1.75,0,-0.001006149
-4.75,1.25,0,0.006077343
-4.75,0.75,0,4.77E-01
-4.75,0.25,0,4.71E-01
-4.75,-0.25,0,-0.011787958
-4.75,-0.75,0,0.010712972
-4.75,-1.25,0,-0.000894492
-4.75,-1.75,0,0.000608474
-4.75,-2.25,0,-0.000608314
-4.75,-2.75,0,-0.000336088
-4.75,-3.25,0,-0.000146398
-4.75,-3.75,0,-0.000136089
-4.75,-4.25,0,0.000282683
-4.75,-4.75,0,0.000161332
-4.75,-5.25,0,0.000344598
-4.75,-5.75,0,-0.000593233
-4.75,-6.25,0,-0.000418792
-4.75,-6.75,0,-4.13E-05
-4.75,-7.25,0,-0.000138409
-4.75,-7.75,0,0.000257435
-4.75,-8.25,0,0.000391885
-4.75,-8.75,0,-0.000122066
-4.75,-9.25,0,0.000371168
-4.75,-9.75,0,0.000807907
-4.75,-10.25,0,8.33E-05
-4.75,-10.75,0,0.000714542
-4.75,-11.25,0,0.000420298
-4.75,-11.75,0,1.12E-05
-4.75,-12.25,0,0.000376734
-4.75,-12.75,0,4.37E-05
-4.75,-13.25,0,-9.79E-05
-4.75,-13.75,0,0.000201217
-4.75,-14.25,0,7.47E-05
-4.75,-14.75,0,-0.000104256
-4.25,14.75,0,0.001144076
-4.25,14.25,0,-0.000118452
-4.25,13.75,0,0.001645656
-4.25,13.25,0,-0.00020382
-4.25,12.75,0,-2.32E-06
-4.25,12.25,0,0.000269775
-4.25,11.75,0,0.001376734
-4.25,11.25,0,-2.91E-05
-4.25,10.75,0,-8.75E-06
-4.25,10.25,0,0.000257746
-4.25,9.75,0,-0.000292818
-4.25,9.25,0,-0.000410777
-4.25,8.75,0,0.000276248
-4.25,8.25,0,0.002033972
-4.25,7.75,0,0.002658235
-4.25,7.25,0,0.003078885
-4.25,6.75,0,4.60E-01
-4.25,6.25,0,5.00E-01
-4.25,5.75,0,-0.011208622
-4.25,5.25,0,0.006958803
-4.25,4.75,0,0.0015021
-4.25,4.25,0,0.009371186
-4.25,3.75,0,4.88E-01
-4.25,3.25,0,5.00E-01
-4.25,2.75,0,-0.019842767
-4.25,2.25,0,0.01001381
-4.25,1.75,0,0.002966384
-4.25,1.25,0,0.004735076
-4.25,0.75,0,4.82E-01
-4.25,0.25,0,4.53E-01
-4.25,-0.25,0,0.013084372
-4.25,-0.75,0,-0.000580995
-4.25,-1.25,0,0.001669117
-4.25,-1.75,0,0.000680319
-4.25,-2.25,0,0.000346109
-4.25,-2.75,0,-0.00054745
-4.25,-3.25,0,0.000171544
-4.25,-3.75,0,7.15E-05
-4.25,-4.25,0,-0.000725006
-4.25,-4.75,0,-8.27E-05
-4.25,-5.25,0,-2.97E-05
-4.25,-5.75,0,7.01E-05
-4.25,-6.25,0,-0.000381923
-4.25,-6.75,0,0.000616027
-4.25,-7.25,0,0.000717533
-4.25,-7.75,0,-0.000188793
-4.25,-8.25,0,-0.000138947
-4.25,-8.75,0,-2.62E-05
-4.25,-9.25,0,0.000368628
-4.25,-9.75,0,4.90E-05
-4.25,-10.25,0,-1.28E-05
-4.25,-10.75,0,-0.000225667
-4.25,-11.25,0,-8.60E-05
-4.25,-11.75,0,8.97E-05
-4.25,-12.25,0,0.000863083
-4.25,-12.75,0,9.16E-05
-4.25,-13.25,0,-0.000629954
-4.25,-13.75,0,0.000220147
-4.25,-14.25,0,0.000103676
-4.25,-14.75,0,-8.87E-06
-3.75,14.75,0,-0.000178982
-3.75,14.25,0,-0.000510994
-3.75,13.75,0,-0.000178872
-3.75,13.25,0,-0.000651228
-3.75,12.75,0,-3.76E-05
-3.75,12.25,0,4.04E-06
-3.75,11.75,0,-1.61E-05
-3.75,11.25,0,-6.44E-05
-3.75,10.75,0,-2.72E-06
-3.75,10.25,0,0.000121003
-3.75,9.75,0,-7.15E-05
-3.75,9.25,0,0.000591484
-3.75,8.75,0,0.000356914
-3.75,8.25,0,-0.001167453
-3.75,7.75,0,0.005038624
-3.75,7.25,0,0.006782743
-3.75,6.75,0,4.78E-01
-3.75,6.25,0,4.73E-01
-3.75,5.75,0,0.020384665
-3.75,5.25,0,-0.000382045
-3.75,4.75,0,0.00213433
-3.75,4.25,0,0.000495915
-3.75,3.75,0,4.82E-01
-3.75,3.25,0,4.71E-01
-3.75,2.75,0,0.014745356
-3.75,2.25,0,0.004428195
-3.75,1.75,0,-0.000480835
-3.75,1.25,0,0.009337506
-3.75,0.75,0,4.95E-01
-3.75,0.25,0,4.60E-01
-3.75,-0.25,0,0.024519221
-3.75,-0.75,0,0.000425473
-3.75,-1.25,0,-0.000112739
-3.75,-1.75,0,-0.000562297
-3.75,-2.25,0,0.000104736
-3.75,-2.75,0,0.000479144
-3.75,-3.25,0,-0.000522875
-3.75,-3.75,0,0.000304203
-3.75,-4.25,0,0.00034174
-3.75,-4.75,0,0.000168718
-3.75,-5.25,0,0.000147714
-3.75,-5.75,0,-0.001013805
-3.75,-6.25,0,-0.000123794
-3.75,-6.75,0,0.00015625
-3.75,-7.25,0,8.41E-05
-3.75,-7.75,0,-0.000223329
-3.75,-8.25,0,-2.60E-06
-3.75,-8.75,0,0.000261829
-3.75,-9.25,0,-9.19E-05
-3.75,-9.75,0,-0.00036407
-3.75,-10.25,0,-0.000109287
-3.75,-10.75,0,-5.67E-05
-3.75,-11.25,0,0.000386083
-3.75,-11.75,0,0.000153566
-3.75,-12.25,0,0.000142536
-3.75,-12.75,0,1.25E-05
-3.75,-13.25,0,-0.000331722
-3.75,-13.75,0,7.14E-05
-3.75,-14.25,0,0.00014698
-3.75,-14.75,0,-0.000788901
-3.25,14.75,0,0.000117804
-3.25,14.25,0,0.000143894
-3.25,13.75,0,-0.0001226
-3.25,13.25,0,0.000533785
-3.25,12.75,0,1.51E-05
-3.25,12.25,0,-0.000270549
-3.25,11.75,0,-7.00E-06
-3.25,11.25,0,-2.59E-05
-3.25,10.75,0,3.35E-05
-3.25,10.25,0,4.84E-05
-3.25,9.75,0,-0.000230117
-3.25,9.25,0,3.02E-05
-3.25,8.75,0,0.000652566
-3.25,8.25,0,0.000342337
-3.25,7.75,0,0.006329055
-3.25,7.25,0,-0.013612528
-3.25,6.75,0,4.93E-01
-3.25,6.25,0,4.67E-01
-3.25,5.75,0,-0.003117933
-3.25,5.25,0,0.004964629
-3.25,4.75,0,-0.00093056
-3.25,4.25,0,0.012358456
-3.25,3.75,0,4.68E-01
-3.25,3.25,0,4.32E-01
-3.25,2.75,0,0.013438439
-3.25,2.25,0,-0.000518483
-3.25,1.75,0,0.003723917
-3.25,1.25,0,0.001318965
-3.25,0.75,0,5.17E-01
-3.25,0.25,0,4.56E-01
-3.25,-0.25,0,0.001035838
-3.25,-0.75,0,0.004045991
-3.25,-1.25,0,-0.000584029
-3.25,-1.75,0,-0.000845109
-3.25,-2.25,0,3.51E-05
-3.25,-2.75,0,0.00047694
-3.25,-3.25,0,0.000171092
-3.25,-3.75,0,9.98E-05
-3.25,-4.25,0,0.000249879
-3.25,-4.75,0,-0.000280194
-3.25,-5.25,0,0.000728392
-3.25,-5.75,0,1.61E-06
-3.25,-6.25,0,0.000206137
-3.25,-6.75,0,1.89E-05
-3.25,-7.25,0,7.85E-06
-3.25,-7.75,0,-0.000985784
-3.25,-8.25,0,0.000420929
-3.25,-8.75,0,4.57E-05
-3.25,-9.25,0,0.000833524
-3.25,-9.75,0,0.000460535
-3.25,-10.25,0,1.93E-05
-3.25,-10.75,0,-0.000367212
-3.25,-11.25,0,-0.000708789
-3.25,-11.75,0,8.32E-05
-3.25,-12.25,0,0.000168781
-3.25,-12.75,0,0.000351514
-3.25,-13.25,0,-0.000104096
-3.25,-13.75,0,0.000219395
-3.25,-14.25,0,0.000108241
-3.25,-14.75,0,-0.000384094
-2.75,14.75,0,0.000457096
-2.75,14.25,0,6.77E-05
-2.75,13.75,0,-0.000131172
-2.75,13.25,0,0.000995075
-2.75,12.75,0,0.00011906
-2.75,12.25,0,5.59E-06
-2.75,11.75,0,2.05E-05
-2.75,11.25,0,1.01E-05
-2.75,10.75,0,1.73E-05
-2.75,10.25,0,6.68E-05
-2.75,9.75,0,-0.000109583
-2.75,9.25,0,-0.000867325
-2.75,8.75,0,0.000214707
-2.75,8.25,0,0.001509187
-2.75,7.75,0,-0.003017038
-2.75,7.25,0,0.022056574
-2.75,6.75,0,4.59E-01
-2.75,6.25,0,5.14E-01
-2.75,5.75,0,-0.017410168
-2.75,5.25,0,0.008599304
-2.75,4.75,0,-0.000524236
-2.75,4.25,0,0.007405676
-2.75,3.75,0,4.81E-01
-2.75,3.25,0,5.05E-01
-2.75,2.75,0,-0.006653362
-2.75,2.25,0,0.005881726
-2.75,1.75,0,0.006420447
-2.75,1.25,0,-0.02060594
-2.75,0.75,0,4.66E-01
-2.75,0.25,0,5.02E-01
-2.75,-0.25,0,-0.016441791
-2.75,-0.75,0,0.003779972
-2.75,-1.25,0,0.000468087
-2.75,-1.75,0,-0.00017467
-2.75,-2.25,0,0.000901757
-2.75,-2.75,0,-0.000673624
-2.75,-3.25,0,-0.000733582
-2.75,-3.75,0,-0.001360819
-2.75,-4.25,0,-0.00021294
-2.75,-4.75,0,-0.000872882
-2.75,-5.25,0,-8.40E-05
-2.75,-5.75,0,5.16E-05
-2.75,-6.25,0,-0.000310764
-2.75,-6.75,0,-0.000731617
-2.75,-7.25,0,4.97E-05
-2.75,-7.75,0,0.000966197
-2.75,-8.25,0,0.001146816
-2.75,-8.75,0,-0.000393534
-2.75,-9.25,0,-0.000179188
-2.75,-9.75,0,-0.000135555
-2.75,-10.25,0,2.70E-05
-2.75,-10.75,0,-0.000357769
-2.75,-11.25,0,-0.000906961
-2.75,-11.75,0,0.000153197
-2.75,-12.25,0,-0.00049484
-2.75,-12.75,0,-0.000953538
-2.75,-13.25,0,0.001439567
-2.75,-13.75,0,-4.22E-06
-2.75,-14.25,0,0.000191233
-2.75,-14.75,0,0.000739307
-2.25,14.75,0,-0.000919329
-2.25,14.25,0,0.000148942
-2.25,13.75,0,0.000129543
-2.25,13.25,0,3.48E-07
-2.25,12.75,0,8.28E-06
-2.25,12.25,0,-0.000105545
-2.25,11.75,0,7.21E-05
-2.25,11.25,0,-0.000366257
-2.25,10.75,0,-0.000557479
-2.25,10.25,0,0.000155365
-2.25,9.75,0,0.000496504
-2.25,9.25,0,-2.08E-05
-2.25,8.75,0,-0.000162788
-2.25,8.25,0,2.09E-05
-2.25,7.75,0,-0.000223478
-2.25,7.25,0,0.005304921
-2.25,6.75,0,0.001744469
-2.25,6.25,0,-0.022168459
-2.25,5.75,0,0.013021971
-2.25,5.25,0,-0.001045891
-2.25,4.75,0,0.001249101
-2.25,4.25,0,0.009368239
-2.25,3.75,0,-0.009098816
-2.25,3.25,0,-0.00659466
-2.25,2.75,0,0.004308032
-2.25,2.25,0,0.000533323
-2.25,1.75,0,-0.001685287
-2.25,1.25,0,0.016491601
-2.25,0.75,0,-0.009830133
-2.25,0.25,0,-0.01621887
-2.25,-0.25,0,0.017890273
-2.25,-0.75,0,-0.001334672
-2.25,-1.25,0,0.000345465
-2.25,-1.75,0,-0.000201381
-2.25,-2.25,0,-0.00051378
-2.25,-2.75,0,-0.000837907
-2.25,-3.25,0,0.00206752
-2.25,-3.75,0,0.001563083
-2.25,-4.25,0,0.000525453
-2.25,-4.75,0,-0.000208363
-2.25,-5.25,0,-0.000366997
-2.25,-5.75,0,-0.000273354
-2.25,-6.25,0,-0.000757663
-2.25,-6.75,0,-0.000196225
-2.25,-7.25,0,0.00013145
-2.25,-7.75,0,-0.000285371
-2.25,-8.25,0,-0.000605266
-2.25,-8.75,0,-0.000469432
-2.25,-9.25,0,-7.01E-06
-2.25,-9.75,0,0.000238813
-2.25,-10.25,0,0.000233363
-2.25,-10.75,0,0.000147747
-2.25,-11.25,0,0.000443312
-2.25,-11.75,0,0.000444132
-2.25,-12.25,0,-0.000681963
-2.25,-12.75,0,0.000114271
-2.25,-13.25,0,-5.10E-07
-2.25,-13.75,0,-0.001327212
-2.25,-14.25,0,-0.000820851
-2.25,-14.75,0,-0.000123051
-1.75,14.75,0,0.000696111
-1.75,14.25,0,6.82E-05
-1.75,13.75,0,0.000132076
-1.75,13.25,0,-0.000394685
-1.75,12.75,0,-0.001450381
-1.75,12.25,0,-7.59E-05
-1.75,11.75,0,-0.000300987
-1.75,11.25,0,0.000369992
-1.75,10.75,0,0.000877695
-1.75,10.25,0,-0.000224033
-1.75,9.75,0,0.000454623
-1.75,9.25,0,0.000184402
-1.75,8.75,0,-0.000839984
-1.75,8.25,0,-1.25E-05
-1.75,7.75,0,-4.41E-05
-1.75,7.25,0,0.000679221
-1.75,6.75,0,0.00369235
-1.75,6.25,0,0.006109537
-1.75,5.75,0,-0.000514001
-1.75,5.25,0,-0.000781912
-1.75,4.75,0,0.000783044
-1.75,4.25,0,-0.000764903
-1.75,3.75,0,0.003715977
-1.75,3.25,0,0.004099032
-1.75,2.75,0,0.000340347
-1.75,2.25,0,0.000113154
-1.75,1.75,0,0.001926971
-1.75,1.25,0,-0.001031808
-1.75,0.75,0,0.006214933
-1.75,0.25,0,0.00499403
-1.75,-0.25,0,-0.001799469
-1.75,-0.75,0,-0.000216717
-1.75,-1.25,0,-0.00027498
-1.75,-1.75,0,-0.000589204
-1.75,-2.25,0,0.000245686
-1.75,-2.75,0,-8.79E-05
-1.75,-3.25,0,-0.000228256
-1.75,-3.75,0,2.90E-05
-1.75,-4.25,0,-0.001734576
-1.75,-4.75,0,0.001408027
-1.75,-5.25,0,-0.002708563
-1.75,-5.75,0,0.000200427
-1.75,-6.25,0,0.001127972
-1.75,-6.75,0,-0.00028972
-1.75,-7.25,0,-0.000320306
-1.75,-7.75,0,0.000358468
-1.75,-8.25,0,-0.000188077
-1.75,-8.75,0,-0.00035842
-1.75,-9.25,0,5.51E-05
-1.75,-9.75,0,-0.000141104
-1.75,-10.25,0,0.000238709
-1.75,-10.75,0,0.000505603
-1.75,-11.25,0,0.00010174
-1.75,-11.75,0,5.66E-05
-1.75,-12.25,0,-0.000375345
-1.75,-12.75,0,0.000321233
-1.75,-13.25,0,-0.000281595
-1.75,-13.75,0,0.001156619
-1.75,-14.25,0,0.00027298
-1.75,-14.75,0,1.30E-05
-1.25,14.75,0,5.68E-05
-1.25,14.25,0,-0.001018487
-1.25,13.75,0,-0.000299697
-1.25,13.25,0,5.89E-05
-1.25,12.75,0,0.001407343
-1.25,12.25,0,0.000353496
-1.25,11.75,0,-5.59E-06
-1.25,11.25,0,-0.000191549
-1.25,10.75,0,1.02E-05
-1.25,10.25,0,0.000225056
-1.25,9.75,0,-0.00014151
-1.25,9.25,0,0.000756516
-1.25,8.75,0,-0.000292621
-1.25,8.25,0,-4.81E-05
-1.25,7.75,0,0.000197546
-1.25,7.25,0,-0.000761597
-1.25,6.75,0,-8.75E-05
-1.25,6.25,0,-8.19E-05
-1.25,5.75,0,0.000191727
-1.25,5.25,0,0.000448591
-1.25,4.75,0,0.000396009
-1.25,4.25,0,0.000563568
-1.25,3.75,0,-0.000560599
-1.25,3.25,0,-0.000284615
-1.25,2.75,0,0.000609418
-1.25,2.25,0,-0.000304084
-1.25,1.75,0,-0.000441156
-1.25,1.25,0,-0.00045798
-1.25,0.75,0,-0.000507848
-1.25,0.25,0,0.000766127
-1.25,-0.25,0,0.00021715
-1.25,-0.75,0,-0.000673122
-1.25,-1.25,0,-0.003297992
-1.25,-1.75,0,-0.006197544
-1.25,-2.25,0,-0.002322606
-1.25,-2.75,0,-0.001830912
-1.25,-3.25,0,-0.003501061
-1.25,-3.75,0,0.001615237
-1.25,-4.25,0,-0.005879207
-1.25,-4.75,0,0.001617591
-1.25,-5.25,0,-0.000585448
-1.25,-5.75,0,-0.006875534
-1.25,-6.25,0,-0.004466265
-1.25,-6.75,0,-0.001338722
-1.25,-7.25,0,-0.006756172
-1.25,-7.75,0,0.000132778
-1.25,-8.25,0,0.000225282
-1.25,-8.75,0,-0.000131737
-1.25,-9.25,0,3.41E-05
-1.25,-9.75,0,7.44E-05
-1.25,-10.25,0,-0.000253525
-1.25,-10.75,0,-0.000213765
-1.25,-11.25,0,-0.000574398
-1.25,-11.75,0,7.79E-05
-1.25,-12.25,0,0.000194063
-1.25,-12.75,0,-0.000647473
-1.25,-13.25,0,-0.000874856
-1.25,-13.75,0,0.000148314
-1.25,-14.25,0,0.000283781
-1.25,-14.75,0,-1.66E-05
-0.75,14.75,0,-0.000526449
-0.75,14.25,0,-0.00057946
-0.75,13.75,0,0.000326583
-0.75,13.25,0,-1.44E-05
-0.75,12.75,0,-9.12E-05
-0.75,12.25,0,0.000632144
-0.75,11.75,0,-0.000250841
-0.75,11.25,0,3.44E-05
-0.75,10.75,0,6.74E-05
-0.75,10.25,0,0.000368563
-0.75,9.75,0,-0.000488513
-0.75,9.25,0,9.29E-05
-0.75,8.75,0,0.001450052
-0.75,8.25,0,-0.0002209
-0.75,7.75,0,0.000417928
-0.75,7.25,0,0.000176914
-0.75,6.75,0,-7.47E-05
-0.75,6.25,0,-0.000451437
-0.75,5.75,0,0.000106372
-0.75,5.25,0,0.001030585
-0.75,4.75,0,-4.00E-05
-0.75,4.25,0,-7.10E-06
-0.75,3.75,0,-0.000167257
-0.75,3.25,0,0.001458039
-0.75,2.75,0,0.000116316
-0.75,2.25,0,9.35E-06
-0.75,1.75,0,0.000278572
-0.75,1.25,0,-0.000178542
-0.75,0.75,0,0.000722402
-0.75,0.25,0,0.00022313
-0.75,-0.25,0,-0.002864749
-0.75,-0.75,0,-0.004303174
-0.75,-1.25,0,-0.001864384
-0.75,-1.75,0,0.007596847
-0.75,-2.25,0,-0.00424675
-0.75,-2.75,0,-0.016858535
-0.75,-3.25,0,-0.000356843
-0.75,-3.75,0,-0.031728097
-0.75,-4.25,0,0.016333707
-0.75,-4.75,0,-0.013009415
-0.75,-5.25,0,-0.005853556
-0.75,-5.75,0,0.008070188
-0.75,-6.25,0,-0.004883005
-0.75,-6.75,0,-0.006893648
-0.75,-7.25,0,0.021052629
-0.75,-7.75,0,-0.014857976
-0.75,-8.25,0,0.001525319
-0.75,-8.75,0,5.08E-05
-0.75,-9.25,0,-0.000242096
-0.75,-9.75,0,-4.75E-05
-0.75,-10.25,0,0.000210894
-0.75,-10.75,0,0.000226973
-0.75,-11.25,0,0.00031836
-0.75,-11.75,0,-1.25E-05
-0.75,-12.25,0,0.00147955
-0.75,-12.75,0,-0.000880057
-0.75,-13.25,0,-1.28E-05
-0.75,-13.75,0,3.92E-05
-0.75,-14.25,0,3.74E-05
-0.75,-14.75,0,0.000706814
-0.25,14.75,0,3.72E-05
-0.25,14.25,0,-1.27E-05
-0.25,13.75,0,1.85E-05
-0.25,13.25,0,0.000175615
-0.25,12.75,0,-0.000389372
-0.25,12.25,0,6.84E-05
-0.25,11.75,0,-0.000786088
-0.25,11.25,0,3.60E-05
-0.25,10.75,0,-0.000375636
-0.25,10.25,0,-0.000243009
-0.25,9.75,0,1.77E-05
-0.25,9.25,0,-0.000579288
-0.25,8.75,0,-0.000179615
-0.25,8.25,0,-0.001125571
-0.25,7.75,0,-0.000978513
-0.25,7.25,0,0.000154325
-0.25,6.75,0,0.00066872
-0.25,6.25,0,5.32E-05
-0.25,5.75,0,-5.08E-05
-0.25,5.25,0,-0.000326898
-0.25,4.75,0,0.000350999
-0.25,4.25,0,-1.39E-05
-0.25,3.75,0,0.000462177
-0.25,3.25,0,1.42E-05
-0.25,2.75,0,-7.72E-05
-0.25,2.25,0,0.000409934
-0.25,1.75,0,0.001078665
-0.25,1.25,0,-6.82E-05
-0.25,0.75,0,0.000560587
-0.25,0.25,0,0.000830795
-0.25,-0.25,0,-0.005978274
-0.25,-0.75,0,0.008501252
-0.25,-1.25,0,-4.70E-01
-0.25,-1.75,0,-4.85E-01
-0.25,-2.25,0,-4.69E-01
-0.25,-2.75,0,-4.60E-01
-0.25,-3.25,0,-4.77E-01
-0.25,-3.75,0,-4.50E-01
-0.25,-4.25,0,-5.16E-01
-0.25,-4.75,0,-4.78E-01
-0.25,-5.25,0,-4.86E-01
-0.25,-5.75,0,-4.71E-01
-0.25,-6.25,0,-4.68E-01
-0.25,-6.75,0,-4.93E-01
-0.25,-7.25,0,-4.85E-01
-0.25,-7.75,0,0.0070549
-0.25,-8.25,0,-0.005198437
-0.25,-8.75,0,0.000911599
-0.25,-9.25,0,-0.001640644
-0.25,-9.75,0,-8.93E-05
-0.25,-10.25,0,3.20E-05
-0.25,-10.75,0,-0.000777621
-0.25,-11.25,0,-2.09E-05
-0.25,-11.75,0,0.000406716
-0.25,-12.25,0,-9.66E-05
-0.25,-12.75,0,-4.40E-05
-0.25,-13.25,0,-0.000340781
-0.25,-13.75,0,-0.000360529
-0.25,-14.25,0,-0.000793483
-0.25,-14.75,0,9.48E-05
0.25,14.75,0,-0.00016836
0.25,14.25,0,0.000226905
0.25,13.75,0,0.000596019
0.25,13.25,0,0.000464533
0.25,12.75,0,-4.44E-05
0.25,12.25,0,-0.00026395
0.25,11.75,0,-0.000856842
0.25,11.25,0,-4.80E-05
0.25,10.75,0,0.000305199
0.25,10.25,0,-0.000227642
0.25,9.75,0,-6.96E-05
0.25,9.25,0,0.000232224
0.25,8.75,0,0.000263075
0.25,8.25,0,-0.000311456
0.25,7.75,0,0.000160082
0.25,7.25,0,0.000105202
0.25,6.75,0,6.02E-05
0.25,6.25,0,0.000303887
0.25,5.75,0,-4.29E-05
0.25,5.25,0,-0.000169321
0.25,4.75,0,6.30E-05
0.25,4.25,0,8.18E-05
0.25,3.75,0,5.06E-06
0.25,3.25,0,0.000146454
0.25,2.75,0,-0.000798061
0.25,2.25,0,-0.00014798
0.25,1.75,0,-0.002058415
0.25,1.25,0,0.000544009
0.25,0.75,0,-0.000812662
0.25,0.25,0,3.55E-05
0.25,-0.25,0,-0.004352962
0.25,-0.75,0,-0.001548177
0.25,-1.25,0,-4.78E-01
0.25,-1.75,0,-4.95E-01
0.25,-2.25,0,-4.74E-01
0.25,-2.75,0,-5.55E-01
0.25,-3.25,0,-4.45E-01
0.25,-3.75,0,-5.04E-01
0.25,-4.25,0,-4.29E-01
0.25,-4.75,0,-4.89E-01
0.25,-5.25,0,-4.70E-01
0.25,-5.75,0,-4.84E-01
0.25,-6.25,0,-4.76E-01
0.25,-6.75,0,-4.80E-01
0.25,-7.25,0,-5.01E-01
0.25,-7.75,0,0.03391797
0.25,-8.25,0,-0.010195528
0.25,-8.75,0,0.000964874
0.25,-9.25,0,-0.000549886
0.25,-9.75,0,0.000174667
0.25,-10.25,0,-1.83E-05
0.25,-10.75,0,-0.000135952
0.25,-11.25,0,-0.000853187
0.25,-11.75,0,0.000540111
0.25,-12.25,0,-3.77E-05
0.25,-12.75,0,0.000374796
0.25,-13.25,0,0.000645569
0.25,-13.75,0,-0.000317848
0.25,-14.25,0,0.000144332
0.25,-14.75,0,1.28E-06
0.75,14.75,0,0.00039833
0.75,14.25,0,0.000587371
0.75,13.75,0,0.00024793
0.75,13.25,0,-0.000246677
0.75,12.75,0,-6.52E-05
0.75,12.25,0,-7.32E-06
0.75,11.75,0,0.001835473
0.75,11.25,0,0.000218289
0.75,10.75,0,0.001163766
0.75,10.25,0,-2.78E-05
0.75,9.75,0,-9.98E-06
0.75,9.25,0,0.000205615
0.75,8.75,0,-0.000154199
0.75,8.25,0,0.000678671
0.75,7.75,0,-7.01E-06
0.75,7.25,0,-0.000608182
0.75,6.75,0,0.000232494
0.75,6.25,0,-0.000520649
0.75,5.75,0,-0.000869596
0.75,5.25,0,0.000166919
0.75,4.75,0,-0.000298595
0.75,4.25,0,-0.000387155
0.75,3.75,0,-7.89E-05
0.75,3.25,0,-0.000155309
0.75,2.75,0,-6.77E-05
0.75,2.25,0,0.000120637
0.75,1.75,0,-0.000365348
0.75,1.25,0,-0.00016123
0.75,0.75,0,-0.00111094
0.75,0.25,0,-0.000216502
0.75,-0.25,0,-0.001702005
0.75,-0.75,0,0.003941839
0.75,-1.25,0,-4.91E-01
0.75,-1.75,0,-4.66E-01
0.75,-2.25,0,-4.76E-01
0.75,-2.75,0,3.93E-02
0.75,-3.25,0,-2.39E-02
0.75,-3.75,0,-0.024462791
0.75,-4.25,0,-0.013090383
0.75,-4.75,0,-0.008669247
0.75,-5.25,0,-0.01067973
0.75,-5.75,0,0.006801559
0.75,-6.25,0,0.000216461
0.75,-6.75,0,-0.017466035
0.75,-7.25,0,0.012921293
0.75,-7.75,0,-0.019532931
0.75,-8.25,0,0.001153829
0.75,-8.75,0,-7.12E-05
0.75,-9.25,0,-2.21E-05
0.75,-9.75,0,0.000423808
0.75,-10.25,0,0.000389064
0.75,-10.75,0,0.000648977
0.75,-11.25,0,-0.000425519
0.75,-11.75,0,-1.57E-05
0.75,-12.25,0,-0.000393591
0.75,-12.75,0,-3.67E-05
0.75,-13.25,0,-1.11E-05
0.75,-13.75,0,0.00039831
0.75,-14.25,0,0.00056676
0.75,-14.75,0,0.00028852
1.25,14.75,0,-0.000283242
1.25,14.25,0,-0.000236783
1.25,13.75,0,-0.001034837
1.25,13.25,0,-0.000131268
1.25,12.75,0,-0.000931226
1.25,12.25,0,0.000218619
1.25,11.75,0,-1.77E-05
1.25,11.25,0,-0.000304489
1.25,10.75,0,-0.000397115
1.25,10.25,0,-0.0001296
1.25,9.75,0,0.000701174
1.25,9.25,0,0.000535542
1.25,8.75,0,-0.000291576
1.25,8.25,0,5.46E-06
1.25,7.75,0,-0.000701766
1.25,7.25,0,7.75E-06
1.25,6.75,0,0.000629965
1.25,6.25,0,0.000185875
1.25,5.75,0,-0.000417577
1.25,5.25,0,0.000252752
1.25,4.75,0,-0.000333726
1.25,4.25,0,-0.000226644
1.25,3.75,0,0.000326961
1.25,3.25,0,8.21E-05
1.25,2.75,0,-4.78E-05
1.25,2.25,0,0.000265255
1.25,1.75,0,0.001043327
1.25,1.25,0,-7.26E-05
1.25,0.75,0,-0.00061829
1.25,0.25,0,-0.000395383
1.25,-0.25,0,0.001299679
1.25,-0.75,0,-0.021881688
1.25,-1.25,0,0.03609352
1.25,-1.75,0,-5.33E-01
1.25,-2.25,0,-4.43E-01
1.25,-2.75,0,-5.04E-01
1.25,-3.25,0,1.28E-02
1.25,-3.75,0,0.003180647
1.25,-4.25,0,-0.01892884
1.25,-4.75,0,-0.000861299
1.25,-5.25,0,-0.000652093
1.25,-5.75,0,-0.005119209
1.25,-6.25,0,-0.003773129
1.25,-6.75,0,-0.00092954
1.25,-7.25,0,-0.002394333
1.25,-7.75,0,0.000299536
1.25,-8.25,0,0.001947464
1.25,-8.75,0,-4.13E-05
1.25,-9.25,0,0.000129983
1.25,-9.75,0,-0.001003423
1.25,-10.25,0,0.000177377
1.25,-10.75,0,2.11E-05
1.25,-11.25,0,-2.46E-05
1.25,-11.75,0,0.000254018
1.25,-12.25,0,0.000119917
1.25,-12.75,0,0.000196495
1.25,-13.25,0,-3.94E-05
1.25,-13.75,0,5.03E-05
1.25,-14.25,0,-0.000206664
1.25,-14.75,0,-0.000758933
1.75,14.75,0,-0.000107648
1.75,14.25,0,3.50E-05
1.75,13.75,0,0.000331157
1.75,13.25,0,-0.000298711
1.75,12.75,0,-0.000328088
1.75,12.25,0,0.001604137
1.75,11.75,0,-0.000621813
1.75,11.25,0,0.000730455
1.75,10.75,0,0.000124033
1.75,10.25,0,-0.0004392
1.75,9.75,0,-0.000189097
1.75,9.25,0,-0.000350294
1.75,8.75,0,9.10E-06
1.75,8.25,0,0.00058438
1.75,7.75,0,-0.001096848
1.75,7.25,0,0.001344281
1.75,6.75,0,0.000339897
1.75,6.25,0,-3.07E-05
1.75,5.75,0,3.43E-05
1.75,5.25,0,9.35E-05
1.75,4.75,0,3.85E-05
1.75,4.25,0,0.000431127
1.75,3.75,0,0.000460256
1.75,3.25,0,-0.00018132
1.75,2.75,0,-0.000176229
1.75,2.25,0,0.00023633
1.75,1.75,0,-3.66E-05
1.75,1.25,0,0.00025743
1.75,0.75,0,-0.000133173
1.75,0.25,0,-4.78E-05
1.75,-0.25,0,0.000414536
1.75,-0.75,0,0.003784978
1.75,-1.25,0,-0.025293167
1.75,-1.75,0,0.019598301
1.75,-2.25,0,-5.00E-01
1.75,-2.75,0,-4.99E-01
1.75,-3.25,0,-4.90E-01
1.75,-3.75,0,-4.82E-01
1.75,-4.25,0,0.020743907
1.75,-4.75,0,-0.01014418
1.75,-5.25,0,-0.011611917
1.75,-5.75,0,-0.002815028
1.75,-6.25,0,-0.004213257
1.75,-6.75,0,0.000380054
1.75,-7.25,0,-0.00087284
1.75,-7.75,0,-0.0004782
1.75,-8.25,0,-0.000477293
1.75,-8.75,0,-0.000178951
1.75,-9.25,0,-1.71E-05
1.75,-9.75,0,9.65E-05
1.75,-10.25,0,0.001128286
1.75,-10.75,0,-0.000402734
1.75,-11.25,0,-0.000341884
1.75,-11.75,0,2.31E-05
1.75,-12.25,0,-0.000210214
1.75,-12.75,0,0.000852911
1.75,-13.25,0,0.000567027
1.75,-13.75,0,7.36E-05
1.75,-14.25,0,8.20E-05
1.75,-14.75,0,-7.72E-05
2.25,14.75,0,0.000495525
2.25,14.25,0,0.000586104
2.25,13.75,0,7.01E-05
2.25,13.25,0,0.000964444
2.25,12.75,0,4.51E-05
2.25,12.25,0,-0.000153544
2.25,11.75,0,-0.000150627
2.25,11.25,0,0.000344295
2.25,10.75,0,-0.000190763
2.25,10.25,0,-9.21E-05
2.25,9.75,0,0.0012476
2.25,9.25,0,-0.000380828
2.25,8.75,0,0.000161396
2.25,8.25,0,0.000276528
2.25,7.75,0,0.000830154
2.25,7.25,0,0.000135075
2.25,6.75,0,-0.001405307
2.25,6.25,0,-0.000215573
2.25,5.75,0,0.000120775
2.25,5.25,0,0.000191202
2.25,4.75,0,0.001136522
2.25,4.25,0,0.00064465
2.25,3.75,0,-6.31E-06
2.25,3.25,0,-4.43E-05
2.25,2.75,0,-0.001303133
2.25,2.25,0,0.001058427
2.25,1.75,0,1.83E-05
2.25,1.25,0,-0.000379567
2.25,0.75,0,0.000271997
2.25,0.25,0,-7.64E-05
2.25,-0.25,0,-0.001268364
2.25,-0.75,0,0.00084095
2.25,-1.25,0,0.000967346
2.25,-1.75,0,-0.010395061
2.25,-2.25,0,-0.003690348
2.25,-2.75,0,0.017819787
2.25,-3.25,0,-4.88E-01
2.25,-3.75,0,-5.06E-01
2.25,-4.25,0,-4.44E-01
2.25,-4.75,0,-5.14E-01
2.25,-5.25,0,-0.00537049
2.25,-5.75,0,0.011422404
2.25,-6.25,0,-0.0091938
2.25,-6.75,0,-0.00452406
2.25,-7.25,0,-0.000279441
2.25,-7.75,0,0.000271508
2.25,-8.25,0,-0.000667283
2.25,-8.75,0,-1.77E-05
2.25,-9.25,0,0.000173763
2.25,-9.75,0,-0.000582807
2.25,-10.25,0,-8.50E-05
2.25,-10.75,0,-6.20E-05
2.25,-11.25,0,-1.78E-05
2.25,-11.75,0,-0.000336717
2.25,-12.25,0,-7.17E-05
2.25,-12.75,0,-1.27E-05
2.25,-13.25,0,-5.56E-05
2.25,-13.75,0,-0.00021616
2.25,-14.25,0,-0.000432347
2.25,-14.75,0,6.04E-06
2.75,14.75,0,-0.000288425
2.75,14.25,0,-0.000781215
2.75,13.75,0,-0.00018552
2.75,13.25,0,-0.000129658
2.75,12.75,0,-5.17E-05
2.75,12.25,0,0.000140909
2.75,11.75,0,0.000198244
2.75,11.25,0,0.000713449
2.75,10.75,0,-0.000386381
2.75,10.25,0,-0.000527037
2.75,9.75,0,-6.83E-05
2.75,9.25,0,0.000472145
2.75,8.75,0,0.000428849
2.75,8.25,0,-0.000114891
2.75,7.75,0,-0.000221696
2.75,7.25,0,-0.000689006
2.75,6.75,0,0.000237378
2.75,6.25,0,5.58E-05
2.75,5.75,0,-0.000408855
2.75,5.25,0,-7.08E-05
2.75,4.75,0,-0.001077991
2.75,4.25,0,-7.14E-06
2.75,3.75,0,-7.30E-05
2.75,3.25,0,0.000548698
2.75,2.75,0,-0.000850039
2.75,2.25,0,0.000252786
2.75,1.75,0,3.49E-05
2.75,1.25,0,0.000132249
2.75,0.75,0,7.82E-05
2.75,0.25,0,0.000572988
2.75,-0.25,0,-0.000700747
2.75,-0.75,0,-0.000413535
2.75,-1.25,0,0.000462399
2.75,-1.75,0,0.000903873
2.75,-2.25,0,-0.00382664
2.75,-2.75,0,-0.004842294
2.75,-3.25,0,-0.0199327
2.75,-3.75,0,0.042731245
2.75,-4.25,0,-5.10E-01
2.75,-4.75,0,-4.56E-01
2.75,-5.25,0,-4.22E-01
2.75,-5.75,0,-5.19E-01
2.75,-6.25,0,0.022373685
2.75,-6.75,0,0.004601753
2.75,-7.25,0,-0.009940993
2.75,-7.75,0,0.000129837
2.75,-8.25,0,0.000622184
2.75,-8.75,0,-0.000271106
2.75,-9.25,0,2.33E-05
2.75,-9.75,0,0.000142514
2.75,-10.25,0,-0.001106959
2.75,-10.75,0,-0.000206915
2.75,-11.25,0,3.22E-05
2.75,-11.75,0,0.00037903
2.75,-12.25,0,7.79E-05
2.75,-12.75,0,-0.000292946
2.75,-13.25,0,0.0011997
2.75,-13.75,0,-4.76E-05
2.75,-14.25,0,0.000446052
2.75,-14.75,0,-4.46E-05
3.25,14.75,0,-0.000539746
3.25,14.25,0,0.000104643
3.25,13.75,0,0.000562519
3.25,13.25,0,0.000845452
3.25,12.75,0,-0.000333138
3.25,12.25,0,-0.000959606
3.25,11.75,0,0.001048325
3.25,11.25,0,0.000220873
3.25,10.75,0,-0.000342747
3.25,10.25,0,-0.000164294
3.25,9.75,0,-0.000416609
3.25,9.25,0,0.000264014
3.25,8.75,0,0.000100456
3.25,8.25,0,5.14E-05
3.25,7.75,0,6.43E-05
3.25,7.25,0,-0.000174227
3.25,6.75,0,0.000778639
3.25,6.25,0,0.000291019
3.25,5.75,0,-6.39E-05
3.25,5.25,0,1.62E-05
3.25,4.75,0,3.65E-05
3.25,4.25,0,-0.000356049
3.25,3.75,0,0.000203908
3.25,3.25,0,0.000547736
3.25,2.75,0,0.001124132
3.25,2.25,0,7.18E-05
3.25,1.75,0,-0.000312665
3.25,1.25,0,7.72E-05
3.25,0.75,0,-0.000468142
3.25,0.25,0,5.14E-05
3.25,-0.25,0,-4.61E-05
3.25,-0.75,0,-0.000253055
3.25,-1.25,0,-0.006429755
3.25,-1.75,0,-0.006698829
3.25,-2.25,0,-0.004030398
3.25,-2.75,0,-0.003813797
3.25,-3.25,0,-0.005917587
3.25,-3.75,0,-0.020772408
3.25,-4.25,0,-0.005012538
3.25,-4.75,0,-8.74E-03
3.25,-5.25,0,-5.32E-01
3.25,-5.75,0,-4.68E-01
3.25,-6.25,0,-4.73E-01
3.25,-6.75,0,-5.14E-01
3.25,-7.25,0,0.023678649
3.25,-7.75,0,-0.02710531
3.25,-8.25,0,0.002109898
3.25,-8.75,0,-1.95E-05
3.25,-9.25,0,-0.000678618
3.25,-9.75,0,0.000515942
3.25,-10.25,0,-0.000616655
3.25,-10.75,0,-7.31E-05
3.25,-11.25,0,0.000239136
3.25,-11.75,0,4.14E-05
3.25,-12.25,0,0.000162734
3.25,-12.75,0,-4.39E-05
3.25,-13.25,0,0.000159331
3.25,-13.75,0,-0.000629308
3.25,-14.25,0,9.27E-05
3.25,-14.75,0,-0.00087234
3.75,14.75,0,0.00047616
3.75,14.25,0,-0.000101107
3.75,13.75,0,0.000333537
3.75,13.25,0,-0.000139862
3.75,12.75,0,2.19E-05
3.75,12.25,0,0.000372578
3.75,11.75,0,-0.001147429
3.75,11.25,0,-0.000892639
3.75,10.75,0,-0.000838725
3.75,10.25,0,0.000563751
3.75,9.75,0,3.55E-05
3.75,9.25,0,-0.000386906
3.75,8.75,0,0.000626366
3.75,8.25,0,6.16E-05
3.75,7.75,0,-0.000524928
3.75,7.25,0,-0.000324027
3.75,6.75,0,-0.00064936
3.75,6.25,0,0.000454299
3.75,5.75,0,-0.000220488
3.75,5.25,0,-0.000387176
3.75,4.75,0,-0.000110703
3.75,4.25,0,-0.000261134
3.75,3.75,0,0.00036384
3.75,3.25,0,5.70E-05
3.75,2.75,0,-1.81E-05
3.75,2.25,0,7.51E-05
3.75,1.75,0,4.64E-05
3.75,1.25,0,-0.000347938
3.75,0.75,0,0.00017496
3.75,0.25,0,2.45E-05
3.75,-0.25,0,-0.000478811
3.75,-0.75,0,-0.010317508
3.75,-1.25,0,0.00865099
3.75,-1.75,0,0.002931844
3.75,-2.25,0,0.009491922
3.75,-2.75,0,-0.00173243
3.75,-3.25,0,-0.004575124
3.75,-3.75,0,0.002988727
3.75,-4.25,0,0.001707644
3.75,-4.75,0,-1.01E-02
3.75,-5.25,0,1.83E-02
3.75,-5.75,0,3.91E-03
3.75,-6.25,0,-4.97E-01
3.75,-6.75,0,-4.64E-01
3.75,-7.25,0,-4.96E-01
3.75,-7.75,0,0.021072516
3.75,-8.25,0,-0.006081419
3.75,-8.75,0,-0.000899148
3.75,-9.25,0,-3.21E-05
3.75,-9.75,0,0.000660299
3.75,-10.25,0,0.000335006
3.75,-10.75,0,4.12E-05
3.75,-11.25,0,0.000496499
3.75,-11.75,0,4.18E-05
3.75,-12.25,0,2.23E-05
3.75,-12.75,0,-0.0001297
3.75,-13.25,0,-1.31E-05
3.75,-13.75,0,8.61E-06
3.75,-14.25,0,0.000187716
3.75,-14.75,0,0.000250382
4.25,14.75,0,0.000666971
4.25,14.25,0,-0.000584167
4.25,13.75,0,8.74E-05
4.25,13.25,0,-0.001229812
4.25,12.75,0,3.09E-05
4.25,12.25,0,0.001146403
4.25,11.75,0,0.000434368
4.25,11.25,0,2.91E-05
4.25,10.75,0,-7.29E-05
4.25,10.25,0,0.000207062
4.25,9.75,0,0.000409485
4.25,9.25,0,-6.73E-05
4.25,8.75,0,0.000976292
4.25,8.25,0,-0.000438977
4.25,7.75,0,-0.00100906
4.25,7.25,0,-0.00019813
4.25,6.75,0,4.44E-06
4.25,6.25,0,-1.75E-05
4.25,5.75,0,-0.000326655
4.25,5.25,0,0.000884553
4.25,4.75,0,-0.000707701
4.25,4.25,0,-6.82E-05
4.25,3.75,0,-0.000380169
4.25,3.25,0,-0.000331492
4.25,2.75,0,-0.000404154
4.25,2.25,0,0.000135353
4.25,1.75,0,-0.000479775
4.25,1.25,0,-0.00029213
4.25,0.75,0,-0.000114996
4.25,0.25,0,0.001516844
4.25,-0.25,0,-0.00784478
4.25,-0.75,0,0.013664311
4.25,-1.25,0,-4.82E-01
4.25,-1.75,0,-4.90E-01
4.25,-2.25,0,-4.91E-01
4.25,-2.75,0,-4.85E-01
4.25,-3.25,0,-4.72E-01
4.25,-3.75,0,-4.67E-01
4.25,-4.25,0,-5.05E-01
4.25,-4.75,0,-4.97E-01
4.25,-5.25,0,-4.58E-01
4.25,-5.75,0,-5.07E-01
4.25,-6.25,0,-4.59E-01
4.25,-6.75,0,-4.95E-01
4.25,-7.25,0,-4.58E-01
4.25,-7.75,0,-0.008900317
4.25,-8.25,0,-0.003300242
4.25,-8.75,0,8.60E-05
4.25,-9.25,0,-0.000234148
4.25,-9.75,0,-0.000208465
4.25,-10.25,0,0.00014022
4.25,-10.75,0,-0.000312287
4.25,-11.25,0,-0.0005623
4.25,-11.75,0,-6.10E-05
4.25,-12.25,0,-0.000181309
4.25,-12.75,0,-0.000142219
4.25,-13.25,0,-0.000128825
4.25,-13.75,0,0.000298042
4.25,-14.25,0,0.000265083
4.25,-14.75,0,-0.000820598
4.75,14.75,0,-0.000705526
4.75,14.25,0,8.30E-05
4.75,13.75,0,0.000196384
4.75,13.25,0,-0.000159849
4.75,12.75,0,0.000661882
4.75,12.25,0,-2.69E-05
4.75,11.75,0,-1.66E-05
4.75,11.25,0,0.000132371
4.75,10.75,0,0.000260248
4.75,10.25,0,0.000746559
4.75,9.75,0,-5.41E-05
4.75,9.25,0,-0.001195947
4.75,8.75,0,0.000577665
4.75,8.25,0,-0.000464179
4.75,7.75,0,0.00072448
4.75,7.25,0,-1.55E-05
4.75,6.75,0,0.001058253
4.75,6.25,0,-0.000196045
4.75,5.75,0,-0.000327139
4.75,5.25,0,0.000563252
4.75,4.75,0,-0.000582205
4.75,4.25,0,0.000403588
4.75,3.75,0,0.000179956
4.75,3.25,0,4.59E-07
4.75,2.75,0,-6.48E-05
4.75,2.25,0,0.001114341
4.75,1.75,0,-4.92E-05
4.75,1.25,0,-9.47E-05
4.75,0.75,0,-0.000475095
4.75,0.25,0,-0.000186393
4.75,-0.25,0,-0.001175707
4.75,-0.75,0,0.004404807
4.75,-1.25,0,-4.92E-01
4.75,-1.75,0,-4.73E-01
4.75,-2.25,0,-4.89E-01
4.75,-2.75,0,-4.33E-01
4.75,-3.25,0,-5.15E-01
4.75,-3.75,0,-4.93E-01
4.75,-4.25,0,-4.69E-01
4.75,-4.75,0,-4.80E-01
4.75,-5.25,0,-4.80E-01
4.75,-5.75,0,-4.94E-01
4.75,-6.25,0,-4.84E-01
4.75,-6.75,0,-4.53E-01
4.75,-7.25,0,-4.78E-01
4.75,-7.75,0,0.009557599
4.75,-8.25,0,-0.005150722
4.75,-8.75,0,6.69E-05
4.75,-9.25,0,0.000161595
4.75,-9.75,0,2.48E-05
4.75,-10.25,0,5.14E-05
4.75,-10.75,0,0.000153887
4.75,-11.25,0,-0.000147605
4.75,-11.75,0,0.000533539
4.75,-12.25,0,-1.69E-05
4.75,-12.75,0,-0.000106785
4.75,-13.25,0,-0.000188399
4.75,-13.75,0,0.000335498
4.75,-14.25,0,5.23E-05
4.75,-14.75,0,-0.000272746
5.25,14.75,0,0.000621051
5.25,14.25,0,4.76E-05
5.25,13.75,0,1.57E-05
5.25,13.25,0,-0.00026116
5.25,12.75,0,-0.000804655
5.25,12.25,0,6.61E-07
5.25,11.75,0,-2.61E-05
5.25,11.25,0,2.58E-06
5.25,10.75,0,-0.000989155
5.25,10.25,0,0.000692266
5.25,9.75,0,0.000169918
5.25,9.25,0,-0.000736098
5.25,8.75,0,0.000672272
5.25,8.25,0,-0.000272766
5.25,7.75,0,0.000107805
5.25,7.25,0,1.71E-05
5.25,6.75,0,-0.000178254
5.25,6.25,0,-0.001553877
5.25,5.75,0,0.000170166
5.25,5.25,0,-5.05E-06
5.25,4.75,0,-0.00031059
5.25,4.25,0,0.000123422
5.25,3.75,0,-0.000174472
5.25,3.25,0,0.000240322
5.25,2.75,0,5.45E-05
5.25,2.25,0,-0.000342479
5.25,1.75,0,9.92E-05
5.25,1.25,0,4.68E-05
5.25,0.75,0,3.35E-06
5.25,0.25,0,-0.00023606
5.25,-0.25,0,-0.000663072
5.25,-0.75,0,-0.011888168
5.25,-1.25,0,0.002702526
5.25,-1.75,0,0.000131217
5.25,-2.25,0,-0.006134936
5.25,-2.75,0,-0.016989246
5.25,-3.25,0,0.016068803
5.25,-3.75,0,-0.002578043
5.25,-4.25,0,0.002041211
5.25,-4.75,0,-0.008489258
5.25,-5.25,0,0.003007218
5.25,-5.75,0,-0.015655443
5.25,-6.25,0,-0.003087792
5.25,-6.75,0,-0.009982153
5.25,-7.25,0,-0.011461925
5.25,-7.75,0,-0.005519102
5.25,-8.25,0,-0.000447655
5.25,-8.75,0,0.000467642
5.25,-9.25,0,0.000779884
5.25,-9.75,0,-0.000431618
5.25,-10.25,0,-0.001430121
5.25,-10.75,0,-0.000152706
5.25,-11.25,0,-0.00078123
5.25,-11.75,0,0.000306092
5.25,-12.25,0,0.000137205
5.25,-12.75,0,0.000152757
5.25,-13.25,0,1.67E-05
5.25,-13.75,0,-0.000497774
5.25,-14.25,0,-0.000269636
5.25,-14.75,0,0.000195496
5.75,14.75,0,-0.000115172
5.75,14.25,0,-0.000601281
5.75,13.75,0,3.00E-05
5.75,13.25,0,0.000115259
5.75,12.75,0,-3.48E-05
5.75,12.25,0,0.000381062
5.75,11.75,0,6.09E-05
5.75,11.25,0,-5.01E-06
5.75,10.75,0,-7.48E-05
5.75,10.25,0,0.000178947
5.75,9.75,0,-2.87E-05
5.75,9.25,0,-0.000487054
5.75,8.75,0,9.08E-06
5.75,8.25,0,-4.31E-05
5.75,7.75,0,0.000101683
5.75,7.25,0,-3.29E-06
5.75,6.75,0,-0.000200274
5.75,6.25,0,5.73E-05
5.75,5.75,0,-9.68E-06
5.75,5.25,0,6.52E-05
5.75,4.75,0,-5.04E-05
5.75,4.25,0,-2.02E-05
5.75,3.75,0,-7.63E-05
5.75,3.25,0,-0.000344701
5.75,2.75,0,-0.000485904
5.75,2.25,0,-0.000630871
5.75,1.75,0,0.001005536
5.75,1.25,0,-0.000185722
5.75,0.75,0,-3.90E-06
5.75,0.25,0,-0.000110893
5.75,-0.25,0,0.001208692
5.75,-0.75,0,0.00101718
5.75,-1.25,0,-0.001260178
5.75,-1.75,0,-0.003875303
5.75,-2.25,0,-0.002383401
5.75,-2.75,0,-0.000868526
5.75,-3.25,0,-0.007328723
5.75,-3.75,0,-0.003441739
5.75,-4.25,0,-0.004088789
5.75,-4.75,0,-0.00148215
5.75,-5.25,0,-0.003873212
5.75,-5.75,0,-6.07E-05
5.75,-6.25,0,-0.001780244
5.75,-6.75,0,-0.000355104
5.75,-7.25,0,-0.000881578
5.75,-7.75,0,-0.0004868
5.75,-8.25,0,-0.000251299
5.75,-8.75,0,-0.000352563
5.75,-9.25,0,-0.002738493
5.75,-9.75,0,4.28E-05
5.75,-10.25,0,0.000825987
5.75,-10.75,0,-0.001005497
5.75,-11.25,0,-0.000559108
5.75,-11.75,0,5.67E-05
5.75,-12.25,0,-0.001847021
5.75,-12.75,0,-0.001286967
5.75,-13.25,0,0.001369287
5.75,-13.75,0,-0.000613197
5.75,-14.25,0,0.000138593
5.75,-14.75,0,0.000151276
6.25,14.75,0,-0.000185644
6.25,14.25,0,3.26E-05
6.25,13.75,0,0.000415777
6.25,13.25,0,0.000412905
6.25,12.75,0,8.98E-05
6.25,12.25,0,2.63E-06
6.25,11.75,0,-0.000116789
6.25,11.25,0,8.22E-05
6.25,10.75,0,-6.65E-05
6.25,10.25,0,0.000156566
6.25,9.75,0,0.000669963
6.25,9.25,0,-0.001241123
6.25,8.75,0,0.001209489
6.25,8.25,0,-0.00011898
6.25,7.75,0,0.000433636
6.25,7.25,0,0.000766867
6.25,6.75,0,-0.001092201
6.25,6.25,0,-7.66E-05
6.25,5.75,0,0.001826059
6.25,5.25,0,-0.000355427
6.25,4.75,0,-3.80E-05
6.25,4.25,0,-3.46E-05
6.25,3.75,0,0.000572638
6.25,3.25,0,0.00039839
6.25,2.75,0,-0.000469715
6.25,2.25,0,-1.48E-05
6.25,1.75,0,2.69E-05
6.25,1.25,0,-0.0001053
6.25,0.75,0,0.001274251
6.25,0.25,0,-0.000124161
6.25,-0.25,0,-6.53E-05
6.25,-0.75,0,-0.000329895
6.25,-1.25,0,-0.001127543
6.25,-1.75,0,0.000470609
6.25,-2.25,0,8.42E-05
6.25,-2.75,0,0.001051506
6.25,-3.25,0,-0.001615662
6.25,-3.75,0,0.000745626
6.25,-4.25,0,-0.00132859
6.25,-4.75,0,0.000486142
6.25,-5.25,0,0.000304701
6.25,-5.75,0,0.000618785
6.25,-6.25,0,-0.00066115
6.25,-6.75,0,-0.002148128
6.25,-7.25,0,0.000633679
6.25,-7.75,0,0.000969002
6.25,-8.25,0,-0.001972557
6.25,-8.75,0,-0.000603124
6.25,-9.25,0,0.00028519
6.25,-9.75,0,-0.001674907
6.25,-10.25,0,0.00018978
6.25,-10.75,0,0.001826817
6.25,-11.25,0,-0.001100634
6.25,-11.75,0,0.001366311
6.25,-12.25,0,-0.000417991
6.25,-12.75,0,-0.000245941
6.25,-13.25,0,-0.001226314
6.25,-13.75,0,0.000296345
6.25,-14.25,0,-0.001068369
6.25,-14.75,0,-0.001590216
6.75,14.75,0,-6.62E-06
6.75,14.25,0,-9.59E-05
6.75,13.75,0,-4.21E-05
6.75,13.25,0,-0.000336473
6.75,12.75,0,-0.001063482
6.75,12.25,0,-9.19E-05
6.75,11.75,0,8.70E-05
6.75,11.25,0,-0.000364495
6.75,10.75,0,7.90E-05
6.75,10.25,0,-4.30E-05
6.75,9.75,0,6.73E-06
6.75,9.25,0,-0.000695767
6.75,8.75,0,-0.000260697
6.75,8.25,0,3.22E-05
6.75,7.75,0,-0.00023709
6.75,7.25,0,-1.84E-05
6.75,6.75,0,0.000990233
6.75,6.25,0,1.22E-05
6.75,5.75,0,8.10E-05
6.75,5.25,0,0.001274287
6.75,4.75,0,0.000463821
6.75,4.25,0,-2.05E-05
6.75,3.75,0,0.000901131
6.75,3.25,0,-0.000650269
6.75,2.75,0,-0.000359015
6.75,2.25,0,0.001164108
6.75,1.75,0,0.000148794
6.75,1.25,0,-5.19E-06
6.75,0.75,0,1.30E-05
6.75,0.25,0,-0.000167654
6.75,-0.25,0,-0.00013068
6.75,-0.75,0,-0.000160902
6.75,-1.25,0,-0.000119065
6.75,-1.75,0,-0.000498146
6.75,-2.25,0,-0.000443333
6.75,-2.75,0,-0.001252924
6.75,-3.25,0,0.000766697
6.75,-3.75,0,-0.000180822
6.75,-4.25,0,0.000132127
6.75,-4.75,0,-0.000959216
6.75,-5.25,0,3.09E-06
6.75,-5.75,0,0.000154296
6.75,-6.25,0,-0.00206983
6.75,-6.75,0,0.001042154
6.75,-7.25,0,0.000209266
6.75,-7.75,0,-0.011497256
6.75,-8.25,0,-0.000592212
6.75,-8.75,0,0.00102082
6.75,-9.25,0,0.004686242
6.75,-9.75,0,-0.003819166
6.75,-10.25,0,-0.005432285
6.75,-10.75,0,-0.010529072
6.75,-11.25,0,-0.013433077
6.75,-11.75,0,-0.007607679
6.75,-12.25,0,-0.002242964
6.75,-12.75,0,0.005786897
6.75,-13.25,0,-0.012678602
6.75,-13.75,0,0.002929451
6.75,-14.25,0,0.000678231
6.75,-14.75,0,-0.001383215
7.25,14.75,0,0.000347383
7.25,14.25,0,-0.000305479
7.25,13.75,0,5.60E-06
7.25,13.25,0,-0.000402197
7.25,12.75,0,0.001145108
7.25,12.25,0,0.000216455
7.25,11.75,0,3.94E-05
7.25,11.25,0,-0.000430405
7.25,10.75,0,4.50E-05
7.25,10.25,0,0.000886107
7.25,9.75,0,0.000137306
7.25,9.25,0,0.000117884
7.25,8.75,0,-0.000550223
7.25,8.25,0,7.01E-05
7.25,7.75,0,0.000206278
7.25,7.25,0,-0.000792532
7.25,6.75,0,0.000508529
7.25,6.25,0,0.001457287
7.25,5.75,0,-0.00118034
7.25,5.25,0,-0.001531443
7.25,4.75,0,-6.42E-05
7.25,4.25,0,8.01E-05
7.25,3.75,0,-0.000177567
7.25,3.25,0,-0.000169521
7.25,2.75,0,-4.29E-05
7.25,2.25,0,-0.000495368
7.25,1.75,0,-0.000986562
7.25,1.25,0,0.000834742
7.25,0.75,0,6.82E-06
7.25,0.25,0,-0.000276696
7.25,-0.25,0,7.74E-05
7.25,-0.75,0,-0.000475517
7.25,-1.25,0,-4.95E-05
7.25,-1.75,0,3.69E-05
7.25,-2.25,0,-0.000384946
7.25,-2.75,0,0.000148571
7.25,-3.25,0,2.42E-05
7.25,-3.75,0,0.000546197
7.25,-4.25,0,1.86E-05
7.25,-4.75,0,0.000161646
7.25,-5.25,0,-0.000189943
7.25,-5.75,0,-0.00049492
7.25,-6.25,0,0.004095066
7.25,-6.75,0,-0.004785069
7.25,-7.25,0,-0.036866538
7.25,-7.75,0,2.78E-02
7.25,-8.25,0,-2.98E-02
7.25,-8.75,0,-2.96E-02
7.25,-9.25,0,-3.81E-02
7.25,-9.75,0,7.56E-04
7.25,-10.25,0,-2.13E-02
7.25,-10.75,0,9.66E-04
7.25,-11.25,0,1.21E-04
7.25,-11.75,0,3.34E-03
7.25,-12.25,0,-1.64E-02
7.25,-12.75,0,-7.19E-02
7.25,-13.25,0,6.19E-02
7.25,-13.75,0,-0.052858312
7.25,-14.25,0,0.003858114
7.25,-14.75,0,-0.002059451
7.75,14.75,0,3.37E-05
7.75,14.25,0,-0.000106072
7.75,13.75,0,-0.000664122
7.75,13.25,0,-0.000588901
7.75,12.75,0,-0.000201307
7.75,12.25,0,-2.31E-05
7.75,11.75,0,-0.001002401
7.75,11.25,0,-2.23E-05
7.75,10.75,0,0.000163042
7.75,10.25,0,-0.000118858
7.75,9.75,0,-0.000388788
7.75,9.25,0,0.000182371
7.75,8.75,0,0.000643896
7.75,8.25,0,-0.000202399
7.75,7.75,0,-0.000110846
7.75,7.25,0,-0.000947293
7.75,6.75,0,-0.000493792
7.75,6.25,0,0.000133371
7.75,5.75,0,-0.000122194
7.75,5.25,0,0.000185222
7.75,4.75,0,0.000234184
7.75,4.25,0,2.55E-05
7.75,3.75,0,0.000167853
7.75,3.25,0,0.000740302
7.75,2.75,0,0.000173429
7.75,2.25,0,0.000140836
7.75,1.75,0,-4.61E-05
7.75,1.25,0,-0.000601649
7.75,0.75,0,-0.00021068
7.75,0.25,0,-4.03E-05
7.75,-0.25,0,-0.000208504
7.75,-0.75,0,2.24E-05
7.75,-1.25,0,0.000113812
7.75,-1.75,0,0.000182738
7.75,-2.25,0,0.0002481
7.75,-2.75,0,0.000107141
7.75,-3.25,0,-0.000141362
7.75,-3.75,0,-4.28E-05
7.75,-4.25,0,0.000133325
7.75,-4.75,0,0.000242674
7.75,-5.25,0,-0.001511125
7.75,-5.75,0,0.000962297
7.75,-6.25,0,-0.004075825
7.75,-6.75,0,-0.024631847
7.75,-7.25,0,8.46E-02
7.75,-7.75,0,-1.03E+00
7.75,-8.25,0,-8.81E-01
7.75,-8.75,0,-9.47E-01
7.75,-9.25,0,-9.34E-01
7.75,-9.75,0,-9.68E-01
7.75,-10.25,0,-9.89E-01
7.75,-10.75,0,-9.23E-01
7.75,-11.25,0,-1.00E+00
7.75,-11.75,0,-9.42E-01
7.75,-12.25,0,-8.90E-01
7.75,-12.75,0,-9.62E-01
7.75,-13.25,0,-9.81E-01
7.75,-13.75,0,3.35E-02
7.75,-14.25,0,-0.020063119
7.75,-14.75,0,-0.000222412
8.25,14.75,0,0.000521171
8.25,14.25,0,0.000622294
8.25,13.75,0,-0.000387087
8.25,13.25,0,4.46E-06
8.25,12.75,0,0.000812384
8.25,12.25,0,0.000748139
8.25,11.75,0,-0.000777026
8.25,11.25,0,0.00084867
8.25,10.75,0,0.000187961
8.25,10.25,0,-3.68E-05
8.25,9.75,0,-0.000122867
8.25,9.25,0,-0.000533464
8.25,8.75,0,3.15E-05
8.25,8.25,0,-0.000103409
8.25,7.75,0,0.0015308
8.25,7.25,0,0.00013232
8.25,6.75,0,-4.98E-05
8.25,6.25,0,-1.68E-05
8.25,5.75,0,-0.000279374
8.25,5.25,0,0.001211462
8.25,4.75,0,0.000111232
8.25,4.25,0,-4.26E-05
8.25,3.75,0,0.00035019
8.25,3.25,0,-5.20E-05
8.25,2.75,0,-1.51E-05
8.25,2.25,0,-0.000281911
8.25,1.75,0,-0.000142389
8.25,1.25,0,0.000776819
8.25,0.75,0,0.000129173
8.25,0.25,0,-9.44E-06
8.25,-0.25,0,0.000715309
8.25,-0.75,0,1.07E-05
8.25,-1.25,0,7.58E-05
8.25,-1.75,0,-0.000671201
8.25,-2.25,0,8.45E-05
8.25,-2.75,0,-0.000510405
8.25,-3.25,0,-0.000183193
8.25,-3.75,0,9.63E-05
8.25,-4.25,0,8.04E-05
8.25,-4.75,0,-0.000359008
8.25,-5.25,0,-0.000757277
8.25,-5.75,0,-0.000523637
8.25,-6.25,0,-0.005562214
8.25,-6.75,0,5.15E-03
8.25,-7.25,0,-1.01E+00
8.25,-7.75,0,-9.55E-01
8.25,-8.25,0,-9.80E-01
8.25,-8.75,0,-9.59E-01
8.25,-9.25,0,-9.62E-01
8.25,-9.75,0,-9.41E-01
8.25,-10.25,0,-9.39E-01
8.25,-10.75,0,-9.86E-01
8.25,-11.25,0,-9.41E-01
8.25,-11.75,0,-9.19E-01
8.25,-12.25,0,-1.01E+00
8.25,-12.75,0,-9.67E-01
8.25,-13.25,0,-9.07E-01
8.25,-13.75,0,-9.36E-01
8.25,-14.25,0,-2.17E-02
8.25,-14.75,0,-0.00228714
8.75,14.75,0,-0.000208568
8.75,14.25,0,0.000884297
8.75,13.75,0,0.000205226
8.75,13.25,0,-0.000187086
8.75,12.75,0,0.000193484
8.75,12.25,0,-0.000381202
8.75,11.75,0,2.44E-05
8.75,11.25,0,0.000771953
8.75,10.75,0,-4.92E-05
8.75,10.25,0,-0.000373735
8.75,9.75,0,8.09E-06
8.75,9.25,0,-0.000320703
8.75,8.75,0,0.001316813
8.75,8.25,0,-0.001466736
8.75,7.75,0,-0.000280456
8.75,7.25,0,0.00029506
8.75,6.75,0,-0.000335348
8.75,6.25,0,-1.23E-05
8.75,5.75,0,0.000238794
8.75,5.25,0,0.000598196
8.75,4.75,0,-0.000643114
8.75,4.25,0,-6.76E-05
8.75,3.75,0,-0.000323828
8.75,3.25,0,-3.36E-05
8.75,2.75,0,1.70E-05
8.75,2.25,0,-0.000125275
8.75,1.75,0,0.000242503
8.75,1.25,0,9.86E-05
8.75,0.75,0,-0.00015775
8.75,0.25,0,-1.33E-06
8.75,-0.25,0,0.000410768
8.75,-0.75,0,0.000413983
8.75,-1.25,0,0.000256751
8.75,-1.75,0,1.15E-05
8.75,-2.25,0,-5.16E-05
8.75,-2.75,0,2.40E-05
8.75,-3.25,0,-4.10E-05
8.75,-3.75,0,-0.000354737
8.75,-4.25,0,0.000413088
8.75,-4.75,0,0.000141015
8.75,-5.25,0,0.000157114
8.75,-5.75,0,0.000250354
8.75,-6.25,0,-0.003079376
8.75,-6.75,0,-2.15E-02
8.75,-7.25,0,-8.95E-01
8.75,-7.75,0,-9.21E-01
8.75,-8.25,0,-4.54E-02
8.75,-8.75,0,-1.97E-02
8.75,-9.25,0,-7.64E-04
8.75,-9.75,0,-4.90E-02
8.75,-10.25,0,-1.68E-02
8.75,-10.75,0,1.25E-02
8.75,-11.25,0,-2.97E-02
8.75,-11.75,0,-1.04E-02
8.75,-12.25,0,-2.08E-02
8.75,-12.75,0,1.07E-04
8.75,-13.25,0,-9.90E-01
8.75,-13.75,0,-9.53E-01
8.75,-14.25,0,1.49E-04
8.75,-14.75,0,-0.011465261
9.25,14.75,0,0.000293142
9.25,14.25,0,-7.77E-05
9.25,13.75,0,-0.000347398
9.25,13.25,0,-0.000171703
9.25,12.75,0,0.000187731
9.25,12.25,0,-0.001322554
9.25,11.75,0,0.000357666
9.25,11.25,0,9.12E-05
9.25,10.75,0,9.47E-05
9.25,10.25,0,0.001069196
9.25,9.75,0,-8.92E-05
9.25,9.25,0,-0.000663423
9.25,8.75,0,7.06E-04
9.25,8.25,0,0.000336493
9.25,7.75,0,-0.000113748
9.25,7.25,0,-0.000279296
9.25,6.75,0,4.90E-06
9.25,6.25,0,-0.000668807
9.25,5.75,0,9.32E-06
9.25,5.25,0,-0.000273703
9.25,4.75,0,-0.000327509
9.25,4.25,0,0.000340578
9.25,3.75,0,4.11E-05
9.25,3.25,0,0.000727914
9.25,2.75,0,-0.000488501
9.25,2.25,0,6.81E-05
9.25,1.75,0,-0.000363254
9.25,1.25,0,0.000221851
9.25,0.75,0,0.000538661
9.25,0.25,0,0.000369028
9.25,-0.25,0,-0.001418175
9.25,-0.75,0,0.000180607
9.25,-1.25,0,-1.96E-05
9.25,-1.75,0,5.77E-05
9.25,-2.25,0,-0.000160554
9.25,-2.75,0,-0.000116093
9.25,-3.25,0,0.000467295
9.25,-3.75,0,-0.000238586
9.25,-4.25,0,-0.000104417
9.25,-4.75,0,0.000398935
9.25,-5.25,0,8.09E-05
9.25,-5.75,0,0.001707463
9.25,-6.25,0,-0.00875062
9.25,-6.75,0,-4.39E-03
9.25,-7.25,0,-1.01E+00
9.25,-7.75,0,-9.98E-01
9.25,-8.25,0,4.04E-02
9.25,-8.75,0,-1.65E-02
9.25,-9.25,0,-0.001408564
9.25,-9.75,0,0.001836864
9.25,-10.25,0,-0.000154695
9.25,-10.75,0,-0.003889486
9.25,-11.25,0,0.000801563
9.25,-11.75,0,-0.001766245
9.25,-12.25,0,-1.73E-02
9.25,-12.75,0,4.50E-03
9.25,-13.25,0,-9.28E-01
9.25,-13.75,0,-9.72E-01
9.25,-14.25,0,-6.26E-03
9.25,-14.75,0,-0.008251295
9.75,14.75,0,1.66E-05
9.75,14.25,0,-0.001054552
9.75,13.75,0,-0.000349989
9.75,13.25,0,-6.30E-07
9.75,12.75,0,0.000378419
9.75,12.25,0,4.40E-05
9.75,11.75,0,0.000113974
9.75,11.25,0,4.31E-06
9.75,10.75,0,-0.000563215
9.75,10.25,0,0.000610631
9.75,9.75,0,-0.000117053
9.75,9.25,0,-0.000298327
9.75,8.75,0,-2.72E-05
9.75,8.25,0,-0.000139715
9.75,7.75,0,-0.000352321
9.75,7.25,0,-4.01E-05
9.75,6.75,0,0.001424577
9.75,6.25,0,0.000158172
9.75,5.75,0,-0.000314155
9.75,5.25,0,-0.000213682
9.75,4.75,0,-8.41E-05
9.75,4.25,0,-0.000726061
9.75,3.75,0,0.000989611
9.75,3.25,0,7.28E-05
9.75,2.75,0,-0.000582155
9.75,2.25,0,0.000113332
9.75,1.75,0,-0.000672431
9.75,1.25,0,0.000301908
9.75,0.75,0,-3.47E-05
9.75,0.25,0,-8.07E-06
9.75,-0.25,0,6.53E-05
9.75,-0.75,0,0.000371031
9.75,-1.25,0,-0.000286097
9.75,-1.75,0,-0.001033851
9.75,-2.25,0,7.50E-05
9.75,-2.75,0,2.69E-05
9.75,-3.25,0,0.000427374
9.75,-3.75,0,-0.000810371
9.75,-4.25,0,0.00020445
9.75,-4.75,0,-6.97E-05
9.75,-5.25,0,-0.001178684
9.75,-5.75,0,-0.000455833
9.75,-6.25,0,-0.00177256
9.75,-6.75,0,-1.35E-02
9.75,-7.25,0,-9.69E-01
9.75,-7.75,0,-9.13E-01
9.75,-8.25,0,-2.16E-02
9.75,-8.75,0,-0.00740421
9.75,-9.25,0,-0.001947115
9.75,-9.75,0,-0.001102689
9.75,-10.25,0,-0.0031536
9.75,-10.75,0,-0.02020608
9.75,-11.25,0,-0.020017197
9.75,-11.75,0,-0.001336258
9.75,-12.25,0,-0.01444163
9.75,-12.75,0,1.29E-03
9.75,-13.25,0,-9.66E-01
9.75,-13.75,0,-1.01E+00
9.75,-14.25,0,3.31E-02
9.75,-14.75,0,-0.016540967
10.25,14.75,0,0.000674184
10.25,14.25,0,0.000148409
10.25,13.75,0,-0.000441285
10.25,13.25,0,0.000884679
10.25,12.75,0,-0.000108087
10.25,12.25,0,-0.000380306
10.25,11.75,0,-0.000647193
10.25,11.25,0,4.65E-05
10.25,10.75,0,-3.83E-05
10.25,10.25,0,-3.70E-05
10.25,9.75,0,-0.000313949
10.25,9.25,0,-0.001152116
10.25,8.75,0,0.001856726
10.25,8.25,0,0.000435283
10.25,7.75,0,-0.000285877
10.25,7.25,0,-0.00014262
10.25,6.75,0,2.44E-05
10.25,6.25,0,-3.97E-06
10.25,5.75,0,-0.000107999
10.25,5.25,0,0.000314141
10.25,4.75,0,-0.000282498
10.25,4.25,0,0.001232671
10.25,3.75,0,-0.001456151
10.25,3.25,0,-0.000122943
10.25,2.75,0,0.00052766
10.25,2.25,0,0.000101346
10.25,1.75,0,-0.000563566
10.25,1.25,0,0.0005761
10.25,0.75,0,3.81E-05
10.25,0.25,0,-0.000292342
10.25,-0.25,0,0.000110454
10.25,-0.75,0,0.000305825
10.25,-1.25,0,0.001210401
10.25,-1.75,0,-6.06E-05
10.25,-2.25,0,1.12E-05
10.25,-2.75,0,7.21E-05
10.25,-3.25,0,-0.000175378
10.25,-3.75,0,-0.000179029
10.25,-4.25,0,-0.000220901
10.25,-4.75,0,-0.000309214
10.25,-5.25,0,-0.000163712
10.25,-5.75,0,0.00113898
10.25,-6.25,0,-0.006746516
10.25,-6.75,0,-2.24E-02
10.25,-7.25,0,-9.39E-01
10.25,-7.75,0,-9.35E-01
10.25,-8.25,0,-3.35E-02
10.25,-8.75,0,0.001433641
10.25,-9.25,0,-0.001653139
10.25,-9.75,0,-0.001069366
10.25,-10.25,0,-0.02452825
10.25,-10.75,0,5.12E-02
10.25,-11.25,0,4.29E-02
10.25,-11.75,0,-0.016406704
10.25,-12.25,0,-0.008694876
10.25,-12.75,0,-5.36E-03
10.25,-13.25,0,-9.08E-01
10.25,-13.75,0,-9.21E-01
10.25,-14.25,0,-3.00E-02
10.25,-14.75,0,-0.003262143
10.75,14.75,0,0.000208852
10.75,14.25,0,7.76E-05
10.75,13.75,0,-0.001075379
10.75,13.25,0,0.000398565
10.75,12.75,0,0.000485425
10.75,12.25,0,0.000497504
10.75,11.75,0,-0.000200307
10.75,11.25,0,-6.78E-05
10.75,10.75,0,-0.000388123
10.75,10.25,0,0.000127209
10.75,9.75,0,5.73E-05
10.75,9.25,0,-0.000510771
10.75,8.75,0,0.000223127
10.75,8.25,0,0.000207756
10.75,7.75,0,-1.92E-05
10.75,7.25,0,-0.000516158
10.75,6.75,0,-0.001043196
10.75,6.25,0,0.000309556
10.75,5.75,0,0.000820295
10.75,5.25,0,-0.000516795
10.75,4.75,0,-0.001610695
10.75,4.25,0,0.000924914
10.75,3.75,0,-0.000109329
10.75,3.25,0,0.000417858
10.75,2.75,0,0.000561284
10.75,2.25,0,-0.000527388
10.75,1.75,0,-5.56E-05
10.75,1.25,0,-0.000180957
10.75,0.75,0,8.41E-05
10.75,0.25,0,0.000401602
10.75,-0.25,0,5.79E-06
10.75,-0.75,0,-0.001493897
10.75,-1.25,0,0.000475505
10.75,-1.75,0,-3.08E-05
10.75,-2.25,0,-3.79E-05
10.75,-2.75,0,-0.00081497
10.75,-3.25,0,0.000202071
10.75,-3.75,0,-0.000113582
10.75,-4.25,0,-8.21E-06
10.75,-4.75,0,-7.88E-05
10.75,-5.25,0,-0.00146056
10.75,-5.75,0,-0.001347628
10.75,-6.25,0,0.000233212
10.75,-6.75,0,-2.40E-02
10.75,-7.25,0,-9.57E-01
10.75,-7.75,0,-1.02E+00
10.75,-8.25,0,1.37E-02
10.75,-8.75,0,-0.022000267
10.75,-9.25,0,-0.005074472
10.75,-9.75,0,-0.000868064
10.75,-10.25,0,2.33E-02
10.75,-10.75,0,-1.01E+00
10.75,-11.25,0,-9.49E-01
10.75,-11.75,0,-6.37E-02
10.75,-12.25,0,-4.42E-03
10.75,-12.75,0,1.81E-02
10.75,-13.25,0,-1.01E+00
10.75,-13.75,0,-9.43E-01
10.75,-14.25,0,1.92E-03
10.75,-14.75,0,-0.010221153
11.25,14.75,0,-0.000279377
11.25,14.25,0,1.74E-05
11.25,13.75,0,-0.00014187
11.25,13.25,0,-9.97E-06
11.25,12.75,0,0.00040468
11.25,12.25,0,-0.000282183
11.25,11.75,0,-0.000136234
11.25,11.25,0,-4.34E-05
11.25,10.75,0,0.000331501
11.25,10.25,0,0.000567626
11.25,9.75,0,-7.92E-06
11.25,9.25,0,-0.000140752
11.25,8.75,0,0.000497078
11.25,8.25,0,0.000241663
11.25,7.75,0,8.81E-05
11.25,7.25,0,0.002164368
11.25,6.75,0,-0.000118887
11.25,6.25,0,-2.92E-06
11.25,5.75,0,-2.18E-05
11.25,5.25,0,9.71E-05
11.25,4.75,0,-0.000219869
11.25,4.25,0,0.000355393
11.25,3.75,0,0.000773172
11.25,3.25,0,-3.11E-05
11.25,2.75,0,-1.63E-05
11.25,2.25,0,-0.000206631
11.25,1.75,0,-3.34E-05
11.25,1.25,0,-0.001015868
11.25,0.75,0,-4.63E-05
11.25,0.25,0,-0.000271625
11.25,-0.25,0,0.000524108
11.25,-0.75,0,3.67E-06
11.25,-1.25,0,2.08E-05
11.25,-1.75,0,0.000562382
11.25,-2.25,0,-0.001065143
11.25,-2.75,0,9.46E-05
11.25,-3.25,0,-0.000195554
11.25,-3.75,0,-0.000432863
11.25,-4.25,0,0.000159239
11.25,-4.75,0,0.000151512
11.25,-5.25,0,-0.000364772
11.25,-5.75,0,-0.000614039
11.25,-6.25,0,-0.003741147
11.25,-6.75,0,-1.49E-03
11.25,-7.25,0,-9.32E-01
11.25,-7.75,0,-9.22E-01
11.25,-8.25,0,3.92E-02
11.25,-8.75,0,-7.51E-03
11.25,-9.25,0,1.14E-02
11.25,-9.75,0,-6.24E-02
11.25,-10.25,0,-9.03E-03
11.25,-10.75,0,-9.33E-01
11.25,-11.25,0,-1.02E+00
11.25,-11.75,0,3.76E-02
11.25,-12.25,0,-6.43E-02
11.25,-12.75,0,6.01E-02
11.25,-13.25,0,-1.00E+00
11.25,-13.75,0,-9.85E-01
11.25,-14.25,0,2.33E-02
11.25,-14.75,0,-0.01823912
11.75,14.75,0,0.000721744
11.75,14.25,0,-3.73E-06
11.75,13.75,0,-0.000942857
11.75,13.25,0,-0.000121251
11.75,12.75,0,0.000352799
11.75,12.25,0,-0.000405343
11.75,11.75,0,0.000875342
11.75,11.25,0,-0.000406246
11.75,10.75,0,-0.00056579
11.75,10.25,0,-0.000552966
11.75,9.75,0,0.000475569
11.75,9.25,0,-0.000166223
11.75,8.75,0,0.000189804
11.75,8.25,0,-0.000915717
11.75,7.75,0,-0.000318832
11.75,7.25,0,2.43E-05
11.75,6.75,0,-0.000841091
11.75,6.25,0,-0.000120504
11.75,5.75,0,3.33E-05
11.75,5.25,0,0.000868229
11.75,4.75,0,3.67E-05
11.75,4.25,0,0.000200607
11.75,3.75,0,-0.00020641
11.75,3.25,0,-0.00038285
11.75,2.75,0,1.58E-05
11.75,2.25,0,-0.000373918
11.75,1.75,0,0.000664991
11.75,1.25,0,0.000423226
11.75,0.75,0,0.000411722
11.75,0.25,0,0.00033189
11.75,-0.25,0,-9.35E-05
11.75,-0.75,0,-0.000325038
11.75,-1.25,0,0.000124582
11.75,-1.75,0,0.000642257
11.75,-2.25,0,0.000250777
11.75,-2.75,0,0.000508025
11.75,-3.25,0,0.000535893
11.75,-3.75,0,4.80E-05
11.75,-4.25,0,0.000549911
11.75,-4.75,0,-1.82E-05
11.75,-5.25,0,0.000465698
11.75,-5.75,0,-0.001530919
11.75,-6.25,0,-0.001472836
11.75,-6.75,0,1.08E-03
11.75,-7.25,0,-1.06E+00
11.75,-7.75,0,-8.89E-01
11.75,-8.25,0,-1.05E+00
11.75,-8.75,0,-9.50E-01
11.75,-9.25,0,-9.62E-01
11.75,-9.75,0,3.72E-02
11.75,-10.25,0,-3.17E-02
11.75,-10.75,0,-9.40E-01
11.75,-11.25,0,-9.12E-01
11.75,-11.75,0,-9.79E-01
11.75,-12.25,0,-9.19E-01
11.75,-12.75,0,-1.00E+00
11.75,-13.25,0,-8.88E-01
11.75,-13.75,0,-1.04E+00
11.75,-14.25,0,3.23E-02
11.75,-14.75,0,-0.011765817
12.25,14.75,0,-0.000421426
12.25,14.25,0,-0.000135865
12.25,13.75,0,0.000517394
12.25,13.25,0,0.000409042
12.25,12.75,0,0.000410664
12.25,12.25,0,-0.000457057
12.25,11.75,0,0.000296746
12.25,11.25,0,-2.92E-05
12.25,10.75,0,-5.60E-05
12.25,10.25,0,0.000927858
12.25,9.75,0,0.000979489
12.25,9.25,0,-0.001530936
12.25,8.75,0,0.000140913
12.25,8.25,0,-0.000342424
12.25,7.75,0,-0.000184716
12.25,7.25,0,-0.00022677
12.25,6.75,0,0.000549471
12.25,6.25,0,0.000673105
12.25,5.75,0,3.07E-05
12.25,5.25,0,0.000181484
12.25,4.75,0,2.71E-05
12.25,4.25,0,0.000268475
12.25,3.75,0,2.05E-06
12.25,3.25,0,-2.07E-05
12.25,2.75,0,0.000162958
12.25,2.25,0,-0.000203507
12.25,1.75,0,-0.000160733
12.25,1.25,0,-0.000187643
12.25,0.75,0,-0.000186082
12.25,0.25,0,-0.000136555
12.25,-0.25,0,0.001392581
12.25,-0.75,0,-0.000982587
12.25,-1.25,0,-0.000493305
12.25,-1.75,0,5.16E-05
12.25,-2.25,0,-9.00E-06
12.25,-2.75,0,-0.000138924
12.25,-3.25,0,-2.99E-05
12.25,-3.75,0,0.000178118
12.25,-4.25,0,-0.000429855
12.25,-4.75,0,-0.000171093
12.25,-5.25,0,-0.000625092
12.25,-5.75,0,0.000149133
12.25,-6.25,0,0.000605765
12.25,-6.75,0,-0.016443401
12.25,-7.25,0,5.06E-02
12.25,-7.75,0,-9.86E-01
12.25,-8.25,0,-8.82E-01
12.25,-8.75,0,-9.56E-01
12.25,-9.25,0,-9.70E-01
12.25,-9.75,0,-7.64E-03
12.25,-10.25,0,2.78E-02
12.25,-10.75,0,-1.00E+00
12.25,-11.25,0,-8.82E-01
12.25,-11.75,0,-1.03E+00
12.25,-12.25,0,-9.82E-01
12.25,-12.75,0,-9.25E-01
12.25,-13.25,0,-1.00E+00
12.25,-13.75,0,9.43E-02
12.25,-14.25,0,-0.02993125
12.25,-14.75,0,0.001055358
12.75,14.75,0,-0.000206112
12.75,14.25,0,4.76E-05
12.75,13.75,0,-0.000152645
12.75,13.25,0,-0.000368589
12.75,12.75,0,-0.00014208
12.75,12.25,0,3.04E-05
12.75,11.75,0,0.001005397
12.75,11.25,0,0.000185374
12.75,10.75,0,-0.000676023
12.75,10.25,0,-5.85E-05
12.75,9.75,0,-0.000224817
12.75,9.25,0,-4.33E-05
12.75,8.75,0,0.000865978
12.75,8.25,0,0.000151493
12.75,7.75,0,0.00057049
12.75,7.25,0,5.57E-05
12.75,6.75,0,-0.000274721
12.75,6.25,0,0.000267996
12.75,5.75,0,-0.000744466
12.75,5.25,0,0.000297138
12.75,4.75,0,0.000358999
12.75,4.25,0,0.000532719
12.75,3.75,0,-0.000805166
12.75,3.25,0,-0.000121718
12.75,2.75,0,-8.65E-05
12.75,2.25,0,-0.00011189
12.75,1.75,0,0.000101661
12.75,1.25,0,9.67E-05
12.75,0.75,0,0.000161513
12.75,0.25,0,-3.77E-05
12.75,-0.25,0,0.000978899
12.75,-0.75,0,-8.05E-05
12.75,-1.25,0,6.26E-05
12.75,-1.75,0,-0.000111332
12.75,-2.25,0,0.000122113
12.75,-2.75,0,0.000165411
12.75,-3.25,0,-0.000177354
12.75,-3.75,0,-1.54E-05
12.75,-4.25,0,-0.000102564
12.75,-4.75,0,0.000266018
12.75,-5.25,0,-0.000768952
12.75,-5.75,0,-0.001743314
12.75,-6.25,0,0.000804351
12.75,-6.75,0,0.002486779
12.75,-7.25,0,-0.042220738
12.75,-7.75,0,2.60E-02
12.75,-8.25,0,-3.44E-02
12.75,-8.75,0,2.79E-05
12.75,-9.25,0,0.023992492
12.75,-9.75,0,-0.021387081
12.75,-10.25,0,-0.03739872
12.75,-10.75,0,1.85E-02
12.75,-11.25,0,-1.63E-02
12.75,-11.75,0,1.49E-02
12.75,-12.25,0,8.32E-04
12.75,-12.75,0,1.67E-02
12.75,-13.25,0,1.73E-02
12.75,-13.75,0,-0.028139237
12.75,-14.25,0,-0.006046245
12.75,-14.75,0,-0.001451087
13.25,14.75,0,0.000118257
13.25,14.25,0,3.65E-05
13.25,13.75,0,-0.000384687
13.25,13.25,0,-0.000210254
13.25,12.75,0,-0.000257634
13.25,12.25,0,0.000237956
13.25,11.75,0,-0.000176784
13.25,11.25,0,0.000172738
13.25,10.75,0,0.000223579
13.25,10.25,0,-1.28E-05
13.25,9.75,0,-0.001046905
13.25,9.25,0,6.95E-05
13.25,8.75,0,0.000322214
13.25,8.25,0,-0.000419694
13.25,7.75,0,-4.59E-05
13.25,7.25,0,-0.000124412
13.25,6.75,0,0.000796175
13.25,6.25,0,1.80E-05
13.25,5.75,0,2.80E-05
13.25,5.25,0,-0.000320123
13.25,4.75,0,-0.000368144
13.25,4.25,0,-0.000694018
13.25,3.75,0,0.000290914
13.25,3.25,0,0.000164431
13.25,2.75,0,-0.000515585
13.25,2.25,0,0.001496519
13.25,1.75,0,0.000145086
13.25,1.25,0,2.25E-05
13.25,0.75,0,0.001071357
13.25,0.25,0,-0.001716543
13.25,-0.25,0,-3.93E-05
13.25,-0.75,0,2.34E-05
13.25,-1.25,0,4.44E-05
13.25,-1.75,0,-0.000326219
13.25,-2.25,0,0.000306036
13.25,-2.75,0,-0.0010452
13.25,-3.25,0,1.85E-05
13.25,-3.75,0,5.35E-05
13.25,-4.25,0,1.01E-05
13.25,-4.75,0,0.000226158
13.25,-5.25,0,0.000219312
13.25,-5.75,0,0.000230105
13.25,-6.25,0,-0.001575082
13.25,-6.75,0,-0.000940242
13.25,-7.25,0,0.004262552
13.25,-7.75,0,-0.010830522
13.25,-8.25,0,-0.002829653
13.25,-8.75,0,-0.007173974
13.25,-9.25,0,-0.013004886
13.25,-9.75,0,0.002623255
13.25,-10.25,0,0.003124473
13.25,-10.75,0,-0.010972931
13.25,-11.25,0,-0.005373783
13.25,-11.75,0,-0.010098362
13.25,-12.25,0,-0.018850055
13.25,-12.75,0,-0.010937808
13.25,-13.25,0,-0.006499587
13.25,-13.75,0,-0.007090124
13.25,-14.25,0,0.001112505
13.25,-14.75,0,-0.002514409
13.75,14.75,0,0.000303426
13.75,14.25,0,-0.000195535
13.75,13.75,0,-0.00057549
13.75,13.25,0,7.58E-06
13.75,12.75,0,0.000528084
13.75,12.25,0,1.05E-05
13.75,11.75,0,-4.90E-05
13.75,11.25,0,0.000381009
13.75,10.75,0,0.000101264
13.75,10.25,0,-0.000505263
13.75,9.75,0,0.000353574
13.75,9.25,0,0.000333379
13.75,8.75,0,-1.36E-05
13.75,8.25,0,-0.000271414
13.75,7.75,0,-0.000184101
13.75,7.25,0,-5.50E-05
13.75,6.75,0,-0.000431432
13.75,6.25,0,-9.90E-05
13.75,5.75,0,-0.000626282
13.75,5.25,0,-0.000117265
13.75,4.75,0,-0.000214425
13.75,4.25,0,0.00024549
13.75,3.75,0,0.001037213
13.75,3.25,0,0.000500368
13.75,2.75,0,0.000395345
13.75,2.25,0,9.61E-05
13.75,1.75,0,2.48E-05
13.75,1.25,0,4.51E-05
13.75,0.75,0,-0.000143537
13.75,0.25,0,0.000281225
13.75,-0.25,0,-0.00053061
13.75,-0.75,0,0.000307873
13.75,-1.25,0,-0.000341967
13.75,-1.75,0,-0.00047674
13.75,-2.25,0,-1.94E-05
13.75,-2.75,0,-0.000582139
13.75,-3.25,0,8.58E-05
13.75,-3.75,0,0.000447222
13.75,-4.25,0,-4.10E-05
13.75,-4.75,0,0.000194715
13.75,-5.25,0,0.000245059
13.75,-5.75,0,0.000216387
13.75,-6.25,0,-6.59E-05
13.75,-6.75,0,-0.000822881
13.75,-7.25,0,0.00124603
13.75,-7.75,0,-0.000271789
13.75,-8.25,0,0.000333792
13.75,-8.75,0,0.000258568
13.75,-9.25,0,0.000245879
13.75,-9.75,0,-0.000585746
13.75,-10.25,0,-0.000307923
13.75,-10.75,0,0.000819814
13.75,-11.25,0,-0.000320889
13.75,-11.75,0,0.000546234
13.75,-12.25,0,0.002934845
13.75,-12.75,0,-0.000181923
13.75,-13.25,0,-0.002250852
13.75,-13.75,0,0.001211658
13.75,-14.25,0,-0.00068594
13.75,-14.75,0,-0.000207928
14.25,14.75,0,0.000464408
14.25,14.25,0,0.001566731
14.25,13.75,0,-0.000600015
14.25,13.25,0,-0.000314817
14.25,12.75,0,8.22E-06
14.25,12.25,0,-2.20E-05
14.25,11.75,0,-2.96E-05
14.25,11.25,0,-8.67E-05
14.25,10.75,0,0.000584065
14.25,10.25,0,-0.00050214
14.25,9.75,0,0.00014568
14.25,9.25,0,0.000539191
14.25,8.75,0,5.00E-05
14.25,8.25,0,-0.000149296
14.25,7.75,0,5.99E-05
14.25,7.25,0,-0.000140569
14.25,6.75,0,-7.72E-06
14.25,6.25,0,0.00083901
14.25,5.75,0,5.32E-05
14.25,5.25,0,-1.88E-05
14.25,4.75,0,-0.000238909
14.25,4.25,0,4.90E-05
14.25,3.75,0,-0.000923767
14.25,3.25,0,-0.000907476
14.25,2.75,0,2.38E-05
14.25,2.25,0,-0.000816728
14.25,1.75,0,-0.000216684
14.25,1.25,0,0.000185002
14.25,0.75,0,0.000289534
14.25,0.25,0,0.000942811
14.25,-0.25,0,-0.000429729
14.25,-0.75,0,0.000420925
14.25,-1.25,0,0.000151863
14.25,-1.75,0,0.000621609
14.25,-2.25,0,0.000172688
14.25,-2.75,0,0.000588873
14.25,-3.25,0,0.000680915
14.25,-3.75,0,-0.000165861
14.25,-4.25,0,-0.000435817
14.25,-4.75,0,-0.000899401
14.25,-5.25,0,2.52E-05
14.25,-5.75,0,0.000140526
14.25,-6.25,0,-0.000327218
14.25,-6.75,0,-0.000194113
14.25,-7.25,0,-0.000963372
14.25,-7.75,0,-0.000552547
14.25,-8.25,0,-0.000215673
14.25,-8.75,0,-0.000435496
14.25,-9.25,0,0.000179333
14.25,-9.75,0,-0.000862624
14.25,-10.25,0,-0.00092788
14.25,-10.75,0,-0.000198042
14.25,-11.25,0,-0.001599265
14.25,-11.75,0,0.000529542
14.25,-12.25,0,-0.000780469
14.25,-12.75,0,-0.00047362
14.25,-13.25,0,0.00054303
14.25,-13.75,0,-0.000788591
14.25,-14.25,0,0.00020531
14.25,-14.75,0,-0.00032228
14.75,14.75,0,-0.001073095
14.75,14.25,0,-0.000541102
14.75,13.75,0,-0.00018618
14.75,13.25,0,0.000194589
14.75,12.75,0,0.000328305
14.75,12.25,0,-0.000420968
14.75,11.75,0,0.000290004
14.75,11.25,0,0.00020679
14.75,10.75,0,-3.73E-05
14.75,10.25,0,-0.000528415
14.75,9.75,0,0.00036165
14.75,9.25,0,-3.96E-06
14.75,8.75,0,-0.000560188
14.75,8.25,0,0.000114914
14.75,7.75,0,0.000264477
14.75,7.25,0,-0.000692728
14.75,6.75,0,0.00112025
14.75,6.25,0,-0.001142126
14.75,5.75,0,-0.000908131
14.75,5.25,0,0.000811249
14.75,4.75,0,0.000186853
14.75,4.25,0,-6.75E-05
14.75,3.75,0,4.55E-05
14.75,3.25,0,0.000372488
14.75,2.75,0,-0.000222143
14.75,2.25,0,0.000429431
14.75,1.75,0,0.000296177
14.75,1.25,0,-1.41E-05
14.75,0.75,0,-1.18E-06
14.75,0.25,0,-0.000314889
14.75,-0.25,0,-0.000660146
14.75,-0.75,0,-0.000104869
14.75,-1.25,0,0.000399387
14.75,-1.75,0,-2.35E-05
14.75,-2.25,0,-0.000303783
14.75,-2.75,0,-0.000527041
14.75,-3.25,0,-0.000720722
14.75,-3.75,0,-1.29E-05
14.75,-4.25,0,0.000410405
14.75,-4.75,0,0.000497598
14.75,-5.25,0,4.14E-05
14.75,-5.75,0,-4.39E-05
14.75,-6.25,0,-4.03E-05
14.75,-6.75,0,0.000201518
14.75,-7.25,0,0.000289618
14.75,-7.75,0,0.000433751
14.75,-8.25,0,-0.001541023
14.75,-8.75,0,0.000113862
14.75,-9.25,0,-0.000334378
14.75,-9.75,0,-4.29E-05
14.75,-10.25,0,0.000869314
14.75,-10.75,0,-0.000817314
14.75,-11.25,0,-0.000575596
14.75,-11.75,0,-0.000188008
14.75,-12.25,0,-0.00018077
14.75,-12.75,0,-0.00034321
14.75,-13.25,0,-2.66E-05
14.75,-13.75,0,0.00014744
14.75,-14.25,0,1.48E-05
14.75,-14.75,0,-0.000449646
