-14.75,14.75,0,-0.006031787
-14.75,14.25,0,-0.020792955
-14.75,13.75,0,-2.19E-03
-14.75,13.25,0,0.037182061
-14.75,12.75,0,0.004056688
-14.75,12.25,0,-0.009524171
-14.75,11.75,0,-0.007317082
-14.75,11.25,0,0.000412686
-14.75,10.75,0,-0.000678863
-14.75,10.25,0,-0.005804644
-14.75,9.75,0,0.008705856
-14.75,9.25,0,0.060666842
-14.75,8.75,0,0.007063924
-14.75,8.25,0,-0.00196768
-14.75,7.75,0,-0.007240677
-14.75,7.25,0,-0.015171384
-14.75,6.75,0,0.001770416
-14.75,6.25,0,0.006005129
-14.75,5.75,0,0.001067482
-14.75,5.25,0,0.001729565
-14.75,4.75,0,-0.003989014
-14.75,4.25,0,-0.006204826
-14.75,3.75,0,-0.005438698
-14.75,3.25,0,-0.017580824
-14.75,2.75,0,0.010851935
-14.75,2.25,0,0.010171912
-14.75,1.75,0,-0.003087117
-14.75,1.25,0,-0.015291653
-14.75,0.75,0,0.003430747
-14.75,0.25,0,0.039739532
-14.75,-0.25,0,0.005371568
-14.75,-0.75,0,0.004475816
-14.75,-1.25,0,0.018364266
-14.75,-1.75,0,-0.006008046
-14.75,-2.25,0,-0.011341389
-14.75,-2.75,0,-0.010911109
-14.75,-3.25,0,-0.003733174
-14.75,-3.75,0,-0.004097991
-14.75,-4.25,0,-0.011303943
-14.75,-4.75,0,-0.013562313
-14.75,-5.25,0,0.000380521
-14.75,-5.75,0,0.001413071
-14.75,-6.25,0,0.000372668
-14.75,-6.75,0,0.009976934
-14.75,-7.25,0,0.029312223
-14.75,-7.75,0,0.001487513
-14.75,-8.25,0,-0.010183602
-14.75,-8.75,0,0.003125332
-14.75,-9.25,0,0.029813634
-14.75,-9.75,0,0.029242668
-14.75,-10.25,0,0.007025807
-14.75,-10.75,0,-1.32E-03
-14.75,-11.25,0,-0.018399535
-14.75,-11.75,0,0.024615986
-14.75,-12.25,0,0.002959562
-14.75,-12.75,0,-0.001223269
-14.75,-13.25,0,0.000172057
-14.75,-13.75,0,0.010097442
-14.75,-14.25,0,0.000752672
-14.75,-14.75,0,0.006601042
-14.25,14.75,0,-0.003455304
-14.25,14.25,0,-0.010116296
-14.25,13.75,0,-0.008291576
-14.25,13.25,0,-0.003227407
-14.25,12.75,0,0.012453926
-14.25,12.25,0,-0.007325898
-14.25,11.75,0,-0.012488957
-14.25,11.25,0,0.00207446
-14.25,10.75,0,0.000702213
-14.25,10.25,0,0.001583786
-14.25,9.75,0,0.01033341
-14.25,9.25,0,0.031040784
-14.25,8.75,0,5.02E-03
-14.25,8.25,0,-0.004100051
-14.25,7.75,0,-0.02584054
-14.25,7.25,0,-0.006483045
-14.25,6.75,0,-0.000138372
-14.25,6.25,0,0.002035724
-14.25,5.75,0,0.00216317
-14.25,5.25,0,0.00125565
-14.25,4.75,0,-0.004899815
-14.25,4.25,0,-0.004981532
-14.25,3.75,0,-7.81E-03
-14.25,3.25,0,-0.005948473
-14.25,2.75,0,-2.21E-03
-14.25,2.25,0,-0.000384431
-14.25,1.75,0,-0.004591187
-14.25,1.25,0,-0.008276168
-14.25,0.75,0,-0.00346565
-14.25,0.25,0,0.009053733
-14.25,-0.25,0,0.001053876
-14.25,-0.75,0,0.019079022
-14.25,-1.25,0,0.010949989
-14.25,-1.75,0,-0.017704673
-14.25,-2.25,0,-0.009979459
-14.25,-2.75,0,-0.019323858
-14.25,-3.25,0,0.007024884
-14.25,-3.75,0,0.006062096
-14.25,-4.25,0,0.007066293
-14.25,-4.75,0,0.014771727
-14.25,-5.25,0,0.002645974
-14.25,-5.75,0,0.002754722
-14.25,-6.25,0,-0.000530143
-14.25,-6.75,0,-0.001424757
-14.25,-7.25,0,0.00163903
-14.25,-7.75,0,0.011091728
-14.25,-8.25,0,0.004230203
-14.25,-8.75,0,0.005287771
-14.25,-9.25,0,0.014481416
-14.25,-9.75,0,0.0079039
-14.25,-10.25,0,0.006002622
-14.25,-10.75,0,0.001159771
-14.25,-11.25,0,0.00024858
-14.25,-11.75,0,0.011597038
-14.25,-12.25,0,-0.005719175
-14.25,-12.75,0,-0.002830467
-14.25,-13.25,0,-0.013751205
-14.25,-13.75,0,-0.014503744
-14.25,-14.25,0,-0.007978566
-14.25,-14.75,0,0.00562588
-13.75,14.75,0,-0.003264725
-13.75,14.25,0,-0.003911733
-13.75,13.75,0,0.011522658
-13.75,13.25,0,0.054426111
-13.75,12.75,0,0.117059071
-13.75,12.25,0,0.008181281
-13.75,11.75,0,-0.015728787
-13.75,11.25,0,2.79E-05
-13.75,10.75,0,0.005417757
-13.75,10.25,0,0.003375116
-13.75,9.75,0,0.008298977
-13.75,9.25,0,0.021699147
-13.75,8.75,0,0.001703892
-13.75,8.25,0,-0.002106317
-13.75,7.75,0,-0.005934753
-13.75,7.25,0,0.009634002
-13.75,6.75,0,0.005516049
-13.75,6.25,0,-5.85E-05
-13.75,5.75,0,-0.001163893
-13.75,5.25,0,0.002762002
-13.75,4.75,0,-0.015232368
-13.75,4.25,0,-0.014063775
-13.75,3.75,0,-0.00049606
-13.75,3.25,0,0.002565505
-13.75,2.75,0,-0.002648445
-13.75,2.25,0,-0.012889178
-13.75,1.75,0,-0.005585191
-13.75,1.25,0,0.041166062
-13.75,0.75,0,2.07E-03
-13.75,0.25,0,-0.005402397
-13.75,-0.25,0,-0.006489647
-13.75,-0.75,0,0.003151364
-13.75,-1.25,0,-0.000808246
-13.75,-1.75,0,-0.038218947
-13.75,-2.25,0,-0.021092136
-13.75,-2.75,0,-0.004743351
-13.75,-3.25,0,0.019899846
-13.75,-3.75,0,0.002082969
-13.75,-4.25,0,0.010332445
-13.75,-4.75,0,0.026711183
-13.75,-5.25,0,0.021603563
-13.75,-5.75,0,0.011097102
-13.75,-6.25,0,4.59E-03
-13.75,-6.75,0,0.000669217
-13.75,-7.25,0,0.002071969
-13.75,-7.75,0,0.044480005
-13.75,-8.25,0,0.011679775
-13.75,-8.75,0,0.001082586
-13.75,-9.25,0,0.001413918
-13.75,-9.75,0,0.009701034
-13.75,-10.25,0,0.008612572
-13.75,-10.75,0,0.000848564
-13.75,-11.25,0,-0.001259177
-13.75,-11.75,0,-0.007961952
-13.75,-12.25,0,-1.06E-02
-13.75,-12.75,0,-0.005086625
-13.75,-13.25,0,-0.016039048
-13.75,-13.75,0,-0.022340811
-13.75,-14.25,0,-0.01602653
-13.75,-14.75,0,-0.000286721
-13.25,14.75,0,-0.004565948
-13.25,14.25,0,-0.015211062
-13.25,13.75,0,0.08566349
-13.25,13.25,0,8.35E-01
-13.25,12.75,0,7.65E-01
-13.25,12.25,0,0.049493946
-13.25,11.75,0,-0.02939139
-13.25,11.25,0,-0.0389098
-13.25,10.75,0,0.008492225
-13.25,10.25,0,0.009616431
-13.25,9.75,0,0.009183966
-13.25,9.25,0,0.009223555
-13.25,8.75,0,0.004257578
-13.25,8.25,0,-0.012445407
-13.25,7.75,0,-0.003986567
-13.25,7.25,0,0.01737496
-13.25,6.75,0,0.007248995
-13.25,6.25,0,-0.00185859
-13.25,5.75,0,-0.001275599
-13.25,5.25,0,0.003362165
-13.25,4.75,0,-0.007427866
-13.25,4.25,0,-0.02267578
-13.25,3.75,0,-0.001831648
-13.25,3.25,0,-0.003251318
-13.25,2.75,0,0.002664229
-13.25,2.25,0,-0.002277467
-13.25,1.75,0,0.001997129
-13.25,1.25,0,0.003306365
-13.25,0.75,0,0.000154791
-13.25,0.25,0,-0.007228783
-13.25,-0.25,0,-6.79E-05
-13.25,-0.75,0,0.000176737
-13.25,-1.25,0,7.30E-03
-13.25,-1.75,0,-0.007095973
-13.25,-2.25,0,0.01050427
-13.25,-2.75,0,0.00907134
-13.25,-3.25,0,0.009992132
-13.25,-3.75,0,-0.006875645
-13.25,-4.25,0,0.000350117
-13.25,-4.75,0,0.021825764
-13.25,-5.25,0,0.019479798
-13.25,-5.75,0,0.005670405
-13.25,-6.25,0,0.004418831
-13.25,-6.75,0,-3.82E-03
-13.25,-7.25,0,-0.000123604
-13.25,-7.75,0,0.011036804
-13.25,-8.25,0,1.91E-03
-13.25,-8.75,0,0.002400564
-13.25,-9.25,0,-1.09E-03
-13.25,-9.75,0,-0.001726296
-13.25,-10.25,0,0.00335883
-13.25,-10.75,0,0.001953975
-13.25,-11.25,0,-3.67E-06
-13.25,-11.75,0,0.000456768
-13.25,-12.25,0,-0.003116923
-13.25,-12.75,0,-0.006577775
-13.25,-13.25,0,-0.013630199
-13.25,-13.75,0,-0.025990378
-13.25,-14.25,0,-0.011694555
-13.25,-14.75,0,-0.000222448
-12.75,14.75,0,0.001189486
-12.75,14.25,0,-0.0087036
-12.75,13.75,0,8.70E-02
-12.75,13.25,0,9.61E-01
-12.75,12.75,0,7.94E-01
-12.75,12.25,0,6.28E-02
-12.75,11.75,0,-0.005099123
-12.75,11.25,0,0.019948361
-12.75,10.75,0,0.024352654
-12.75,10.25,0,0.012667246
-12.75,9.75,0,0.007110372
-12.75,9.25,0,0.014268172
-12.75,8.75,0,0.009745043
-12.75,8.25,0,0.004153636
-12.75,7.75,0,0.004750607
-12.75,7.25,0,0.003983436
-12.75,6.75,0,0.002790123
-12.75,6.25,0,0.00092169
-12.75,5.75,0,0.019708737
-12.75,5.25,0,0.001898426
-12.75,4.75,0,-0.000391708
-12.75,4.25,0,-0.011732598
-12.75,3.75,0,-0.00061953
-12.75,3.25,0,-0.014565344
-12.75,2.75,0,0.005862355
-12.75,2.25,0,0.007420725
-12.75,1.75,0,0.000181022
-12.75,1.25,0,-0.005629312
-12.75,0.75,0,0.002187791
-12.75,0.25,0,-0.00807004
-12.75,-0.25,0,-0.000361307
-12.75,-0.75,0,-0.00027163
-12.75,-1.25,0,-0.000415271
-12.75,-1.75,0,0.000675249
-12.75,-2.25,0,0.019476145
-12.75,-2.75,0,0.009904941
-12.75,-3.25,0,0.006347004
-12.75,-3.75,0,-0.004494905
-12.75,-4.25,0,-0.039876434
-12.75,-4.75,0,-0.018275365
-12.75,-5.25,0,0.002416076
-12.75,-5.75,0,0.014510904
-12.75,-6.25,0,0.001828462
-12.75,-6.75,0,-0.004231045
-12.75,-7.25,0,-0.00307981
-12.75,-7.75,0,-0.021025253
-12.75,-8.25,0,-0.010996949
-12.75,-8.75,0,0.001771606
-12.75,-9.25,0,-0.001277407
-12.75,-9.75,0,-0.020109058
-12.75,-10.25,0,-0.001270624
-12.75,-10.75,0,0.022929503
-12.75,-11.25,0,0.009717079
-12.75,-11.75,0,0.007806741
-12.75,-12.25,0,0.006190256
-12.75,-12.75,0,0.008646559
-12.75,-13.25,0,0.008577025
-12.75,-13.75,0,-0.00134243
-12.75,-14.25,0,-0.003591836
-12.75,-14.75,0,0.016422808
-12.25,14.75,0,0.010342748
-12.25,14.25,0,-0.029216373
-12.25,13.75,0,1.28E-02
-12.25,13.25,0,9.73E-01
-12.25,12.75,0,8.97E-01
-12.25,12.25,0,6.73E-02
-12.25,11.75,0,0.004701849
-12.25,11.25,0,0.009159267
-12.25,10.75,0,0.010203981
-12.25,10.25,0,0.002726395
-12.25,9.75,0,-0.037030611
-12.25,9.25,0,-0.004656014
-12.25,8.75,0,-0.00270501
-12.25,8.25,0,0.00768773
-12.25,7.75,0,0.004710379
-12.25,7.25,0,0.003265753
-12.25,6.75,0,0.003232015
-12.25,6.25,0,1.92E-03
-12.25,5.75,0,-0.000745246
-12.25,5.25,0,-0.001392681
-12.25,4.75,0,0.014535959
-12.25,4.25,0,0.01581196
-12.25,3.75,0,0.02550103
-12.25,3.25,0,0.002631365
-12.25,2.75,0,-0.007603771
-12.25,2.25,0,-0.008300051
-12.25,1.75,0,-0.000339251
-12.25,1.25,0,0.00178024
-12.25,0.75,0,0.003055656
-12.25,0.25,0,-0.003790806
-12.25,-0.25,0,-0.000252823
-12.25,-0.75,0,-0.003911764
-12.25,-1.25,0,-0.004390719
-12.25,-1.75,0,-0.000200347
-12.25,-2.25,0,0.004865852
-12.25,-2.75,0,-0.00371047
-12.25,-3.25,0,-0.006773754
-12.25,-3.75,0,-0.007515011
-12.25,-4.25,0,-0.019674656
-12.25,-4.75,0,-0.010927064
-12.25,-5.25,0,0.007463539
-12.25,-5.75,0,0.007353043
-12.25,-6.25,0,-0.009141128
-12.25,-6.75,0,0.008163948
-12.25,-7.25,0,0.002234365
-12.25,-7.75,0,-0.018501276
-12.25,-8.25,0,0.000674336
-12.25,-8.75,0,0.01474235
-12.25,-9.25,0,0.012849438
-12.25,-9.75,0,-0.000704094
-12.25,-10.25,0,-0.00084905
-12.25,-10.75,0,0.020851567
-12.25,-11.25,0,0.058774074
-12.25,-11.75,0,0.009741161
-12.25,-12.25,0,0.003449204
-12.25,-12.75,0,-0.011204207
-12.25,-13.25,0,0.005575026
-12.25,-13.75,0,0.007094114
-12.25,-14.25,0,0.001253959
-12.25,-14.75,0,0.011580287
-11.75,14.75,0,0.012259441
-11.75,14.25,0,0.001305737
-11.75,13.75,0,8.40E-02
-11.75,13.25,0,8.98E-01
-11.75,12.75,0,8.34E-01
-11.75,12.25,0,5.40E-02
-11.75,11.75,0,-0.028055694
-11.75,11.25,0,-0.029129202
-11.75,10.75,0,-0.024892803
-11.75,10.25,0,-0.00865342
-11.75,9.75,0,-0.027607148
-11.75,9.25,0,-0.025778911
-11.75,8.75,0,-0.004903274
-11.75,8.25,0,-0.020066823
-11.75,7.75,0,-0.019828969
-11.75,7.25,0,-0.012212861
-11.75,6.75,0,-0.001431711
-11.75,6.25,0,-0.000779817
-11.75,5.75,0,-0.021807309
-11.75,5.25,0,-0.020051626
-11.75,4.75,0,-0.001881548
-11.75,4.25,0,0.006551097
-11.75,3.75,0,0.038133555
-11.75,3.25,0,0.011453393
-11.75,2.75,0,-0.000787192
-11.75,2.25,0,0.00013665
-11.75,1.75,0,0.003976321
-11.75,1.25,0,0.011607019
-11.75,0.75,0,0.004494666
-11.75,0.25,0,0.008071348
-11.75,-0.25,0,0.001480508
-11.75,-0.75,0,-0.000381462
-11.75,-1.25,0,-0.013311655
-11.75,-1.75,0,-0.045191781
-11.75,-2.25,0,-0.00955876
-11.75,-2.75,0,-0.01431336
-11.75,-3.25,0,0.022567294
-11.75,-3.75,0,0.014579758
-11.75,-4.25,0,0.002796645
-11.75,-4.75,0,0.001434004
-11.75,-5.25,0,0.017606816
-11.75,-5.75,0,0.009251129
-11.75,-6.25,0,0.003196985
-11.75,-6.75,0,0.001173891
-11.75,-7.25,0,4.33E-05
-11.75,-7.75,0,0.003173306
-11.75,-8.25,0,0.005984825
-11.75,-8.75,0,0.004305259
-11.75,-9.25,0,0.01846782
-11.75,-9.75,0,0.005330273
-11.75,-10.25,0,0.000831787
-11.75,-10.75,0,0.003348193
-11.75,-11.25,0,0.019290326
-11.75,-11.75,0,0.007248335
-11.75,-12.25,0,0.010284185
-11.75,-12.75,0,0.002429191
-11.75,-13.25,0,0.003028389
-11.75,-13.75,0,0.01763797
-11.75,-14.25,0,0.004003367
-11.75,-14.75,0,0.002542482
-11.25,14.75,0,0.012247412
-11.25,14.25,0,0.003919851
-11.25,13.75,0,1.43E-01
-11.25,13.25,0,9.07E-01
-11.25,12.75,0,8.89E-01
-11.25,12.25,0,1.69E-01
-11.25,11.75,0,5.54E-02
-11.25,11.25,0,6.27E-02
-11.25,10.75,0,7.00E-02
-11.25,10.25,0,4.21E-02
-11.25,9.75,0,6.35E-02
-11.25,9.25,0,1.14E-01
-11.25,8.75,0,1.31E-01
-11.25,8.25,0,-6.61E-04
-11.25,7.75,0,7.49E-02
-11.25,7.25,0,0.068494849
-11.25,6.75,0,-0.016528092
-11.25,6.25,0,-0.006107047
-11.25,5.75,0,-0.010578032
-11.25,5.25,0,-0.007175309
-11.25,4.75,0,-0.001566343
-11.25,4.25,0,0.004248306
-11.25,3.75,0,0.031015229
-11.25,3.25,0,0.006163759
-11.25,2.75,0,0.006238072
-11.25,2.25,0,0.032470073
-11.25,1.75,0,0.032977359
-11.25,1.25,0,0.001212388
-11.25,0.75,0,-0.000834846
-11.25,0.25,0,0.017280277
-11.25,-0.25,0,2.91E-03
-11.25,-0.75,0,0.000276711
-11.25,-1.25,0,-0.004701911
-11.25,-1.75,0,-0.016236335
-11.25,-2.25,0,-0.004968927
-11.25,-2.75,0,-0.022509564
-11.25,-3.25,0,-0.003909233
-11.25,-3.75,0,0.002319432
-11.25,-4.25,0,0.009752329
-11.25,-4.75,0,0.003433011
-11.25,-5.25,0,0.006840173
-11.25,-5.75,0,0.001602576
-11.25,-6.25,0,-0.016218124
-11.25,-6.75,0,-0.008636458
-11.25,-7.25,0,0.000548487
-11.25,-7.75,0,-0.000515461
-11.25,-8.25,0,-0.008195458
-11.25,-8.75,0,0.003046692
-11.25,-9.25,0,0.018427514
-11.25,-9.75,0,0.028104469
-11.25,-10.25,0,0.007085901
-11.25,-10.75,0,0.005346222
-11.25,-11.25,0,-0.00073346
-11.25,-11.75,0,-0.040537694
-11.25,-12.25,0,-0.000817339
-11.25,-12.75,0,0.028690262
-11.25,-13.25,0,0.009731561
-11.25,-13.75,0,0.033448272
-11.25,-14.25,0,0.028364601
-11.25,-14.75,0,0.005270562
-10.75,14.75,0,0.020303517
-10.75,14.25,0,0.002519676
-10.75,13.75,0,1.12E-01
-10.75,13.25,0,8.97E-01
-10.75,12.75,0,9.54E-01
-10.75,12.25,0,8.80E-01
-10.75,11.75,0,8.50E-01
-10.75,11.25,0,8.61E-01
-10.75,10.75,0,9.55E-01
-10.75,10.25,0,8.69E-01
-10.75,9.75,0,9.67E-01
-10.75,9.25,0,8.75E-01
-10.75,8.75,0,8.36E-01
-10.75,8.25,0,8.71E-01
-10.75,7.75,0,1.01E+00
-10.75,7.25,0,7.51E-01
-10.75,6.75,0,0.006090083
-10.75,6.25,0,-0.01198128
-10.75,5.75,0,-1.94E-03
-10.75,5.25,0,-0.015057339
-10.75,4.75,0,-0.013707403
-10.75,4.25,0,-0.002954174
-10.75,3.75,0,0.003972268
-10.75,3.25,0,0.003758765
-10.75,2.75,0,0.00834174
-10.75,2.25,0,0.003679218
-10.75,1.75,0,0.000167046
-10.75,1.25,0,-0.014695178
-10.75,0.75,0,-0.012942012
-10.75,0.25,0,0.00126484
-10.75,-0.25,0,0.004898299
-10.75,-0.75,0,0.008266925
-10.75,-1.25,0,0.008354987
-10.75,-1.75,0,0.011474978
-10.75,-2.25,0,0.015166762
-10.75,-2.75,0,-0.00158187
-10.75,-3.25,0,-0.000501823
-10.75,-3.75,0,0.007472356
-10.75,-4.25,0,0.009342504
-10.75,-4.75,0,0.016940325
-10.75,-5.25,0,0.008532464
-10.75,-5.75,0,-0.002382369
-10.75,-6.25,0,-0.011885308
-10.75,-6.75,0,-0.005035343
-10.75,-7.25,0,-0.003382703
-10.75,-7.75,0,-0.010268158
-10.75,-8.25,0,-0.014376012
-10.75,-8.75,0,0.015009337
-10.75,-9.25,0,0.025347517
-10.75,-9.75,0,0.004430795
-10.75,-10.25,0,-0.004091864
-10.75,-10.75,0,0.001564354
-10.75,-11.25,0,-0.011803627
-10.75,-11.75,0,-0.014151629
-10.75,-12.25,0,-0.003202518
-10.75,-12.75,0,0.000181496
-10.75,-13.25,0,0.004816487
-10.75,-13.75,0,0.012567155
-10.75,-14.25,0,0.005518407
-10.75,-14.75,0,-0.007368398
-10.25,14.75,0,0.021570607
-10.25,14.25,0,-0.006328277
-10.25,13.75,0,1.13E-01
-10.25,13.25,0,8.27E-01
-10.25,12.75,0,9.44E-01
-10.25,12.25,0,8.86E-01
-10.25,11.75,0,1.01E+00
-10.25,11.25,0,8.70E-01
-10.25,10.75,0,9.71E-01
-10.25,10.25,0,9.19E-01
-10.25,9.75,0,8.94E-01
-10.25,9.25,0,8.85E-01
-10.25,8.75,0,9.20E-01
-10.25,8.25,0,9.99E-01
-10.25,7.75,0,8.21E-01
-10.25,7.25,0,8.84E-01
-10.25,6.75,0,0.052041405
-10.25,6.25,0,-0.001023747
-10.25,5.75,0,0.0036943
-10.25,5.25,0,-0.00790572
-10.25,4.75,0,-0.019945004
-10.25,4.25,0,-0.004632663
-10.25,3.75,0,-0.016831474
-10.25,3.25,0,-0.002456059
-10.25,2.75,0,-0.002163216
-10.25,2.25,0,-0.008418718
-10.25,1.75,0,-0.015046189
-10.25,1.25,0,-0.006547624
-10.25,0.75,0,-0.020758139
-10.25,0.25,0,0.001023844
-10.25,-0.25,0,0.036327614
-10.25,-0.75,0,0.004408318
-10.25,-1.25,0,0.00348229
-10.25,-1.75,0,0.031948261
-10.25,-2.25,0,0.028956262
-10.25,-2.75,0,-0.010592746
-10.25,-3.25,0,-0.001361171
-10.25,-3.75,0,0.004070412
-10.25,-4.25,0,-0.001716189
-10.25,-4.75,0,-0.008419856
-10.25,-5.25,0,-0.013484339
-10.25,-5.75,0,0.004124057
-10.25,-6.25,0,0.012081455
-10.25,-6.75,0,0.012588645
-10.25,-7.25,0,0.008058735
-10.25,-7.75,0,0.012391999
-10.25,-8.25,0,-0.006795831
-10.25,-8.75,0,-0.009037067
-10.25,-9.25,0,-0.00210227
-10.25,-9.75,0,-0.029076806
-10.25,-10.25,0,-0.011240091
-10.25,-10.75,0,0.008961277
-10.25,-11.25,0,-0.009989998
-10.25,-11.75,0,-0.034335985
-10.25,-12.25,0,-0.017776845
-10.25,-12.75,0,-0.019052719
-10.25,-13.25,0,-0.001972855
-10.25,-13.75,0,-0.000902614
-10.25,-14.25,0,0.000250508
-10.25,-14.75,0,-0.002442784
-9.75,14.75,0,0.016552815
-9.75,14.25,0,-0.018321466
-9.75,13.75,0,9.45E-02
-9.75,13.25,0,9.49E-01
-9.75,12.75,0,8.53E-01
-9.75,12.25,0,1.35E-01
-9.75,11.75,0,1.22E-01
-9.75,11.25,0,1.33E-01
-9.75,10.75,0,3.91E-02
-9.75,10.25,0,2.92E-02
-9.75,9.75,0,7.00E-02
-9.75,9.25,0,6.94E-02
-9.75,8.75,0,5.48E-02
-9.75,8.25,0,4.13E-02
-9.75,7.75,0,4.07E-02
-9.75,7.25,0,0.146095534
-9.75,6.75,0,0.01995963
-9.75,6.25,0,-0.00332882
-9.75,5.75,0,0.012672885
-9.75,5.25,0,0.002893546
-9.75,4.75,0,-0.001267784
-9.75,4.25,0,-0.001099475
-9.75,3.75,0,-0.005685398
-9.75,3.25,0,-0.004888917
-9.75,2.75,0,-0.005927182
-9.75,2.25,0,-0.020278687
-9.75,1.75,0,-0.033395566
-9.75,1.25,0,-0.005268176
-9.75,0.75,0,-0.002765953
-9.75,0.25,0,-1.74E-05
-9.75,-0.25,0,0.003389136
-9.75,-0.75,0,0.001482863
-9.75,-1.25,0,0.006740621
-9.75,-1.75,0,0.011666444
-9.75,-2.25,0,0.00165716
-9.75,-2.75,0,-0.023893851
-9.75,-3.25,0,-0.010057271
-9.75,-3.75,0,-0.001995688
-9.75,-4.25,0,-0.010673832
-9.75,-4.75,0,-0.022237809
-9.75,-5.25,0,-0.001831752
-9.75,-5.75,0,0.016512956
-9.75,-6.25,0,0.006359489
-9.75,-6.75,0,0.038055589
-9.75,-7.25,0,0.007955019
-9.75,-7.75,0,0.002223032
-9.75,-8.25,0,0.0008355
-9.75,-8.75,0,0.000531204
-9.75,-9.25,0,-0.003198964
-9.75,-9.75,0,-0.020002305
-9.75,-10.25,0,-0.015404895
-9.75,-10.75,0,-0.004837837
-9.75,-11.25,0,-0.00787955
-9.75,-11.75,0,-0.008576838
-9.75,-12.25,0,-0.005424411
-9.75,-12.75,0,-0.012641321
-9.75,-13.25,0,-0.008365146
-9.75,-13.75,0,-0.017307569
-9.75,-14.25,0,-0.002281536
-9.75,-14.75,0,-0.024129381
-9.25,14.75,0,0.006156107
-9.25,14.25,0,-0.015853394
-9.25,13.75,0,3.80E-02
-9.25,13.25,0,8.98E-01
-9.25,12.75,0,9.60E-01
-9.25,12.25,0,7.56E-02
-9.25,11.75,0,-0.027141869
-9.25,11.25,0,-0.003786939
-9.25,10.75,0,-0.032233566
-9.25,10.25,0,-0.019685
-9.25,9.75,0,-0.01301374
-9.25,9.25,0,-0.009101767
-9.25,8.75,0,0.001013487
-9.25,8.25,0,-0.014749303
-9.25,7.75,0,0.00137769
-9.25,7.25,0,0.003707822
-9.25,6.75,0,-0.010476366
-9.25,6.25,0,0.002338539
-9.25,5.75,0,0.008176923
-9.25,5.25,0,0.001209583
-9.25,4.75,0,0.001094812
-9.25,4.25,0,-0.000659557
-9.25,3.75,0,-0.001777502
-9.25,3.25,0,-0.001235001
-9.25,2.75,0,-0.004765128
-9.25,2.25,0,-0.008596721
-9.25,1.75,0,-0.008702759
-9.25,1.25,0,-0.013080556
-9.25,0.75,0,-0.005237065
-9.25,0.25,0,-0.000183967
-9.25,-0.25,0,0.001328119
-9.25,-0.75,0,0.003867238
-9.25,-1.25,0,-0.000470929
-9.25,-1.75,0,0.004901349
-9.25,-2.25,0,0.006156475
-9.25,-2.75,0,-0.00182477
-9.25,-3.25,0,-0.029084329
-9.25,-3.75,0,-0.015621793
-9.25,-4.25,0,-0.005330519
-9.25,-4.75,0,-0.016091748
-9.25,-5.25,0,-0.00537192
-9.25,-5.75,0,-0.021581696
-9.25,-6.25,0,-0.003729121
-9.25,-6.75,0,0.010533361
-9.25,-7.25,0,-0.007916008
-9.25,-7.75,0,0.002018741
-9.25,-8.25,0,0.018233831
-9.25,-8.75,0,0.027259822
-9.25,-9.25,0,0.002973028
-9.25,-9.75,0,2.01E-02
-9.25,-10.25,0,0.000332715
-9.25,-10.75,0,0.003759235
-9.25,-11.25,0,-0.019953268
-9.25,-11.75,0,-0.021922918
-9.25,-12.25,0,-0.026216316
-9.25,-12.75,0,-0.031123043
-9.25,-13.25,0,-0.001662474
-9.25,-13.75,0,0.00417732
-9.25,-14.25,0,0.007370517
-9.25,-14.75,0,-0.000722168
-8.75,14.75,0,0.002884302
-8.75,14.25,0,-0.003451637
-8.75,13.75,0,5.60E-02
-8.75,13.25,0,9.41E-01
-8.75,12.75,0,9.28E-01
-8.75,12.25,0,7.95E-02
-8.75,11.75,0,-0.002877576
-8.75,11.25,0,0.014874179
-8.75,10.75,0,0.016392373
-8.75,10.25,0,0.000588395
-8.75,9.75,0,-0.017387697
-8.75,9.25,0,-0.008211336
-8.75,8.75,0,-0.004610487
-8.75,8.25,0,0.003606858
-8.75,7.75,0,-0.003567771
-8.75,7.25,0,0.00139581
-8.75,6.75,0,-0.000460591
-8.75,6.25,0,0.004448871
-8.75,5.75,0,0.007948266
-8.75,5.25,0,0.001999527
-8.75,4.75,0,-0.004023625
-8.75,4.25,0,-0.008206236
-8.75,3.75,0,-0.002973733
-8.75,3.25,0,0.000702176
-8.75,2.75,0,0.001824136
-8.75,2.25,0,0.001100267
-8.75,1.75,0,-0.007613848
-8.75,1.25,0,-0.019473565
-8.75,0.75,0,-0.002592786
-8.75,0.25,0,-0.000535798
-8.75,-0.25,0,0.018680363
-8.75,-0.75,0,1.17E-02
-8.75,-1.25,0,-0.004007233
-8.75,-1.75,0,-0.010172732
-8.75,-2.25,0,0.004987617
-8.75,-2.75,0,1.81E-03
-8.75,-3.25,0,-0.008341846
-8.75,-3.75,0,-0.010614516
-8.75,-4.25,0,-0.01218141
-8.75,-4.75,0,-0.018136559
-8.75,-5.25,0,-0.002486462
-8.75,-5.75,0,-0.004252788
-8.75,-6.25,0,-0.000140752
-8.75,-6.75,0,0.000101938
-8.75,-7.25,0,-0.008259818
-8.75,-7.75,0,0.003541543
-8.75,-8.25,0,0.015772115
-8.75,-8.75,0,0.017673919
-8.75,-9.25,0,-0.001589054
-8.75,-9.75,0,-0.004132447
-8.75,-10.25,0,0.003470835
-8.75,-10.75,0,0.007205665
-8.75,-11.25,0,-0.003513149
-8.75,-11.75,0,0.000260053
-8.75,-12.25,0,9.61E-05
-8.75,-12.75,0,0.003490147
-8.75,-13.25,0,0.007192465
-8.75,-13.75,0,0.020443228
-8.75,-14.25,0,0.00993753
-8.75,-14.75,0,0.000511362
-8.25,14.75,0,-0.003960634
-8.25,14.25,0,0.000793379
-8.25,13.75,0,7.29E-02
-8.25,13.25,0,8.87E-01
-8.25,12.75,0,8.75E-01
-8.25,12.25,0,6.74E-02
-8.25,11.75,0,-0.018163092
-8.25,11.25,0,-0.00674159
-8.25,10.75,0,0.013667933
-8.25,10.25,0,0.007848785
-8.25,9.75,0,0.002391783
-8.25,9.25,0,0.003972554
-8.25,8.75,0,0.006286484
-8.25,8.25,0,-0.002617058
-8.25,7.75,0,-0.010782054
-8.25,7.25,0,-0.002827564
-8.25,6.75,0,-0.019716362
-8.25,6.25,0,-0.025726716
-8.25,5.75,0,-0.002605304
-8.25,5.25,0,0.000174033
-8.25,4.75,0,-0.007376122
-8.25,4.25,0,-0.004269553
-8.25,3.75,0,-0.014980223
-8.25,3.25,0,-0.00387026
-8.25,2.75,0,-0.009873384
-8.25,2.25,0,-0.004668985
-8.25,1.75,0,-0.008045108
-8.25,1.25,0,-0.030444254
-8.25,0.75,0,-0.005006329
-8.25,0.25,0,-4.64E-03
-8.25,-0.25,0,0.000604904
-8.25,-0.75,0,0.00507378
-8.25,-1.25,0,-0.005004219
-8.25,-1.75,0,-0.004449831
-8.25,-2.25,0,0.035085074
-8.25,-2.75,0,0.020425455
-8.25,-3.25,0,0.000985593
-8.25,-3.75,0,-0.007464842
-8.25,-4.25,0,-0.004935168
-8.25,-4.75,0,-0.009054385
-8.25,-5.25,0,-0.001664831
-8.25,-5.75,0,-0.006851418
-8.25,-6.25,0,-0.026540359
-8.25,-6.75,0,0.00280913
-8.25,-7.25,0,0.008590482
-8.25,-7.75,0,0.007554668
-8.25,-8.25,0,0.000275979
-8.25,-8.75,0,-0.004355749
-8.25,-9.25,0,-0.015339857
-8.25,-9.75,0,-0.036761886
-8.25,-10.25,0,0.001653947
-8.25,-10.75,0,0.033278994
-8.25,-11.25,0,0.012658108
-8.25,-11.75,0,0.010442156
-8.25,-12.25,0,0.01186527
-8.25,-12.75,0,0.013698175
-8.25,-13.25,0,0.019161868
-8.25,-13.75,0,0.010786045
-8.25,-14.25,0,0.000631658
-8.25,-14.75,0,0.00472081
-7.75,14.75,0,0.00050984
-7.75,14.25,0,-0.000926461
-7.75,13.75,0,0.077464205
-7.75,13.25,0,8.54E-01
-7.75,12.75,0,8.87E-01
-7.75,12.25,0,0.087820605
-7.75,11.75,0,-1.63E-02
-7.75,11.25,0,-0.022723602
-7.75,10.75,0,0.004439366
-7.75,10.25,0,-0.003886971
-7.75,9.75,0,-0.003679591
-7.75,9.25,0,-0.000123898
-7.75,8.75,0,0.002748092
-7.75,8.25,0,0.004703748
-7.75,7.75,0,0.000769583
-7.75,7.25,0,-0.002480852
-7.75,6.75,0,-0.015531766
-7.75,6.25,0,-0.028573951
-7.75,5.75,0,-0.000104378
-7.75,5.25,0,-0.01042659
-7.75,4.75,0,-0.013280726
-7.75,4.25,0,-0.007975771
-7.75,3.75,0,-0.027138396
-7.75,3.25,0,-0.012222857
-7.75,2.75,0,-0.021408551
-7.75,2.25,0,0.014573763
-7.75,1.75,0,-0.001788482
-7.75,1.25,0,-7.20E-03
-7.75,0.75,0,-0.003013716
-7.75,0.25,0,0.008192283
-7.75,-0.25,0,0.00173785
-7.75,-0.75,0,0.019370651
-7.75,-1.25,0,-0.001034373
-7.75,-1.75,0,-0.018088737
-7.75,-2.25,0,0.000481237
-7.75,-2.75,0,0.000710329
-7.75,-3.25,0,-0.006395783
-7.75,-3.75,0,-0.01348004
-7.75,-4.25,0,-0.000177574
-7.75,-4.75,0,-0.001558586
-7.75,-5.25,0,-0.004529556
-7.75,-5.75,0,-0.00511263
-7.75,-6.25,0,-0.037588457
-7.75,-6.75,0,-0.009725354
-7.75,-7.25,0,0.021032523
-7.75,-7.75,0,0.001431589
-7.75,-8.25,0,-0.009390451
-7.75,-8.75,0,-0.00632362
-7.75,-9.25,0,0.012508438
-7.75,-9.75,0,0.015508464
-7.75,-10.25,0,0.00214853
-7.75,-10.75,0,0.004751457
-7.75,-11.25,0,0.041340117
-7.75,-11.75,0,0.001524821
-7.75,-12.25,0,-0.02119736
-7.75,-12.75,0,-0.002471988
-7.75,-13.25,0,-0.008352472
-7.75,-13.75,0,-0.02742951
-7.75,-14.25,0,-0.001804626
-7.75,-14.75,0,0.013127041
-7.25,14.75,0,-0.006240343
-7.25,14.25,0,-0.02914895
-7.25,13.75,0,-0.026534914
-7.25,13.25,0,0.09076701
-7.25,12.75,0,0.083322322
-7.25,12.25,0,0.027422758
-7.25,11.75,0,-0.005125173
-7.25,11.25,0,3.57E-03
-7.25,10.75,0,-0.001434977
-7.25,10.25,0,-0.018409803
-7.25,9.75,0,-0.003761935
-7.25,9.25,0,0.000993935
-7.25,8.75,0,0.000937023
-7.25,8.25,0,0.002851458
-7.25,7.75,0,-0.002956015
-7.25,7.25,0,0.022359146
-7.25,6.75,0,0.07851215
-7.25,6.25,0,0.026922043
-7.25,5.75,0,0.064657875
-7.25,5.25,0,0.053640502
-7.25,4.75,0,0.032383854
-7.25,4.25,0,0.026575704
-7.25,3.75,0,0.000504252
-7.25,3.25,0,0.011415984
-7.25,2.75,0,-0.005788832
-7.25,2.25,0,0.046746275
-7.25,1.75,0,0.065011705
-7.25,1.25,0,0.059241428
-7.25,0.75,0,0.026816977
-7.25,0.25,0,0.044879619
-7.25,-0.25,0,0.006937669
-7.25,-0.75,0,0.007712105
-7.25,-1.25,0,-0.002002115
-7.25,-1.75,0,-0.004250854
-7.25,-2.25,0,-0.000462803
-7.25,-2.75,0,-2.52E-03
-7.25,-3.25,0,-0.063755323
-7.25,-3.75,0,-0.035421668
-7.25,-4.25,0,0.000723841
-7.25,-4.75,0,7.68E-03
-7.25,-5.25,0,-0.001552489
-7.25,-5.75,0,-0.003581921
-7.25,-6.25,0,-0.027484452
-7.25,-6.75,0,-0.035777282
-7.25,-7.25,0,0.004464774
-7.25,-7.75,0,0.006464634
-7.25,-8.25,0,-0.003681594
-7.25,-8.75,0,-0.00195851
-7.25,-9.25,0,0.002904331
-7.25,-9.75,0,0.008321337
-7.25,-10.25,0,7.70E-05
-7.25,-10.75,0,0.005274521
-7.25,-11.25,0,0.047559748
-7.25,-11.75,0,0.002327698
-7.25,-12.25,0,-0.017184379
-7.25,-12.75,0,-0.014643219
-7.25,-13.25,0,-0.009181391
-7.25,-13.75,0,-0.008443589
-7.25,-14.25,0,0.000798458
-7.25,-14.75,0,0.021996267
-6.75,14.75,0,-0.0042355
-6.75,14.25,0,-0.018245114
-6.75,13.75,0,-0.017972532
-6.75,13.25,0,-0.019258146
-6.75,12.75,0,-0.008825029
-6.75,12.25,0,0.01184861
-6.75,11.75,0,0.009726204
-6.75,11.25,0,0.008932458
-6.75,10.75,0,0.001848508
-6.75,10.25,0,-0.017681476
-6.75,9.75,0,-1.40E-02
-6.75,9.25,0,-0.000480972
-6.75,8.75,0,0.00070704
-6.75,8.25,0,0.00309586
-6.75,7.75,0,0.007720489
-6.75,7.25,0,0.0722622
-6.75,6.75,0,4.15E-01
-6.75,6.25,0,3.98E-01
-6.75,5.75,0,4.15E-01
-6.75,5.25,0,4.75E-01
-6.75,4.75,0,4.39E-01
-6.75,4.25,0,4.02E-01
-6.75,3.75,0,4.48E-01
-6.75,3.25,0,4.56E-01
-6.75,2.75,0,4.42E-01
-6.75,2.25,0,4.97E-01
-6.75,1.75,0,4.37E-01
-6.75,1.25,0,4.57E-01
-6.75,0.75,0,3.82E-01
-6.75,0.25,0,5.02E-01
-6.75,-0.25,0,0.053833469
-6.75,-0.75,0,-0.007997643
-6.75,-1.25,0,-0.000919849
-6.75,-1.75,0,0.005491751
-6.75,-2.25,0,0.003650738
-6.75,-2.75,0,-7.18E-05
-6.75,-3.25,0,-0.01509124
-6.75,-3.75,0,0.000499164
-6.75,-4.25,0,0.011523688
-6.75,-4.75,0,0.00120043
-6.75,-5.25,0,0.000257347
-6.75,-5.75,0,0.001189437
-6.75,-6.25,0,0.006256164
-6.75,-6.75,0,0.001876258
-6.75,-7.25,0,0.02199468
-6.75,-7.75,0,0.000619728
-6.75,-8.25,0,0.006838693
-6.75,-8.75,0,0.002811059
-6.75,-9.25,0,0.009383849
-6.75,-9.75,0,0.005142377
-6.75,-10.25,0,0.007785901
-6.75,-10.75,0,0.016540786
-6.75,-11.25,0,5.51E-03
-6.75,-11.75,0,0.000643899
-6.75,-12.25,0,-0.004658378
-6.75,-12.75,0,-0.005991239
-6.75,-13.25,0,-0.041631804
-6.75,-13.75,0,-0.014619674
-6.75,-14.25,0,-0.000934766
-6.75,-14.75,0,-0.002080929
-6.25,14.75,0,-0.002865991
-6.25,14.25,0,-0.010178917
-6.25,13.75,0,-0.00410145
-6.25,13.25,0,-0.005166931
-6.25,12.75,0,-0.007013814
-6.25,12.25,0,8.57E-05
-6.25,11.75,0,-0.006155138
-6.25,11.25,0,-0.010615687
-6.25,10.75,0,-0.011542247
-6.25,10.25,0,-0.004966385
-6.25,9.75,0,0.000453295
-6.25,9.25,0,-0.005329107
-6.25,8.75,0,0.002346399
-6.25,8.25,0,0.037430733
-6.25,7.75,0,0.025937975
-6.25,7.25,0,0.052673759
-6.25,6.75,0,4.28E-01
-6.25,6.25,0,4.57E-01
-6.25,5.75,0,4.69E-01
-6.25,5.25,0,4.53E-01
-6.25,4.75,0,4.40E-01
-6.25,4.25,0,4.53E-01
-6.25,3.75,0,4.75E-01
-6.25,3.25,0,5.18E-01
-6.25,2.75,0,4.82E-01
-6.25,2.25,0,3.51E-01
-6.25,1.75,0,4.63E-01
-6.25,1.25,0,4.74E-01
-6.25,0.75,0,4.20E-01
-6.25,0.25,0,4.37E-01
-6.25,-0.25,0,0.030299028
-6.25,-0.75,0,-0.006724973
-6.25,-1.25,0,0.013485263
-6.25,-1.75,0,0.0248864
-6.25,-2.25,0,0.039411958
-6.25,-2.75,0,0.01584773
-6.25,-3.25,0,0.00104481
-6.25,-3.75,0,0.025631377
-6.25,-4.25,0,0.000749198
-6.25,-4.75,0,-0.005152097
-6.25,-5.25,0,-0.000200714
-6.25,-5.75,0,0.025686541
-6.25,-6.25,0,0.010158221
-6.25,-6.75,0,0.003079239
-6.25,-7.25,0,0.012715398
-6.25,-7.75,0,-0.014895143
-6.25,-8.25,0,0.004306724
-6.25,-8.75,0,0.001038026
-6.25,-9.25,0,-0.001087194
-6.25,-9.75,0,0.001672535
-6.25,-10.25,0,0.001283175
-6.25,-10.75,0,0.014275764
-6.25,-11.25,0,-2.58E-03
-6.25,-11.75,0,-0.013546244
-6.25,-12.25,0,0.003620159
-6.25,-12.75,0,0.006891006
-6.25,-13.25,0,0.011282672
-6.25,-13.75,0,0.007469985
-6.25,-14.25,0,0.002484394
-6.25,-14.75,0,-0.002537
-5.75,14.75,0,2.79E-04
-5.75,14.25,0,-0.000317678
-5.75,13.75,0,-0.008307022
-5.75,13.25,0,-0.01560959
-5.75,12.75,0,-0.027541499
-5.75,12.25,0,-0.003571906
-5.75,11.75,0,-0.011347086
-5.75,11.25,0,-0.042010185
-5.75,10.75,0,-0.01100701
-5.75,10.25,0,0.012575368
-5.75,9.75,0,0.033753563
-5.75,9.25,0,0.000265737
-5.75,8.75,0,0.001558574
-5.75,8.25,0,0.001692979
-5.75,7.75,0,0.010867121
-5.75,7.25,0,0.029488117
-5.75,6.75,0,4.54E-01
-5.75,6.25,0,4.42E-01
-5.75,5.75,0,1.12E-01
-5.75,5.25,0,0.041617471
-5.75,4.75,0,0.029985685
-5.75,4.25,0,8.36E-02
-5.75,3.75,0,3.79E-01
-5.75,3.25,0,4.53E-01
-5.75,2.75,0,1.35E-01
-5.75,2.25,0,0.087828985
-5.75,1.75,0,0.053113508
-5.75,1.25,0,5.98E-02
-5.75,0.75,0,4.46E-01
-5.75,0.25,0,4.70E-01
-5.75,-0.25,0,0.021388811
-5.75,-0.75,0,-0.006677709
-5.75,-1.25,0,-0.000455742
-5.75,-1.75,0,-0.000169311
-5.75,-2.25,0,-0.000379289
-5.75,-2.75,0,-0.000336714
-5.75,-3.25,0,-0.007310586
-5.75,-3.75,0,-0.014390289
-5.75,-4.25,0,-0.008627427
-5.75,-4.75,0,-0.00489857
-5.75,-5.25,0,-3.99E-04
-5.75,-5.75,0,0.000442369
-5.75,-6.25,0,0.007032218
-5.75,-6.75,0,0.002995303
-5.75,-7.25,0,-0.005318769
-5.75,-7.75,0,-0.034706383
-5.75,-8.25,0,0.003146773
-5.75,-8.75,0,0.006442977
-5.75,-9.25,0,0.00129189
-5.75,-9.75,0,0.004385588
-5.75,-10.25,0,0.002244114
-5.75,-10.75,0,0.018069671
-5.75,-11.25,0,-0.007520655
-5.75,-11.75,0,-0.040350274
-5.75,-12.25,0,-0.014758354
-5.75,-12.75,0,0.008903301
-5.75,-13.25,0,0.003042761
-5.75,-13.75,0,0.003231862
-5.75,-14.25,0,-0.002192649
-5.75,-14.75,0,-0.007729504
-5.25,14.75,0,0.00906791
-5.25,14.25,0,0.011845862
-5.25,13.75,0,0.004769181
-5.25,13.25,0,-0.008056551
-5.25,12.75,0,-0.009095214
-5.25,12.25,0,-0.004304194
-5.25,11.75,0,-0.004053194
-5.25,11.25,0,-0.006837919
-5.25,10.75,0,-0.00287505
-5.25,10.25,0,0.001362571
-5.25,9.75,0,0.001124453
-5.25,9.25,0,-0.001971311
-5.25,8.75,0,0.000494966
-5.25,8.25,0,-0.002518798
-5.25,7.75,0,-0.005444897
-5.25,7.25,0,0.052645571
-5.25,6.75,0,4.08E-01
-5.25,6.25,0,4.02E-01
-5.25,5.75,0,0.021391175
-5.25,5.25,0,-0.015413263
-5.25,4.75,0,-0.008969442
-5.25,4.25,0,0.049738181
-5.25,3.75,0,4.16E-01
-5.25,3.25,0,4.90E-01
-5.25,2.75,0,0.064776264
-5.25,2.25,0,-0.007250006
-5.25,1.75,0,-0.00984467
-5.25,1.25,0,0.037623778
-5.25,0.75,0,4.68E-01
-5.25,0.25,0,4.37E-01
-5.25,-0.25,0,0.056743382
-5.25,-0.75,0,-0.001622843
-5.25,-1.25,0,0.000120291
-5.25,-1.75,0,-0.007073649
-5.25,-2.25,0,-0.018937609
-5.25,-2.75,0,0.000537652
-5.25,-3.25,0,0.00180471
-5.25,-3.75,0,-0.019893264
-5.25,-4.25,0,-0.003684892
-5.25,-4.75,0,-0.000291646
-5.25,-5.25,0,-0.002727646
-5.25,-5.75,0,-0.007334002
-5.25,-6.25,0,-0.004082113
-5.25,-6.75,0,-0.009362622
-5.25,-7.25,0,-0.014120413
-5.25,-7.75,0,-0.006970063
-5.25,-8.25,0,0.005166696
-5.25,-8.75,0,0.013860944
-5.25,-9.25,0,-0.007222959
-5.25,-9.75,0,-0.02303637
-5.25,-10.25,0,-0.000387643
-5.25,-10.75,0,0.018445277
-5.25,-11.25,0,0.005724333
-5.25,-11.75,0,-0.021856272
-5.25,-12.25,0,-0.018693565
-5.25,-12.75,0,0.00694283
-5.25,-13.25,0,0.008362674
-5.25,-13.75,0,-0.004433151
-5.25,-14.25,0,-0.027446687
-5.25,-14.75,0,-0.00475418
-4.75,14.75,0,-0.001275258
-4.75,14.25,0,0.00299585
-4.75,13.75,0,0.004666857
-4.75,13.25,0,0.00714789
-4.75,12.75,0,0.006392032
-4.75,12.25,0,-0.009204881
-4.75,11.75,0,0.004685494
-4.75,11.25,0,0.002114616
-4.75,10.75,0,-0.001156994
-4.75,10.25,0,0.002712507
-4.75,9.75,0,0.002045661
-4.75,9.25,0,-0.005080711
-4.75,8.75,0,0.007886443
-4.75,8.25,0,0.002626457
-4.75,7.75,0,0.005703411
-4.75,7.25,0,0.083698185
-4.75,6.75,0,4.52E-01
-4.75,6.25,0,5.25E-01
-4.75,5.75,0,0.060592001
-4.75,5.25,0,-0.013164933
-4.75,4.75,0,0.000792864
-4.75,4.25,0,0.039822383
-4.75,3.75,0,4.44E-01
-4.75,3.25,0,4.25E-01
-4.75,2.75,0,0.048116711
-4.75,2.25,0,0.003110958
-4.75,1.75,0,0.004007209
-4.75,1.25,0,0.090432136
-4.75,0.75,0,4.58E-01
-4.75,0.25,0,3.96E-01
-4.75,-0.25,0,0.033503645
-4.75,-0.75,0,4.65E-05
-4.75,-1.25,0,0.004363909
-4.75,-1.75,0,0.000532314
-4.75,-2.25,0,-0.001977777
-4.75,-2.75,0,0.01912119
-4.75,-3.25,0,0.036945349
-4.75,-3.75,0,0.000335652
-4.75,-4.25,0,-0.013710969
-4.75,-4.75,0,-0.017074656
-4.75,-5.25,0,-0.003648658
-4.75,-5.75,0,-0.000817909
-4.75,-6.25,0,0.006407543
-4.75,-6.75,0,-0.001489319
-4.75,-7.25,0,-0.025078053
-4.75,-7.75,0,-0.01308579
-4.75,-8.25,0,0.010478874
-4.75,-8.75,0,0.005683975
-4.75,-9.25,0,-0.000747417
-4.75,-9.75,0,-0.018563201
-4.75,-10.25,0,0.00084454
-4.75,-10.75,0,0.004246732
-4.75,-11.25,0,0.007178264
-4.75,-11.75,0,0.012985662
-4.75,-12.25,0,-0.00067837
-4.75,-12.75,0,-0.000105248
-4.75,-13.25,0,0.002723378
-4.75,-13.75,0,0.036414426
-4.75,-14.25,0,0.002557769
-4.75,-14.75,0,-0.005618334
-4.25,14.75,0,-0.011475673
-4.25,14.25,0,-0.000887095
-4.25,13.75,0,0.00351566
-4.25,13.25,0,0.000888869
-4.25,12.75,0,0.004927567
-4.25,12.25,0,-0.000932022
-4.25,11.75,0,0.0028598
-4.25,11.25,0,1.79E-03
-4.25,10.75,0,0.005221458
-4.25,10.25,0,0.023333403
-4.25,9.75,0,0.001639559
-4.25,9.25,0,-0.014192436
-4.25,8.75,0,0.014720815
-4.25,8.25,0,0.002680457
-4.25,7.75,0,-0.003521536
-4.25,7.25,0,0.067786742
-4.25,6.75,0,4.34E-01
-4.25,6.25,0,3.67E-01
-4.25,5.75,0,0.05191637
-4.25,5.25,0,-0.010586346
-4.25,4.75,0,-0.000140667
-4.25,4.25,0,0.035049287
-4.25,3.75,0,5.20E-01
-4.25,3.25,0,4.24E-01
-4.25,2.75,0,0.009359888
-4.25,2.25,0,-0.001093684
-4.25,1.75,0,0.014945741
-4.25,1.25,0,0.080325513
-4.25,0.75,0,4.19E-01
-4.25,0.25,0,4.57E-01
-4.25,-0.25,0,0.013050042
-4.25,-0.75,0,0.037102582
-4.25,-1.25,0,0.025396408
-4.25,-1.75,0,0.024797706
-4.25,-2.25,0,-0.003772976
-4.25,-2.75,0,0.00667449
-4.25,-3.25,0,0.01724415
-4.25,-3.75,0,-0.00304279
-4.25,-4.25,0,-0.020310596
-4.25,-4.75,0,-0.044095589
-4.25,-5.25,0,-0.005941027
-4.25,-5.75,0,-0.001637722
-4.25,-6.25,0,0.016443987
-4.25,-6.75,0,-7.50E-05
-4.25,-7.25,0,-0.014803524
-4.25,-7.75,0,-0.000210594
-4.25,-8.25,0,0.004374906
-4.25,-8.75,0,0.011185492
-4.25,-9.25,0,0.01652219
-4.25,-9.75,0,0.010700855
-4.25,-10.25,0,0.005924075
-4.25,-10.75,0,0.001551871
-4.25,-11.25,0,0.019676464
-4.25,-11.75,0,0.039539993
-4.25,-12.25,0,0.016394947
-4.25,-12.75,0,0.014801127
-4.25,-13.25,0,-0.009560762
-4.25,-13.75,0,0.000322517
-4.25,-14.25,0,0.010306089
-4.25,-14.75,0,-0.000375885
-3.75,14.75,0,-0.022021314
-3.75,14.25,0,-0.002583889
-3.75,13.75,0,-0.001836838
-3.75,13.25,0,-0.005007675
-3.75,12.75,0,-0.000350748
-3.75,12.25,0,-0.000574215
-3.75,11.75,0,-0.011956129
-3.75,11.25,0,-0.001320196
-3.75,10.75,0,0.014742616
-3.75,10.25,0,0.042029406
-3.75,9.75,0,0.011043882
-3.75,9.25,0,-0.007569705
-3.75,8.75,0,-0.00029795
-3.75,8.25,0,0.000468324
-3.75,7.75,0,-0.0089278
-3.75,7.25,0,0.029545015
-3.75,6.75,0,4.25E-01
-3.75,6.25,0,4.62E-01
-3.75,5.75,0,0.06485444
-3.75,5.25,0,-0.000204019
-3.75,4.75,0,-0.006546128
-3.75,4.25,0,0.040014674
-3.75,3.75,0,4.17E-01
-3.75,3.25,0,4.55E-01
-3.75,2.75,0,0.048754133
-3.75,2.25,0,-0.001511372
-3.75,1.75,0,0.034122776
-3.75,1.25,0,0.026684413
-3.75,0.75,0,3.94E-01
-3.75,0.25,0,3.84E-01
-3.75,-0.25,0,0.051647528
-3.75,-0.75,0,-0.012387699
-3.75,-1.25,0,-0.006628889
-3.75,-1.75,0,-0.00248487
-3.75,-2.25,0,-0.012605433
-3.75,-2.75,0,0.000234856
-3.75,-3.25,0,0.001175009
-3.75,-3.75,0,-0.000257739
-3.75,-4.25,0,-0.010371606
-3.75,-4.75,0,-0.020437255
-3.75,-5.25,0,-0.010734323
-3.75,-5.75,0,0.000555184
-3.75,-6.25,0,0.002385448
-3.75,-6.75,0,0.00066827
-3.75,-7.25,0,0.001027468
-3.75,-7.75,0,0.009406958
-3.75,-8.25,0,0.004818164
-3.75,-8.75,0,0.023506839
-3.75,-9.25,0,0.026167469
-3.75,-9.75,0,0.020743806
-3.75,-10.25,0,0.006638536
-3.75,-10.75,0,-0.012708502
-3.75,-11.25,0,0.000447825
-3.75,-11.75,0,0.004953548
-3.75,-12.25,0,0.012010714
-3.75,-12.75,0,8.22E-05
-3.75,-13.25,0,-0.013400476
-3.75,-13.75,0,-0.001812606
-3.75,-14.25,0,-0.005429084
-3.75,-14.75,0,-4.19E-03
-3.25,14.75,0,-0.021676191
-3.25,14.25,0,-0.002656555
-3.25,13.75,0,-0.001923267
-3.25,13.25,0,-0.006605821
-3.25,12.75,0,-0.005782928
-3.25,12.25,0,-0.004128008
-3.25,11.75,0,-0.001591376
-3.25,11.25,0,0.002323538
-3.25,10.75,0,0.033109461
-3.25,10.25,0,0.0280133
-3.25,9.75,0,0.001253296
-3.25,9.25,0,-0.005513466
-3.25,8.75,0,-0.000595498
-3.25,8.25,0,0.000637457
-3.25,7.75,0,0.00402529
-3.25,7.25,0,0.036352143
-3.25,6.75,0,4.61E-01
-3.25,6.25,0,4.34E-01
-3.25,5.75,0,0.048369637
-3.25,5.25,0,0.010135729
-3.25,4.75,0,0.01447159
-3.25,4.25,0,0.072400482
-3.25,3.75,0,4.10E-01
-3.25,3.25,0,4.73E-01
-3.25,2.75,0,0.050608492
-3.25,2.25,0,-0.006828794
-3.25,1.75,0,-0.007539761
-3.25,1.25,0,0.015147859
-3.25,0.75,0,4.41E-01
-3.25,0.25,0,4.53E-01
-3.25,-0.25,0,0.078570498
-3.25,-0.75,0,-0.041033958
-3.25,-1.25,0,-0.020318866
-3.25,-1.75,0,-0.004130573
-3.25,-2.25,0,-0.010240287
-3.25,-2.75,0,0.012650304
-3.25,-3.25,0,0.001831553
-3.25,-3.75,0,5.39E-03
-3.25,-4.25,0,0.007069861
-3.25,-4.75,0,0.014684268
-3.25,-5.25,0,0.001203376
-3.25,-5.75,0,0.00188272
-3.25,-6.25,0,0.002957919
-3.25,-6.75,0,0.014629686
-3.25,-7.25,0,0.028155407
-3.25,-7.75,0,0.00464745
-3.25,-8.25,0,-0.011026858
-3.25,-8.75,0,0.004344517
-3.25,-9.25,0,0.004299715
-3.25,-9.75,0,0.003559525
-3.25,-10.25,0,0.005738096
-3.25,-10.75,0,-0.001926916
-3.25,-11.25,0,8.68E-05
-3.25,-11.75,0,0.007847658
-3.25,-12.25,0,0.006187277
-3.25,-12.75,0,-0.007940143
-3.25,-13.25,0,-0.003611581
-3.25,-13.75,0,-0.006582455
-3.25,-14.25,0,-0.007178224
-3.25,-14.75,0,-0.003070849
-2.75,14.75,0,-0.021210973
-2.75,14.25,0,-0.006801217
-2.75,13.75,0,7.97E-05
-2.75,13.25,0,0.000236341
-2.75,12.75,0,0.001397393
-2.75,12.25,0,0.009516106
-2.75,11.75,0,0.00326999
-2.75,11.25,0,0.013893423
-2.75,10.75,0,0.008059462
-2.75,10.25,0,0.001851897
-2.75,9.75,0,-0.003325475
-2.75,9.25,0,-0.004647394
-2.75,8.75,0,0.010915198
-2.75,8.25,0,0.035952462
-2.75,7.75,0,0.007316965
-2.75,7.25,0,0.067206879
-2.75,6.75,0,3.44E-01
-2.75,6.25,0,3.96E-01
-2.75,5.75,0,0.060734633
-2.75,5.25,0,-0.002423374
-2.75,4.75,0,-0.002331064
-2.75,4.25,0,0.032464199
-2.75,3.75,0,3.35E-01
-2.75,3.25,0,4.21E-01
-2.75,2.75,0,0.017296861
-2.75,2.25,0,-0.021779715
-2.75,1.75,0,-0.010181233
-2.75,1.25,0,0.046051886
-2.75,0.75,0,4.67E-01
-2.75,0.25,0,4.07E-01
-2.75,-0.25,0,0.027292195
-2.75,-0.75,0,-0.022170001
-2.75,-1.25,0,-0.014720334
-2.75,-1.75,0,-0.000896999
-2.75,-2.25,0,0.006208268
-2.75,-2.75,0,0.014015311
-2.75,-3.25,0,-0.002287064
-2.75,-3.75,0,0.00048465
-2.75,-4.25,0,0.014831219
-2.75,-4.75,0,0.018604505
-2.75,-5.25,0,0.007521302
-2.75,-5.75,0,0.011269043
-2.75,-6.25,0,0.008170213
-2.75,-6.75,0,1.09E-02
-2.75,-7.25,0,0.010380533
-2.75,-7.75,0,-0.012672535
-2.75,-8.25,0,-0.048770241
-2.75,-8.75,0,-0.003173692
-2.75,-9.25,0,0.003461716
-2.75,-9.75,0,0.003036129
-2.75,-10.25,0,0.001388535
-2.75,-10.75,0,-0.022552826
-2.75,-11.25,0,-0.003126585
-2.75,-11.75,0,0.000845667
-2.75,-12.25,0,0.020886068
-2.75,-12.75,0,0.005744821
-2.75,-13.25,0,-0.001589507
-2.75,-13.75,0,-0.010301731
-2.75,-14.25,0,-0.008101027
-2.75,-14.75,0,-0.018497811
-2.25,14.75,0,-0.021774659
-2.25,14.25,0,-0.001352753
-2.25,13.75,0,-0.000316903
-2.25,13.25,0,0.009718756
-2.25,12.75,0,0.018747763
-2.25,12.25,0,0.007065196
-2.25,11.75,0,-0.01241986
-2.25,11.25,0,0.014363731
-2.25,10.75,0,0.001616122
-2.25,10.25,0,-0.033808422
-2.25,9.75,0,-0.00749425
-2.25,9.25,0,0.001210195
-2.25,8.75,0,0.017247816
-2.25,8.25,0,0.018611198
-2.25,7.75,0,-0.004731117
-2.25,7.25,0,0.006083671
-2.25,6.75,0,0.04634347
-2.25,6.25,0,0.056158126
-2.25,5.75,0,0.002481048
-2.25,5.25,0,-0.004842384
-2.25,4.75,0,-0.002558465
-2.25,4.25,0,0.012446094
-2.25,3.75,0,0.101299497
-2.25,3.25,0,0.063312902
-2.25,2.75,0,-0.006434022
-2.25,2.25,0,-0.003056832
-2.25,1.75,0,-0.003119478
-2.25,1.25,0,0.014648453
-2.25,0.75,0,0.031948724
-2.25,0.25,0,0.027612332
-2.25,-0.25,0,0.003231079
-2.25,-0.75,0,-0.010837778
-2.25,-1.25,0,-0.013632577
-2.25,-1.75,0,-3.00E-06
-2.25,-2.25,0,0.010982563
-2.25,-2.75,0,0.007241623
-2.25,-3.25,0,-8.19E-03
-2.25,-3.75,0,-0.016878813
-2.25,-4.25,0,0.000941601
-2.25,-4.75,0,0.002042288
-2.25,-5.25,0,0.002411524
-2.25,-5.75,0,0.005260046
-2.25,-6.25,0,0.005148095
-2.25,-6.75,0,0.012288123
-2.25,-7.25,0,0.003524411
-2.25,-7.75,0,-4.87E-03
-2.25,-8.25,0,-0.014407733
-2.25,-8.75,0,-7.22E-05
-2.25,-9.25,0,0.005155577
-2.25,-9.75,0,0.024355718
-2.25,-10.25,0,0.015461943
-2.25,-10.75,0,-0.005420825
-2.25,-11.25,0,-0.031024659
-2.25,-11.75,0,-0.008194227
-2.25,-12.25,0,0.018094495
-2.25,-12.75,0,0.006622013
-2.25,-13.25,0,-0.011370151
-2.25,-13.75,0,-0.00193312
-2.25,-14.25,0,0.003834718
-2.25,-14.75,0,0.002874611
-1.75,14.75,0,-0.044199538
-1.75,14.25,0,-0.002161355
-1.75,13.75,0,6.33E-04
-1.75,13.25,0,-0.002016502
-1.75,12.75,0,-0.000894532
-1.75,12.25,0,-0.009717014
-1.75,11.75,0,-0.024805518
-1.75,11.25,0,0.002383071
-1.75,10.75,0,0.012881247
-1.75,10.25,0,-0.009760203
-1.75,9.75,0,-0.00267977
-1.75,9.25,0,0.00989969
-1.75,8.75,0,0.025426736
-1.75,8.25,0,0.002048792
-1.75,7.75,0,-0.017570264
-1.75,7.25,0,-0.005782432
-1.75,6.75,0,0.00409095
-1.75,6.25,0,-0.001040885
-1.75,5.75,0,-0.004527322
-1.75,5.25,0,0.00132067
-1.75,4.75,0,-0.001421594
-1.75,4.25,0,-0.009667214
-1.75,3.75,0,0.013738514
-1.75,3.25,0,0.009328863
-1.75,2.75,0,-0.001053709
-1.75,2.25,0,0.012906673
-1.75,1.75,0,-0.003881228
-1.75,1.25,0,-0.004007938
-1.75,0.75,0,0.00195684
-1.75,0.25,0,0.000399838
-1.75,-0.25,0,-0.006997079
-1.75,-0.75,0,-0.047203358
-1.75,-1.25,0,-0.025907355
-1.75,-1.75,0,0.002479616
-1.75,-2.25,0,0.00766005
-1.75,-2.75,0,0.011002622
-1.75,-3.25,0,0.003947558
-1.75,-3.75,0,-0.009223232
-1.75,-4.25,0,-0.004196779
-1.75,-4.75,0,0.003408766
-1.75,-5.25,0,-0.002350612
-1.75,-5.75,0,-0.002853658
-1.75,-6.25,0,-0.001397087
-1.75,-6.75,0,0.002706842
-1.75,-7.25,0,0.002316015
-1.75,-7.75,0,-0.003934135
-1.75,-8.25,0,0.001172681
-1.75,-8.75,0,0.004713767
-1.75,-9.25,0,0.002329574
-1.75,-9.75,0,0.002591948
-1.75,-10.25,0,0.039536662
-1.75,-10.75,0,0.005105254
-1.75,-11.25,0,-0.005216789
-1.75,-11.75,0,-0.013393016
-1.75,-12.25,0,0.003720671
-1.75,-12.75,0,0.014159045
-1.75,-13.25,0,0.000960454
-1.75,-13.75,0,-0.005291835
-1.75,-14.25,0,0.000542739
-1.75,-14.75,0,0.015869312
-1.25,14.75,0,-0.041777021
-1.25,14.25,0,-0.0022685
-1.25,13.75,0,-0.000286645
-1.25,13.25,0,-0.009187636
-1.25,12.75,0,-0.002505556
-1.25,12.25,0,0.000120535
-1.25,11.75,0,0.00617339
-1.25,11.25,0,0.00677611
-1.25,10.75,0,0.014981278
-1.25,10.25,0,-0.008978327
-1.25,9.75,0,0.001312558
-1.25,9.25,0,0.000408331
-1.25,8.75,0,-0.003347068
-1.25,8.25,0,-0.014750018
-1.25,7.75,0,-0.016017969
-1.25,7.25,0,0.050450549
-1.25,6.75,0,0.004492341
-1.25,6.25,0,-0.000178598
-1.25,5.75,0,0.006989199
-1.25,5.25,0,0.003845799
-1.25,4.75,0,-0.000283734
-1.25,4.25,0,-0.023448216
-1.25,3.75,0,-0.008684198
-1.25,3.25,0,-0.008821056
-1.25,2.75,0,-0.0016443
-1.25,2.25,0,-0.000931738
-1.25,1.75,0,-0.004693471
-1.25,1.25,0,-0.001065382
-1.25,0.75,0,0.017260586
-1.25,0.25,0,0.013418318
-1.25,-0.25,0,-0.007329702
-1.25,-0.75,0,-0.005800823
-1.25,-1.25,0,-0.003637848
-1.25,-1.75,0,0.002471597
-1.25,-2.25,0,0.003781754
-1.25,-2.75,0,0.007596904
-1.25,-3.25,0,-0.005491346
-1.25,-3.75,0,-0.025553847
-1.25,-4.25,0,-0.019574943
-1.25,-4.75,0,0.003009255
-1.25,-5.25,0,0.007436988
-1.25,-5.75,0,0.001956491
-1.25,-6.25,0,-0.045144648
-1.25,-6.75,0,-0.004842887
-1.25,-7.25,0,-0.001606105
-1.25,-7.75,0,0.005333871
-1.25,-8.25,0,0.009951036
-1.25,-8.75,0,0.010032434
-1.25,-9.25,0,-0.004476572
-1.25,-9.75,0,-0.007802391
-1.25,-10.25,0,-0.00498864
-1.25,-10.75,0,0.005260685
-1.25,-11.25,0,0.001968371
-1.25,-11.75,0,0.00321275
-1.25,-12.25,0,0.004174367
-1.25,-12.75,0,0.000648501
-1.25,-13.25,0,0.005529129
-1.25,-13.75,0,-0.000604873
-1.25,-14.25,0,-0.006037025
-1.25,-14.75,0,-0.010293216
-0.75,14.75,0,-0.015560175
-0.75,14.25,0,-0.002576979
-0.75,13.75,0,-0.012484679
-0.75,13.25,0,-0.047730713
-0.75,12.75,0,-0.007631906
-0.75,12.25,0,-0.005752501
-0.75,11.75,0,-0.003131173
-0.75,11.25,0,-0.001042661
-0.75,10.75,0,-0.001917953
-0.75,10.25,0,-0.013660554
-0.75,9.75,0,0.018170476
-0.75,9.25,0,-1.52E-02
-0.75,8.75,0,-0.006870687
-0.75,8.25,0,-0.004070777
-0.75,7.75,0,-0.028848067
-0.75,7.25,0,-0.003053621
-0.75,6.75,0,-0.002639303
-0.75,6.25,0,0.001056124
-0.75,5.75,0,0.03274233
-0.75,5.25,0,0.020769252
-0.75,4.75,0,0.016741884
-0.75,4.25,0,-0.006851866
-0.75,3.75,0,-0.006114312
-0.75,3.25,0,-0.010939864
-0.75,2.75,0,-0.001369491
-0.75,2.25,0,0.000788882
-0.75,1.75,0,-0.000359833
-0.75,1.25,0,-0.001983613
-0.75,0.75,0,-0.00176134
-0.75,0.25,0,0.002922481
-0.75,-0.25,0,0.009252859
-0.75,-0.75,0,-7.41E-05
-0.75,-1.25,0,-0.019369168
-0.75,-1.75,0,-0.070106876
-0.75,-2.25,0,-0.052383774
-0.75,-2.75,0,-0.040959896
-0.75,-3.25,0,-0.023195367
-0.75,-3.75,0,-0.072744
-0.75,-4.25,0,-0.067135685
-0.75,-4.75,0,-0.027365581
-0.75,-5.25,0,-0.021452287
-0.75,-5.75,0,-0.032284784
-0.75,-6.25,0,-0.032567674
-0.75,-6.75,0,-0.016842372
-0.75,-7.25,0,-0.042476444
-0.75,-7.75,0,-0.007414573
-0.75,-8.25,0,-2.37E-03
-0.75,-8.75,0,0.001944016
-0.75,-9.25,0,-0.015573731
-0.75,-9.75,0,-1.87E-02
-0.75,-10.25,0,-0.016237716
-0.75,-10.75,0,0.002696564
-0.75,-11.25,0,0.024018446
-0.75,-11.75,0,0.010087561
-0.75,-12.25,0,-0.000424838
-0.75,-12.75,0,-0.017676304
-0.75,-13.25,0,-0.002742388
-0.75,-13.75,0,0.001440373
-0.75,-14.25,0,-0.012913539
-0.75,-14.75,0,-0.020235451
-0.25,14.75,0,0.006038591
-0.25,14.25,0,-0.001185796
-0.25,13.75,0,-0.019219291
-0.25,13.25,0,-0.028881129
-0.25,12.75,0,-0.010504987
-0.25,12.25,0,-0.011488213
-0.25,11.75,0,-0.01754506
-0.25,11.25,0,-0.002461967
-0.25,10.75,0,-0.001280598
-0.25,10.25,0,-0.001364694
-0.25,9.75,0,0.006846364
-0.25,9.25,0,-0.016649266
-0.25,8.75,0,-0.007494751
-0.25,8.25,0,0.001820713
-0.25,7.75,0,-0.003096117
-0.25,7.25,0,-0.023049348
-0.25,6.75,0,-0.008210568
-0.25,6.25,0,0.001136735
-0.25,5.75,0,0.002618585
-0.25,5.25,0,0.0028617
-0.25,4.75,0,0.004966183
-0.25,4.25,0,0.023609699
-0.25,3.75,0,0.015464942
-0.25,3.25,0,0.001354535
-0.25,2.75,0,0.006756446
-0.25,2.25,0,0.012038984
-0.25,1.75,0,-1.67E-04
-0.25,1.25,0,-0.02738869
-0.25,0.75,0,-0.037938608
-0.25,0.25,0,-0.000862729
-0.25,-0.25,0,0.015178879
-0.25,-0.75,0,-0.031048784
-0.25,-1.25,0,-4.17E-01
-0.25,-1.75,0,-5.02E-01
-0.25,-2.25,0,-4.00E-01
-0.25,-2.75,0,-4.63E-01
-0.25,-3.25,0,-4.32E-01
-0.25,-3.75,0,-4.15E-01
-0.25,-4.25,0,-3.84E-01
-0.25,-4.75,0,-5.27E-01
-0.25,-5.25,0,-4.47E-01
-0.25,-5.75,0,-4.46E-01
-0.25,-6.25,0,-4.62E-01
-0.25,-6.75,0,-4.63E-01
-0.25,-7.25,0,-3.42E-01
-0.25,-7.75,0,-0.086169238
-0.25,-8.25,0,-0.027338941
-0.25,-8.75,0,-0.004466307
-0.25,-9.25,0,-0.038668455
-0.25,-9.75,0,-0.013555225
-0.25,-10.25,0,-0.003735373
-0.25,-10.75,0,0.03066865
-0.25,-11.25,0,0.014244109
-0.25,-11.75,0,8.28E-03
-0.25,-12.25,0,0.001431162
-0.25,-12.75,0,-0.020684418
-0.25,-13.25,0,-0.010894692
-0.25,-13.75,0,-0.002977507
-0.25,-14.25,0,-0.001310873
-0.25,-14.75,0,-0.015095924
0.25,14.75,0,-0.000105583
0.25,14.25,0,-0.001271395
0.25,13.75,0,0.01724974
0.25,13.25,0,-3.55E-03
0.25,12.75,0,-0.017806677
0.25,12.25,0,-0.010025604
0.25,11.75,0,-0.013524728
0.25,11.25,0,-0.002774612
0.25,10.75,0,-0.002994279
0.25,10.25,0,-0.011301296
0.25,9.75,0,-0.001692742
0.25,9.25,0,-0.006411465
0.25,8.75,0,0.005056934
0.25,8.25,0,0.004278353
0.25,7.75,0,-0.004905589
0.25,7.25,0,-0.027045111
0.25,6.75,0,-0.002883496
0.25,6.25,0,0.000233238
0.25,5.75,0,0.000187419
0.25,5.25,0,0.003824851
0.25,4.75,0,0.011345991
0.25,4.25,0,0.031471834
0.25,3.75,0,0.014555969
0.25,3.25,0,0.000521035
0.25,2.75,0,0.001579292
0.25,2.25,0,-0.000138318
0.25,1.75,0,-0.018931401
0.25,1.25,0,-0.020703121
0.25,0.75,0,-0.018878661
0.25,0.25,0,2.02E-02
0.25,-0.25,0,0.043202148
0.25,-0.75,0,-0.019921485
0.25,-1.25,0,-5.10E-01
0.25,-1.75,0,-4.76E-01
0.25,-2.25,0,-5.46E-01
0.25,-2.75,0,-4.37E-01
0.25,-3.25,0,-4.20E-01
0.25,-3.75,0,-5.17E-01
0.25,-4.25,0,-4.70E-01
0.25,-4.75,0,-4.75E-01
0.25,-5.25,0,-4.32E-01
0.25,-5.75,0,-3.93E-01
0.25,-6.25,0,-3.45E-01
0.25,-6.75,0,-4.85E-01
0.25,-7.25,0,-4.21E-01
0.25,-7.75,0,-0.068159637
0.25,-8.25,0,-0.002314156
0.25,-8.75,0,-0.002600156
0.25,-9.25,0,-0.037849403
0.25,-9.75,0,-6.66E-03
0.25,-10.25,0,-0.001401202
0.25,-10.75,0,0.018050851
0.25,-11.25,0,0.009369402
0.25,-11.75,0,0.058273823
0.25,-12.25,0,0.014127812
0.25,-12.75,0,-0.000617716
0.25,-13.25,0,-0.003805304
0.25,-13.75,0,0.004058727
0.25,-14.25,0,0.010887019
0.25,-14.75,0,-0.000550568
0.75,14.75,0,0.000803476
0.75,14.25,0,0.000776973
0.75,13.75,0,0.051159143
0.75,13.25,0,0.001583748
0.75,12.75,0,-0.002415791
0.75,12.25,0,-0.001100672
0.75,11.75,0,-0.022790111
0.75,11.25,0,-0.006921129
0.75,10.75,0,-0.015624718
0.75,10.25,0,-6.95E-03
0.75,9.75,0,0.002106916
0.75,9.25,0,-0.00558133
0.75,8.75,0,0.000260327
0.75,8.25,0,0.016168536
0.75,7.75,0,0.00711461
0.75,7.25,0,3.70E-03
0.75,6.75,0,0.003901418
0.75,6.25,0,-5.46E-05
0.75,5.75,0,0.000391591
0.75,5.25,0,2.46E-05
0.75,4.75,0,-0.001180783
0.75,4.25,0,0.001402405
0.75,3.75,0,-0.002306924
0.75,3.25,0,-0.005130014
0.75,2.75,0,-0.036175691
0.75,2.25,0,-0.007753267
0.75,1.75,0,-0.010460052
0.75,1.25,0,-0.002876973
0.75,0.75,0,0.000831414
0.75,0.25,0,0.015064058
0.75,-0.25,0,0.017046057
0.75,-0.75,0,-0.024197265
0.75,-1.25,0,-3.79E-01
0.75,-1.75,0,-5.19E-01
0.75,-2.25,0,-3.90E-01
0.75,-2.75,0,-5.34E-02
0.75,-3.25,0,2.94E-02
0.75,-3.75,0,-0.03013138
0.75,-4.25,0,-0.033321184
0.75,-4.75,0,-0.031316417
0.75,-5.25,0,-0.110557181
0.75,-5.75,0,-0.087470817
0.75,-6.25,0,-0.047368434
0.75,-6.75,0,-0.046882897
0.75,-7.25,0,-0.030937425
0.75,-7.75,0,-0.027606963
0.75,-8.25,0,-0.007858302
0.75,-8.75,0,0.001361515
0.75,-9.25,0,-0.009888214
0.75,-9.75,0,-0.008872268
0.75,-10.25,0,-0.027956054
0.75,-10.75,0,-0.006879873
0.75,-11.25,0,0.003719606
0.75,-11.75,0,0.03121656
0.75,-12.25,0,0.010435795
0.75,-12.75,0,-0.008121925
0.75,-13.25,0,-0.022779677
0.75,-13.75,0,0.003904278
0.75,-14.25,0,0.023414465
0.75,-14.75,0,0.029005029
1.25,14.75,0,0.014640667
1.25,14.25,0,-0.012300025
1.25,13.75,0,0.001349412
1.25,13.25,0,0.00449246
1.25,12.75,0,0.00679297
1.25,12.25,0,0.025065117
1.25,11.75,0,-0.007364992
1.25,11.25,0,-0.004074303
1.25,10.75,0,0.001575973
1.25,10.25,0,0.005639726
1.25,9.75,0,0.004712239
1.25,9.25,0,-0.007609938
1.25,8.75,0,-0.018110961
1.25,8.25,0,-0.00176017
1.25,7.75,0,0.009386063
1.25,7.25,0,0.006603239
1.25,6.75,0,0.003115721
1.25,6.25,0,0.001005329
1.25,5.75,0,-0.000386945
1.25,5.25,0,-0.004718637
1.25,4.75,0,-0.026475023
1.25,4.25,0,4.99E-03
1.25,3.75,0,0.013825303
1.25,3.25,0,-0.003052746
1.25,2.75,0,-0.014387077
1.25,2.25,0,-0.027508445
1.25,1.75,0,-0.002499526
1.25,1.25,0,0.002075316
1.25,0.75,0,0.001513823
1.25,0.25,0,0.005472967
1.25,-0.25,0,0.005213072
1.25,-0.75,0,0.010643667
1.25,-1.25,0,-0.075374937
1.25,-1.75,0,-4.75E-01
1.25,-2.25,0,-5.30E-01
1.25,-2.75,0,-4.11E-01
1.25,-3.25,0,-7.06E-02
1.25,-3.75,0,-0.000249794
1.25,-4.25,0,0.014684571
1.25,-4.75,0,0.005272062
1.25,-5.25,0,-0.006771514
1.25,-5.75,0,0.00354527
1.25,-6.25,0,-0.004239825
1.25,-6.75,0,0.010385623
1.25,-7.25,0,0.006163027
1.25,-7.75,0,0.00348101
1.25,-8.25,0,0.018833831
1.25,-8.75,0,0.005133545
1.25,-9.25,0,-0.004863466
1.25,-9.75,0,-0.010814278
1.25,-10.25,0,-0.029292521
1.25,-10.75,0,-0.007927273
1.25,-11.25,0,0.007501744
1.25,-11.75,0,0.003468752
1.25,-12.25,0,0.000324473
1.25,-12.75,0,-0.029746074
1.25,-13.25,0,-0.020144986
1.25,-13.75,0,0.000218056
1.25,-14.25,0,0.005310786
1.25,-14.75,0,0.011177848
1.75,14.75,0,-0.001414628
1.75,14.25,0,-0.04533405
1.75,13.75,0,-0.004542925
1.75,13.25,0,-0.006708198
1.75,12.75,0,0.009883551
1.75,12.25,0,0.037879674
1.75,11.75,0,0.003632202
1.75,11.25,0,0.005347779
1.75,10.75,0,0.012658456
1.75,10.25,0,0.023077999
1.75,9.75,0,0.019841628
1.75,9.25,0,0.016916207
1.75,8.75,0,0.006304605
1.75,8.25,0,-0.004684465
1.75,7.75,0,-0.021961661
1.75,7.25,0,-0.000983613
1.75,6.75,0,0.0048573
1.75,6.25,0,0.014001236
1.75,5.75,0,0.004068155
1.75,5.25,0,0.010054927
1.75,4.75,0,-0.012508623
1.75,4.25,0,0.00544471
1.75,3.75,0,0.021384086
1.75,3.25,0,0.029346367
1.75,2.75,0,-0.010944707
1.75,2.25,0,-0.021021059
1.75,1.75,0,-0.007915789
1.75,1.25,0,0.006112829
1.75,0.75,0,0.001332851
1.75,0.25,0,0.001099379
1.75,-0.25,0,0.000730145
1.75,-0.75,0,0.004952919
1.75,-1.25,0,-0.02093583
1.75,-1.75,0,-0.084052183
1.75,-2.25,0,-3.96E-01
1.75,-2.75,0,-5.46E-01
1.75,-3.25,0,-4.84E-01
1.75,-3.75,0,-4.14E-01
1.75,-4.25,0,-0.081760076
1.75,-4.75,0,-0.048498903
1.75,-5.25,0,-0.003360123
1.75,-5.75,0,1.35E-02
1.75,-6.25,0,0.002848303
1.75,-6.75,0,0.018781781
1.75,-7.25,0,-0.016450346
1.75,-7.75,0,-0.004745419
1.75,-8.25,0,-0.008242296
1.75,-8.75,0,-0.005997547
1.75,-9.25,0,-0.000204879
1.75,-9.75,0,-0.000122536
1.75,-10.25,0,-0.001235275
1.75,-10.75,0,0.000252894
1.75,-11.25,0,0.016271521
1.75,-11.75,0,0.00209199
1.75,-12.25,0,-0.000781681
1.75,-12.75,0,-0.006211184
1.75,-13.25,0,-0.001179574
1.75,-13.75,0,0.001017718
1.75,-14.25,0,0.006312696
1.75,-14.75,0,0.022232094
2.25,14.75,0,-0.00487451
2.25,14.25,0,-0.053761832
2.25,13.75,0,-0.003017078
2.25,13.25,0,-0.018517946
2.25,12.75,0,-0.000619506
2.25,12.25,0,0.011829758
2.25,11.75,0,0.007761404
2.25,11.25,0,0.002281725
2.25,10.75,0,-0.006113307
2.25,10.25,0,0.002734096
2.25,9.75,0,0.020175495
2.25,9.25,0,0.023363471
2.25,8.75,0,0.000385913
2.25,8.25,0,-0.000332853
2.25,7.75,0,-0.001739643
2.25,7.25,0,0.00437769
2.25,6.75,0,1.56E-02
2.25,6.25,0,0.015780329
2.25,5.75,0,0.006071657
2.25,5.25,0,0.018849325
2.25,4.75,0,0.004820326
2.25,4.25,0,-0.001581759
2.25,3.75,0,-0.028947949
2.25,3.25,0,-0.00031575
2.25,2.75,0,-0.000258997
2.25,2.25,0,-0.00312263
2.25,1.75,0,-0.002551244
2.25,1.25,0,0.000538446
2.25,0.75,0,-0.000114464
2.25,0.25,0,-6.78E-05
2.25,-0.25,0,0.00208612
2.25,-0.75,0,0.01136302
2.25,-1.25,0,0.00201707
2.25,-1.75,0,-0.017707467
2.25,-2.25,0,-0.063817794
2.25,-2.75,0,-0.091849986
2.25,-3.25,0,-3.89E-01
2.25,-3.75,0,-4.01E-01
2.25,-4.25,0,-4.47E-01
2.25,-4.75,0,-4.31E-01
2.25,-5.25,0,-0.144348347
2.25,-5.75,0,-0.047046041
2.25,-6.25,0,0.001001874
2.25,-6.75,0,0.015546967
2.25,-7.25,0,-0.00248151
2.25,-7.75,0,-0.00362908
2.25,-8.25,0,0.001324839
2.25,-8.75,0,-0.000323792
2.25,-9.25,0,-0.01219768
2.25,-9.75,0,-0.001025814
2.25,-10.25,0,0.004018032
2.25,-10.75,0,0.002306503
2.25,-11.25,0,0.002605098
2.25,-11.75,0,0.004398104
2.25,-12.25,0,0.001184043
2.25,-12.75,0,0.002503046
2.25,-13.25,0,4.02E-03
2.25,-13.75,0,0.019547161
2.25,-14.25,0,0.023381197
2.25,-14.75,0,0.028002737
2.75,14.75,0,-0.002798755
2.75,14.25,0,0.010581626
2.75,13.75,0,0.017745964
2.75,13.25,0,-0.009529431
2.75,12.75,0,-0.019083562
2.75,12.25,0,-0.006290424
2.75,11.75,0,-0.010775296
2.75,11.25,0,-0.001428468
2.75,10.75,0,-0.016892322
2.75,10.25,0,-0.029524735
2.75,9.75,0,-0.001541649
2.75,9.25,0,0.00225737
2.75,8.75,0,-0.017458844
2.75,8.25,0,-0.000609821
2.75,7.75,0,-0.001270732
2.75,7.25,0,-0.007504817
2.75,6.75,0,0.000728564
2.75,6.25,0,0.003672165
2.75,5.75,0,0.006266145
2.75,5.25,0,0.029834894
2.75,4.75,0,0.008940314
2.75,4.25,0,-0.007098868
2.75,3.75,0,-0.031407036
2.75,3.25,0,-0.003761286
2.75,2.75,0,0.009562175
2.75,2.25,0,0.009528638
2.75,1.75,0,0.014368653
2.75,1.25,0,0.001791116
2.75,0.75,0,-0.001178059
2.75,0.25,0,0.003061641
2.75,-0.25,0,0.008380179
2.75,-0.75,0,0.013738808
2.75,-1.25,0,0.019843945
2.75,-1.75,0,0.01079945
2.75,-2.25,0,0.021709806
2.75,-2.75,0,0.0063869
2.75,-3.25,0,-0.064671023
2.75,-3.75,0,-0.092498692
2.75,-4.25,0,-3.43E-01
2.75,-4.75,0,-5.02E-01
2.75,-5.25,0,-4.44E-01
2.75,-5.75,0,-3.68E-01
2.75,-6.25,0,-0.120153121
2.75,-6.75,0,-0.046268218
2.75,-7.25,0,-0.015696637
2.75,-7.75,0,-0.010402679
2.75,-8.25,0,0.009198073
2.75,-8.75,0,0.00093156
2.75,-9.25,0,-0.023659006
2.75,-9.75,0,0.001827137
2.75,-10.25,0,0.026806769
2.75,-10.75,0,0.015184505
2.75,-11.25,0,0.007131052
2.75,-11.75,0,0.053331053
2.75,-12.25,0,0.006918655
2.75,-12.75,0,0.007376831
2.75,-13.25,0,0.009080701
2.75,-13.75,0,0.019612312
2.75,-14.25,0,0.017821375
2.75,-14.75,0,0.01411911
3.25,14.75,0,-0.008619457
3.25,14.25,0,0.009495871
3.25,13.75,0,0.009356848
3.25,13.25,0,0.004230694
3.25,12.75,0,-0.019712321
3.25,12.25,0,-0.012677781
3.25,11.75,0,-0.013810033
3.25,11.25,0,-0.003941765
3.25,10.75,0,-0.0127909
3.25,10.25,0,-0.009509407
3.25,9.75,0,-0.001195945
3.25,9.25,0,0.018533435
3.25,8.75,0,0.004040491
3.25,8.25,0,0.006106772
3.25,7.75,0,-0.005987547
3.25,7.25,0,-0.000539595
3.25,6.75,0,0.002119321
3.25,6.25,0,0.012357318
3.25,5.75,0,0.012617109
3.25,5.25,0,0.011082575
3.25,4.75,0,-0.002300464
3.25,4.25,0,-0.027482828
3.25,3.75,0,-0.011436473
3.25,3.25,0,0.008230551
3.25,2.75,0,0.021133095
3.25,2.25,0,0.004564679
3.25,1.75,0,0.013837585
3.25,1.25,0,0.018489748
3.25,0.75,0,-0.013641743
3.25,0.25,0,5.71E-05
3.25,-0.25,0,0.001121309
3.25,-0.75,0,-0.008596068
3.25,-1.25,0,0.01088388
3.25,-1.75,0,0.011747959
3.25,-2.25,0,0.008818335
3.25,-2.75,0,0.003391991
3.25,-3.25,0,0.003691139
3.25,-3.75,0,0.004113918
3.25,-4.25,0,-0.003093705
3.25,-4.75,0,-9.56E-02
3.25,-5.25,0,-3.98E-01
3.25,-5.75,0,-4.74E-01
3.25,-6.25,0,-4.28E-01
3.25,-6.75,0,-3.21E-01
3.25,-7.25,0,-0.112903024
3.25,-7.75,0,-0.026155842
3.25,-8.25,0,0.005066506
3.25,-8.75,0,0.000214549
3.25,-9.25,0,-0.019171402
3.25,-9.75,0,-0.015697357
3.25,-10.25,0,0.000658899
3.25,-10.75,0,0.000710219
3.25,-11.25,0,-0.011915198
3.25,-11.75,0,0.003068825
3.25,-12.25,0,0.016706534
3.25,-12.75,0,0.008454341
3.25,-13.25,0,0.008555911
3.25,-13.75,0,0.015018868
3.25,-14.25,0,0.010403814
3.25,-14.75,0,0.010570051
3.75,14.75,0,-0.018865101
3.75,14.25,0,0.016786187
3.75,13.75,0,0.047088207
3.75,13.25,0,0.010349414
3.75,12.75,0,-0.008240875
3.75,12.25,0,0.002611991
3.75,11.75,0,3.97E-03
3.75,11.25,0,0.009409388
3.75,10.75,0,-0.013212992
3.75,10.25,0,-0.000108255
3.75,9.75,0,-0.003890049
3.75,9.25,0,0.005004082
3.75,8.75,0,0.000875618
3.75,8.25,0,0.000381174
3.75,7.75,0,-9.40E-03
3.75,7.25,0,0.000506556
3.75,6.75,0,0.014392222
3.75,6.25,0,0.013159648
3.75,5.75,0,0.003832196
3.75,5.25,0,0.003192965
3.75,4.75,0,0.004013897
3.75,4.25,0,0.001590647
3.75,3.75,0,0.003872144
3.75,3.25,0,2.03E-05
3.75,2.75,0,-0.006536406
3.75,2.25,0,0.010022607
3.75,1.75,0,0.005208025
3.75,1.25,0,0.017268331
3.75,0.75,0,0.010273992
3.75,0.25,0,0.002259245
3.75,-0.25,0,-0.008349798
3.75,-0.75,0,-0.028066615
3.75,-1.25,0,-0.023726338
3.75,-1.75,0,-0.031498649
3.75,-2.25,0,-0.059980958
3.75,-2.75,0,-0.07954452
3.75,-3.25,0,-0.085066247
3.75,-3.75,0,-0.11019584
3.75,-4.25,0,-0.05993224
3.75,-4.75,0,-7.35E-02
3.75,-5.25,0,-4.37E-02
3.75,-5.75,0,-1.47E-01
3.75,-6.25,0,-4.45E-01
3.75,-6.75,0,-5.89E-01
3.75,-7.25,0,-3.30E-01
3.75,-7.75,0,-0.001866219
3.75,-8.25,0,0.016218427
3.75,-8.75,0,-0.005227036
3.75,-9.25,0,-0.001713516
3.75,-9.75,0,-0.001552703
3.75,-10.25,0,-9.21E-05
3.75,-10.75,0,-0.001179269
3.75,-11.25,0,-0.003166717
3.75,-11.75,0,-0.009860508
3.75,-12.25,0,0.001587823
3.75,-12.75,0,-0.001087127
3.75,-13.25,0,0.000325941
3.75,-13.75,0,0.003575963
3.75,-14.25,0,-0.008775601
3.75,-14.75,0,0.00032965
4.25,14.75,0,-0.012855626
4.25,14.25,0,0.005094559
4.25,13.75,0,0.012702368
4.25,13.25,0,-0.005603243
4.25,12.75,0,-0.01312674
4.25,12.25,0,0.011228832
4.25,11.75,0,0.046941043
4.25,11.25,0,0.015098351
4.25,10.75,0,0.006808963
4.25,10.25,0,0.022692822
4.25,9.75,0,-0.000376445
4.25,9.25,0,-0.001162393
4.25,8.75,0,-0.000990079
4.25,8.25,0,0.005962185
4.25,7.75,0,0.027719078
4.25,7.25,0,0.01522293
4.25,6.75,0,-3.30E-05
4.25,6.25,0,-0.002144031
4.25,5.75,0,0.005921586
4.25,5.25,0,0.012489306
4.25,4.75,0,0.00093569
4.25,4.25,0,0.001189764
4.25,3.75,0,0.000436755
4.25,3.25,0,0.001906967
4.25,2.75,0,0.006512833
4.25,2.25,0,0.021407598
4.25,1.75,0,8.34E-04
4.25,1.25,0,0.001046958
4.25,0.75,0,0.014329573
4.25,0.25,0,0.002055707
4.25,-0.25,0,-0.004510944
4.25,-0.75,0,-0.080304216
4.25,-1.25,0,-4.00E-01
4.25,-1.75,0,-4.98E-01
4.25,-2.25,0,-4.12E-01
4.25,-2.75,0,-5.05E-01
4.25,-3.25,0,-4.38E-01
4.25,-3.75,0,-4.75E-01
4.25,-4.25,0,-4.86E-01
4.25,-4.75,0,-3.65E-01
4.25,-5.25,0,-4.79E-01
4.25,-5.75,0,-4.45E-01
4.25,-6.25,0,-4.98E-01
4.25,-6.75,0,-4.77E-01
4.25,-7.25,0,-4.87E-01
4.25,-7.75,0,-0.04139877
4.25,-8.25,0,0.016407206
4.25,-8.75,0,0.001828753
4.25,-9.25,0,0.002831818
4.25,-9.75,0,-0.0003099
4.25,-10.25,0,0.000957879
4.25,-10.75,0,-0.001314612
4.25,-11.25,0,-0.022210332
4.25,-11.75,0,-0.002276016
4.25,-12.25,0,-0.000687356
4.25,-12.75,0,-0.014084163
4.25,-13.25,0,-0.000285055
4.25,-13.75,0,0.006451644
4.25,-14.25,0,-0.001425912
4.25,-14.75,0,0.001925272
4.75,14.75,0,-0.018946562
4.75,14.25,0,-0.017640203
4.75,13.75,0,0.004392139
4.75,13.25,0,0.005375106
4.75,12.75,0,0.003014218
4.75,12.25,0,0.003015989
4.75,11.75,0,0.007891732
4.75,11.25,0,0.010020487
4.75,10.75,0,-0.006859298
4.75,10.25,0,-0.001147158
4.75,9.75,0,-0.005934976
4.75,9.25,0,-0.007447415
4.75,8.75,0,-0.006069433
4.75,8.25,0,-0.014156351
4.75,7.75,0,0.001120477
4.75,7.25,0,0.007708096
4.75,6.75,0,-0.01584311
4.75,6.25,0,-0.034340171
4.75,5.75,0,-0.010633944
4.75,5.25,0,0.000173446
4.75,4.75,0,0.001312746
4.75,4.25,0,0.004754858
4.75,3.75,0,0.000279675
4.75,3.25,0,0.010396097
4.75,2.75,0,0.011511357
4.75,2.25,0,0.005076507
4.75,1.75,0,-0.006520343
4.75,1.25,0,-0.011912348
4.75,0.75,0,0.000287973
4.75,0.25,0,0.004058371
4.75,-0.25,0,0.009887972
4.75,-0.75,0,-0.060179391
4.75,-1.25,0,-4.11E-01
4.75,-1.75,0,-4.88E-01
4.75,-2.25,0,-3.97E-01
4.75,-2.75,0,-4.22E-01
4.75,-3.25,0,-4.15E-01
4.75,-3.75,0,-4.45E-01
4.75,-4.25,0,-5.04E-01
4.75,-4.75,0,-4.25E-01
4.75,-5.25,0,-4.88E-01
4.75,-5.75,0,-4.41E-01
4.75,-6.25,0,-4.17E-01
4.75,-6.75,0,-4.58E-01
4.75,-7.25,0,-3.92E-01
4.75,-7.75,0,-0.048413206
4.75,-8.25,0,0.001379691
4.75,-8.75,0,-0.001766142
4.75,-9.25,0,-0.002138897
4.75,-9.75,0,-0.000308468
4.75,-10.25,0,0.001149113
4.75,-10.75,0,-0.000231054
4.75,-11.25,0,-0.000928638
4.75,-11.75,0,0.000180609
4.75,-12.25,0,-0.000103177
4.75,-12.75,0,-0.000570594
4.75,-13.25,0,0.003152732
4.75,-13.75,0,0.01094184
4.75,-14.25,0,0.002980116
4.75,-14.75,0,0.015522888
5.25,14.75,0,-0.022124081
5.25,14.25,0,-0.028416506
5.25,13.75,0,-0.002321051
5.25,13.25,0,0.003922258
5.25,12.75,0,0.001499861
5.25,12.25,0,0.005057875
5.25,11.75,0,0.014617633
5.25,11.25,0,0.017511132
5.25,10.75,0,0.002398553
5.25,10.25,0,0.006094344
5.25,9.75,0,-0.004652696
5.25,9.25,0,-0.007882966
5.25,8.75,0,-0.002741548
5.25,8.25,0,-0.018923192
5.25,7.75,0,-0.006655118
5.25,7.25,0,-0.002973629
5.25,6.75,0,-0.02603328
5.25,6.25,0,-0.033918152
5.25,5.75,0,-0.01871806
5.25,5.25,0,-0.001058004
5.25,4.75,0,0.000992787
5.25,4.25,0,-0.004767411
5.25,3.75,0,-0.023160715
5.25,3.25,0,0.000382701
5.25,2.75,0,-0.001707803
5.25,2.25,0,0.014595658
5.25,1.75,0,0.008563196
5.25,1.25,0,-0.003960649
5.25,0.75,0,-0.009536765
5.25,0.25,0,0.001254868
5.25,-0.25,0,0.007861483
5.25,-0.75,0,-0.020526104
5.25,-1.25,0,-0.050371721
5.25,-1.75,0,-0.086199451
5.25,-2.25,0,0.001747434
5.25,-2.75,0,-0.020221068
5.25,-3.25,0,-0.064652128
5.25,-3.75,0,-0.015689603
5.25,-4.25,0,-0.087320025
5.25,-4.75,0,-0.07241517
5.25,-5.25,0,-0.02915743
5.25,-5.75,0,-0.03119106
5.25,-6.25,0,-0.041419323
5.25,-6.75,0,-0.010645826
5.25,-7.25,0,-0.047758722
5.25,-7.75,0,-0.008783928
5.25,-8.25,0,0.002605745
5.25,-8.75,0,-0.007787734
5.25,-9.25,0,-0.007785885
5.25,-9.75,0,-0.000715987
5.25,-10.25,0,0.000918705
5.25,-10.75,0,-0.001771259
5.25,-11.25,0,-0.001199914
5.25,-11.75,0,0.00897209
5.25,-12.25,0,7.85E-05
5.25,-12.75,0,0.010702646
5.25,-13.25,0,0.002226309
5.25,-13.75,0,0.00203219
5.25,-14.25,0,0.001753575
5.25,-14.75,0,0.007268996
5.75,14.75,0,-0.007718483
5.75,14.25,0,-1.78E-02
5.75,13.75,0,-0.011210235
5.75,13.25,0,-6.28E-06
5.75,12.75,0,-0.007263027
5.75,12.25,0,0.006656486
5.75,11.75,0,0.021239706
5.75,11.25,0,0.016103339
5.75,10.75,0,0.003648479
5.75,10.25,0,0.002245914
5.75,9.75,0,0.001724221
5.75,9.25,0,-0.001674309
5.75,8.75,0,0.002293052
5.75,8.25,0,0.005614542
5.75,7.75,0,0.018395834
5.75,7.25,0,0.024691508
5.75,6.75,0,-0.006704132
5.75,6.25,0,-0.029453561
5.75,5.75,0,-0.007051145
5.75,5.25,0,0.01935271
5.75,4.75,0,0.024631206
5.75,4.25,0,-0.002840818
5.75,3.75,0,-0.027985178
5.75,3.25,0,-0.019860766
5.75,2.75,0,-0.004597185
5.75,2.25,0,0.004506037
5.75,1.75,0,0.001624646
5.75,1.25,0,0.008181232
5.75,0.75,0,-0.00100692
5.75,0.25,0,-0.008427981
5.75,-0.25,0,-1.71E-03
5.75,-0.75,0,-0.016774768
5.75,-1.25,0,0.000457004
5.75,-1.75,0,-0.009654314
5.75,-2.25,0,0.00570182
5.75,-2.75,0,0.005584843
5.75,-3.25,0,0.002470243
5.75,-3.75,0,0.004917094
5.75,-4.25,0,-0.015825578
5.75,-4.75,0,0.00320207
5.75,-5.25,0,0.024132103
5.75,-5.75,0,0.023339942
5.75,-6.25,0,0.005176837
5.75,-6.75,0,0.005658128
5.75,-7.25,0,0.021427398
5.75,-7.75,0,0.000203997
5.75,-8.25,0,0.001123554
5.75,-8.75,0,-0.009500508
5.75,-9.25,0,-0.0120812
5.75,-9.75,0,-0.004769522
5.75,-10.25,0,0.013078215
5.75,-10.75,0,-0.000821692
5.75,-11.25,0,-0.003709249
5.75,-11.75,0,-0.004067672
5.75,-12.25,0,-0.006898154
5.75,-12.75,0,-3.75E-03
5.75,-13.25,0,-0.004456125
5.75,-13.75,0,0.002002395
5.75,-14.25,0,-0.000335922
5.75,-14.75,0,-0.001060759
6.25,14.75,0,0.000795499
6.25,14.25,0,0.003106507
6.25,13.75,0,7.98E-03
6.25,13.25,0,0.007053065
6.25,12.75,0,-0.002132176
6.25,12.25,0,0.00168309
6.25,11.75,0,0.009321337
6.25,11.25,0,0.002221612
6.25,10.75,0,0.001491593
6.25,10.25,0,0.004331144
6.25,9.75,0,-0.001108158
6.25,9.25,0,-0.002936587
6.25,8.75,0,-0.002061325
6.25,8.25,0,-0.017298248
6.25,7.75,0,0.009061063
6.25,7.25,0,0.008263159
6.25,6.75,0,-0.002540306
6.25,6.25,0,-0.007110815
6.25,5.75,0,-0.003673389
6.25,5.25,0,0.002181421
6.25,4.75,0,0.0017982
6.25,4.25,0,-0.010227802
6.25,3.75,0,-0.006906321
6.25,3.25,0,0.002249178
6.25,2.75,0,-0.008924969
6.25,2.25,0,-0.012558462
6.25,1.75,0,-0.004710795
6.25,1.25,0,0.003188211
6.25,0.75,0,0.00233839
6.25,0.25,0,-0.000144759
6.25,-0.25,0,-0.01069459
6.25,-0.75,0,-0.012051532
6.25,-1.25,0,0.002813456
6.25,-1.75,0,-0.018672069
6.25,-2.25,0,-0.024829917
6.25,-2.75,0,-0.001686236
6.25,-3.25,0,-0.003159855
6.25,-3.75,0,0.003545476
6.25,-4.25,0,-0.003879609
6.25,-4.75,0,0.010371899
6.25,-5.25,0,0.012831694
6.25,-5.75,0,-0.005859931
6.25,-6.25,0,-0.017343585
6.25,-6.75,0,-0.012005603
6.25,-7.25,0,-0.002859512
6.25,-7.75,0,0.000281735
6.25,-8.25,0,-0.012154358
6.25,-8.75,0,0.006357382
6.25,-9.25,0,0.010265623
6.25,-9.75,0,0.009507043
6.25,-10.25,0,0.021132201
6.25,-10.75,0,-5.21E-05
6.25,-11.25,0,0.019107857
6.25,-11.75,0,-0.008201413
6.25,-12.25,0,-0.005693555
6.25,-12.75,0,-0.009264123
6.25,-13.25,0,-0.001016415
6.25,-13.75,0,-0.004545416
6.25,-14.25,0,-0.006019522
6.25,-14.75,0,-0.013061254
6.75,14.75,0,-0.007106647
6.75,14.25,0,0.001319705
6.75,13.75,0,0.003200733
6.75,13.25,0,0.002750497
6.75,12.75,0,-0.009087106
6.75,12.25,0,-0.013964612
6.75,11.75,0,-0.001692932
6.75,11.25,0,-7.36E-05
6.75,10.75,0,0.002292859
6.75,10.25,0,-0.000567845
6.75,9.75,0,-0.000655393
6.75,9.25,0,-0.000828976
6.75,8.75,0,-0.005622254
6.75,8.25,0,-0.022644498
6.75,7.75,0,3.68E-05
6.75,7.25,0,-0.000405967
6.75,6.75,0,-0.024336568
6.75,6.25,0,-0.001842185
6.75,5.75,0,2.08E-03
6.75,5.25,0,0.006834443
6.75,4.75,0,0.005070579
6.75,4.25,0,-0.002069007
6.75,3.75,0,-0.007695963
6.75,3.25,0,0.00012861
6.75,2.75,0,0.000258392
6.75,2.25,0,0.000441168
6.75,1.75,0,0.002306171
6.75,1.25,0,0.000284376
6.75,0.75,0,0.002759373
6.75,0.25,0,0.00514857
6.75,-0.25,0,0.006619474
6.75,-0.75,0,0.001832479
6.75,-1.25,0,0.006426771
6.75,-1.75,0,-0.004277826
6.75,-2.25,0,-0.001688094
6.75,-2.75,0,-0.002664134
6.75,-3.25,0,-0.003583278
6.75,-3.75,0,-0.005587457
6.75,-4.25,0,-0.005425402
6.75,-4.75,0,-0.003471378
6.75,-5.25,0,0.012575502
6.75,-5.75,0,0.000971305
6.75,-6.25,0,-0.009665549
6.75,-6.75,0,0.010573336
6.75,-7.25,0,0.008066359
6.75,-7.75,0,0.012772027
6.75,-8.25,0,0.01162366
6.75,-8.75,0,0.014532547
6.75,-9.25,0,-0.001112061
6.75,-9.75,0,0.014955272
6.75,-10.25,0,-0.003753164
6.75,-10.75,0,-0.006540181
6.75,-11.25,0,0.008102889
6.75,-11.75,0,-0.00460809
6.75,-12.25,0,0.004589642
6.75,-12.75,0,-0.000207926
6.75,-13.25,0,0.003263953
6.75,-13.75,0,0.011960269
6.75,-14.25,0,-0.005965679
6.75,-14.75,0,-0.030881875
7.25,14.75,0,0.000405261
7.25,14.25,0,0.021680645
7.25,13.75,0,0.022130008
7.25,13.25,0,0.004130741
7.25,12.75,0,-0.002067205
7.25,12.25,0,-0.009357266
7.25,11.75,0,0.000548163
7.25,11.25,0,-0.009713571
7.25,10.75,0,-0.014680893
7.25,10.25,0,-0.00334575
7.25,9.75,0,0.003991391
7.25,9.25,0,-0.001717117
7.25,8.75,0,-0.001520849
7.25,8.25,0,-0.002109124
7.25,7.75,0,1.75E-02
7.25,7.25,0,0.000622137
7.25,6.75,0,-0.012111304
7.25,6.25,0,-0.003536682
7.25,5.75,0,-0.004844932
7.25,5.25,0,-0.008267237
7.25,4.75,0,-0.002337931
7.25,4.25,0,-0.00918701
7.25,3.75,0,-0.018076921
7.25,3.25,0,0.007584755
7.25,2.75,0,0.009380722
7.25,2.25,0,0.027992956
7.25,1.75,0,0.003432077
7.25,1.25,0,0.002770503
7.25,0.75,0,0.037913168
7.25,0.25,0,0.016522906
7.25,-0.25,0,0.001399288
7.25,-0.75,0,0.006353236
7.25,-1.25,0,0.001728535
7.25,-1.75,0,0.005991062
7.25,-2.25,0,0.011529242
7.25,-2.75,0,0.002962209
7.25,-3.25,0,-0.000262319
7.25,-3.75,0,0.000560127
7.25,-4.25,0,-0.004306972
7.25,-4.75,0,-0.003985305
7.25,-5.25,0,-0.004739528
7.25,-5.75,0,-0.008246418
7.25,-6.25,0,0.010303264
7.25,-6.75,0,0.033942656
7.25,-7.25,0,-0.017203585
7.25,-7.75,0,-8.87E-02
7.25,-8.25,0,-6.67E-02
7.25,-8.75,0,-6.96E-02
7.25,-9.25,0,-5.73E-02
7.25,-9.75,0,-4.82E-02
7.25,-10.25,0,-1.50E-01
7.25,-10.75,0,-8.47E-02
7.25,-11.25,0,-6.45E-02
7.25,-11.75,0,-7.25E-02
7.25,-12.25,0,-1.04E-01
7.25,-12.75,0,-1.13E-01
7.25,-13.25,0,-9.97E-02
7.25,-13.75,0,-0.03023215
7.25,-14.25,0,0.003906785
7.25,-14.75,0,0.007954539
7.75,14.75,0,0.002169651
7.75,14.25,0,0.027038753
7.75,13.75,0,0.006657644
7.75,13.25,0,0.002653116
7.75,12.75,0,0.000327086
7.75,12.25,0,-0.007644381
7.75,11.75,0,0.008623308
7.75,11.25,0,-0.001500438
7.75,10.75,0,-1.17E-02
7.75,10.25,0,-0.00425214
7.75,9.75,0,-0.001138173
7.75,9.25,0,-0.002009559
7.75,8.75,0,-0.002845106
7.75,8.25,0,-0.001924093
7.75,7.75,0,0.000875585
7.75,7.25,0,-0.001030237
7.75,6.75,0,-0.013487062
7.75,6.25,0,-0.001120051
7.75,5.75,0,-0.00073568
7.75,5.25,0,-0.003460832
7.75,4.75,0,-0.005213983
7.75,4.25,0,-0.01783126
7.75,3.75,0,-0.01377003
7.75,3.25,0,0.025872423
7.75,2.75,0,0.060759917
7.75,2.25,0,0.004213828
7.75,1.75,0,0.002105847
7.75,1.25,0,0.006344352
7.75,0.75,0,0.014139844
7.75,0.25,0,-0.002057335
7.75,-0.25,0,-0.001814701
7.75,-0.75,0,-0.000119736
7.75,-1.25,0,-0.001680574
7.75,-1.75,0,0.010980837
7.75,-2.25,0,0.026419365
7.75,-2.75,0,0.007336994
7.75,-3.25,0,0.003447622
7.75,-3.75,0,0.004112283
7.75,-4.25,0,-0.001425751
7.75,-4.75,0,-0.002431514
7.75,-5.25,0,-0.001580424
7.75,-5.75,0,-0.004085055
7.75,-6.25,0,0.003581528
7.75,-6.75,0,0.003688784
7.75,-7.25,0,-1.28E-01
7.75,-7.75,0,-8.04E-01
7.75,-8.25,0,-8.72E-01
7.75,-8.75,0,-9.14E-01
7.75,-9.25,0,-9.05E-01
7.75,-9.75,0,-9.04E-01
7.75,-10.25,0,-9.49E-01
7.75,-10.75,0,-8.16E-01
7.75,-11.25,0,-9.75E-01
7.75,-11.75,0,-8.25E-01
7.75,-12.25,0,-8.76E-01
7.75,-12.75,0,-9.45E-01
7.75,-13.25,0,-7.41E-01
7.75,-13.75,0,-2.70E-01
7.75,-14.25,0,-0.008300919
7.75,-14.75,0,0.026050065
8.25,14.75,0,0.005053065
8.25,14.25,0,0.005982157
8.25,13.75,0,-0.013208568
8.25,13.25,0,-0.009366747
8.25,12.75,0,-0.005429023
8.25,12.25,0,-0.011863266
8.25,11.75,0,0.000225424
8.25,11.25,0,-0.002301862
8.25,10.75,0,-0.025340469
8.25,10.25,0,-0.02680699
8.25,9.75,0,-0.01361917
8.25,9.25,0,-0.017126135
8.25,8.75,0,-0.016003357
8.25,8.25,0,-0.011790865
8.25,7.75,0,-0.004420132
8.25,7.25,0,-0.003608759
8.25,6.75,0,-0.007373316
8.25,6.25,0,-0.002057248
8.25,5.75,0,-1.79E-03
8.25,5.25,0,-0.008551071
8.25,4.75,0,-0.025839466
8.25,4.25,0,-0.002049031
8.25,3.75,0,0.025341736
8.25,3.25,0,0.016504391
8.25,2.75,0,0.008880983
8.25,2.25,0,-0.016702126
8.25,1.75,0,-0.00038989
8.25,1.25,0,-0.001348485
8.25,0.75,0,-0.001595766
8.25,0.25,0,-0.021863569
8.25,-0.25,0,-0.004482213
8.25,-0.75,0,-0.003414563
8.25,-1.25,0,-0.001125395
8.25,-1.75,0,0.016186577
8.25,-2.25,0,0.007575034
8.25,-2.75,0,0.002807792
8.25,-3.25,0,0.001641222
8.25,-3.75,0,0.001743398
8.25,-4.25,0,-0.001791496
8.25,-4.75,0,0.000518537
8.25,-5.25,0,0.040141271
8.25,-5.75,0,0.024345748
8.25,-6.25,0,0.006563213
8.25,-6.75,0,-7.29E-02
8.25,-7.25,0,-9.69E-01
8.25,-7.75,0,-9.73E-01
8.25,-8.25,0,-9.97E-01
8.25,-8.75,0,-9.17E-01
8.25,-9.25,0,-8.49E-01
8.25,-9.75,0,-8.73E-01
8.25,-10.25,0,-8.93E-01
8.25,-10.75,0,-9.41E-01
8.25,-11.25,0,-9.60E-01
8.25,-11.75,0,-8.92E-01
8.25,-12.25,0,-8.97E-01
8.25,-12.75,0,-9.39E-01
8.25,-13.25,0,-9.54E-01
8.25,-13.75,0,-7.72E-01
8.25,-14.25,0,-1.07E-01
8.25,-14.75,0,0.010159114
8.75,14.75,0,-0.002376919
8.75,14.25,0,-0.002284256
8.75,13.75,0,-0.020449137
8.75,13.25,0,-0.011511957
8.75,12.75,0,-0.002477662
8.75,12.25,0,-0.004272328
8.75,11.75,0,0.009545776
8.75,11.25,0,0.008259663
8.75,10.75,0,-0.009071024
8.75,10.25,0,-0.0024356
8.75,9.75,0,0.001743844
8.75,9.25,0,-0.00025448
8.75,8.75,0,-0.008034779
8.75,8.25,0,-0.002435232
8.75,7.75,0,-0.003490894
8.75,7.25,0,-0.001528545
8.75,6.75,0,-0.014655717
8.75,6.25,0,-0.018613873
8.75,5.75,0,-0.007056115
8.75,5.25,0,-0.006289509
8.75,4.75,0,-6.44E-05
8.75,4.25,0,0.001666344
8.75,3.75,0,0.013895193
8.75,3.25,0,0.00377005
8.75,2.75,0,-0.003197626
8.75,2.25,0,-0.001564083
8.75,1.75,0,-0.000268355
8.75,1.25,0,-0.002315871
8.75,0.75,0,-0.009251633
8.75,0.25,0,-0.056032022
8.75,-0.25,0,-0.003865459
8.75,-0.75,0,0.003746503
8.75,-1.25,0,0.003661624
8.75,-1.75,0,0.000450898
8.75,-2.25,0,-0.005580765
8.75,-2.75,0,-0.002249028
8.75,-3.25,0,0.00144923
8.75,-3.75,0,0.000114566
8.75,-4.25,0,-0.000198479
8.75,-4.75,0,-0.004502832
8.75,-5.25,0,-0.004834507
8.75,-5.75,0,-0.01097711
8.75,-6.25,0,-0.012937967
8.75,-6.75,0,-6.41E-02
8.75,-7.25,0,-9.09E-01
8.75,-7.75,0,-7.71E-01
8.75,-8.25,0,-1.01E-01
8.75,-8.75,0,-7.53E-02
8.75,-9.25,0,-1.28E-01
8.75,-9.75,0,-1.17E-01
8.75,-10.25,0,-6.28E-02
8.75,-10.75,0,-1.59E-02
8.75,-11.25,0,-1.64E-02
8.75,-11.75,0,-6.79E-02
8.75,-12.25,0,-5.61E-02
8.75,-12.75,0,-4.48E-02
8.75,-13.25,0,-9.01E-01
8.75,-13.75,0,-9.76E-01
8.75,-14.25,0,-9.68E-02
8.75,-14.75,0,0.01846417
9.25,14.75,0,-0.027074094
9.25,14.25,0,-0.005039263
9.25,13.75,0,-2.67E-03
9.25,13.25,0,-0.001342121
9.25,12.75,0,-0.003698599
9.25,12.25,0,-0.000496069
9.25,11.75,0,0.022538921
9.25,11.25,0,0.016453915
9.25,10.75,0,-0.00387313
9.25,10.25,0,-0.002593669
9.25,9.75,0,0.033988797
9.25,9.25,0,0.001907636
9.25,8.75,0,4.35E-04
9.25,8.25,0,-0.001802431
9.25,7.75,0,-0.004019663
9.25,7.25,0,-0.003021396
9.25,6.75,0,-0.020690782
9.25,6.25,0,-0.006818057
9.25,5.75,0,-3.10E-03
9.25,5.25,0,4.30E-03
9.25,4.75,0,0.022337283
9.25,4.25,0,0.007336017
9.25,3.75,0,0.003059946
9.25,3.25,0,0.006580284
9.25,2.75,0,-0.018410163
9.25,2.25,0,-0.003228262
9.25,1.75,0,0.001953769
9.25,1.25,0,-0.01015041
9.25,0.75,0,-0.035887967
9.25,0.25,0,-0.042429144
9.25,-0.25,0,-0.015090538
9.25,-0.75,0,-0.000452489
9.25,-1.25,0,0.015361556
9.25,-1.75,0,0.000814855
9.25,-2.25,0,-0.006211859
9.25,-2.75,0,0.011821506
9.25,-3.25,0,0.004111718
9.25,-3.75,0,-0.000646314
9.25,-4.25,0,-0.012770371
9.25,-4.75,0,-0.006137681
9.25,-5.25,0,-0.013107018
9.25,-5.75,0,-0.023740174
9.25,-6.25,0,0.005552399
9.25,-6.75,0,-1.12E-01
9.25,-7.25,0,-1.04E+00
9.25,-7.75,0,-8.73E-01
9.25,-8.25,0,-2.00E-02
9.25,-8.75,0,1.42E-02
9.25,-9.25,0,0.008244016
9.25,-9.75,0,-0.011350841
9.25,-10.25,0,0.008455561
9.25,-10.75,0,-0.030357213
9.25,-11.25,0,-0.024511283
9.25,-11.75,0,0.028802733
9.25,-12.25,0,4.54E-02
9.25,-12.75,0,-3.77E-02
9.25,-13.25,0,-9.34E-01
9.25,-13.75,0,-9.07E-01
9.25,-14.25,0,-4.61E-02
9.25,-14.75,0,0.027840217
9.75,14.75,0,-0.006188566
9.75,14.25,0,-0.008290098
9.75,13.75,0,-0.003429984
9.75,13.25,0,-0.003954543
9.75,12.75,0,-0.013298427
9.75,12.25,0,-0.00354767
9.75,11.75,0,0.008462563
9.75,11.25,0,0.010156221
9.75,10.75,0,-0.014676927
9.75,10.25,0,-0.029555123
9.75,9.75,0,-0.020787005
9.75,9.25,0,0.010862302
9.75,8.75,0,0.004776325
9.75,8.25,0,-0.011709424
9.75,7.75,0,-0.014169691
9.75,7.25,0,-0.009661312
9.75,6.75,0,-0.006682057
9.75,6.25,0,0.000262865
9.75,5.75,0,-3.03E-05
9.75,5.25,0,0.004857774
9.75,4.75,0,0.007927363
9.75,4.25,0,-0.009340242
9.75,3.75,0,0.004587223
9.75,3.25,0,0.033933447
9.75,2.75,0,0.00676374
9.75,2.25,0,0.009414315
9.75,1.75,0,0.020117614
9.75,1.25,0,0.000268236
9.75,0.75,0,-0.010487223
9.75,0.25,0,-0.007294454
9.75,-0.25,0,-0.011652735
9.75,-0.75,0,-0.014868852
9.75,-1.25,0,-0.014054153
9.75,-1.75,0,0.000258671
9.75,-2.25,0,0.008884316
9.75,-2.75,0,0.065290933
9.75,-3.25,0,0.007064542
9.75,-3.75,0,-0.004765266
9.75,-4.25,0,-0.041607189
9.75,-4.75,0,-0.006712212
9.75,-5.25,0,-0.013014441
9.75,-5.75,0,-0.010979258
9.75,-6.25,0,0.028658801
9.75,-6.75,0,-1.67E-02
9.75,-7.25,0,-8.79E-01
9.75,-7.75,0,-9.55E-01
9.75,-8.25,0,-1.02E-01
9.75,-8.75,0,0.063985153
9.75,-9.25,0,-0.046354282
9.75,-9.75,0,-0.001872267
9.75,-10.25,0,0.015264761
9.75,-10.75,0,-0.024900363
9.75,-11.25,0,-0.058862958
9.75,-11.75,0,-0.057100447
9.75,-12.25,0,0.052199686
9.75,-12.75,0,-7.78E-02
9.75,-13.25,0,-9.47E-01
9.75,-13.75,0,-9.42E-01
9.75,-14.25,0,-3.87E-02
9.75,-14.75,0,0.017354076
10.25,14.75,0,0.007553834
10.25,14.25,0,-0.00452898
10.25,13.75,0,-0.039407354
10.25,13.25,0,-0.019232464
10.25,12.75,0,-0.004133211
10.25,12.25,0,-0.006348714
10.25,11.75,0,0.007526361
10.25,11.25,0,8.24E-05
10.25,10.75,0,-0.004860516
10.25,10.25,0,-0.018081378
10.25,9.75,0,-0.052126881
10.25,9.25,0,0.010772549
10.25,8.75,0,0.004162429
10.25,8.25,0,0.001180824
10.25,7.75,0,-0.00163975
10.25,7.25,0,-0.007052506
10.25,6.75,0,0.004348399
10.25,6.25,0,0.003951642
10.25,5.75,0,-0.005222709
10.25,5.25,0,0.002915478
10.25,4.75,0,-6.85E-05
10.25,4.25,0,-0.035609917
10.25,3.75,0,0.003295642
10.25,3.25,0,0.04243833
10.25,2.75,0,0.01265254
10.25,2.25,0,0.004638354
10.25,1.75,0,0.002086921
10.25,1.25,0,-0.002329143
10.25,0.75,0,-0.011276679
10.25,0.25,0,-0.012399007
10.25,-0.25,0,-0.011770346
10.25,-0.75,0,-0.022852726
10.25,-1.25,0,-0.005640197
10.25,-1.75,0,0.003544602
10.25,-2.25,0,0.003753659
10.25,-2.75,0,0.010740344
10.25,-3.25,0,-0.007982304
10.25,-3.75,0,-0.024942483
10.25,-4.25,0,-0.021517051
10.25,-4.75,0,-0.002487112
10.25,-5.25,0,-0.009665737
10.25,-5.75,0,0.001415798
10.25,-6.25,0,0.039978238
10.25,-6.75,0,-8.21E-02
10.25,-7.25,0,-8.89E-01
10.25,-7.75,0,-9.63E-01
10.25,-8.25,0,-1.02E-01
10.25,-8.75,0,0.042840725
10.25,-9.25,0,-0.048773394
10.25,-9.75,0,-0.010956252
10.25,-10.25,0,0.026361417
10.25,-10.75,0,5.68E-03
10.25,-11.25,0,-1.39E-02
10.25,-11.75,0,0.010246862
10.25,-12.25,0,0.044312748
10.25,-12.75,0,-9.12E-02
10.25,-13.25,0,-9.03E-01
10.25,-13.75,0,-8.83E-01
10.25,-14.25,0,-4.91E-02
10.25,-14.75,0,0.011349041
10.75,14.75,0,-0.000612478
10.75,14.25,0,-0.001242481
10.75,13.75,0,-0.023172613
10.75,13.25,0,-0.0156349
10.75,12.75,0,-0.003501634
10.75,12.25,0,-0.014993723
10.75,11.75,0,0.00693477
10.75,11.25,0,0.016525825
10.75,10.75,0,-0.000926233
10.75,10.25,0,-0.015780981
10.75,9.75,0,-0.021937092
10.75,9.25,0,0.00137664
10.75,8.75,0,0.017235986
10.75,8.25,0,0.013077521
10.75,7.75,0,0.001210961
10.75,7.25,0,-0.008069611
10.75,6.75,0,-0.002986733
10.75,6.25,0,-0.001741595
10.75,5.75,0,-0.003360033
10.75,5.25,0,0.002453026
10.75,4.75,0,0.019658597
10.75,4.25,0,0.0022065
10.75,3.75,0,0.001235008
10.75,3.25,0,0.013895336
10.75,2.75,0,0.009096553
10.75,2.25,0,0.027156497
10.75,1.75,0,0.001512021
10.75,1.25,0,-0.03876946
10.75,0.75,0,-0.032803609
10.75,0.25,0,-0.020217219
10.75,-0.25,0,-0.015620449
10.75,-0.75,0,-0.005646159
10.75,-1.25,0,-0.001121034
10.75,-1.75,0,0.015116938
10.75,-2.25,0,-0.002791269
10.75,-2.75,0,0.003718826
10.75,-3.25,0,0.001369431
10.75,-3.75,0,0.000171864
10.75,-4.25,0,0.004545397
10.75,-4.75,0,0.011452182
10.75,-5.25,0,-0.007750672
10.75,-5.75,0,-0.012401143
10.75,-6.25,0,0.007244037
10.75,-6.75,0,-5.13E-02
10.75,-7.25,0,-8.78E-01
10.75,-7.75,0,-1.01E+00
10.75,-8.25,0,-4.09E-02
10.75,-8.75,0,0.024803853
10.75,-9.25,0,0.049760495
10.75,-9.75,0,-0.03838584
10.75,-10.25,0,-6.63E-02
10.75,-10.75,0,-8.12E-01
10.75,-11.25,0,-9.05E-01
10.75,-11.75,0,-1.08E-01
10.75,-12.25,0,5.56E-03
10.75,-12.75,0,-4.09E-02
10.75,-13.25,0,-1.04E+00
10.75,-13.75,0,-9.11E-01
10.75,-14.25,0,-6.79E-02
10.75,-14.75,0,-0.003614449
11.25,14.75,0,-0.001598888
11.25,14.25,0,-0.002991713
11.25,13.75,0,-0.006778155
11.25,13.25,0,-0.000842563
11.25,12.75,0,0.001636707
11.25,12.25,0,0.001992131
11.25,11.75,0,0.004242258
11.25,11.25,0,0.020503883
11.25,10.75,0,0.007032153
11.25,10.25,0,-0.008220869
11.25,9.75,0,0.00388835
11.25,9.25,0,0.006940609
11.25,8.75,0,0.026120454
11.25,8.25,0,0.007111715
11.25,7.75,0,0.010141883
11.25,7.25,0,0.025462317
11.25,6.75,0,0.002915214
11.25,6.25,0,0.003902123
11.25,5.75,0,0.013836621
11.25,5.25,0,0.012019466
11.25,4.75,0,0.010843177
11.25,4.25,0,0.027219328
11.25,3.75,0,0.006154951
11.25,3.25,0,-0.006193358
11.25,2.75,0,0.001763257
11.25,2.25,0,0.003526345
11.25,1.75,0,-0.011992674
11.25,1.25,0,-0.028707489
11.25,0.75,0,-0.008532814
11.25,0.25,0,-0.003931127
11.25,-0.25,0,-0.014626121
11.25,-0.75,0,-0.013375729
11.25,-1.25,0,-0.015784326
11.25,-1.75,0,0.008841042
11.25,-2.25,0,-0.01946965
11.25,-2.75,0,-0.003948768
11.25,-3.25,0,0.024768058
11.25,-3.75,0,0.006510422
11.25,-4.25,0,0.009841601
11.25,-4.75,0,-0.000225315
11.25,-5.25,0,-0.006765036
11.25,-5.75,0,-0.013007161
11.25,-6.25,0,-0.005674399
11.25,-6.75,0,-8.55E-02
11.25,-7.25,0,-8.51E-01
11.25,-7.75,0,-8.09E-01
11.25,-8.25,0,-8.05E-02
11.25,-8.75,0,-1.28E-01
11.25,-9.25,0,-4.25E-02
11.25,-9.75,0,3.24E-02
11.25,-10.25,0,-2.49E-02
11.25,-10.75,0,-9.97E-01
11.25,-11.25,0,-9.04E-01
11.25,-11.75,0,-6.51E-02
11.25,-12.25,0,4.07E-02
11.25,-12.75,0,-1.06E-01
11.25,-13.25,0,-9.06E-01
11.25,-13.75,0,-9.91E-01
11.25,-14.25,0,-6.56E-02
11.25,-14.75,0,0.010153408
11.75,14.75,0,-1.12E-05
11.75,14.25,0,-0.001833781
11.75,13.75,0,-0.000113355
11.75,13.25,0,0.006833826
11.75,12.75,0,0.018845596
11.75,12.25,0,0.032029966
11.75,11.75,0,0.018167875
11.75,11.25,0,0.011469233
11.75,10.75,0,0.001036196
11.75,10.25,0,-0.008342362
11.75,9.75,0,-0.001438283
11.75,9.25,0,-0.021709042
11.75,8.75,0,-0.005296764
11.75,8.25,0,0.001653189
11.75,7.75,0,0.001250726
11.75,7.25,0,0.01093321
11.75,6.75,0,0.007540597
11.75,6.25,0,0.005601753
11.75,5.75,0,0.001948962
11.75,5.25,0,0.006014522
11.75,4.75,0,0.001291524
11.75,4.25,0,0.002688619
11.75,3.75,0,0.011379724
11.75,3.25,0,0.012631048
11.75,2.75,0,0.036232074
11.75,2.25,0,0.013515134
11.75,1.75,0,-0.000345912
11.75,1.25,0,-0.040917611
11.75,0.75,0,-0.015830133
11.75,0.25,0,-0.007296216
11.75,-0.25,0,-0.007301577
11.75,-0.75,0,-0.00303001
11.75,-1.25,0,-0.001219367
11.75,-1.75,0,0.004896902
11.75,-2.25,0,0.000548281
11.75,-2.75,0,-4.75E-05
11.75,-3.25,0,0.002585179
11.75,-3.75,0,-0.003009468
11.75,-4.25,0,-0.023562144
11.75,-4.75,0,-0.003907773
11.75,-5.25,0,-0.001873484
11.75,-5.75,0,-0.008566473
11.75,-6.25,0,0.001441731
11.75,-6.75,0,-9.85E-02
11.75,-7.25,0,-8.81E-01
11.75,-7.75,0,-1.02E+00
11.75,-8.25,0,-9.43E-01
11.75,-8.75,0,-8.77E-01
11.75,-9.25,0,-8.92E-01
11.75,-9.75,0,-1.17E-01
11.75,-10.25,0,-4.47E-03
11.75,-10.75,0,-9.40E-01
11.75,-11.25,0,-9.09E-01
11.75,-11.75,0,-9.23E-01
11.75,-12.25,0,-9.60E-01
11.75,-12.75,0,-8.84E-01
11.75,-13.25,0,-1.00E+00
11.75,-13.75,0,-8.03E-01
11.75,-14.25,0,-5.61E-02
11.75,-14.75,0,0.013272428
12.25,14.75,0,-0.000866623
12.25,14.25,0,-0.000452948
12.25,13.75,0,-0.005497718
12.25,13.25,0,-0.009166374
12.25,12.75,0,0.014897994
12.25,12.25,0,0.043398323
12.25,11.75,0,0.024844922
12.25,11.25,0,0.004625452
12.25,10.75,0,-0.001379146
12.25,10.25,0,-0.000751705
12.25,9.75,0,-0.000892626
12.25,9.25,0,-0.002122155
12.25,8.75,0,-0.005712657
12.25,8.25,0,-0.011288664
12.25,7.75,0,-0.003616065
12.25,7.25,0,-0.004702582
12.25,6.75,0,5.70E-04
12.25,6.25,0,0.008998134
12.25,5.75,0,0.002577216
12.25,5.25,0,0.00191356
12.25,4.75,0,-0.001366356
12.25,4.25,0,-0.001530863
12.25,3.75,0,-0.000191228
12.25,3.25,0,-2.82E-05
12.25,2.75,0,0.003155915
12.25,2.25,0,0.00374154
12.25,1.75,0,0.022462164
12.25,1.25,0,0.008853975
12.25,0.75,0,-0.001106167
12.25,0.25,0,-0.005682835
12.25,-0.25,0,-0.006643955
12.25,-0.75,0,-0.011734233
12.25,-1.25,0,-0.000821003
12.25,-1.75,0,0.001485408
12.25,-2.25,0,0.013257521
12.25,-2.75,0,0.007119965
12.25,-3.25,0,7.48E-05
12.25,-3.75,0,-0.002903308
12.25,-4.25,0,-0.007416639
12.25,-4.75,0,-0.011517504
12.25,-5.25,0,-0.004534068
12.25,-5.75,0,-4.94E-05
12.25,-6.25,0,0.001815829
12.25,-6.75,0,0.008327388
12.25,-7.25,0,-1.16E-01
12.25,-7.75,0,-7.52E-01
12.25,-8.25,0,-8.76E-01
12.25,-8.75,0,-8.99E-01
12.25,-9.25,0,-7.74E-01
12.25,-9.75,0,-9.24E-02
12.25,-10.25,0,-8.33E-02
12.25,-10.75,0,-8.55E-01
12.25,-11.25,0,-8.16E-01
12.25,-11.75,0,-9.53E-01
12.25,-12.25,0,-9.67E-01
12.25,-12.75,0,-8.64E-01
12.25,-13.25,0,-7.89E-01
12.25,-13.75,0,-1.98E-01
12.25,-14.25,0,0.030000452
12.25,-14.75,0,0.005752221
12.75,14.75,0,0.007242931
12.75,14.25,0,-0.001188254
12.75,13.75,0,-0.014356461
12.75,13.25,0,-1.79E-02
12.75,12.75,0,0.00292478
12.75,12.25,0,0.005419103
12.75,11.75,0,0.010346313
12.75,11.25,0,0.001435353
12.75,10.75,0,-0.002497187
12.75,10.25,0,-0.00896943
12.75,9.75,0,0.004397222
12.75,9.25,0,-5.56E-05
12.75,8.75,0,0.000784135
12.75,8.25,0,-0.004542206
12.75,7.75,0,-0.007015986
12.75,7.25,0,0.001662164
12.75,6.75,0,0.005750918
12.75,6.25,0,0.017270055
12.75,5.75,0,0.028878034
12.75,5.25,0,0.016270253
12.75,4.75,0,0.001654555
12.75,4.25,0,0.001601741
12.75,3.75,0,-0.001219996
12.75,3.25,0,-0.017142948
12.75,2.75,0,0.000277912
12.75,2.25,0,0.002969636
12.75,1.75,0,0.038882112
12.75,1.25,0,0.039058391
12.75,0.75,0,-0.002641272
12.75,0.25,0,-0.019082994
12.75,-0.25,0,-0.013836134
12.75,-0.75,0,-0.009320104
12.75,-1.25,0,-0.000904936
12.75,-1.75,0,0.003701671
12.75,-2.25,0,0.018447737
12.75,-2.75,0,0.024193275
12.75,-3.25,0,-0.00033739
12.75,-3.75,0,-0.004250737
12.75,-4.25,0,-0.009137676
12.75,-4.75,0,-1.98E-03
12.75,-5.25,0,0.001863102
12.75,-5.75,0,-0.00036564
12.75,-6.25,0,-0.007665419
12.75,-6.75,0,2.40E-03
12.75,-7.25,0,-0.008789245
12.75,-7.75,0,-7.62E-02
12.75,-8.25,0,-1.03E-01
12.75,-8.75,0,-6.93E-02
12.75,-9.25,0,-0.057572116
12.75,-9.75,0,-0.065285169
12.75,-10.25,0,-0.027835815
12.75,-10.75,0,-1.32E-01
12.75,-11.25,0,-4.83E-02
12.75,-11.75,0,-2.87E-02
12.75,-12.25,0,-2.89E-02
12.75,-12.75,0,-3.87E-02
12.75,-13.25,0,-5.20E-02
12.75,-13.75,0,-0.003292333
12.75,-14.25,0,0.008443554
12.75,-14.75,0,-0.020729965
13.25,14.75,0,-0.020276645
13.25,14.25,0,-0.009425591
13.25,13.75,0,7.96E-04
13.25,13.25,0,0.009137822
13.25,12.75,0,8.27E-03
13.25,12.25,0,0.001831632
13.25,11.75,0,0.008216184
13.25,11.25,0,0.016610949
13.25,10.75,0,0.001342643
13.25,10.25,0,-0.003884898
13.25,9.75,0,0.03774883
13.25,9.25,0,0.002219888
13.25,8.75,0,0.001570436
13.25,8.25,0,-0.001218967
13.25,7.75,0,0.001318006
13.25,7.25,0,0.018402942
13.25,6.75,0,0.001820695
13.25,6.25,0,0.012283755
13.25,5.75,0,0.026432185
13.25,5.25,0,0.018322139
13.25,4.75,0,0.01506896
13.25,4.25,0,0.010785282
13.25,3.75,0,-0.004770919
13.25,3.25,0,-0.01437508
13.25,2.75,0,-0.000731176
13.25,2.25,0,0.010385588
13.25,1.75,0,0.023054093
13.25,1.25,0,0.014745594
13.25,0.75,0,-0.024540876
13.25,0.25,0,-0.01455149
13.25,-0.25,0,-0.018977368
13.25,-0.75,0,-0.019707618
13.25,-1.25,0,-0.003253449
13.25,-1.75,0,0.000198655
13.25,-2.25,0,0.013942375
13.25,-2.75,0,0.01636911
13.25,-3.25,0,-0.005086778
13.25,-3.75,0,-0.000555457
13.25,-4.25,0,0.000990051
13.25,-4.75,0,0.007124576
13.25,-5.25,0,0.014913424
13.25,-5.75,0,0.000137369
13.25,-6.25,0,-0.008117253
13.25,-6.75,0,-0.006151491
13.25,-7.25,0,0.000900041
13.25,-7.75,0,0.007502465
13.25,-8.25,0,0.012245302
13.25,-8.75,0,0.047334486
13.25,-9.25,0,0.039424456
13.25,-9.75,0,0.021123827
13.25,-10.25,0,0.03922062
13.25,-10.75,0,0.007345204
13.25,-11.25,0,0.020230732
13.25,-11.75,0,0.004202782
13.25,-12.25,0,0.0180405
13.25,-12.75,0,0.009085733
13.25,-13.25,0,-0.000375674
13.25,-13.75,0,-0.000426624
13.25,-14.25,0,-0.001673642
13.25,-14.75,0,-0.008296967
13.75,14.75,0,-0.006075027
13.75,14.25,0,-0.002004255
13.75,13.75,0,0.002921452
13.75,13.25,0,0.01164589
13.75,12.75,0,0.013738044
13.75,12.25,0,0.004406554
13.75,11.75,0,0.005623944
13.75,11.25,0,0.006525807
13.75,10.75,0,0.00775641
13.75,10.25,0,8.53E-05
13.75,9.75,0,-0.001087881
13.75,9.25,0,-0.01362274
13.75,8.75,0,-0.002445542
13.75,8.25,0,0.000544962
13.75,7.75,0,0.001761625
13.75,7.25,0,0.002029709
13.75,6.75,0,-0.015784798
13.75,6.25,0,-0.01010757
13.75,5.75,0,-0.013481961
13.75,5.25,0,-7.89E-05
13.75,4.75,0,0.007576749
13.75,4.25,0,-0.000993725
13.75,3.75,0,-0.01653567
13.75,3.25,0,-0.01315938
13.75,2.75,0,0.000316605
13.75,2.25,0,0.004450385
13.75,1.75,0,0.003237458
13.75,1.25,0,0.000808667
13.75,0.75,0,-0.01337239
13.75,0.25,0,0.008616075
13.75,-0.25,0,-0.008491055
13.75,-0.75,0,-0.006420359
13.75,-1.25,0,-2.77E-03
13.75,-1.75,0,-0.005079436
13.75,-2.25,0,0.00459981
13.75,-2.75,0,0.014945113
13.75,-3.25,0,7.81E-05
13.75,-3.75,0,0.00501252
13.75,-4.25,0,0.026339642
13.75,-4.75,0,0.019410457
13.75,-5.25,0,0.011617087
13.75,-5.75,0,-5.24E-03
13.75,-6.25,0,-0.022108058
13.75,-6.75,0,-0.012362017
13.75,-7.25,0,-0.005221917
13.75,-7.75,0,-0.007869223
13.75,-8.25,0,-0.006965399
13.75,-8.75,0,-0.003897055
13.75,-9.25,0,-0.004675919
13.75,-9.75,0,-0.007172975
13.75,-10.25,0,-0.005321302
13.75,-10.75,0,-0.009648127
13.75,-11.25,0,-0.012978297
13.75,-11.75,0,-0.002961648
13.75,-12.25,0,0.014368421
13.75,-12.75,0,0.01545914
13.75,-13.25,0,-0.00336728
13.75,-13.75,0,0.014191744
13.75,-14.25,0,0.008012486
13.75,-14.75,0,-0.002688289
14.25,14.75,0,-0.005487085
14.25,14.25,0,-0.001625014
14.25,13.75,0,0.012388931
14.25,13.25,0,0.004175584
14.25,12.75,0,0.011931727
14.25,12.25,0,0.00758091
14.25,11.75,0,0.0341324
14.25,11.25,0,0.019567255
14.25,10.75,0,-0.008355876
14.25,10.25,0,-0.003507201
14.25,9.75,0,-0.016601064
14.25,9.25,0,-0.034815906
14.25,8.75,0,-0.00449727
14.25,8.25,0,0.013328139
14.25,7.75,0,0.001705297
14.25,7.25,0,0.015135218
14.25,6.75,0,0.001835682
14.25,6.25,0,-0.002296504
14.25,5.75,0,-0.023055313
14.25,5.25,0,-0.020976369
14.25,4.75,0,-0.006448533
14.25,4.25,0,-0.001671599
14.25,3.75,0,0.000550028
14.25,3.25,0,0.00636017
14.25,2.75,0,0.001440461
14.25,2.25,0,0.001007764
14.25,1.75,0,-0.014169735
14.25,1.25,0,-0.013744015
14.25,0.75,0,0.000604823
14.25,0.25,0,0.046912079
14.25,-0.25,0,0.003230588
14.25,-0.75,0,-0.028057986
14.25,-1.25,0,-0.013655341
14.25,-1.75,0,-0.006885433
14.25,-2.25,0,-0.006244943
14.25,-2.75,0,0.007789662
14.25,-3.25,0,0.000600456
14.25,-3.75,0,-0.012466056
14.25,-4.25,0,0.001709392
14.25,-4.75,0,0.000336969
14.25,-5.25,0,-0.006445858
14.25,-5.75,0,-0.001790001
14.25,-6.25,0,-0.010007187
14.25,-6.75,0,-0.00230174
14.25,-7.25,0,-0.00460024
14.25,-7.75,0,-0.02346711
14.25,-8.25,0,-0.009528672
14.25,-8.75,0,-0.008958179
14.25,-9.25,0,-0.004468937
14.25,-9.75,0,-0.004482097
14.25,-10.25,0,-0.003336774
14.25,-10.75,0,-0.004305156
14.25,-11.25,0,-0.007165557
14.25,-11.75,0,-0.008713567
14.25,-12.25,0,-0.008402296
14.25,-12.75,0,-0.00665879
14.25,-13.25,0,-0.004573452
14.25,-13.75,0,-0.001328473
14.25,-14.25,0,0.003316823
14.25,-14.75,0,-0.007349473
14.75,14.75,0,-0.001171987
14.75,14.25,0,-0.006646147
14.75,13.75,0,0.001705771
14.75,13.25,0,0.001111281
14.75,12.75,0,0.001626107
14.75,12.25,0,9.01E-03
14.75,11.75,0,0.02328404
14.75,11.25,0,0.012174316
14.75,10.75,0,0.000139552
14.75,10.25,0,-0.006108043
14.75,9.75,0,-0.037486164
14.75,9.25,0,-0.024402086
14.75,8.75,0,0.002267424
14.75,8.25,0,0.003326091
14.75,7.75,0,0.001857892
14.75,7.25,0,0.003588617
14.75,6.75,0,0.002830651
14.75,6.25,0,0.000151032
14.75,5.75,0,-0.002710011
14.75,5.25,0,-0.010314411
14.75,4.75,0,-0.01465298
14.75,4.25,0,0.005341312
14.75,3.75,0,0.025240585
14.75,3.25,0,0.003798764
14.75,2.75,0,0.008272934
14.75,2.25,0,0.000345975
14.75,1.75,0,-0.002652701
14.75,1.25,0,-0.000648307
14.75,0.75,0,0.000119408
14.75,0.25,0,0.010845968
14.75,-0.25,0,-0.000641827
14.75,-0.75,0,-0.008463178
14.75,-1.25,0,0.000108569
14.75,-1.75,0,0.021024269
14.75,-2.25,0,0.000243212
14.75,-2.75,0,0.00077173
14.75,-3.25,0,0.007332087
14.75,-3.75,0,-0.000413104
14.75,-4.25,0,0.000598677
14.75,-4.75,0,-0.004147936
14.75,-5.25,0,-0.011043903
14.75,-5.75,0,-0.011556754
14.75,-6.25,0,-0.000203304
14.75,-6.75,0,0.000317852
14.75,-7.25,0,-0.016375193
14.75,-7.75,0,-0.016667077
14.75,-8.25,0,-0.001688263
14.75,-8.75,0,-0.003680253
14.75,-9.25,0,-0.002087149
14.75,-9.75,0,0.001683322
14.75,-10.25,0,-0.000836974
14.75,-10.75,0,-0.002446275
14.75,-11.25,0,-0.002834947
14.75,-11.75,0,-0.003967763
14.75,-12.25,0,-0.004978682
14.75,-12.75,0,-0.002278825
14.75,-13.25,0,0.003115641
14.75,-13.75,0,0.000970472
14.75,-14.25,0,0.00211051
14.75,-14.75,0,-0.000705481
