-14.75,14.75,0,0.005155103
-14.75,14.25,0,0.001372022
-14.75,13.75,0,-0.002144556
-14.75,13.25,0,-0.00725316
-14.75,12.75,0,1.55E-05
-14.75,12.25,0,0.001199805
-14.75,11.75,0,0.000993822
-14.75,11.25,0,-0.001517826
-14.75,10.75,0,0.003767737
-14.75,10.25,0,0.00059189
-14.75,9.75,0,-0.000161055
-14.75,9.25,0,-0.000217542
-14.75,8.75,0,0.00025692
-14.75,8.25,0,0.001190811
-14.75,7.75,0,0.002948781
-14.75,7.25,0,0.000597506
-14.75,6.75,0,0.004678987
-14.75,6.25,0,-0.001458872
-14.75,5.75,0,-0.001370595
-14.75,5.25,0,-0.003154989
-14.75,4.75,0,-0.003456351
-14.75,4.25,0,-0.005072099
-14.75,3.75,0,0.003097864
-14.75,3.25,0,0.001530957
-14.75,2.75,0,0.00049395
-14.75,2.25,0,-3.52E-05
-14.75,1.75,0,-0.002463038
-14.75,1.25,0,-0.00024814
-14.75,0.75,0,0.002858404
-14.75,0.25,0,0.000751797
-14.75,-0.25,0,0.0014881
-14.75,-0.75,0,0.001698407
-14.75,-1.25,0,0.002043769
-14.75,-1.75,0,-0.001297449
-14.75,-2.25,0,-0.001780965
-14.75,-2.75,0,-7.80E-05
-14.75,-3.25,0,-0.002289416
-14.75,-3.75,0,0.003371046
-14.75,-4.25,0,-0.001311933
-14.75,-4.75,0,0.00540933
-14.75,-5.25,0,0.006771287
-14.75,-5.75,0,-0.002515223
-14.75,-6.25,0,0.003311084
-14.75,-6.75,0,0.00249099
-14.75,-7.25,0,0.000108745
-14.75,-7.75,0,-0.000806826
-14.75,-8.25,0,-0.00014483
-14.75,-8.75,0,0.000888613
-14.75,-9.25,0,-0.002071795
-14.75,-9.75,0,-9.88E-05
-14.75,-10.25,0,0.015921082
-14.75,-10.75,0,0.010006045
-14.75,-11.25,0,0.005199279
-14.75,-11.75,0,0.002613106
-14.75,-12.25,0,-0.000519964
-14.75,-12.75,0,-0.00708707
-14.75,-13.25,0,-0.000597923
-14.75,-13.75,0,0.002533966
-14.75,-14.25,0,0.0043471
-14.75,-14.75,0,0.00528058
-14.25,14.75,0,0.004649022
-14.25,14.25,0,0.004746468
-14.25,13.75,0,-0.001933639
-14.25,13.25,0,-0.007847316
-14.25,12.75,0,-0.003234011
-14.25,12.25,0,-8.82E-05
-14.25,11.75,0,-0.000102715
-14.25,11.25,0,0.004148332
-14.25,10.75,0,0.001040386
-14.25,10.25,0,-0.001038203
-14.25,9.75,0,-0.007479456
-14.25,9.25,0,-0.000501166
-14.25,8.75,0,-0.000446971
-14.25,8.25,0,-0.000125168
-14.25,7.75,0,-0.000132236
-14.25,7.25,0,4.37E-05
-14.25,6.75,0,-0.000501228
-14.25,6.25,0,-0.001108415
-14.25,5.75,0,-0.011436034
-14.25,5.25,0,-0.00521202
-14.25,4.75,0,-0.002294727
-14.25,4.25,0,6.90E-05
-14.25,3.75,0,0.000949031
-14.25,3.25,0,0.003947731
-14.25,2.75,0,0.006506058
-14.25,2.25,0,0.000938561
-14.25,1.75,0,-0.001244432
-14.25,1.25,0,0.000675784
-14.25,0.75,0,0.005617381
-14.25,0.25,0,0.004478006
-14.25,-0.25,0,4.74E-05
-14.25,-0.75,0,-0.005959261
-14.25,-1.25,0,-0.005776839
-14.25,-1.75,0,-0.000841535
-14.25,-2.25,0,3.68E-05
-14.25,-2.75,0,-0.002704336
-14.25,-3.25,0,-0.005579358
-14.25,-3.75,0,0.002422323
-14.25,-4.25,0,-0.000848286
-14.25,-4.75,0,0.003040835
-14.25,-5.25,0,0.002649334
-14.25,-5.75,0,-0.00500154
-14.25,-6.25,0,2.58E-05
-14.25,-6.75,0,0.002200581
-14.25,-7.25,0,-0.001898162
-14.25,-7.75,0,-0.001458647
-14.25,-8.25,0,-0.000158001
-14.25,-8.75,0,-0.003919478
-14.25,-9.25,0,-0.00160428
-14.25,-9.75,0,0.002169079
-14.25,-10.25,0,0.000456714
-14.25,-10.75,0,0.001833925
-14.25,-11.25,0,-0.000384094
-14.25,-11.75,0,-0.005608149
-14.25,-12.25,0,-0.003303286
-14.25,-12.75,0,-0.002618569
-14.25,-13.25,0,6.30E-05
-14.25,-13.75,0,0.000324922
-14.25,-14.25,0,0.002039993
-14.25,-14.75,0,-0.004796662
-13.75,14.75,0,0.004960119
-13.75,14.25,0,0.003020524
-13.75,13.75,0,0.001036547
-13.75,13.25,0,0.023868259
-13.75,12.75,0,0.03868783
-13.75,12.25,0,-0.005006393
-13.75,11.75,0,0.000235421
-13.75,11.25,0,0.003828427
-13.75,10.75,0,0.002482565
-13.75,10.25,0,-0.004554234
-13.75,9.75,0,-0.005435357
-13.75,9.25,0,-0.001927304
-13.75,8.75,0,-0.000505435
-13.75,8.25,0,0.001998242
-13.75,7.75,0,-8.84E-06
-13.75,7.25,0,0.000291512
-13.75,6.75,0,0.00186717
-13.75,6.25,0,-0.00137768
-13.75,5.75,0,-0.002983782
-13.75,5.25,0,-0.001618861
-13.75,4.75,0,-0.005003911
-13.75,4.25,0,0.001142599
-13.75,3.75,0,-0.002755324
-13.75,3.25,0,-0.004808387
-13.75,2.75,0,0.000373768
-13.75,2.25,0,0.000326644
-13.75,1.75,0,-0.0002408
-13.75,1.25,0,0.000913217
-13.75,0.75,0,0.003260571
-13.75,0.25,0,0.001899584
-13.75,-0.25,0,0.000145765
-13.75,-0.75,0,-2.66E-05
-13.75,-1.25,0,-0.001419069
-13.75,-1.75,0,0.005418126
-13.75,-2.25,0,-0.001119468
-13.75,-2.75,0,-0.004347437
-13.75,-3.25,0,-0.002954872
-13.75,-3.75,0,-0.001631533
-13.75,-4.25,0,-0.004174146
-13.75,-4.75,0,-0.004145521
-13.75,-5.25,0,0.003831976
-13.75,-5.75,0,9.69E-07
-13.75,-6.25,0,-0.003613681
-13.75,-6.75,0,0.002624257
-13.75,-7.25,0,-0.000615701
-13.75,-7.75,0,0.002539665
-13.75,-8.25,0,-0.00056529
-13.75,-8.75,0,-0.002961376
-13.75,-9.25,0,0.002687692
-13.75,-9.75,0,-0.000207815
-13.75,-10.25,0,-6.11E-05
-13.75,-10.75,0,0.001495748
-13.75,-11.25,0,0.000673798
-13.75,-11.75,0,-0.003266467
-13.75,-12.25,0,-0.011263464
-13.75,-12.75,0,-0.003733541
-13.75,-13.25,0,0.001197916
-13.75,-13.75,0,0.002557397
-13.75,-14.25,0,0.001941322
-13.75,-14.75,0,0.002510945
-13.25,14.75,0,0.006594563
-13.25,14.25,0,0.003043055
-13.25,13.75,0,0.040980585
-13.25,13.25,0,0.864396923
-13.25,12.75,0,0.922646066
-13.25,12.25,0,0.009172337
-13.25,11.75,0,0.002703569
-13.25,11.25,0,0.002559678
-13.25,10.75,0,-0.003996738
-13.25,10.25,0,-0.006299904
-13.25,9.75,0,-0.006505657
-13.25,9.25,0,-0.003846161
-13.25,8.75,0,-0.002342126
-13.25,8.25,0,0.000328285
-13.25,7.75,0,1.08E-05
-13.25,7.25,0,0.00283235
-13.25,6.75,0,0.000648982
-13.25,6.25,0,-0.002373586
-13.25,5.75,0,-0.00036574
-13.25,5.25,0,-0.002253785
-13.25,4.75,0,0.000767418
-13.25,4.25,0,0.010639092
-13.25,3.75,0,-7.09E-05
-13.25,3.25,0,0.000189389
-13.25,2.75,0,0.002201061
-13.25,2.25,0,-0.000386954
-13.25,1.75,0,0.003348717
-13.25,1.25,0,-0.000118118
-13.25,0.75,0,0.001549144
-13.25,0.25,0,-0.000158844
-13.25,-0.25,0,0.006910546
-13.25,-0.75,0,0.003552119
-13.25,-1.25,0,-0.000171023
-13.25,-1.75,0,0.008244127
-13.25,-2.25,0,0.000104562
-13.25,-2.75,0,0.000185699
-13.25,-3.25,0,-0.000251343
-13.25,-3.75,0,2.16E-05
-13.25,-4.25,0,0.004735317
-13.25,-4.75,0,-0.005325279
-13.25,-5.25,0,-0.003869528
-13.25,-5.75,0,0.000475966
-13.25,-6.25,0,-0.008197642
-13.25,-6.75,0,0.00235759
-13.25,-7.25,0,0.00353913
-13.25,-7.75,0,-0.003301792
-13.25,-8.25,0,-0.000905874
-13.25,-8.75,0,-0.001540306
-13.25,-9.25,0,0.002337294
-13.25,-9.75,0,-0.00077068
-13.25,-10.25,0,0.001969697
-13.25,-10.75,0,-0.000164142
-13.25,-11.25,0,0.00208426
-13.25,-11.75,0,3.44E-05
-13.25,-12.25,0,-0.005260395
-13.25,-12.75,0,-0.003685063
-13.25,-13.25,0,-0.000923705
-13.25,-13.75,0,-0.005551071
-13.25,-14.25,0,0.001677142
-13.25,-14.75,0,0.007390983
-12.75,14.75,0,0.009642568
-12.75,14.25,0,-0.008039456
-12.75,13.75,0,0.028609129
-12.75,13.25,0,0.979894999
-12.75,12.75,0,0.943680013
-12.75,12.25,0,0.007667386
-12.75,11.75,0,0.004262397
-12.75,11.25,0,0.014292519
-12.75,10.75,0,-0.001081356
-12.75,10.25,0,-0.00592919
-12.75,9.75,0,-0.004928445
-12.75,9.25,0,-0.001225368
-12.75,8.75,0,0.00062193
-12.75,8.25,0,-0.000492418
-12.75,7.75,0,-6.49E-05
-12.75,7.25,0,0.002791743
-12.75,6.75,0,0.000360744
-12.75,6.25,0,-0.002794466
-12.75,5.75,0,-0.00505069
-12.75,5.25,0,-0.003738883
-12.75,4.75,0,0.001405855
-12.75,4.25,0,0.00021946
-12.75,3.75,0,0.001564046
-12.75,3.25,0,0.003584093
-12.75,2.75,0,0.000394012
-12.75,2.25,0,0.001854027
-12.75,1.75,0,0.011242103
-12.75,1.25,0,-3.78E-05
-12.75,0.75,0,0.000565726
-12.75,0.25,0,-9.37E-05
-12.75,-0.25,0,0.003869579
-12.75,-0.75,0,-0.00017688
-12.75,-1.25,0,-0.001607936
-12.75,-1.75,0,0.001666609
-12.75,-2.25,0,0.000288587
-12.75,-2.75,0,-0.001941103
-12.75,-3.25,0,-0.010082596
-12.75,-3.75,0,-0.004876516
-12.75,-4.25,0,-0.000329056
-12.75,-4.75,0,0.001139882
-12.75,-5.25,0,0.001720802
-12.75,-5.75,0,0.004068464
-12.75,-6.25,0,0.002859385
-12.75,-6.75,0,9.96E-05
-12.75,-7.25,0,0.000167359
-12.75,-7.75,0,-0.000728301
-12.75,-8.25,0,0.000127315
-12.75,-8.75,0,-0.000624788
-12.75,-9.25,0,0.002302745
-12.75,-9.75,0,-0.001486357
-12.75,-10.25,0,0.008117021
-12.75,-10.75,0,-3.62E-05
-12.75,-11.25,0,-0.003497577
-12.75,-11.75,0,-0.003212095
-12.75,-12.25,0,-0.000300111
-12.75,-12.75,0,0.001939209
-12.75,-13.25,0,-0.001669138
-12.75,-13.75,0,-2.28E-05
-12.75,-14.25,0,-0.000683007
-12.75,-14.75,0,0.004555661
-12.25,14.75,0,0.008642776
-12.25,14.25,0,-0.007035846
-12.25,13.75,0,-0.000736738
-12.25,13.25,0,0.982915211
-12.25,12.75,0,0.930432347
-12.25,12.25,0,0.068336728
-12.25,11.75,0,0.001433517
-12.25,11.25,0,0.023600028
-12.25,10.75,0,0.015106493
-12.25,10.25,0,0.011833581
-12.25,9.75,0,0.001723244
-12.25,9.25,0,0.00487116
-12.25,8.75,0,0.009759321
-12.25,8.25,0,0.006206591
-12.25,7.75,0,0.005669427
-12.25,7.25,0,0.004843102
-12.25,6.75,0,-0.007105787
-12.25,6.25,0,0.000292566
-12.25,5.75,0,-0.002068887
-12.25,5.25,0,0.000256243
-12.25,4.75,0,0.00040673
-12.25,4.25,0,-0.003618751
-12.25,3.75,0,-0.000300715
-12.25,3.25,0,-9.22E-05
-12.25,2.75,0,0.00073335
-12.25,2.25,0,-0.000298725
-12.25,1.75,0,-0.00272435
-12.25,1.25,0,-0.00016953
-12.25,0.75,0,0.000855217
-12.25,0.25,0,0.000701293
-12.25,-0.25,0,0.001289463
-12.25,-0.75,0,-0.002375035
-12.25,-1.25,0,-0.003588598
-12.25,-1.75,0,-0.00166355
-12.25,-2.25,0,0.001490924
-12.25,-2.75,0,0.000138411
-12.25,-3.25,0,-4.62E-05
-12.25,-3.75,0,0.002247771
-12.25,-4.25,0,0.001938487
-12.25,-4.75,0,1.48E-05
-12.25,-5.25,0,0.000638218
-12.25,-5.75,0,0.012220414
-12.25,-6.25,0,0.006470791
-12.25,-6.75,0,-0.001297051
-12.25,-7.25,0,-0.008346658
-12.25,-7.75,0,-0.001964223
-12.25,-8.25,0,-0.000511072
-12.25,-8.75,0,-0.007190939
-12.25,-9.25,0,0.004612039
-12.25,-9.75,0,0.004719501
-12.25,-10.25,0,0.001429503
-12.25,-10.75,0,-4.95E-06
-12.25,-11.25,0,0.001446455
-12.25,-11.75,0,0.000751119
-12.25,-12.25,0,-2.60E-06
-12.25,-12.75,0,-0.000689359
-12.25,-13.25,0,0.001476798
-12.25,-13.75,0,0.004969868
-12.25,-14.25,0,-0.00304593
-12.25,-14.75,0,0.006188654
-11.75,14.75,0,0.003199602
-11.75,14.25,0,-0.011566368
-11.75,13.75,0,0.028602763
-11.75,13.25,0,0.94220457
-11.75,12.75,0,0.914767433
-11.75,12.25,0,0.012808952
-11.75,11.75,0,-0.005762737
-11.75,11.25,0,-0.004945674
-11.75,10.75,0,-0.001178019
-11.75,10.25,0,-0.006006392
-11.75,9.75,0,-0.001127177
-11.75,9.25,0,0.006707776
-11.75,8.75,0,0.003951795
-11.75,8.25,0,0.00325593
-11.75,7.75,0,0.000131869
-11.75,7.25,0,-0.002763558
-11.75,6.75,0,-0.004293142
-11.75,6.25,0,0.004396869
-11.75,5.75,0,0.002191785
-11.75,5.25,0,0.000578327
-11.75,4.75,0,0.00233686
-11.75,4.25,0,6.58E-06
-11.75,3.75,0,-0.001693984
-11.75,3.25,0,-0.002548574
-11.75,2.75,0,0.000773376
-11.75,2.25,0,0.001708354
-11.75,1.75,0,6.78E-05
-11.75,1.25,0,6.36E-05
-11.75,0.75,0,-2.23E-05
-11.75,0.25,0,-0.00014297
-11.75,-0.25,0,-0.00014221
-11.75,-0.75,0,0.003861484
-11.75,-1.25,0,0.002231353
-11.75,-1.75,0,-3.63E-05
-11.75,-2.25,0,0.001542038
-11.75,-2.75,0,-0.000177278
-11.75,-3.25,0,-0.000404113
-11.75,-3.75,0,-1.81E-05
-11.75,-4.25,0,0.000119806
-11.75,-4.75,0,-0.001603987
-11.75,-5.25,0,-0.004007491
-11.75,-5.75,0,0.002461648
-11.75,-6.25,0,-4.13E-05
-11.75,-6.75,0,-8.90E-05
-11.75,-7.25,0,0.000573364
-11.75,-7.75,0,-1.48E-06
-11.75,-8.25,0,0.000135598
-11.75,-8.75,0,0.000184235
-11.75,-9.25,0,0.002785974
-11.75,-9.75,0,-1.29E-05
-11.75,-10.25,0,-0.000165505
-11.75,-10.75,0,0.00194823
-11.75,-11.25,0,0.001386887
-11.75,-11.75,0,-0.003344591
-11.75,-12.25,0,0.001158041
-11.75,-12.75,0,-0.000708905
-11.75,-13.25,0,0.008145103
-11.75,-13.75,0,8.57E-06
-11.75,-14.25,0,-0.000127803
-11.75,-14.75,0,0.004856678
-11.25,14.75,0,0.003275032
-11.25,14.25,0,-0.00656462
-11.25,13.75,0,0.063836891
-11.25,13.25,0,0.942098843
-11.25,12.75,0,0.944210517
-11.25,12.25,0,0.045337334
-11.25,11.75,0,0.003623979
-11.25,11.25,0,0.042506775
-11.25,10.75,0,0.019309978
-11.25,10.25,0,0.009397127
-11.25,9.75,0,0.022382222
-11.25,9.25,0,0.022208931
-11.25,8.75,0,0.024861929
-11.25,8.25,0,0.013493538
-11.25,7.75,0,-0.006633091
-11.25,7.25,0,0.033265503
-11.25,6.75,0,0.010999891
-11.25,6.25,0,-0.000568371
-11.25,5.75,0,0.004449669
-11.25,5.25,0,0.000960965
-11.25,4.75,0,-2.42E-06
-11.25,4.25,0,0.000158274
-11.25,3.75,0,-0.000737687
-11.25,3.25,0,1.12E-05
-11.25,2.75,0,-0.002349293
-11.25,2.25,0,-8.99E-05
-11.25,1.75,0,0.000302317
-11.25,1.25,0,0.000132679
-11.25,0.75,0,0.000482293
-11.25,0.25,0,-0.000855463
-11.25,-0.25,0,-0.007595096
-11.25,-0.75,0,-8.25E-05
-11.25,-1.25,0,-0.000288396
-11.25,-1.75,0,0.001946057
-11.25,-2.25,0,0.000171828
-11.25,-2.75,0,0.002656483
-11.25,-3.25,0,0.005207542
-11.25,-3.75,0,-8.69E-05
-11.25,-4.25,0,-0.000215453
-11.25,-4.75,0,0.001883416
-11.25,-5.25,0,3.06E-05
-11.25,-5.75,0,0.000296067
-11.25,-6.25,0,9.31E-05
-11.25,-6.75,0,-0.001420508
-11.25,-7.25,0,0.002425387
-11.25,-7.75,0,0.000176231
-11.25,-8.25,0,0.004653942
-11.25,-8.75,0,-2.11E-05
-11.25,-9.25,0,0.005073961
-11.25,-9.75,0,-0.000245421
-11.25,-10.25,0,-0.015863275
-11.25,-10.75,0,-0.000505091
-11.25,-11.25,0,0.004603376
-11.25,-11.75,0,-0.001032223
-11.25,-12.25,0,-0.001386709
-11.25,-12.75,0,0.000915472
-11.25,-13.25,0,0.00707672
-11.25,-13.75,0,0.001755643
-11.25,-14.25,0,6.70E-05
-11.25,-14.75,0,0.000903681
-10.75,14.75,0,0.010072313
-10.75,14.25,0,-0.007594971
-10.75,13.75,0,0.017029126
-10.75,13.25,0,0.94311259
-10.75,12.75,0,0.938401583
-10.75,12.25,0,0.966337987
-10.75,11.75,0,0.910134725
-10.75,11.25,0,0.917992747
-10.75,10.75,0,0.905258437
-10.75,10.25,0,0.985409679
-10.75,9.75,0,0.897953788
-10.75,9.25,0,0.955895007
-10.75,8.75,0,0.930834828
-10.75,8.25,0,0.936721441
-10.75,7.75,0,0.950331823
-10.75,7.25,0,0.917575797
-10.75,6.75,0,0.001500094
-10.75,6.25,0,-0.01258005
-10.75,5.75,0,0.015866336
-10.75,5.25,0,0.002600407
-10.75,4.75,0,0.003889211
-10.75,4.25,0,0.001408525
-10.75,3.75,0,-0.00116203
-10.75,3.25,0,-0.001351759
-10.75,2.75,0,-0.008385827
-10.75,2.25,0,-0.004541756
-10.75,1.75,0,-0.001840955
-10.75,1.25,0,-0.000986118
-10.75,0.75,0,0.001849098
-10.75,0.25,0,0.000944131
-10.75,-0.25,0,-0.001598064
-10.75,-0.75,0,-0.00313714
-10.75,-1.25,0,1.04E-05
-10.75,-1.75,0,0.000105967
-10.75,-2.25,0,0.00053006
-10.75,-2.75,0,0.000611497
-10.75,-3.25,0,0.000378044
-10.75,-3.75,0,0.001482509
-10.75,-4.25,0,0.000912485
-10.75,-4.75,0,0.00051166
-10.75,-5.25,0,-0.004280376
-10.75,-5.75,0,0.000100117
-10.75,-6.25,0,0.001793002
-10.75,-6.75,0,-0.001492062
-10.75,-7.25,0,0.000660538
-10.75,-7.75,0,0.002874719
-10.75,-8.25,0,0.017149915
-10.75,-8.75,0,-0.000137602
-10.75,-9.25,0,-0.001119342
-10.75,-9.75,0,-0.002327503
-10.75,-10.25,0,-0.009595425
-10.75,-10.75,0,8.74E-05
-10.75,-11.25,0,0.001158474
-10.75,-11.75,0,-0.00039806
-10.75,-12.25,0,-0.000236484
-10.75,-12.75,0,-0.000439829
-10.75,-13.25,0,-0.001551514
-10.75,-13.75,0,-0.004326555
-10.75,-14.25,0,-0.003142734
-10.75,-14.75,0,-0.003179974
-10.25,14.75,0,0.013337249
-10.25,14.25,0,-0.00416689
-10.25,13.75,0,0.043331123
-10.25,13.25,0,0.927726459
-10.25,12.75,0,0.917764951
-10.25,12.25,0,0.971186837
-10.25,11.75,0,0.980104708
-10.25,11.25,0,0.965110961
-10.25,10.75,0,0.886247453
-10.25,10.25,0,0.929780181
-10.25,9.75,0,0.941520917
-10.25,9.25,0,0.968500087
-10.25,8.75,0,0.892798785
-10.25,8.25,0,1.001977842
-10.25,7.75,0,0.92199359
-10.25,7.25,0,0.954916597
-10.25,6.75,0,0.029575609
-10.25,6.25,0,-0.012185112
-10.25,5.75,0,0.001966479
-10.25,5.25,0,0.003363017
-10.25,4.75,0,0.000157039
-10.25,4.25,0,-0.0001468
-10.25,3.75,0,-0.003068837
-10.25,3.25,0,7.48E-05
-10.25,2.75,0,0.000132675
-10.25,2.25,0,-0.005264323
-10.25,1.75,0,-0.005842802
-10.25,1.25,0,-0.001411577
-10.25,0.75,0,0.000815177
-10.25,0.25,0,0.004025883
-10.25,-0.25,0,0.001233564
-10.25,-0.75,0,-0.000304715
-10.25,-1.25,0,-0.000872478
-10.25,-1.75,0,-0.000211372
-10.25,-2.25,0,0.000605907
-10.25,-2.75,0,-0.000377047
-10.25,-3.25,0,5.77E-05
-10.25,-3.75,0,0.001873466
-10.25,-4.25,0,0.00703606
-10.25,-4.75,0,0.005365778
-10.25,-5.25,0,-0.00770625
-10.25,-5.75,0,0.00013182
-10.25,-6.25,0,-0.00165547
-10.25,-6.75,0,-0.005069896
-10.25,-7.25,0,-0.002031821
-10.25,-7.75,0,-4.56E-05
-10.25,-8.25,0,0.001616115
-10.25,-8.75,0,-0.001137575
-10.25,-9.25,0,-0.005736867
-10.25,-9.75,0,-0.002037828
-10.25,-10.25,0,-0.00592316
-10.25,-10.75,0,0.004495948
-10.25,-11.25,0,-0.000559938
-10.25,-11.75,0,0.001015788
-10.25,-12.25,0,0.001050894
-10.25,-12.75,0,-0.002369526
-10.25,-13.25,0,-0.007388595
-10.25,-13.75,0,-0.005850601
-10.25,-14.25,0,0.000702719
-10.25,-14.75,0,-0.001009355
-9.75,14.75,0,0.015766712
-9.75,14.25,0,-0.00850722
-9.75,13.75,0,-0.014951124
-9.75,13.25,0,0.951980705
-9.75,12.75,0,0.970756163
-9.75,12.25,0,0.009131064
-9.75,11.75,0,0.040066223
-9.75,11.25,0,0.042561252
-9.75,10.75,0,0.017332413
-9.75,10.25,0,0.058749244
-9.75,9.75,0,0.045163332
-9.75,9.25,0,0.017630722
-9.75,8.75,0,0.028712374
-9.75,8.25,0,0.035227757
-9.75,7.75,0,-0.0158334
-9.75,7.25,0,0.003129931
-9.75,6.75,0,-0.001722717
-9.75,6.25,0,-0.000230427
-9.75,5.75,0,-0.000216378
-9.75,5.25,0,0.000214955
-9.75,4.75,0,0.000748746
-9.75,4.25,0,0.008661033
-9.75,3.75,0,0.000123881
-9.75,3.25,0,0.002367874
-9.75,2.75,0,4.42E-05
-9.75,2.25,0,-0.006891666
-9.75,1.75,0,-0.005447716
-9.75,1.25,0,0.001058095
-9.75,0.75,0,0.000978747
-9.75,0.25,0,0.001184886
-9.75,-0.25,0,0.003750254
-9.75,-0.75,0,0.008261873
-9.75,-1.25,0,0.002315416
-9.75,-1.75,0,-0.000327564
-9.75,-2.25,0,-4.05E-05
-9.75,-2.75,0,0.001479007
-9.75,-3.25,0,0.000442878
-9.75,-3.75,0,0.005614567
-9.75,-4.25,0,0.006966785
-9.75,-4.75,0,0.002241571
-9.75,-5.25,0,-0.008067378
-9.75,-5.75,0,-0.005699724
-9.75,-6.25,0,-0.003906759
-9.75,-6.75,0,0.001851686
-9.75,-7.25,0,0.000935221
-9.75,-7.75,0,0.007958055
-9.75,-8.25,0,0.000885753
-9.75,-8.75,0,-0.000768006
-9.75,-9.25,0,-0.000984738
-9.75,-9.75,0,0.004435801
-9.75,-10.25,0,0.003429953
-9.75,-10.75,0,0.000717815
-9.75,-11.25,0,-0.002288801
-9.75,-11.75,0,-0.000257697
-9.75,-12.25,0,-0.000100733
-9.75,-12.75,0,0.001640051
-9.75,-13.25,0,0.003733175
-9.75,-13.75,0,0.007162006
-9.75,-14.25,0,0.002471283
-9.75,-14.75,0,-0.003231061
-9.25,14.75,0,0.014708013
-9.25,14.25,0,0.0043758
-9.25,13.75,0,0.025242255
-9.25,13.25,0,0.905254579
-9.25,12.75,0,0.941370902
-9.25,12.25,0,0.01283073
-9.25,11.75,0,0.003865791
-9.25,11.25,0,0.002358004
-9.25,10.75,0,-0.010248576
-9.25,10.25,0,-0.002162005
-9.25,9.75,0,0.003982103
-9.25,9.25,0,-0.002482052
-9.25,8.75,0,0.001893676
-9.25,8.25,0,0.005340371
-9.25,7.75,0,-0.001382196
-9.25,7.25,0,-0.00226384
-9.25,6.75,0,0.00054904
-9.25,6.25,0,0.004486074
-9.25,5.75,0,0.002164502
-9.25,5.25,0,0.002487853
-9.25,4.75,0,0.000688161
-9.25,4.25,0,0.000952523
-9.25,3.75,0,-0.000437574
-9.25,3.25,0,0.002673478
-9.25,2.75,0,0.002168752
-9.25,2.25,0,-0.003126697
-9.25,1.75,0,-0.009083864
-9.25,1.25,0,0.004285784
-9.25,0.75,0,0.000529452
-9.25,0.25,0,0.001909362
-9.25,-0.25,0,0.003703029
-9.25,-0.75,0,0.003190261
-9.25,-1.25,0,0.004671849
-9.25,-1.75,0,0.000297585
-9.25,-2.25,0,-0.004006142
-9.25,-2.75,0,6.18E-05
-9.25,-3.25,0,-0.000227154
-9.25,-3.75,0,0.000960913
-9.25,-4.25,0,0.002241283
-9.25,-4.75,0,0.000703862
-9.25,-5.25,0,-0.001557325
-9.25,-5.75,0,-0.003883091
-9.25,-6.25,0,-0.002746009
-9.25,-6.75,0,0.003599755
-9.25,-7.25,0,0.000557589
-9.25,-7.75,0,0.005079039
-9.25,-8.25,0,0.002373457
-9.25,-8.75,0,-0.004317809
-9.25,-9.25,0,-0.00468521
-9.25,-9.75,0,-3.13E-05
-9.25,-10.25,0,0.002055246
-9.25,-10.75,0,-0.001583269
-9.25,-11.25,0,-0.000444238
-9.25,-11.75,0,0.000937949
-9.25,-12.25,0,0.000992346
-9.25,-12.75,0,0.001792775
-9.25,-13.25,0,0.004272352
-9.25,-13.75,0,0.003373824
-9.25,-14.25,0,-0.004732368
-9.25,-14.75,0,-0.000673309
-8.75,14.75,0,0.010125445
-8.75,14.25,0,-0.009856088
-8.75,13.75,0,0.036405093
-8.75,13.25,0,1.0315994
-8.75,12.75,0,0.931422016
-8.75,12.25,0,0.028037663
-8.75,11.75,0,0.000466403
-8.75,11.25,0,0.02058149
-8.75,10.75,0,0.005335633
-8.75,10.25,0,0.002075623
-8.75,9.75,0,0.012108931
-8.75,9.25,0,0.009143898
-8.75,8.75,0,0.012617719
-8.75,8.25,0,0.009197553
-8.75,7.75,0,0.007497176
-8.75,7.25,0,0.004557407
-8.75,6.75,0,0.001523947
-8.75,6.25,0,0.003574528
-8.75,5.75,0,0.003336383
-8.75,5.25,0,0.00246089
-8.75,4.75,0,0.000408867
-8.75,4.25,0,0.001585794
-8.75,3.75,0,0.004910411
-8.75,3.25,0,0.001457547
-8.75,2.75,0,0.002462298
-8.75,2.25,0,0.00155709
-8.75,1.75,0,0.00082374
-8.75,1.25,0,0.002602051
-8.75,0.75,0,0.001121485
-8.75,0.25,0,-0.004829629
-8.75,-0.25,0,0.007103254
-8.75,-0.75,0,0.007838863
-8.75,-1.25,0,0.007907825
-8.75,-1.75,0,0.002651504
-8.75,-2.25,0,-0.001131087
-8.75,-2.75,0,-0.002537054
-8.75,-3.25,0,-0.00085663
-8.75,-3.75,0,0.002325375
-8.75,-4.25,0,0.0075475
-8.75,-4.75,0,-1.21E-05
-8.75,-5.25,0,0.004710109
-8.75,-5.75,0,-0.001649393
-8.75,-6.25,0,0.000198858
-8.75,-6.75,0,-0.000313178
-8.75,-7.25,0,-0.004962881
-8.75,-7.75,0,0.007855183
-8.75,-8.25,0,-0.002615104
-8.75,-8.75,0,-0.004255001
-8.75,-9.25,0,-0.002433167
-8.75,-9.75,0,-0.000579311
-8.75,-10.25,0,0.000732496
-8.75,-10.75,0,0.001531183
-8.75,-11.25,0,0.009032383
-8.75,-11.75,0,0.005985903
-8.75,-12.25,0,0.001842319
-8.75,-12.75,0,-0.00020525
-8.75,-13.25,0,0.002828828
-8.75,-13.75,0,0.0003708
-8.75,-14.25,0,-0.001499639
-8.75,-14.75,0,0.001683679
-8.25,14.75,0,0.003889507
-8.25,14.25,0,-0.010879555
-8.25,13.75,0,0.013427381
-8.25,13.25,0,0.818283766
-8.25,12.75,0,0.974620837
-8.25,12.25,0,-0.011610218
-8.25,11.75,0,0.006625675
-8.25,11.25,0,0.006443964
-8.25,10.75,0,0.001648663
-8.25,10.25,0,-0.00389011
-8.25,9.75,0,-0.002828221
-8.25,9.25,0,-0.004459496
-8.25,8.75,0,0.002036693
-8.25,8.25,0,0.004348948
-8.25,7.75,0,0.002846915
-8.25,7.25,0,0.001839849
-8.25,6.75,0,-0.000286357
-8.25,6.25,0,0.000819672
-8.25,5.75,0,-0.000859377
-8.25,5.25,0,-0.004171462
-8.25,4.75,0,-0.001728872
-8.25,4.25,0,0.002107135
-8.25,3.75,0,0.004708038
-8.25,3.25,0,0.002685757
-8.25,2.75,0,0.006002775
-8.25,2.25,0,0.001616226
-8.25,1.75,0,0.006321188
-8.25,1.25,0,0.004604364
-8.25,0.75,0,-0.005423398
-8.25,0.25,0,0.000125468
-8.25,-0.25,0,-0.004883635
-8.25,-0.75,0,0.000349896
-8.25,-1.25,0,0.012885928
-8.25,-1.75,0,0.001011312
-8.25,-2.25,0,0.00022999
-8.25,-2.75,0,-1.29E-05
-8.25,-3.25,0,-0.000477655
-8.25,-3.75,0,0.002721389
-8.25,-4.25,0,0.000213557
-8.25,-4.75,0,0.000600671
-8.25,-5.25,0,-0.001110598
-8.25,-5.75,0,-0.000593448
-8.25,-6.25,0,-0.001133395
-8.25,-6.75,0,-0.002051288
-8.25,-7.25,0,-0.000719886
-8.25,-7.75,0,-0.003122035
-8.25,-8.25,0,-0.008735861
-8.25,-8.75,0,-0.006993945
-8.25,-9.25,0,-0.002561522
-8.25,-9.75,0,0.001970087
-8.25,-10.25,0,0.001409632
-8.25,-10.75,0,0.006275148
-8.25,-11.25,0,0.003678019
-8.25,-11.75,0,-0.000379822
-8.25,-12.25,0,-0.005654712
-8.25,-12.75,0,-0.000102831
-8.25,-13.25,0,3.32E-05
-8.25,-13.75,0,0.003211128
-8.25,-14.25,0,-0.000717394
-8.25,-14.75,0,0.004693563
-7.75,14.75,0,0.007023543
-7.75,14.25,0,5.19E-05
-7.75,13.75,0,0.033179658
-7.75,13.25,0,0.90791131
-7.75,12.75,0,0.979870172
-7.75,12.25,0,0.018641231
-7.75,11.75,0,-0.00084403
-7.75,11.25,0,-0.001141152
-7.75,10.75,0,-0.004512488
-7.75,10.25,0,-0.004377057
-7.75,9.75,0,-0.00284908
-7.75,9.25,0,-0.00718774
-7.75,8.75,0,-0.003511116
-7.75,8.25,0,7.30E-05
-7.75,7.75,0,-0.010442609
-7.75,7.25,0,-0.01823251
-7.75,6.75,0,-0.008128389
-7.75,6.25,0,0.00693217
-7.75,5.75,0,0.005887402
-7.75,5.25,0,-0.003723324
-7.75,4.75,0,-0.005164292
-7.75,4.25,0,-0.002176765
-7.75,3.75,0,0.0010853
-7.75,3.25,0,0.001243753
-7.75,2.75,0,0.008841921
-7.75,2.25,0,-0.000705381
-7.75,1.75,0,-0.004932814
-7.75,1.25,0,0.002978161
-7.75,0.75,0,-0.006026008
-7.75,0.25,0,-0.004689744
-7.75,-0.25,0,0.000393217
-7.75,-0.75,0,0.001351922
-7.75,-1.25,0,0.001039112
-7.75,-1.75,0,-0.000472198
-7.75,-2.25,0,-0.004148371
-7.75,-2.75,0,-0.005233604
-7.75,-3.25,0,-0.005966423
-7.75,-3.75,0,0.000651384
-7.75,-4.25,0,-0.002863358
-7.75,-4.75,0,-0.006413885
-7.75,-5.25,0,1.36E-05
-7.75,-5.75,0,-0.000430223
-7.75,-6.25,0,-0.003415216
-7.75,-6.75,0,4.85E-05
-7.75,-7.25,0,0.001695574
-7.75,-7.75,0,0.000227777
-7.75,-8.25,0,-0.002168456
-7.75,-8.75,0,-0.002207755
-7.75,-9.25,0,-0.001437287
-7.75,-9.75,0,0.001512166
-7.75,-10.25,0,0.002159173
-7.75,-10.75,0,0.007508076
-7.75,-11.25,0,-0.000171133
-7.75,-11.75,0,-0.00234899
-7.75,-12.25,0,-0.001111942
-7.75,-12.75,0,0.002467921
-7.75,-13.25,0,0.000138977
-7.75,-13.75,0,0.002614413
-7.75,-14.25,0,-0.001752011
-7.75,-14.75,0,-0.000974278
-7.25,14.75,0,0.007772314
-7.25,14.25,0,0.006919703
-7.25,13.75,0,0.01098958
-7.25,13.25,0,0.020248881
-7.25,12.75,0,-0.001120118
-7.25,12.25,0,0.000804617
-7.25,11.75,0,0.007964833
-7.25,11.25,0,-0.008637822
-7.25,10.75,0,-0.002728581
-7.25,10.25,0,-0.002561888
-7.25,9.75,0,0.00399777
-7.25,9.25,0,-0.00061749
-7.25,8.75,0,0.00339608
-7.25,8.25,0,-1.50E-05
-7.25,7.75,0,-0.003206602
-7.25,7.25,0,0.002633196
-7.25,6.75,0,0.001270031
-7.25,6.25,0,0.026882194
-7.25,5.75,0,0.020773424
-7.25,5.25,0,0.004126924
-7.25,4.75,0,-0.000510814
-7.25,4.25,0,0.003943267
-7.25,3.75,0,0.023039399
-7.25,3.25,0,0.006794255
-7.25,2.75,0,0.025060025
-7.25,2.25,0,0.013687873
-7.25,1.75,0,0.017893056
-7.25,1.25,0,0.013911705
-7.25,0.75,0,0.004338124
-7.25,0.25,0,0.014026365
-7.25,-0.25,0,-2.34E-05
-7.25,-0.75,0,-0.003383656
-7.25,-1.25,0,-0.001783503
-7.25,-1.75,0,-0.005453018
-7.25,-2.25,0,-0.009394566
-7.25,-2.75,0,-0.013203598
-7.25,-3.25,0,-0.000115357
-7.25,-3.75,0,-0.002141422
-7.25,-4.25,0,-0.000938438
-7.25,-4.75,0,-0.00198313
-7.25,-5.25,0,0.00302047
-7.25,-5.75,0,0.002342972
-7.25,-6.25,0,0.005079977
-7.25,-6.75,0,0.002612962
-7.25,-7.25,0,0.002990494
-7.25,-7.75,0,-0.000513197
-7.25,-8.25,0,-0.004637524
-7.25,-8.75,0,-0.008758299
-7.25,-9.25,0,-0.002695342
-7.25,-9.75,0,0.006150999
-7.25,-10.25,0,-0.00218728
-7.25,-10.75,0,0.000799274
-7.25,-11.25,0,0.000168496
-7.25,-11.75,0,0.00098524
-7.25,-12.25,0,-0.000409105
-7.25,-12.75,0,-0.00021786
-7.25,-13.25,0,0.001810138
-7.25,-13.75,0,-0.000130731
-7.25,-14.25,0,-2.03E-05
-7.25,-14.75,0,0.001939094
-6.75,14.75,0,0.002574301
-6.75,14.25,0,0.003614855
-6.75,13.75,0,-8.30E-05
-6.75,13.25,0,-0.001076691
-6.75,12.75,0,-0.010598219
-6.75,12.25,0,0.001151181
-6.75,11.75,0,0.009629862
-6.75,11.25,0,8.13E-05
-6.75,10.75,0,0.001099049
-6.75,10.25,0,0.003956165
-6.75,9.75,0,0.010704815
-6.75,9.25,0,0.004191883
-6.75,8.75,0,0.001018576
-6.75,8.25,0,-0.002106464
-6.75,7.75,0,-0.00158324
-6.75,7.25,0,0.021777754
-6.75,6.75,0,0.42683975
-6.75,6.25,0,0.444724288
-6.75,5.75,0,0.463265974
-6.75,5.25,0,0.476573872
-6.75,4.75,0,0.500353178
-6.75,4.25,0,0.488277483
-6.75,3.75,0,0.445152122
-6.75,3.25,0,0.482997375
-6.75,2.75,0,0.431492679
-6.75,2.25,0,0.475143047
-6.75,1.75,0,0.469490578
-6.75,1.25,0,0.442869688
-6.75,0.75,0,0.481603075
-6.75,0.25,0,0.453916882
-6.75,-0.25,0,0.014194523
-6.75,-0.75,0,-0.004789996
-6.75,-1.25,0,-0.001154259
-6.75,-1.75,0,-0.006335251
-6.75,-2.25,0,-0.00633063
-6.75,-2.75,0,-0.001442249
-6.75,-3.25,0,0.000485959
-6.75,-3.75,0,-0.001986824
-6.75,-4.25,0,-0.004549835
-6.75,-4.75,0,-0.004488812
-6.75,-5.25,0,0.002241295
-6.75,-5.75,0,0.002374461
-6.75,-6.25,0,0.001426366
-6.75,-6.75,0,0.004389754
-6.75,-7.25,0,0.00209189
-6.75,-7.75,0,-0.001785384
-6.75,-8.25,0,-0.006695301
-6.75,-8.75,0,-0.005186365
-6.75,-9.25,0,0.000851764
-6.75,-9.75,0,0.001883706
-6.75,-10.25,0,-0.005638629
-6.75,-10.75,0,-0.002310433
-6.75,-11.25,0,-0.000727473
-6.75,-11.75,0,9.92E-05
-6.75,-12.25,0,-0.001002443
-6.75,-12.75,0,-0.001620461
-6.75,-13.25,0,0.0017391
-6.75,-13.75,0,-0.000838011
-6.75,-14.25,0,-0.003490154
-6.75,-14.75,0,-0.00694349
-6.25,14.75,0,4.34E-05
-6.25,14.25,0,0.007341166
-6.25,13.75,0,0.00284883
-6.25,13.25,0,0.004421929
-6.25,12.75,0,0.000906829
-6.25,12.25,0,0.002913521
-6.25,11.75,0,-0.000438987
-6.25,11.25,0,-0.000681033
-6.25,10.75,0,0.001047894
-6.25,10.25,0,0.001633054
-6.25,9.75,0,0.003396
-6.25,9.25,0,0.001011956
-6.25,8.75,0,0.001362924
-6.25,8.25,0,-0.002234891
-6.25,7.75,0,-0.000178893
-6.25,7.25,0,0.021746154
-6.25,6.75,0,0.483305124
-6.25,6.25,0,0.467458426
-6.25,5.75,0,0.493100568
-6.25,5.25,0,0.454008448
-6.25,4.75,0,0.464415507
-6.25,4.25,0,0.462009244
-6.25,3.75,0,0.483475209
-6.25,3.25,0,0.498994877
-6.25,2.75,0,0.463081954
-6.25,2.25,0,0.461468888
-6.25,1.75,0,0.486049555
-6.25,1.25,0,0.47237713
-6.25,0.75,0,0.453085475
-6.25,0.25,0,0.482764813
-6.25,-0.25,0,0.022587698
-6.25,-0.75,0,-0.002783349
-6.25,-1.25,0,0.003078144
-6.25,-1.75,0,0.003361163
-6.25,-2.25,0,-0.004819452
-6.25,-2.75,0,3.90E-05
-6.25,-3.25,0,0.003337613
-6.25,-3.75,0,0.000382307
-6.25,-4.25,0,0.002709528
-6.25,-4.75,0,-0.001676282
-6.25,-5.25,0,0.001080075
-6.25,-5.75,0,0.004171237
-6.25,-6.25,0,-0.001224127
-6.25,-6.75,0,0.002199889
-6.25,-7.25,0,-0.004647115
-6.25,-7.75,0,-0.000693347
-6.25,-8.25,0,0.002851208
-6.25,-8.75,0,0.002180698
-6.25,-9.25,0,0.000748718
-6.25,-9.75,0,0.001895973
-6.25,-10.25,0,-0.003063019
-6.25,-10.75,0,-0.007937897
-6.25,-11.25,0,-0.007552976
-6.25,-11.75,0,0.000116148
-6.25,-12.25,0,-0.005436113
-6.25,-12.75,0,4.30E-05
-6.25,-13.25,0,-0.006239511
-6.25,-13.75,0,-0.000165766
-6.25,-14.25,0,8.12E-06
-6.25,-14.75,0,-0.000282595
-5.75,14.75,0,-0.000123149
-5.75,14.25,0,0.006973222
-5.75,13.75,0,0.001927398
-5.75,13.25,0,-0.000423186
-5.75,12.75,0,-2.10E-05
-5.75,12.25,0,0.001557608
-5.75,11.75,0,-0.00024367
-5.75,11.25,0,0.001198835
-5.75,10.75,0,-0.001397166
-5.75,10.25,0,0.000634962
-5.75,9.75,0,0.001713867
-5.75,9.25,0,0.001026522
-5.75,8.75,0,0.001071057
-5.75,8.25,0,-0.002314001
-5.75,7.75,0,0.000462971
-5.75,7.25,0,0.013092787
-5.75,6.75,0,0.471621642
-5.75,6.25,0,0.463256628
-5.75,5.75,0,0.010007323
-5.75,5.25,0,0.006916413
-5.75,4.75,0,0.024911288
-5.75,4.25,0,0.031878961
-5.75,3.75,0,0.494188179
-5.75,3.25,0,0.469012616
-5.75,2.75,0,0.030139916
-5.75,2.25,0,0.011585564
-5.75,1.75,0,0.009326539
-5.75,1.25,0,0.028444623
-5.75,0.75,0,0.486491935
-5.75,0.25,0,0.473882479
-5.75,-0.25,0,0.015400004
-5.75,-0.75,0,0.002166938
-5.75,-1.25,0,0.005634283
-5.75,-1.75,0,0.002333632
-5.75,-2.25,0,0.000118705
-5.75,-2.75,0,-0.002549655
-5.75,-3.25,0,0.003697961
-5.75,-3.75,0,-0.000875931
-5.75,-4.25,0,0.000860776
-5.75,-4.75,0,0.000567538
-5.75,-5.25,0,0.004379836
-5.75,-5.75,0,-0.000204065
-5.75,-6.25,0,-0.002805079
-5.75,-6.75,0,-0.001630137
-5.75,-7.25,0,-0.001002742
-5.75,-7.75,0,-0.000201956
-5.75,-8.25,0,-0.001764496
-5.75,-8.75,0,0.003739686
-5.75,-9.25,0,0.000319832
-5.75,-9.75,0,0.013485081
-5.75,-10.25,0,7.86E-05
-5.75,-10.75,0,-0.001713936
-5.75,-11.25,0,-0.000772145
-5.75,-11.75,0,0.000290125
-5.75,-12.25,0,0.003028854
-5.75,-12.75,0,0.011335516
-5.75,-13.25,0,-0.008086841
-5.75,-13.75,0,-0.005212206
-5.75,-14.25,0,-0.001238179
-5.75,-14.75,0,0.000210081
-5.25,14.75,0,-0.000154777
-5.25,14.25,0,0.000284158
-5.25,13.75,0,-0.001333325
-5.25,13.25,0,0.00099042
-5.25,12.75,0,0.000338916
-5.25,12.25,0,0.001012676
-5.25,11.75,0,-0.002512478
-5.25,11.25,0,-0.000743071
-5.25,10.75,0,-0.000164247
-5.25,10.25,0,-0.000431058
-5.25,9.75,0,0.000599135
-5.25,9.25,0,0.000111549
-5.25,8.75,0,0.000453884
-5.25,8.25,0,0.002850406
-5.25,7.75,0,-0.005521375
-5.25,7.25,0,0.018410114
-5.25,6.75,0,0.438048385
-5.25,6.25,0,0.47830046
-5.25,5.75,0,0.01704539
-5.25,5.25,0,-0.004253094
-5.25,4.75,0,-0.003862652
-5.25,4.25,0,0.016465548
-5.25,3.75,0,0.457150387
-5.25,3.25,0,0.523054376
-5.25,2.75,0,0.018489345
-5.25,2.25,0,-0.009938325
-5.25,1.75,0,-0.001862381
-5.25,1.25,0,0.031004763
-5.25,0.75,0,0.477116929
-5.25,0.25,0,0.438054243
-5.25,-0.25,0,0.01874457
-5.25,-0.75,0,-0.00576058
-5.25,-1.25,0,0.0055742
-5.25,-1.75,0,0.002023301
-5.25,-2.25,0,0.000663527
-5.25,-2.75,0,-0.00082667
-5.25,-3.25,0,0.002644474
-5.25,-3.75,0,-0.001606412
-5.25,-4.25,0,0.003152281
-5.25,-4.75,0,0.001223693
-5.25,-5.25,0,0.003410647
-5.25,-5.75,0,-0.002203236
-5.25,-6.25,0,0.000218055
-5.25,-6.75,0,-0.002364962
-5.25,-7.25,0,-0.003416042
-5.25,-7.75,0,0.00407953
-5.25,-8.25,0,0.000264759
-5.25,-8.75,0,0.000346367
-5.25,-9.25,0,0.000107867
-5.25,-9.75,0,-0.000683792
-5.25,-10.25,0,-0.004798778
-5.25,-10.75,0,-0.007881641
-5.25,-11.25,0,-0.004789466
-5.25,-11.75,0,-0.000520648
-5.25,-12.25,0,0.003510409
-5.25,-12.75,0,0.001364677
-5.25,-13.25,0,-0.000418826
-5.25,-13.75,0,-0.000927565
-5.25,-14.25,0,0.000447734
-5.25,-14.75,0,0.0036258
-4.75,14.75,0,-0.00103509
-4.75,14.25,0,-0.003189234
-4.75,13.75,0,0.000154556
-4.75,13.25,0,-0.00140103
-4.75,12.75,0,-0.007428277
-4.75,12.25,0,0.000369563
-4.75,11.75,0,0.001896575
-4.75,11.25,0,0.001937331
-4.75,10.75,0,0.000942969
-4.75,10.25,0,-0.000233436
-4.75,9.75,0,0.001950179
-4.75,9.25,0,0.003918729
-4.75,8.75,0,0.000995857
-4.75,8.25,0,0.003509192
-4.75,7.75,0,0.002093442
-4.75,7.25,0,0.028307177
-4.75,6.75,0,0.497755492
-4.75,6.25,0,0.461051823
-4.75,5.75,0,0.027581907
-4.75,5.25,0,0.010979676
-4.75,4.75,0,0.004456941
-4.75,4.25,0,0.016631962
-4.75,3.75,0,0.448694321
-4.75,3.25,0,0.485562136
-4.75,2.75,0,0.032267017
-4.75,2.25,0,0.006858436
-4.75,1.75,0,0.0031725
-4.75,1.25,0,0.010323339
-4.75,0.75,0,0.457959147
-4.75,0.25,0,0.464674285
-4.75,-0.25,0,0.000377233
-4.75,-0.75,0,-0.010837623
-4.75,-1.25,0,0.001810713
-4.75,-1.75,0,0.001232527
-4.75,-2.25,0,-0.003433999
-4.75,-2.75,0,-0.000228586
-4.75,-3.25,0,0.000889838
-4.75,-3.75,0,-0.002483197
-4.75,-4.25,0,-0.00204554
-4.75,-4.75,0,-0.002599625
-4.75,-5.25,0,-0.000825623
-4.75,-5.75,0,0.001875507
-4.75,-6.25,0,0.00067518
-4.75,-6.75,0,-0.001690105
-4.75,-7.25,0,0.000191372
-4.75,-7.75,0,0.001872924
-4.75,-8.25,0,-0.002624288
-4.75,-8.75,0,0.001248099
-4.75,-9.25,0,-0.002534975
-4.75,-9.75,0,-0.007304012
-4.75,-10.25,0,-0.000179676
-4.75,-10.75,0,0.002083112
-4.75,-11.25,0,0.001879486
-4.75,-11.75,0,-0.000134728
-4.75,-12.25,0,0.001564661
-4.75,-12.75,0,-6.71E-06
-4.75,-13.25,0,0.001012607
-4.75,-13.75,0,0.003875003
-4.75,-14.25,0,0.001744555
-4.75,-14.75,0,0.003512943
-4.25,14.75,0,0.00083287
-4.25,14.25,0,-0.000665578
-4.25,13.75,0,0.000302454
-4.25,13.25,0,-0.000935792
-4.25,12.75,0,-0.003219666
-4.25,12.25,0,0.000384897
-4.25,11.75,0,0.000407779
-4.25,11.25,0,-5.55E-05
-4.25,10.75,0,7.85E-06
-4.25,10.25,0,-0.000338052
-4.25,9.75,0,0.005353974
-4.25,9.25,0,-0.000222053
-4.25,8.75,0,-2.44E-05
-4.25,8.25,0,0.005322743
-4.25,7.75,0,-0.00540316
-4.25,7.25,0,0.008904065
-4.25,6.75,0,0.443041585
-4.25,6.25,0,0.486444523
-4.25,5.75,0,0.015264795
-4.25,5.25,0,0.004327525
-4.25,4.75,0,-0.007143894
-4.25,4.25,0,0.008891972
-4.25,3.75,0,0.492198184
-4.25,3.25,0,0.449192537
-4.25,2.75,0,0.020730937
-4.25,2.25,0,0.00362635
-4.25,1.75,0,0.005450456
-4.25,1.25,0,0.005469995
-4.25,0.75,0,0.475787876
-4.25,0.25,0,0.465207534
-4.25,-0.25,0,0.036475914
-4.25,-0.75,0,-0.004557562
-4.25,-1.25,0,0.001107227
-4.25,-1.75,0,0.000324094
-4.25,-2.25,0,-0.000197753
-4.25,-2.75,0,-0.000137441
-4.25,-3.25,0,0.000352144
-4.25,-3.75,0,0.001224009
-4.25,-4.25,0,0.007234003
-4.25,-4.75,0,-0.002563067
-4.25,-5.25,0,-0.0014859
-4.25,-5.75,0,0.005744376
-4.25,-6.25,0,0.008225084
-4.25,-6.75,0,-0.001549155
-4.25,-7.25,0,-0.006219084
-4.25,-7.75,0,0.000309107
-4.25,-8.25,0,-0.001307508
-4.25,-8.75,0,0.000148778
-4.25,-9.25,0,-0.000129506
-4.25,-9.75,0,9.76E-05
-4.25,-10.25,0,-0.00217051
-4.25,-10.75,0,0.000418341
-4.25,-11.25,0,-0.000560868
-4.25,-11.75,0,-0.006417477
-4.25,-12.25,0,-0.001229222
-4.25,-12.75,0,-0.00129279
-4.25,-13.25,0,0.011831295
-4.25,-13.75,0,0.000969733
-4.25,-14.25,0,-0.00043783
-4.25,-14.75,0,-0.001325051
-3.75,14.75,0,0.001412353
-3.75,14.25,0,0.001976606
-3.75,13.75,0,-0.002313702
-3.75,13.25,0,-0.002267915
-3.75,12.75,0,0.001402969
-3.75,12.25,0,0.002242597
-3.75,11.75,0,0.000208377
-3.75,11.25,0,0.003754795
-3.75,10.75,0,0.000151006
-3.75,10.25,0,0.002066765
-3.75,9.75,0,0.001963618
-3.75,9.25,0,0.005583313
-3.75,8.75,0,0.002958059
-3.75,8.25,0,0.005049675
-3.75,7.75,0,-0.006498802
-3.75,7.25,0,0.010095112
-3.75,6.75,0,0.476121133
-3.75,6.25,0,0.467714339
-3.75,5.75,0,0.00778918
-3.75,5.25,0,0.00246802
-3.75,4.75,0,0.001517996
-3.75,4.25,0,0.004285722
-3.75,3.75,0,0.460580862
-3.75,3.25,0,0.489790095
-3.75,2.75,0,0.011701312
-3.75,2.25,0,-0.005174787
-3.75,1.75,0,-0.003618098
-3.75,1.25,0,0.02755879
-3.75,0.75,0,0.509034997
-3.75,0.25,0,0.416982308
-3.75,-0.25,0,0.02519276
-3.75,-0.75,0,-0.008996181
-3.75,-1.25,0,0.002377839
-3.75,-1.75,0,-0.001434016
-3.75,-2.25,0,0.001333205
-3.75,-2.75,0,0.00652443
-3.75,-3.25,0,0.003271955
-3.75,-3.75,0,0.003145263
-3.75,-4.25,0,0.00537746
-3.75,-4.75,0,-0.002613327
-3.75,-5.25,0,-0.00280144
-3.75,-5.75,0,-0.004257233
-3.75,-6.25,0,-0.006311229
-3.75,-6.75,0,-0.003308586
-3.75,-7.25,0,-0.00527578
-3.75,-7.75,0,-0.000426802
-3.75,-8.25,0,-0.0005322
-3.75,-8.75,0,0.000683601
-3.75,-9.25,0,-0.000491725
-3.75,-9.75,0,0.000424743
-3.75,-10.25,0,-0.000131773
-3.75,-10.75,0,-0.005693169
-3.75,-11.25,0,-0.010857048
-3.75,-11.75,0,-0.011387586
-3.75,-12.25,0,-0.003659472
-3.75,-12.75,0,0.000170672
-3.75,-13.25,0,0.003324843
-3.75,-13.75,0,-0.001332039
-3.75,-14.25,0,-0.003038965
-3.75,-14.75,0,-0.013543236
-3.25,14.75,0,0.008599422
-3.25,14.25,0,-0.000284089
-3.25,13.75,0,-0.000567558
-3.25,13.25,0,-0.007111234
-3.25,12.75,0,-8.09E-05
-3.25,12.25,0,0.002531737
-3.25,11.75,0,-0.002705798
-3.25,11.25,0,0.000148856
-3.25,10.75,0,-0.002479417
-3.25,10.25,0,0.00111082
-3.25,9.75,0,0.001528116
-3.25,9.25,0,0.000180946
-3.25,8.75,0,0.002989823
-3.25,8.25,0,0.000914997
-3.25,7.75,0,-0.004169641
-3.25,7.25,0,0.023281724
-3.25,6.75,0,0.479831616
-3.25,6.25,0,0.465302612
-3.25,5.75,0,0.008449651
-3.25,5.25,0,0.000921981
-3.25,4.75,0,-0.008474025
-3.25,4.25,0,0.010259652
-3.25,3.75,0,0.449066445
-3.25,3.25,0,0.412133061
-3.25,2.75,0,0.042923319
-3.25,2.25,0,0.002924631
-3.25,1.75,0,-0.006504826
-3.25,1.25,0,0.018105864
-3.25,0.75,0,0.476098566
-3.25,0.25,0,0.458311681
-3.25,-0.25,0,0.015030012
-3.25,-0.75,0,-0.00251869
-3.25,-1.25,0,0.005107638
-3.25,-1.75,0,0.000876734
-3.25,-2.25,0,0.002560755
-3.25,-2.75,0,0.001147323
-3.25,-3.25,0,-0.000114106
-3.25,-3.75,0,0.001911133
-3.25,-4.25,0,0.006909371
-3.25,-4.75,0,-0.003575501
-3.25,-5.25,0,-0.00265915
-3.25,-5.75,0,-0.004789731
-3.25,-6.25,0,-0.006919236
-3.25,-6.75,0,0.00028388
-3.25,-7.25,0,-0.001771938
-3.25,-7.75,0,-0.005746955
-3.25,-8.25,0,-0.002858299
-3.25,-8.75,0,0.002330661
-3.25,-9.25,0,0.001483928
-3.25,-9.75,0,0.000184643
-3.25,-10.25,0,-0.004670829
-3.25,-10.75,0,-0.002056204
-3.25,-11.25,0,-0.002180356
-3.25,-11.75,0,0.001876725
-3.25,-12.25,0,-0.000750685
-3.25,-12.75,0,0.002624935
-3.25,-13.25,0,0.007741331
-3.25,-13.75,0,0.006113952
-3.25,-14.25,0,0.000230353
-3.25,-14.75,0,-0.007401047
-2.75,14.75,0,0.01158374
-2.75,14.25,0,-0.001618661
-2.75,13.75,0,-0.004334777
-2.75,13.25,0,-0.000826735
-2.75,12.75,0,0.001581317
-2.75,12.25,0,0.001421798
-2.75,11.75,0,-0.002443513
-2.75,11.25,0,-0.004849721
-2.75,10.75,0,-0.007870029
-2.75,10.25,0,-0.001320691
-2.75,9.75,0,-0.000251316
-2.75,9.25,0,8.44E-05
-2.75,8.75,0,0.001195699
-2.75,8.25,0,0.002456016
-2.75,7.75,0,-0.004090562
-2.75,7.25,0,0.023785837
-2.75,6.75,0,0.440975303
-2.75,6.25,0,0.494237763
-2.75,5.75,0,0.015724388
-2.75,5.25,0,0.001203032
-2.75,4.75,0,-0.002376416
-2.75,4.25,0,0.021926112
-2.75,3.75,0,0.48154433
-2.75,3.25,0,0.480220825
-2.75,2.75,0,0.016651374
-2.75,2.25,0,0.001443709
-2.75,1.75,0,-0.002883272
-2.75,1.25,0,0.010737817
-2.75,0.75,0,0.446701052
-2.75,0.25,0,0.474113783
-2.75,-0.25,0,0.016958192
-2.75,-0.75,0,-0.009588426
-2.75,-1.25,0,0.00102265
-2.75,-1.75,0,-0.003175418
-2.75,-2.25,0,-0.003571477
-2.75,-2.75,0,-0.003681029
-2.75,-3.25,0,2.23E-05
-2.75,-3.75,0,-0.000612717
-2.75,-4.25,0,3.40E-05
-2.75,-4.75,0,-0.000660484
-2.75,-5.25,0,-0.000743077
-2.75,-5.75,0,-4.70E-05
-2.75,-6.25,0,-0.000166913
-2.75,-6.75,0,-0.000193798
-2.75,-7.25,0,-0.000782888
-2.75,-7.75,0,0.000369395
-2.75,-8.25,0,-0.001534522
-2.75,-8.75,0,-0.000111644
-2.75,-9.25,0,-0.001068584
-2.75,-9.75,0,-0.000802429
-2.75,-10.25,0,-0.00085858
-2.75,-10.75,0,0.000817979
-2.75,-11.25,0,0.00058191
-2.75,-11.75,0,0.005266577
-2.75,-12.25,0,0.000978296
-2.75,-12.75,0,0.001025296
-2.75,-13.25,0,0.001754265
-2.75,-13.75,0,0.006590441
-2.75,-14.25,0,8.21E-05
-2.75,-14.75,0,-0.002310478
-2.25,14.75,0,0.001353128
-2.25,14.25,0,-0.000496667
-2.25,13.75,0,-0.006777069
-2.25,13.25,0,-0.002693087
-2.25,12.75,0,-0.001028309
-2.25,12.25,0,0.001772038
-2.25,11.75,0,0.002039738
-2.25,11.25,0,-0.000600403
-2.25,10.75,0,-0.00012171
-2.25,10.25,0,-0.002329869
-2.25,9.75,0,-0.000245985
-2.25,9.25,0,3.23E-05
-2.25,8.75,0,0.001091691
-2.25,8.25,0,0.002435223
-2.25,7.75,0,-0.001936421
-2.25,7.25,0,-0.010280717
-2.25,6.75,0,0.01343059
-2.25,6.25,0,0.019433915
-2.25,5.75,0,0.003918851
-2.25,5.25,0,0.001900003
-2.25,4.75,0,0.002348108
-2.25,4.25,0,-0.00154761
-2.25,3.75,0,0.002485529
-2.25,3.25,0,0.015018306
-2.25,2.75,0,-0.001986168
-2.25,2.25,0,-0.00334162
-2.25,1.75,0,0.001818986
-2.25,1.25,0,0.011722885
-2.25,0.75,0,0.014263438
-2.25,0.25,0,0.013760625
-2.25,-0.25,0,-0.001529194
-2.25,-0.75,0,-0.003300915
-2.25,-1.25,0,0.000172115
-2.25,-1.75,0,-0.001472593
-2.25,-2.25,0,-0.006971353
-2.25,-2.75,0,-0.000110145
-2.25,-3.25,0,0.000653299
-2.25,-3.75,0,-0.00202803
-2.25,-4.25,0,-0.001414045
-2.25,-4.75,0,-0.000226656
-2.25,-5.25,0,-0.000870739
-2.25,-5.75,0,-0.000767565
-2.25,-6.25,0,-0.001923751
-2.25,-6.75,0,-0.002862543
-2.25,-7.25,0,-0.001459341
-2.25,-7.75,0,-0.000338461
-2.25,-8.25,0,-0.003296276
-2.25,-8.75,0,-0.000624502
-2.25,-9.25,0,-0.003606098
-2.25,-9.75,0,-0.004127057
-2.25,-10.25,0,0.002857601
-2.25,-10.75,0,0.002098161
-2.25,-11.25,0,1.74E-06
-2.25,-11.75,0,0.003528172
-2.25,-12.25,0,0.000948016
-2.25,-12.75,0,0.00187784
-2.25,-13.25,0,0.000737122
-2.25,-13.75,0,0.001596887
-2.25,-14.25,0,0.000520723
-2.25,-14.75,0,-0.00046042
-1.75,14.75,0,-0.000259835
-1.75,14.25,0,0.002436503
-1.75,13.75,0,-0.000666907
-1.75,13.25,0,-0.001327323
-1.75,12.75,0,-0.003385131
-1.75,12.25,0,0.000112999
-1.75,11.75,0,0.004493031
-1.75,11.25,0,-0.001142276
-1.75,10.75,0,0.000930012
-1.75,10.25,0,-0.002168436
-1.75,9.75,0,0.001596037
-1.75,9.25,0,0.008122624
-1.75,8.75,0,0.000641948
-1.75,8.25,0,-0.000193691
-1.75,7.75,0,0.001976138
-1.75,7.25,0,-0.004139507
-1.75,6.75,0,-0.006034225
-1.75,6.25,0,-0.001004197
-1.75,5.75,0,-0.000863537
-1.75,5.25,0,0.000761826
-1.75,4.75,0,0.001900079
-1.75,4.25,0,-0.000181368
-1.75,3.75,0,-0.004142049
-1.75,3.25,0,-0.002473506
-1.75,2.75,0,-0.001787973
-1.75,2.25,0,-0.000495478
-1.75,1.75,0,0.000856875
-1.75,1.25,0,-0.000321536
-1.75,0.75,0,-0.00815882
-1.75,0.25,0,-0.006878805
-1.75,-0.25,0,0.000807669
-1.75,-0.75,0,0.000333932
-1.75,-1.25,0,-0.003000435
-1.75,-1.75,0,-0.000107649
-1.75,-2.25,0,-0.003097003
-1.75,-2.75,0,-0.006220915
-1.75,-3.25,0,-0.005343258
-1.75,-3.75,0,-0.004347451
-1.75,-4.25,0,4.43E-05
-1.75,-4.75,0,0.001239422
-1.75,-5.25,0,-0.002107138
-1.75,-5.75,0,-0.001920852
-1.75,-6.25,0,-0.003701977
-1.75,-6.75,0,-0.004335254
-1.75,-7.25,0,-0.00131865
-1.75,-7.75,0,-0.00222693
-1.75,-8.25,0,-0.001622265
-1.75,-8.75,0,-0.000135398
-1.75,-9.25,0,-0.00267697
-1.75,-9.75,0,-0.004460467
-1.75,-10.25,0,-0.001693222
-1.75,-10.75,0,-0.00127041
-1.75,-11.25,0,-0.005546236
-1.75,-11.75,0,-0.001125489
-1.75,-12.25,0,0.002870141
-1.75,-12.75,0,0.008431339
-1.75,-13.25,0,-0.000174201
-1.75,-13.75,0,0.001727285
-1.75,-14.25,0,0.007370366
-1.75,-14.75,0,-0.000140102
-1.25,14.75,0,-0.00022417
-1.25,14.25,0,0.000421227
-1.25,13.75,0,4.60E-05
-1.25,13.25,0,-0.002770972
-1.25,12.75,0,-0.000291319
-1.25,12.25,0,-0.001545714
-1.25,11.75,0,-0.003429342
-1.25,11.25,0,-0.000635572
-1.25,10.75,0,0.00222879
-1.25,10.25,0,0.000895666
-1.25,9.75,0,0.001125088
-1.25,9.25,0,0.004797665
-1.25,8.75,0,0.003565316
-1.25,8.25,0,-0.000598544
-1.25,7.75,0,9.23E-05
-1.25,7.25,0,0.000572275
-1.25,6.75,0,9.40E-05
-1.25,6.25,0,0.002435452
-1.25,5.75,0,-0.002306478
-1.25,5.25,0,-0.005614011
-1.25,4.75,0,-0.002124647
-1.25,4.25,0,0.000262474
-1.25,3.75,0,0.000127544
-1.25,3.25,0,-0.00011242
-1.25,2.75,0,0.001280617
-1.25,2.25,0,0.000519009
-1.25,1.75,0,0.001322591
-1.25,1.25,0,0.009126209
-1.25,0.75,0,0.005486297
-1.25,0.25,0,0.000514704
-1.25,-0.25,0,0.002520198
-1.25,-0.75,0,0.003225471
-1.25,-1.25,0,0.003426619
-1.25,-1.75,0,0.001022663
-1.25,-2.25,0,0.012140159
-1.25,-2.75,0,0.002205052
-1.25,-3.25,0,0.002765765
-1.25,-3.75,0,0.002295581
-1.25,-4.25,0,0.005525322
-1.25,-4.75,0,0.018577572
-1.25,-5.25,0,0.009781468
-1.25,-5.75,0,0.003130908
-1.25,-6.25,0,0.010142135
-1.25,-6.75,0,0.003736527
-1.25,-7.25,0,-1.50E-05
-1.25,-7.75,0,-0.001222574
-1.25,-8.25,0,-0.001648172
-1.25,-8.75,0,-0.000617
-1.25,-9.25,0,-0.000101643
-1.25,-9.75,0,0.001143382
-1.25,-10.25,0,-0.000991196
-1.25,-10.75,0,0.00069377
-1.25,-11.25,0,-0.001268976
-1.25,-11.75,0,0.000698406
-1.25,-12.25,0,0.008032103
-1.25,-12.75,0,0.002687137
-1.25,-13.25,0,0.000904886
-1.25,-13.75,0,-0.0014397
-1.25,-14.25,0,3.49E-05
-1.25,-14.75,0,-0.002886974
-0.75,14.75,0,-0.000499373
-0.75,14.25,0,-0.001766612
-0.75,13.75,0,-7.47E-05
-0.75,13.25,0,-0.00142876
-0.75,12.75,0,0.001985587
-0.75,12.25,0,0.000318181
-0.75,11.75,0,-0.006849084
-0.75,11.25,0,-0.009233514
-0.75,10.75,0,-0.005276062
-0.75,10.25,0,-0.002433363
-0.75,9.75,0,2.36E-05
-0.75,9.25,0,8.51E-06
-0.75,8.75,0,-0.002776434
-0.75,8.25,0,-0.005560077
-0.75,7.75,0,-0.001993772
-0.75,7.25,0,-0.003100387
-0.75,6.75,0,-0.000851347
-0.75,6.25,0,-0.001242175
-0.75,5.75,0,0.000321348
-0.75,5.25,0,-0.001884
-0.75,4.75,0,-0.00025868
-0.75,4.25,0,-0.000482227
-0.75,3.75,0,0.006361755
-0.75,3.25,0,8.17E-05
-0.75,2.75,0,-0.000137245
-0.75,2.25,0,-0.002869198
-0.75,1.75,0,1.25E-05
-0.75,1.25,0,-0.000534379
-0.75,0.75,0,-0.004118704
-0.75,0.25,0,-0.00646526
-0.75,-0.25,0,-0.001934593
-0.75,-0.75,0,0.001707
-0.75,-1.25,0,-0.004236336
-0.75,-1.75,0,-0.006085491
-0.75,-2.25,0,-0.004166776
-0.75,-2.75,0,-0.046606265
-0.75,-3.25,0,-0.020218235
-0.75,-3.75,0,-0.032575912
-0.75,-4.25,0,-0.016641743
-0.75,-4.75,0,-0.006425267
-0.75,-5.25,0,-0.026893588
-0.75,-5.75,0,-0.020313676
-0.75,-6.25,0,-0.009995504
-0.75,-6.75,0,-0.026759812
-0.75,-7.25,0,-0.004367991
-0.75,-7.75,0,0.004877725
-0.75,-8.25,0,0.009934809
-0.75,-8.75,0,0.001557804
-0.75,-9.25,0,0.000474084
-0.75,-9.75,0,0.003251065
-0.75,-10.25,0,0.000299284
-0.75,-10.75,0,1.27E-05
-0.75,-11.25,0,-0.004382911
-0.75,-11.75,0,-0.003050958
-0.75,-12.25,0,0.000352736
-0.75,-12.75,0,0.003772015
-0.75,-13.25,0,0.002441354
-0.75,-13.75,0,-0.002506669
-0.75,-14.25,0,-0.001811103
-0.75,-14.75,0,-0.004586032
-0.25,14.75,0,-0.00531887
-0.25,14.25,0,-4.37E-05
-0.25,13.75,0,3.05E-05
-0.25,13.25,0,0.004248966
-0.25,12.75,0,0.000547272
-0.25,12.25,0,0.002956162
-0.25,11.75,0,-0.00037301
-0.25,11.25,0,0.001071409
-0.25,10.75,0,0.003196591
-0.25,10.25,0,-0.000707734
-0.25,9.75,0,-0.000660783
-0.25,9.25,0,-0.012938738
-0.25,8.75,0,-0.001752708
-0.25,8.25,0,-0.000463692
-0.25,7.75,0,0.000447523
-0.25,7.25,0,0.005848285
-0.25,6.75,0,0.002383224
-0.25,6.25,0,-0.000107596
-0.25,5.75,0,0.000171936
-0.25,5.25,0,-0.002927111
-0.25,4.75,0,-0.000318957
-0.25,4.25,0,0.001320866
-0.25,3.75,0,-6.87E-05
-0.25,3.25,0,-0.005877839
-0.25,2.75,0,0.000558397
-0.25,2.25,0,-0.002400269
-0.25,1.75,0,-0.001419273
-0.25,1.25,0,-0.001244586
-0.25,0.75,0,-0.003309033
-0.25,0.25,0,-0.005024702
-0.25,-0.25,0,-0.002457884
-0.25,-0.75,0,-0.015411405
-0.25,-1.25,0,-0.468997519
-0.25,-1.75,0,-0.465979849
-0.25,-2.25,0,-0.449294995
-0.25,-2.75,0,-0.479612778
-0.25,-3.25,0,-0.458661943
-0.25,-3.75,0,-0.411911428
-0.25,-4.25,0,-0.506887778
-0.25,-4.75,0,-0.477086141
-0.25,-5.25,0,-0.453402249
-0.25,-5.75,0,-0.457757426
-0.25,-6.25,0,-0.46202482
-0.25,-6.75,0,-0.492142761
-0.25,-7.25,0,-0.45159312
-0.25,-7.75,0,-0.007649482
-0.25,-8.25,0,0.004772447
-0.25,-8.75,0,0.002231479
-0.25,-9.25,0,-0.000119403
-0.25,-9.75,0,0.001308006
-0.25,-10.25,0,2.77E-05
-0.25,-10.75,0,0.000868616
-0.25,-11.25,0,-0.004071997
-0.25,-11.75,0,-0.003612217
-0.25,-12.25,0,-0.001350469
-0.25,-12.75,0,0.006100077
-0.25,-13.25,0,-0.001863894
-0.25,-13.75,0,-0.004678687
-0.25,-14.25,0,-0.001234348
-0.25,-14.75,0,-0.004184431
0.25,14.75,0,-0.003647888
0.25,14.25,0,0.000340858
0.25,13.75,0,0.00092277
0.25,13.25,0,0.006083506
0.25,12.75,0,0.002103576
0.25,12.25,0,0.005667004
0.25,11.75,0,0.003558716
0.25,11.25,0,0.006772496
0.25,10.75,0,0.000317643
0.25,10.25,0,-0.007287997
0.25,9.75,0,-0.004714824
0.25,9.25,0,-0.002915182
0.25,8.75,0,0.000616367
0.25,8.25,0,-6.58E-05
0.25,7.75,0,0.001485334
0.25,7.25,0,0.003566234
0.25,6.75,0,0.005822336
0.25,6.25,0,-0.000893255
0.25,5.75,0,1.91E-06
0.25,5.25,0,-0.000523325
0.25,4.75,0,0.004047735
0.25,4.25,0,0.003527378
0.25,3.75,0,0.001807794
0.25,3.25,0,-0.000352048
0.25,2.75,0,0.003744627
0.25,2.25,0,0.004545528
0.25,1.75,0,-0.003300415
0.25,1.25,0,-0.004211547
0.25,0.75,0,-0.000345281
0.25,0.25,0,-0.000348957
0.25,-0.25,0,0.010026825
0.25,-0.75,0,-0.009885086
0.25,-1.25,0,-0.496098885
0.25,-1.75,0,-0.479902586
0.25,-2.25,0,-0.502401407
0.25,-2.75,0,-0.52536949
0.25,-3.25,0,-0.453271211
0.25,-3.75,0,-0.510385442
0.25,-4.25,0,-0.430096988
0.25,-4.75,0,-0.461279458
0.25,-5.25,0,-0.470390734
0.25,-5.75,0,-0.487281182
0.25,-6.25,0,-0.456460178
0.25,-6.75,0,-0.475281765
0.25,-7.25,0,-0.460651501
0.25,-7.75,0,-0.012017516
0.25,-8.25,0,0.00250766
0.25,-8.75,0,-0.000753746
0.25,-9.25,0,-0.000356311
0.25,-9.75,0,0.000137151
0.25,-10.25,0,0.001597976
0.25,-10.75,0,0.001743934
0.25,-11.25,0,-8.63E-05
0.25,-11.75,0,-0.004102543
0.25,-12.25,0,-0.005134241
0.25,-12.75,0,1.00E-05
0.25,-13.25,0,-0.000393849
0.25,-13.75,0,-0.000918953
0.25,-14.25,0,-0.008293165
0.25,-14.75,0,-0.000403156
0.75,14.75,0,-3.13E-06
0.75,14.25,0,-0.000356856
0.75,13.75,0,-0.00014425
0.75,13.25,0,0.002058454
0.75,12.75,0,0.000174566
0.75,12.25,0,-0.000202833
0.75,11.75,0,-1.51E-05
0.75,11.25,0,-0.001859534
0.75,10.75,0,-0.000268823
0.75,10.25,0,0.002476508
0.75,9.75,0,-0.008387651
0.75,9.25,0,-0.002880251
0.75,8.75,0,0.011749593
0.75,8.25,0,0.00182201
0.75,7.75,0,0.000926596
0.75,7.25,0,0.003423705
0.75,6.75,0,-0.00150263
0.75,6.25,0,0.003884381
0.75,5.75,0,0.002059869
0.75,5.25,0,-0.001647186
0.75,4.75,0,-4.14E-07
0.75,4.25,0,0.001356037
0.75,3.75,0,-0.000696319
0.75,3.25,0,-0.001301794
0.75,2.75,0,-0.000271083
0.75,2.25,0,-8.41E-05
0.75,1.75,0,-0.001409597
0.75,1.25,0,0.000416865
0.75,0.75,0,-0.000128689
0.75,0.25,0,0.002421302
0.75,-0.25,0,0.001637411
0.75,-0.75,0,-0.013185403
0.75,-1.25,0,-0.433856757
0.75,-1.75,0,-0.499340607
0.75,-2.25,0,-0.42142631
0.75,-2.75,0,-0.03791834
0.75,-3.25,0,0.001882512
0.75,-3.75,0,-0.016224446
0.75,-4.25,0,-0.029935146
0.75,-4.75,0,-0.020324472
0.75,-5.25,0,-0.017556637
0.75,-5.75,0,-0.013733798
0.75,-6.25,0,-0.011538297
0.75,-6.75,0,-0.023462643
0.75,-7.25,0,-0.01087042
0.75,-7.75,0,-0.005874928
0.75,-8.25,0,0.004660099
0.75,-8.75,0,0.002521833
0.75,-9.25,0,0.003498841
0.75,-9.75,0,0.001255154
0.75,-10.25,0,0.003815263
0.75,-10.75,0,0.000647096
0.75,-11.25,0,-0.000160971
0.75,-11.75,0,-0.000796343
0.75,-12.25,0,3.29E-05
0.75,-12.75,0,-0.000238403
0.75,-13.25,0,2.79E-05
0.75,-13.75,0,2.21E-05
0.75,-14.25,0,-0.001537631
0.75,-14.75,0,-0.006498584
1.25,14.75,0,-0.000873479
1.25,14.25,0,-0.008237154
1.25,13.75,0,-8.64E-05
1.25,13.25,0,0.002065236
1.25,12.75,0,-0.000233224
1.25,12.25,0,0.000443199
1.25,11.75,0,0.000193397
1.25,11.25,0,3.15E-05
1.25,10.75,0,0.007107224
1.25,10.25,0,0.004935618
1.25,9.75,0,0.000103668
1.25,9.25,0,0.001110575
1.25,8.75,0,0.004547926
1.25,8.25,0,0.004709155
1.25,7.75,0,-0.001487897
1.25,7.25,0,0.001580126
1.25,6.75,0,-6.38E-06
1.25,6.25,0,-0.001776026
1.25,5.75,0,-0.007204415
1.25,5.25,0,-0.004535323
1.25,4.75,0,-0.000157199
1.25,4.25,0,0.000937534
1.25,3.75,0,0.000928707
1.25,3.25,0,-0.000763929
1.25,2.75,0,-0.000738489
1.25,2.25,0,0.001044705
1.25,1.75,0,0.003057164
1.25,1.25,0,0.002691318
1.25,0.75,0,-0.005412541
1.25,0.25,0,-0.003195842
1.25,-0.25,0,-0.000364407
1.25,-0.75,0,0.005246394
1.25,-1.25,0,-0.037617422
1.25,-1.75,0,-0.456452054
1.25,-2.25,0,-0.509357079
1.25,-2.75,0,-0.439903318
1.25,-3.25,0,-0.031327014
1.25,-3.75,0,-0.002117392
1.25,-4.25,0,0.001295264
1.25,-4.75,0,0.01344088
1.25,-5.25,0,-0.005848957
1.25,-5.75,0,0.000823028
1.25,-6.25,0,0.00346572
1.25,-6.75,0,4.61E-06
1.25,-7.25,0,0.000782645
1.25,-7.75,0,-0.000465738
1.25,-8.25,0,0.0016241
1.25,-8.75,0,0.000680153
1.25,-9.25,0,0.000990939
1.25,-9.75,0,0.001245351
1.25,-10.25,0,0.001567
1.25,-10.75,0,0.001794381
1.25,-11.25,0,0.000591188
1.25,-11.75,0,0.002559312
1.25,-12.25,0,5.58E-05
1.25,-12.75,0,0.000114229
1.25,-13.25,0,0.000226658
1.25,-13.75,0,0.000759164
1.25,-14.25,0,0.000345426
1.25,-14.75,0,0.001128189
1.75,14.75,0,-0.000493526
1.75,14.25,0,-0.000157803
1.75,13.75,0,-0.00052394
1.75,13.25,0,0.004601058
1.75,12.75,0,0.001663055
1.75,12.25,0,-0.000197019
1.75,11.75,0,-0.002456205
1.75,11.25,0,-0.000781295
1.75,10.75,0,0.002171274
1.75,10.25,0,0.001706769
1.75,9.75,0,0.001096529
1.75,9.25,0,-0.001201914
1.75,8.75,0,-8.10E-05
1.75,8.25,0,0.000241528
1.75,7.75,0,-0.00033936
1.75,7.25,0,0.001739091
1.75,6.75,0,0.001239195
1.75,6.25,0,-0.000306394
1.75,5.75,0,-0.002447905
1.75,5.25,0,-0.001248934
1.75,4.75,0,-0.002509415
1.75,4.25,0,-0.001933533
1.75,3.75,0,-8.45E-06
1.75,3.25,0,-0.001322933
1.75,2.75,0,-0.000398271
1.75,2.25,0,0.00073673
1.75,1.75,0,0.003893396
1.75,1.25,0,3.85E-05
1.75,0.75,0,0.003475904
1.75,0.25,0,-0.001290856
1.75,-0.25,0,-0.003941042
1.75,-0.75,0,0.003491004
1.75,-1.25,0,0.002928698
1.75,-1.75,0,-0.04189375
1.75,-2.25,0,-0.450237228
1.75,-2.75,0,-0.503570104
1.75,-3.25,0,-0.52010188
1.75,-3.75,0,-0.450486342
1.75,-4.25,0,-0.036065427
1.75,-4.75,0,-0.020030293
1.75,-5.25,0,0.002260899
1.75,-5.75,0,0.007191027
1.75,-6.25,0,-0.001476074
1.75,-6.75,0,-0.001019351
1.75,-7.25,0,-0.003435433
1.75,-7.75,0,0.005518841
1.75,-8.25,0,-0.00092629
1.75,-8.75,0,-0.000391734
1.75,-9.25,0,0.001734643
1.75,-9.75,0,-0.000115466
1.75,-10.25,0,0.008284747
1.75,-10.75,0,-0.000382151
1.75,-11.25,0,0.004979025
1.75,-11.75,0,0.006547694
1.75,-12.25,0,-0.002840923
1.75,-12.75,0,-0.007685655
1.75,-13.25,0,-0.002596705
1.75,-13.75,0,0.000267633
1.75,-14.25,0,0.000934976
1.75,-14.75,0,0.000908975
2.25,14.75,0,-0.000541678
2.25,14.25,0,0.000235966
2.25,13.75,0,0.00545703
2.25,13.25,0,0.00257369
2.25,12.75,0,0.000428382
2.25,12.25,0,0.000150696
2.25,11.75,0,0.001204778
2.25,11.25,0,-6.81E-05
2.25,10.75,0,0.003002963
2.25,10.25,0,-0.001561723
2.25,9.75,0,-0.001677681
2.25,9.25,0,-0.003750541
2.25,8.75,0,-0.006608874
2.25,8.25,0,0.003957016
2.25,7.75,0,0.003069013
2.25,7.25,0,-6.35E-05
2.25,6.75,0,0.001925702
2.25,6.25,0,0.004647213
2.25,5.75,0,-0.001948053
2.25,5.25,0,-0.003665359
2.25,4.75,0,-0.001682752
2.25,4.25,0,0.001922801
2.25,3.75,0,0.001614787
2.25,3.25,0,0.00063776
2.25,2.75,0,0.002145532
2.25,2.25,0,-0.002412586
2.25,1.75,0,-0.002713581
2.25,1.25,0,-0.000994809
2.25,0.75,0,0.000505764
2.25,0.25,0,-0.000960796
2.25,-0.25,0,-0.005177976
2.25,-0.75,0,-0.005021724
2.25,-1.25,0,0.000590366
2.25,-1.75,0,0.000173586
2.25,-2.25,0,-0.016293549
2.25,-2.75,0,-0.016159573
2.25,-3.25,0,-0.461110471
2.25,-3.75,0,-0.477044377
2.25,-4.25,0,-0.428863441
2.25,-4.75,0,-0.478726887
2.25,-5.25,0,-0.036269616
2.25,-5.75,0,-0.008063147
2.25,-6.25,0,0.001849457
2.25,-6.75,0,0.009119754
2.25,-7.25,0,-0.00233824
2.25,-7.75,0,-0.002317001
2.25,-8.25,0,-0.003750606
2.25,-8.75,0,-0.002601609
2.25,-9.25,0,-0.000480321
2.25,-9.75,0,0.000874459
2.25,-10.25,0,0.000135586
2.25,-10.75,0,-0.000410442
2.25,-11.25,0,-1.79E-05
2.25,-11.75,0,0.003019039
2.25,-12.25,0,-0.006089435
2.25,-12.75,0,0.000127388
2.25,-13.25,0,-4.31E-05
2.25,-13.75,0,-0.004010001
2.25,-14.25,0,-0.000273653
2.25,-14.75,0,-4.88E-07
2.75,14.75,0,-0.000169856
2.75,14.25,0,0.000817385
2.75,13.75,0,0.000203139
2.75,13.25,0,0.001647279
2.75,12.75,0,0.006544195
2.75,12.25,0,0.003445452
2.75,11.75,0,-7.33E-05
2.75,11.25,0,-0.002308255
2.75,10.75,0,0.004511797
2.75,10.25,0,-0.000291521
2.75,9.75,0,0.003373935
2.75,9.25,0,0.002847897
2.75,8.75,0,0.001543888
2.75,8.25,0,0.002185907
2.75,7.75,0,8.02E-05
2.75,7.25,0,0.000418843
2.75,6.75,0,1.36E-05
2.75,6.25,0,5.37E-05
2.75,5.75,0,-0.000587736
2.75,5.25,0,-0.003518148
2.75,4.75,0,-0.005415681
2.75,4.25,0,-2.19E-05
2.75,3.75,0,0.00667087
2.75,3.25,0,0.009666725
2.75,2.75,0,0.001024587
2.75,2.25,0,2.27E-05
2.75,1.75,0,-0.000411517
2.75,1.25,0,-0.006330621
2.75,0.75,0,-0.000104821
2.75,0.25,0,-0.001600219
2.75,-0.25,0,-0.005473781
2.75,-0.75,0,-0.005285103
2.75,-1.25,0,0.002521825
2.75,-1.75,0,-0.001945493
2.75,-2.25,0,-0.003028094
2.75,-2.75,0,0.004907971
2.75,-3.25,0,-0.019517986
2.75,-3.75,0,-0.028022901
2.75,-4.25,0,-0.463708532
2.75,-4.75,0,-0.456430082
2.75,-5.25,0,-0.44346961
2.75,-5.75,0,-0.476208404
2.75,-6.25,0,-0.023357353
2.75,-6.75,0,-0.015925743
2.75,-7.25,0,-0.004110255
2.75,-7.75,0,0.000113142
2.75,-8.25,0,-0.001793364
2.75,-8.75,0,-0.003616466
2.75,-9.25,0,-0.000199994
2.75,-9.75,0,0.000416379
2.75,-10.25,0,0.001118832
2.75,-10.75,0,0.000561366
2.75,-11.25,0,-0.003342344
2.75,-11.75,0,0.001104606
2.75,-12.25,0,0.000660912
2.75,-12.75,0,0.005511449
2.75,-13.25,0,0.000302417
2.75,-13.75,0,-0.00410443
2.75,-14.25,0,-0.009693569
2.75,-14.75,0,-0.00459671
3.25,14.75,0,-0.003418576
3.25,14.25,0,-1.02E-05
3.25,13.75,0,-0.005991953
3.25,13.25,0,-0.005738735
3.25,12.75,0,0.000287804
3.25,12.25,0,0.007924962
3.25,11.75,0,-0.002170451
3.25,11.25,0,-0.007902389
3.25,10.75,0,-0.010133393
3.25,10.25,0,-0.003334079
3.25,9.75,0,0.000207838
3.25,9.25,0,-0.000384839
3.25,8.75,0,0.000430049
3.25,8.25,0,0.002694003
3.25,7.75,0,0.003050379
3.25,7.25,0,-0.006031177
3.25,6.75,0,-0.002881955
3.25,6.25,0,-0.002065154
3.25,5.75,0,-0.002813484
3.25,5.25,0,-0.013633275
3.25,4.75,0,-0.0069538
3.25,4.25,0,0.003489041
3.25,3.75,0,0.002861972
3.25,3.25,0,0.00063584
3.25,2.75,0,0.001479503
3.25,2.25,0,-0.002104957
3.25,1.75,0,-0.001567473
3.25,1.25,0,-0.001409094
3.25,0.75,0,0.002642123
3.25,0.25,0,0.002662025
3.25,-0.25,0,-0.001296201
3.25,-0.75,0,0.002165068
3.25,-1.25,0,0.001345488
3.25,-1.75,0,0.005000658
3.25,-2.25,0,0.00091843
3.25,-2.75,0,-0.003983866
3.25,-3.25,0,0.010266886
3.25,-3.75,0,0.004206027
3.25,-4.25,0,-0.015961716
3.25,-4.75,0,-0.025817836
3.25,-5.25,0,-0.501671356
3.25,-5.75,0,-0.476847647
3.25,-6.25,0,-0.479992019
3.25,-6.75,0,-0.460801611
3.25,-7.25,0,-0.036417673
3.25,-7.75,0,-0.004073149
3.25,-8.25,0,0.000886018
3.25,-8.75,0,0.005342014
3.25,-9.25,0,0.006975136
3.25,-9.75,0,0.006440976
3.25,-10.25,0,0.000928491
3.25,-10.75,0,-0.000877034
3.25,-11.25,0,0.000170074
3.25,-11.75,0,0.002464258
3.25,-12.25,0,0.003970078
3.25,-12.75,0,0.003558098
3.25,-13.25,0,-0.000558076
3.25,-13.75,0,-0.004678807
3.25,-14.25,0,-0.00616606
3.25,-14.75,0,-0.001785019
3.75,14.75,0,0.000795126
3.75,14.25,0,0.005414497
3.75,13.75,0,-0.000194461
3.75,13.25,0,0.000432348
3.75,12.75,0,-0.001973342
3.75,12.25,0,0.004521021
3.75,11.75,0,0.000621801
3.75,11.25,0,0.00322554
3.75,10.75,0,0.000210229
3.75,10.25,0,-0.001104436
3.75,9.75,0,-0.003004091
3.75,9.25,0,-0.009920217
3.75,8.75,0,-0.000319059
3.75,8.25,0,0.000173922
3.75,7.75,0,0.000132202
3.75,7.25,0,0.001707783
3.75,6.75,0,-7.88E-05
3.75,6.25,0,0.000879278
3.75,5.75,0,0.002420969
3.75,5.25,0,-0.000325119
3.75,4.75,0,-0.002228296
3.75,4.25,0,0.002063163
3.75,3.75,0,-0.001284568
3.75,3.25,0,-0.006534255
3.75,2.75,0,0.003165014
3.75,2.25,0,0.008688248
3.75,1.75,0,-0.000800415
3.75,1.25,0,5.02E-05
3.75,0.75,0,0.002101648
3.75,0.25,0,-0.007550818
3.75,-0.25,0,-0.011117753
3.75,-0.75,0,-0.000790268
3.75,-1.25,0,-0.006389994
3.75,-1.75,0,0.015351689
3.75,-2.25,0,0.014723321
3.75,-2.75,0,-0.00993304
3.75,-3.25,0,-0.011870269
3.75,-3.75,0,-0.017278286
3.75,-4.25,0,-0.028342559
3.75,-4.75,0,-0.000291867
3.75,-5.25,0,-0.005050069
3.75,-5.75,0,-0.038779569
3.75,-6.25,0,-0.435288818
3.75,-6.75,0,-0.509761218
3.75,-7.25,0,-0.423346744
3.75,-7.75,0,-0.007291772
3.75,-8.25,0,0.002233252
3.75,-8.75,0,-0.005202319
3.75,-9.25,0,0.001939027
3.75,-9.75,0,0.0017412
3.75,-10.25,0,-0.000189492
3.75,-10.75,0,0.000221171
3.75,-11.25,0,0.000126286
3.75,-11.75,0,0.001497791
3.75,-12.25,0,0.003811998
3.75,-12.75,0,0.004547882
3.75,-13.25,0,0.000449181
3.75,-13.75,0,0.000627381
3.75,-14.25,0,0.000641098
3.75,-14.75,0,0.001561382
4.25,14.75,0,-0.000248028
4.25,14.25,0,0.003091242
4.25,13.75,0,-0.000603381
4.25,13.25,0,0.000968569
4.25,12.75,0,-7.67E-05
4.25,12.25,0,0.001305561
4.25,11.75,0,0.000145892
4.25,11.25,0,-3.31E-06
4.25,10.75,0,0.001187813
4.25,10.25,0,0.003392999
4.25,9.75,0,0.000382209
4.25,9.25,0,4.74E-05
4.25,8.75,0,0.003121404
4.25,8.25,0,0.002134005
4.25,7.75,0,0.004664973
4.25,7.25,0,0.009622936
4.25,6.75,0,-0.001606941
4.25,6.25,0,-0.00263358
4.25,5.75,0,0.003641222
4.25,5.25,0,0.000248464
4.25,4.75,0,0.001915166
4.25,4.25,0,0.006476586
4.25,3.75,0,-0.000302373
4.25,3.25,0,-0.003531333
4.25,2.75,0,0.000243166
4.25,2.25,0,0.000799022
4.25,1.75,0,0.000608485
4.25,1.25,0,0.00029588
4.25,0.75,0,-0.003703969
4.25,0.25,0,9.74E-05
4.25,-0.25,0,0.00162413
4.25,-0.75,0,-0.026251818
4.25,-1.25,0,-0.471529021
4.25,-1.75,0,-0.472082442
4.25,-2.25,0,-0.502413407
4.25,-2.75,0,-0.466451758
4.25,-3.25,0,-0.487752761
4.25,-3.75,0,-0.451301812
4.25,-4.25,0,-0.483972921
4.25,-4.75,0,-0.475666472
4.25,-5.25,0,-0.459697543
4.25,-5.75,0,-0.487462135
4.25,-6.25,0,-0.469960359
4.25,-6.75,0,-0.476840617
4.25,-7.25,0,-0.477786137
4.25,-7.75,0,0.001620017
4.25,-8.25,0,0.006990643
4.25,-8.75,0,-0.003362015
4.25,-9.25,0,-0.002844227
4.25,-9.75,0,-0.000392916
4.25,-10.25,0,0.000852404
4.25,-10.75,0,0.001412847
4.25,-11.25,0,0.000706592
4.25,-11.75,0,0.000324773
4.25,-12.25,0,0.0006415
4.25,-12.75,0,0.000451001
4.25,-13.25,0,0.000356162
4.25,-13.75,0,0.000562202
4.25,-14.25,0,0.001868431
4.25,-14.75,0,0.00669177
4.75,14.75,0,-0.000351114
4.75,14.25,0,0.004979307
4.75,13.75,0,0.003083781
4.75,13.25,0,-0.000172165
4.75,12.75,0,0.00169165
4.75,12.25,0,0.003660224
4.75,11.75,0,0.004366581
4.75,11.25,0,-0.003464049
4.75,10.75,0,-0.001610017
4.75,10.25,0,8.71E-05
4.75,9.75,0,-0.008983541
4.75,9.25,0,-0.007342013
4.75,8.75,0,-0.006194065
4.75,8.25,0,0.001257206
4.75,7.75,0,0.000348243
4.75,7.25,0,0.013366132
4.75,6.75,0,0.002166778
4.75,6.25,0,0.001564245
4.75,5.75,0,-9.14E-06
4.75,5.25,0,-0.000163417
4.75,4.75,0,0.002611145
4.75,4.25,0,0.00697658
4.75,3.75,0,0.005053615
4.75,3.25,0,0.0060957
4.75,2.75,0,0.005200663
4.75,2.25,0,0.000204444
4.75,1.75,0,-0.000421265
4.75,1.25,0,-0.003484717
4.75,0.75,0,-6.18E-05
4.75,0.25,0,0.002296901
4.75,-0.25,0,0.00109503
4.75,-0.75,0,-0.017959401
4.75,-1.25,0,-0.470361114
4.75,-1.75,0,-0.468770981
4.75,-2.25,0,-0.480654577
4.75,-2.75,0,-0.438319984
4.75,-3.25,0,-0.504400259
4.75,-3.75,0,-0.497699176
4.75,-4.25,0,-0.483671964
4.75,-4.75,0,-0.48142406
4.75,-5.25,0,-0.457032583
4.75,-5.75,0,-0.526868994
4.75,-6.25,0,-0.477952603
4.75,-6.75,0,-0.465519838
4.75,-7.25,0,-0.445171628
4.75,-7.75,0,-0.009378781
4.75,-8.25,0,0.004274999
4.75,-8.75,0,-0.005808479
4.75,-9.25,0,-0.0057103
4.75,-9.75,0,-0.003535147
4.75,-10.25,0,0.001553245
4.75,-10.75,0,0.001053128
4.75,-11.25,0,0.001580974
4.75,-11.75,0,-0.002544773
4.75,-12.25,0,0.000826366
4.75,-12.75,0,-0.005208288
4.75,-13.25,0,-0.002841166
4.75,-13.75,0,0.00033959
4.75,-14.25,0,0.000448282
4.75,-14.75,0,0.000779104
5.25,14.75,0,-0.007227966
5.25,14.25,0,0.001987334
5.25,13.75,0,0.00279315
5.25,13.25,0,-0.000254579
5.25,12.75,0,0.003132861
5.25,12.25,0,-2.30E-05
5.25,11.75,0,-0.001615994
5.25,11.25,0,-0.000175631
5.25,10.75,0,0.000455649
5.25,10.25,0,0.001340447
5.25,9.75,0,-2.60E-05
5.25,9.25,0,6.28E-05
5.25,8.75,0,-0.00086141
5.25,8.25,0,0.001552567
5.25,7.75,0,0.00100133
5.25,7.25,0,-0.004202154
5.25,6.75,0,-0.001178031
5.25,6.25,0,0.002623015
5.25,5.75,0,-9.61E-05
5.25,5.25,0,-0.002268496
5.25,4.75,0,-0.000130548
5.25,4.25,0,0.002842894
5.25,3.75,0,-0.002193624
5.25,3.25,0,0.001259687
5.25,2.75,0,0.003337335
5.25,2.25,0,0.001207264
5.25,1.75,0,-0.000738431
5.25,1.25,0,-0.003279452
5.25,0.75,0,0.00192952
5.25,0.25,0,0.001737193
5.25,-0.25,0,0.002345322
5.25,-0.75,0,0.002204265
5.25,-1.25,0,-0.014112007
5.25,-1.75,0,-0.011066424
5.25,-2.25,0,-0.007515218
5.25,-2.75,0,-0.01179611
5.25,-3.25,0,-0.007512792
5.25,-3.75,0,-0.004537401
5.25,-4.25,0,0.012531965
5.25,-4.75,0,-0.006236843
5.25,-5.25,0,0.004697141
5.25,-5.75,0,-0.026018245
5.25,-6.25,0,0.004635586
5.25,-6.75,0,-0.012446517
5.25,-7.25,0,-0.029128762
5.25,-7.75,0,0.005059768
5.25,-8.25,0,0.000438572
5.25,-8.75,0,-0.011820486
5.25,-9.25,0,-0.00952933
5.25,-9.75,0,-0.003269878
5.25,-10.25,0,0.004505727
5.25,-10.75,0,0.002829482
5.25,-11.25,0,0.001967669
5.25,-11.75,0,-0.000875448
5.25,-12.25,0,0.003550744
5.25,-12.75,0,-0.000209166
5.25,-13.25,0,-0.001768249
5.25,-13.75,0,-0.000599062
5.25,-14.25,0,-0.001999997
5.25,-14.75,0,-0.003108554
5.75,14.75,0,-3.50E-05
5.75,14.25,0,0.007743564
5.75,13.75,0,0.001602962
5.75,13.25,0,0.000657944
5.75,12.75,0,0.002724852
5.75,12.25,0,0.002086959
5.75,11.75,0,-0.000353331
5.75,11.25,0,-7.27E-05
5.75,10.75,0,-0.004909585
5.75,10.25,0,-3.87E-05
5.75,9.75,0,-0.001673137
5.75,9.25,0,-0.000161869
5.75,8.75,0,0.000476858
5.75,8.25,0,-9.68E-05
5.75,7.75,0,0.003092872
5.75,7.25,0,-0.002434597
5.75,6.75,0,-0.002733504
5.75,6.25,0,0.002389413
5.75,5.75,0,0.005088041
5.75,5.25,0,-4.95E-05
5.75,4.75,0,-0.003931271
5.75,4.25,0,0.001476227
5.75,3.75,0,-0.00350364
5.75,3.25,0,-0.011359575
5.75,2.75,0,-0.003199652
5.75,2.25,0,0.007126659
5.75,1.75,0,0.00674658
5.75,1.25,0,0.001343163
5.75,0.75,0,0.000746234
5.75,0.25,0,-0.007961879
5.75,-0.25,0,-0.006893038
5.75,-0.75,0,0.002196005
5.75,-1.25,0,0.002791326
5.75,-1.75,0,0.000394322
5.75,-2.25,0,-0.001355134
5.75,-2.75,0,-0.002033897
5.75,-3.25,0,-0.000534053
5.75,-3.75,0,-0.00243684
5.75,-4.25,0,-0.000382838
5.75,-4.75,0,-0.00096844
5.75,-5.25,0,0.00086431
5.75,-5.75,0,0.001039821
5.75,-6.25,0,0.002467086
5.75,-6.75,0,0.002608999
5.75,-7.25,0,0.003680832
5.75,-7.75,0,0.004390088
5.75,-8.25,0,-0.001523009
5.75,-8.75,0,-0.003924816
5.75,-9.25,0,0.002066353
5.75,-9.75,0,0.000949867
5.75,-10.25,0,0.00602942
5.75,-10.75,0,0.006357781
5.75,-11.25,0,-0.000435428
5.75,-11.75,0,-0.001626305
5.75,-12.25,0,-0.00123698
5.75,-12.75,0,-0.002268803
5.75,-13.25,0,-0.003838066
5.75,-13.75,0,-0.006867681
5.75,-14.25,0,-0.001103785
5.75,-14.75,0,0.00041641
6.25,14.75,0,-0.002612388
6.25,14.25,0,-0.001596452
6.25,13.75,0,-0.001745038
6.25,13.25,0,-1.66E-05
6.25,12.75,0,-0.003215715
6.25,12.25,0,-0.003300269
6.25,11.75,0,0.003075305
6.25,11.25,0,-0.000952879
6.25,10.75,0,-0.000708449
6.25,10.25,0,-0.001844575
6.25,9.75,0,0.00534481
6.25,9.25,0,0.000783108
6.25,8.75,0,0.004164655
6.25,8.25,0,0.002198151
6.25,7.75,0,0.000269062
6.25,7.25,0,-0.000117426
6.25,6.75,0,-0.002429761
6.25,6.25,0,0.000785411
6.25,5.75,0,0.003236977
6.25,5.25,0,-0.001287225
6.25,4.75,0,-0.003125517
6.25,4.25,0,-0.000702725
6.25,3.75,0,-1.34E-06
6.25,3.25,0,-0.00586308
6.25,2.75,0,-0.004839412
6.25,2.25,0,-0.000412127
6.25,1.75,0,-4.72E-05
6.25,1.25,0,0.001514517
6.25,0.75,0,0.002635905
6.25,0.25,0,-0.004840163
6.25,-0.25,0,-0.012589645
6.25,-0.75,0,-0.001830544
6.25,-1.25,0,-0.003669929
6.25,-1.75,0,-0.005153894
6.25,-2.25,0,-0.004119786
6.25,-2.75,0,-0.003905226
6.25,-3.25,0,0.000998566
6.25,-3.75,0,-0.00097389
6.25,-4.25,0,-0.001184931
6.25,-4.75,0,-0.00227933
6.25,-5.25,0,0.001714927
6.25,-5.75,0,0.00547093
6.25,-6.25,0,0.003710732
6.25,-6.75,0,-0.005389394
6.25,-7.25,0,-0.009654743
6.25,-7.75,0,0.000477396
6.25,-8.25,0,-0.006256008
6.25,-8.75,0,-0.006622129
6.25,-9.25,0,-0.00329176
6.25,-9.75,0,-0.007591452
6.25,-10.25,0,-0.009973572
6.25,-10.75,0,-0.004099354
6.25,-11.25,0,-0.019553633
6.25,-11.75,0,-0.00867813
6.25,-12.25,0,-0.002972832
6.25,-12.75,0,-0.006181775
6.25,-13.25,0,-0.006360258
6.25,-13.75,0,-0.005093405
6.25,-14.25,0,0.002837732
6.25,-14.75,0,0.003646943
6.75,14.75,0,-0.000493368
6.75,14.25,0,-0.001666754
6.75,13.75,0,-0.001693986
6.75,13.25,0,0.002571121
6.75,12.75,0,-0.006721419
6.75,12.25,0,-0.005019813
6.75,11.75,0,-0.001006189
6.75,11.25,0,-0.003971209
6.75,10.75,0,-0.002604382
6.75,10.25,0,0.001525356
6.75,9.75,0,4.67E-05
6.75,9.25,0,-0.001322572
6.75,8.75,0,0.000333626
6.75,8.25,0,-5.73E-06
6.75,7.75,0,-0.003136381
6.75,7.25,0,-0.000640008
6.75,6.75,0,-0.00353781
6.75,6.25,0,0.001413185
6.75,5.75,0,0.001257608
6.75,5.25,0,-7.40E-05
6.75,4.75,0,0.000319792
6.75,4.25,0,-0.002013809
6.75,3.75,0,-0.001191631
6.75,3.25,0,-0.001499953
6.75,2.75,0,-7.27E-05
6.75,2.25,0,-0.000702416
6.75,1.75,0,-0.007209803
6.75,1.25,0,-0.003073501
6.75,0.75,0,-0.001209602
6.75,0.25,0,-0.001077416
6.75,-0.25,0,-0.000495134
6.75,-0.75,0,-7.66E-07
6.75,-1.25,0,0.002366963
6.75,-1.75,0,-0.000194564
6.75,-2.25,0,-0.000657946
6.75,-2.75,0,-0.000476676
6.75,-3.25,0,0.000804462
6.75,-3.75,0,0.000946179
6.75,-4.25,0,0.005726495
6.75,-4.75,0,-0.0027315
6.75,-5.25,0,-0.002074935
6.75,-5.75,0,-0.005644604
6.75,-6.25,0,-0.010544791
6.75,-6.75,0,-0.012637138
6.75,-7.25,0,-0.001982513
6.75,-7.75,0,-0.002234119
6.75,-8.25,0,-0.000694375
6.75,-8.75,0,0.001546105
6.75,-9.25,0,0.015179645
6.75,-9.75,0,0.006315946
6.75,-10.25,0,-0.001896777
6.75,-10.75,0,0.003319379
6.75,-11.25,0,-0.001724998
6.75,-11.75,0,-0.002675371
6.75,-12.25,0,0.009761233
6.75,-12.75,0,0.016921487
6.75,-13.25,0,0.012234878
6.75,-13.75,0,0.001709829
6.75,-14.25,0,-0.004832116
6.75,-14.75,0,-0.002981045
7.25,14.75,0,-2.88E-05
7.25,14.25,0,-1.20E-05
7.25,13.75,0,0.000674926
7.25,13.25,0,-0.001266306
7.25,12.75,0,-0.002941985
7.25,12.25,0,-0.001130282
7.25,11.75,0,0.000264372
7.25,11.25,0,0.003880536
7.25,10.75,0,0.008419459
7.25,10.25,0,0.008825988
7.25,9.75,0,-0.003357804
7.25,9.25,0,-0.002265227
7.25,8.75,0,0.005663746
7.25,8.25,0,0.000574737
7.25,7.75,0,-0.000944909
7.25,7.25,0,0.00245247
7.25,6.75,0,-0.004945732
7.25,6.25,0,-0.003087673
7.25,5.75,0,-0.002501971
7.25,5.25,0,0.003493357
7.25,4.75,0,0.008672269
7.25,4.25,0,0.002832606
7.25,3.75,0,0.006667963
7.25,3.25,0,0.0053154
7.25,2.75,0,0.001685895
7.25,2.25,0,-0.000163764
7.25,1.75,0,0.000318051
7.25,1.25,0,3.89E-05
7.25,0.75,0,-0.00398446
7.25,0.25,0,-0.001541478
7.25,-0.25,0,0.002179664
7.25,-0.75,0,-0.001548103
7.25,-1.25,0,1.02E-05
7.25,-1.75,0,-0.000278656
7.25,-2.25,0,-0.000135812
7.25,-2.75,0,-0.001416739
7.25,-3.25,0,-0.002742825
7.25,-3.75,0,-0.001629177
7.25,-4.25,0,-0.00161796
7.25,-4.75,0,0.002899232
7.25,-5.25,0,0.0025181
7.25,-5.75,0,-0.00224673
7.25,-6.25,0,-0.006623832
7.25,-6.75,0,-0.012343778
7.25,-7.25,0,0.005737452
7.25,-7.75,0,-0.007472441
7.25,-8.25,0,-0.021129946
7.25,-8.75,0,-0.055982848
7.25,-9.25,0,-0.034400327
7.25,-9.75,0,-0.010497056
7.25,-10.25,0,-0.053897662
7.25,-10.75,0,-0.005219183
7.25,-11.25,0,-0.009352483
7.25,-11.75,0,-0.019220622
7.25,-12.25,0,-0.031499979
7.25,-12.75,0,-0.06701002
7.25,-13.25,0,-0.019028405
7.25,-13.75,0,-0.00750932
7.25,-14.25,0,-0.000492584
7.25,-14.75,0,-0.004758924
7.75,14.75,0,0.000863512
7.75,14.25,0,0.001535689
7.75,13.75,0,-0.000198896
7.75,13.25,0,-0.000511505
7.75,12.75,0,-0.005268534
7.75,12.25,0,0.001221593
7.75,11.75,0,-0.002009775
7.75,11.25,0,-3.36E-05
7.75,10.75,0,0.00220286
7.75,10.25,0,0.003274088
7.75,9.75,0,-0.001512633
7.75,9.25,0,-0.000106942
7.75,8.75,0,-0.000264939
7.75,8.25,0,-0.003490613
7.75,7.75,0,-0.000209942
7.75,7.25,0,3.94E-05
7.75,6.75,0,-0.00111876
7.75,6.25,0,-0.004321439
7.75,5.75,0,-0.002128093
7.75,5.25,0,0.000838425
7.75,4.75,0,0.003474607
7.75,4.25,0,0.001003275
7.75,3.75,0,0.006708903
7.75,3.25,0,-0.001685248
7.75,2.75,0,-0.003280392
7.75,2.25,0,0.00480913
7.75,1.75,0,-0.000230529
7.75,1.25,0,-0.000430645
7.75,0.75,0,-0.002511446
7.75,0.25,0,-0.004599079
7.75,-0.25,0,-0.001448595
7.75,-0.75,0,-0.000896143
7.75,-1.25,0,-0.001023322
7.75,-1.75,0,0.000599386
7.75,-2.25,0,2.03E-05
7.75,-2.75,0,0.001503334
7.75,-3.25,0,-0.001427108
7.75,-3.75,0,-0.002513209
7.75,-4.25,0,0.000919169
7.75,-4.75,0,0.004078432
7.75,-5.25,0,0.000982039
7.75,-5.75,0,6.77E-06
7.75,-6.25,0,0.000830631
7.75,-6.75,0,0.004010569
7.75,-7.25,0,-0.012579085
7.75,-7.75,0,-0.939411734
7.75,-8.25,0,-0.915798676
7.75,-8.75,0,-0.931931591
7.75,-9.25,0,-0.934290114
7.75,-9.75,0,-0.969831375
7.75,-10.25,0,-0.975678081
7.75,-10.75,0,-0.91436815
7.75,-11.25,0,-0.988163791
7.75,-11.75,0,-0.94561136
7.75,-12.25,0,-0.865931063
7.75,-12.75,0,-0.97184054
7.75,-13.25,0,-0.903283547
7.75,-13.75,0,-0.049514702
7.75,-14.25,0,-0.002028725
7.75,-14.75,0,-0.002232468
8.25,14.75,0,0.007972813
8.25,14.25,0,0.003960995
8.25,13.75,0,0.000278379
8.25,13.25,0,0.001692573
8.25,12.75,0,0.000162369
8.25,12.25,0,0.001901301
8.25,11.75,0,-0.000137914
8.25,11.25,0,1.57E-06
8.25,10.75,0,0.005242434
8.25,10.25,0,0.00168052
8.25,9.75,0,0.001687667
8.25,9.25,0,0.003253503
8.25,8.75,0,0.003493876
8.25,8.25,0,-0.000138231
8.25,7.75,0,0.002053408
8.25,7.25,0,9.39E-05
8.25,6.75,0,-0.001820342
8.25,6.25,0,-0.001346341
8.25,5.75,0,0.000709152
8.25,5.25,0,-0.00019866
8.25,4.75,0,0.005953724
8.25,4.25,0,0.006841562
8.25,3.75,0,-0.000316755
8.25,3.25,0,-0.001469714
8.25,2.75,0,0.000330365
8.25,2.25,0,0.001899871
8.25,1.75,0,0.004936971
8.25,1.25,0,0.000561901
8.25,0.75,0,0.002934887
8.25,0.25,0,-0.001168413
8.25,-0.25,0,-0.000511628
8.25,-0.75,0,0.000113252
8.25,-1.25,0,-0.003233132
8.25,-1.75,0,-0.000301592
8.25,-2.25,0,-0.000193296
8.25,-2.75,0,0.003109436
8.25,-3.25,0,0.002064014
8.25,-3.75,0,0.003871341
8.25,-4.25,0,0.002025901
8.25,-4.75,0,0.001896174
8.25,-5.25,0,-0.006417157
8.25,-5.75,0,-0.006111974
8.25,-6.25,0,0.002126237
8.25,-6.75,0,-0.011622948
8.25,-7.25,0,-0.952881841
8.25,-7.75,0,-0.98134782
8.25,-8.25,0,-0.941833256
8.25,-8.75,0,-0.949771035
8.25,-9.25,0,-0.971835373
8.25,-9.75,0,-0.899596497
8.25,-10.25,0,-0.927899036
8.25,-10.75,0,-0.981703545
8.25,-11.25,0,-0.941600088
8.25,-11.75,0,-0.871031285
8.25,-12.25,0,-1.01197052
8.25,-12.75,0,-0.942596813
8.25,-13.25,0,-0.952038852
8.25,-13.75,0,-0.884510451
8.25,-14.25,0,-0.060278143
8.25,-14.75,0,0.00064756
8.75,14.75,0,8.33E-05
8.75,14.25,0,0.001277957
8.75,13.75,0,-7.98E-05
8.75,13.25,0,0.001725162
8.75,12.75,0,6.29E-05
8.75,12.25,0,3.20E-05
8.75,11.75,0,-0.004310889
8.75,11.25,0,-0.003965751
8.75,10.75,0,-5.36E-05
8.75,10.25,0,0.001615692
8.75,9.75,0,0.002100062
8.75,9.25,0,0.000843488
8.75,8.75,0,-0.001590977
8.75,8.25,0,-0.002435547
8.75,7.75,0,0.00178809
8.75,7.25,0,0.001967628
8.75,6.75,0,-0.004619169
8.75,6.25,0,-0.006613334
8.75,5.75,0,0.00193679
8.75,5.25,0,0.000317195
8.75,4.75,0,0.000589224
8.75,4.25,0,0.00091591
8.75,3.75,0,-0.000232506
8.75,3.25,0,4.98E-05
8.75,2.75,0,3.38E-05
8.75,2.25,0,-0.004646853
8.75,1.75,0,-0.000249112
8.75,1.25,0,-1.70E-06
8.75,0.75,0,0.000211734
8.75,0.25,0,-8.26E-06
8.75,-0.25,0,-0.002887286
8.75,-0.75,0,7.77E-05
8.75,-1.25,0,-0.002601441
8.75,-1.75,0,-0.002008798
8.75,-2.25,0,4.28E-05
8.75,-2.75,0,0.003003873
8.75,-3.25,0,0.001598139
8.75,-3.75,0,0.000660731
8.75,-4.25,0,-0.000877041
8.75,-4.75,0,0.001185406
8.75,-5.25,0,0.000342965
8.75,-5.75,0,-0.012573276
8.75,-6.25,0,0.003940942
8.75,-6.75,0,-0.04449605
8.75,-7.25,0,-0.902484606
8.75,-7.75,0,-0.887543167
8.75,-8.25,0,-0.086188806
8.75,-8.75,0,-0.021847655
8.75,-9.25,0,-0.033109193
8.75,-9.75,0,-0.046603052
8.75,-10.25,0,-0.021667628
8.75,-10.75,0,-0.015133888
8.75,-11.25,0,-0.026718635
8.75,-11.75,0,-0.040938891
8.75,-12.25,0,-0.049584513
8.75,-12.75,0,-0.016731727
8.75,-13.25,0,-0.962503598
8.75,-13.75,0,-0.949907054
8.75,-14.25,0,-0.024621691
8.75,-14.75,0,0.003393437
9.25,14.75,0,-0.011285418
9.25,14.25,0,0.001379612
9.25,13.75,0,-0.00225895
9.25,13.25,0,-0.001172131
9.25,12.75,0,0.002422118
9.25,12.25,0,-0.000453252
9.25,11.75,0,-0.003868416
9.25,11.25,0,0.000387802
9.25,10.75,0,-0.001447153
9.25,10.25,0,-0.003282327
9.25,9.75,0,0.004282703
9.25,9.25,0,-0.000568166
9.25,8.75,0,-0.002791013
9.25,8.25,0,-0.005921455
9.25,7.75,0,-0.000484653
9.25,7.25,0,0.006986984
9.25,6.75,0,0.000149587
9.25,6.25,0,-0.00415926
9.25,5.75,0,0.000415002
9.25,5.25,0,0.004540026
9.25,4.75,0,0.004709114
9.25,4.25,0,-0.000116373
9.25,3.75,0,-0.002695047
9.25,3.25,0,-3.50E-05
9.25,2.75,0,-0.003437697
9.25,2.25,0,0.000322075
9.25,1.75,0,-0.003542275
9.25,1.25,0,-0.001917154
9.25,0.75,0,-0.008678929
9.25,0.25,0,-0.003449655
9.25,-0.25,0,-7.25E-05
9.25,-0.75,0,0.004067424
9.25,-1.25,0,0.001239833
9.25,-1.75,0,-0.005185198
9.25,-2.25,0,-0.001344592
9.25,-2.75,0,0.00015822
9.25,-3.25,0,0.000161786
9.25,-3.75,0,0.000690498
9.25,-4.25,0,0.001063967
9.25,-4.75,0,0.000348974
9.25,-5.25,0,-0.001030262
9.25,-5.75,0,-0.008635642
9.25,-6.25,0,0.00206158
9.25,-6.75,0,-0.016583863
9.25,-7.25,0,-0.999225637
9.25,-7.75,0,-0.997252978
9.25,-8.25,0,-0.000614986
9.25,-8.75,0,0.001431541
9.25,-9.25,0,0.011192081
9.25,-9.75,0,-0.005318892
9.25,-10.25,0,-0.011128433
9.25,-10.75,0,0.001061758
9.25,-11.25,0,0.022309912
9.25,-11.75,0,0.002666914
9.25,-12.25,0,-0.00714376
9.25,-12.75,0,0.010567601
9.25,-13.25,0,-0.920517521
9.25,-13.75,0,-0.932059623
9.25,-14.25,0,-0.018620159
9.25,-14.75,0,-0.000101913
9.75,14.75,0,-0.003446931
9.75,14.25,0,-0.005903537
9.75,13.75,0,-0.00280544
9.75,13.25,0,0.000680046
9.75,12.75,0,0.009109032
9.75,12.25,0,0.004401773
9.75,11.75,0,0.001169343
9.75,11.25,0,0.003543803
9.75,10.75,0,-0.002384467
9.75,10.25,0,-0.006501037
9.75,9.75,0,-0.001383263
9.75,9.25,0,-0.003359957
9.75,8.75,0,0.001857871
9.75,8.25,0,-1.89E-05
9.75,7.75,0,-0.003852133
9.75,7.25,0,-0.000285186
9.75,6.75,0,-0.002624596
9.75,6.25,0,-0.001144605
9.75,5.75,0,0.004294267
9.75,5.25,0,0.005706716
9.75,4.75,0,-0.000276318
9.75,4.25,0,-0.002165802
9.75,3.75,0,-2.60E-05
9.75,3.25,0,0.000133594
9.75,2.75,0,-0.000108734
9.75,2.25,0,0.000889063
9.75,1.75,0,-0.003451607
9.75,1.25,0,0.008665889
9.75,0.75,0,-0.000155459
9.75,0.25,0,2.57E-05
9.75,-0.25,0,-0.002183662
9.75,-0.75,0,-0.003052525
9.75,-1.25,0,0.004202869
9.75,-1.75,0,3.07E-05
9.75,-2.25,0,-3.25E-05
9.75,-2.75,0,0.00012434
9.75,-3.25,0,0.001549626
9.75,-3.75,0,0.005186061
9.75,-4.25,0,0.001603882
9.75,-4.75,0,0.002693591
9.75,-5.25,0,0.002076996
9.75,-5.75,0,-0.003712915
9.75,-6.25,0,-0.001754771
9.75,-6.75,0,-0.025973411
9.75,-7.25,0,-0.98632561
9.75,-7.75,0,-0.885870308
9.75,-8.25,0,-0.016644812
9.75,-8.75,0,0.018041802
9.75,-9.25,0,-0.021850955
9.75,-9.75,0,-0.013085939
9.75,-10.25,0,-0.016122206
9.75,-10.75,0,-0.002504322
9.75,-11.25,0,-0.019001544
9.75,-11.75,0,-0.025950195
9.75,-12.25,0,-6.65E-05
9.75,-12.75,0,-0.019586637
9.75,-13.25,0,-0.954730082
9.75,-13.75,0,-0.970207449
9.75,-14.25,0,-0.009893912
9.75,-14.75,0,-0.017697185
10.25,14.75,0,-0.002594666
10.25,14.25,0,-0.005302358
10.25,13.75,0,-0.006993091
10.25,13.25,0,-0.000919755
10.25,12.75,0,0.001676312
10.25,12.25,0,0.005803083
10.25,11.75,0,0.002598099
10.25,11.25,0,0.003588786
10.25,10.75,0,-0.001507863
10.25,10.25,0,0.000230585
10.25,9.75,0,0.005854616
10.25,9.25,0,-0.000413965
10.25,8.75,0,0.000522158
10.25,8.25,0,0.003264421
10.25,7.75,0,-0.001855676
10.25,7.25,0,0.00012459
10.25,6.75,0,-0.002492249
10.25,6.25,0,-0.001823404
10.25,5.75,0,-0.001315863
10.25,5.25,0,-0.000108405
10.25,4.75,0,-0.002964942
10.25,4.25,0,-0.006374442
10.25,3.75,0,-0.001759688
10.25,3.25,0,0.002005302
10.25,2.75,0,0.005597095
10.25,2.25,0,-0.00334254
10.25,1.75,0,-0.000802043
10.25,1.25,0,0.002238913
10.25,0.75,0,0.002844337
10.25,0.25,0,0.004416985
10.25,-0.25,0,-6.49E-05
10.25,-0.75,0,-0.006801088
10.25,-1.25,0,0.00244335
10.25,-1.75,0,0.003759757
10.25,-2.25,0,-0.000860646
10.25,-2.75,0,-0.000328961
10.25,-3.25,0,2.55E-05
10.25,-3.75,0,0.000379274
10.25,-4.25,0,0.000555546
10.25,-4.75,0,0.002590626
10.25,-5.25,0,-0.003767376
10.25,-5.75,0,-0.006591418
10.25,-6.25,0,0.008560174
10.25,-6.75,0,-0.028023239
10.25,-7.25,0,-0.935424929
10.25,-7.75,0,-0.936172496
10.25,-8.25,0,-0.046167713
10.25,-8.75,0,0.021597084
10.25,-9.25,0,-0.02219309
10.25,-9.75,0,0.003076567
10.25,-10.25,0,0.012534025
10.25,-10.75,0,0.025445212
10.25,-11.25,0,-0.00186228
10.25,-11.75,0,0.032052701
10.25,-12.25,0,-0.007103448
10.25,-12.75,0,-0.016931363
10.25,-13.25,0,-0.91457721
10.25,-13.75,0,-0.948852217
10.25,-14.25,0,-0.010745802
10.25,-14.75,0,-0.019751148
10.75,14.75,0,0.002406011
10.75,14.25,0,-3.46E-05
10.75,13.75,0,-0.000365185
10.75,13.25,0,-0.00088537
10.75,12.75,0,0.000610471
10.75,12.25,0,-0.000137843
10.75,11.75,0,-0.003226109
10.75,11.25,0,-8.30E-05
10.75,10.75,0,-5.01E-05
10.75,10.25,0,0.000335963
10.75,9.75,0,0.002686381
10.75,9.25,0,0.000149972
10.75,8.75,0,-0.009456415
10.75,8.25,0,-0.002738898
10.75,7.75,0,-0.001028608
10.75,7.25,0,0.002104619
10.75,6.75,0,0.002500675
10.75,6.25,0,0.001482591
10.75,5.75,0,-6.21E-05
10.75,5.25,0,0.001490853
10.75,4.75,0,-0.00378071
10.75,4.25,0,-0.005988774
10.75,3.75,0,0.000337516
10.75,3.25,0,0.003245507
10.75,2.75,0,0.003758719
10.75,2.25,0,0.000887763
10.75,1.75,0,0.002426728
10.75,1.25,0,0.001363335
10.75,0.75,0,0.006446722
10.75,0.25,0,0.005061437
10.75,-0.25,0,0.000442143
10.75,-0.75,0,0.001680544
10.75,-1.25,0,0.006194081
10.75,-1.75,0,0.006646768
10.75,-2.25,0,-1.69E-05
10.75,-2.75,0,0.00278251
10.75,-3.25,0,0.003922714
10.75,-3.75,0,0.002115834
10.75,-4.25,0,0.001272755
10.75,-4.75,0,0.001028191
10.75,-5.25,0,0.000299313
10.75,-5.75,0,-0.003655939
10.75,-6.25,0,0.003869909
10.75,-6.75,0,-0.050198646
10.75,-7.25,0,-0.929922711
10.75,-7.75,0,-1.022132046
10.75,-8.25,0,0.004112726
10.75,-8.75,0,-0.008732848
10.75,-9.25,0,0.009091707
10.75,-9.75,0,0.012052737
10.75,-10.25,0,-0.024830837
10.75,-10.75,0,-0.966669396
10.75,-11.25,0,-0.927746304
10.75,-11.75,0,-0.090764311
10.75,-12.25,0,0.00049647
10.75,-12.75,0,0.00058012
10.75,-13.25,0,-1.006634433
10.75,-13.75,0,-0.904956843
10.75,-14.25,0,-0.016644856
10.75,-14.75,0,-0.008547743
11.25,14.75,0,0.002491355
11.25,14.25,0,0.004946577
11.25,13.75,0,0.001997021
11.25,13.25,0,0.001445323
11.25,12.75,0,-9.18E-05
11.25,12.25,0,-0.003162892
11.25,11.75,0,-5.82E-05
11.25,11.25,0,0.003084219
11.25,10.75,0,0.000617974
11.25,10.25,0,0.001427725
11.25,9.75,0,0.000485286
11.25,9.25,0,0.000198533
11.25,8.75,0,-0.004182309
11.25,8.25,0,-0.007262559
11.25,7.75,0,-0.010448458
11.25,7.25,0,0.001305621
11.25,6.75,0,0.002861638
11.25,6.25,0,0.003356052
11.25,5.75,0,0.000651214
11.25,5.25,0,-0.004904914
11.25,4.75,0,0.000124932
11.25,4.25,0,0.005528033
11.25,3.75,0,0.004641312
11.25,3.25,0,0.000347567
11.25,2.75,0,-0.000200533
11.25,2.25,0,-0.001687305
11.25,1.75,0,0.000119637
11.25,1.25,0,-4.15E-05
11.25,0.75,0,-0.002113194
11.25,0.25,0,-0.001551819
11.25,-0.25,0,-0.000236187
11.25,-0.75,0,0.004557362
11.25,-1.25,0,0.003148914
11.25,-1.75,0,-2.43E-05
11.25,-2.25,0,-0.00491032
11.25,-2.75,0,0.000172897
11.25,-3.25,0,0.002464005
11.25,-3.75,0,0.000279191
11.25,-4.25,0,-0.000923369
11.25,-4.75,0,-0.001618872
11.25,-5.25,0,-2.98E-05
11.25,-5.75,0,-0.00524693
11.25,-6.25,0,0.011079884
11.25,-6.75,0,-0.01460363
11.25,-7.25,0,-0.944229098
11.25,-7.75,0,-0.870928026
11.25,-8.25,0,0.00552842
11.25,-8.75,0,-0.005539444
11.25,-9.25,0,-0.046147571
11.25,-9.75,0,-0.011933666
11.25,-10.25,0,-0.023023386
11.25,-10.75,0,-0.922103409
11.25,-11.25,0,-0.97747409
11.25,-11.75,0,-0.030109977
11.25,-12.25,0,0.011149949
11.25,-12.75,0,-0.044138069
11.25,-13.25,0,-0.953249442
11.25,-13.75,0,-0.986705744
11.25,-14.25,0,0.007870015
11.25,-14.75,0,0.001580132
11.75,14.75,0,0.000141952
11.75,14.25,0,0.006740798
11.75,13.75,0,0.009818149
11.75,13.25,0,0.009551989
11.75,12.75,0,-0.002502213
11.75,12.25,0,-0.006635663
11.75,11.75,0,5.66E-06
11.75,11.25,0,0.001686367
11.75,10.75,0,0.001876868
11.75,10.25,0,-0.000123343
11.75,9.75,0,7.88E-05
11.75,9.25,0,-0.000892622
11.75,8.75,0,-0.008326153
11.75,8.25,0,-0.003583031
11.75,7.75,0,-0.001435604
11.75,7.25,0,0.000185384
11.75,6.75,0,0.00368739
11.75,6.25,0,0.002046367
11.75,5.75,0,0.000927237
11.75,5.25,0,0.000712192
11.75,4.75,0,0.008051569
11.75,4.25,0,0.000882391
11.75,3.75,0,0.013021209
11.75,3.25,0,0.008792903
11.75,2.75,0,0.002558855
11.75,2.25,0,-0.009770698
11.75,1.75,0,-0.004519432
11.75,1.25,0,-0.005050567
11.75,0.75,0,2.58E-05
11.75,0.25,0,-0.003751496
11.75,-0.25,0,-0.000240381
11.75,-0.75,0,0.004793799
11.75,-1.25,0,-0.001847632
11.75,-1.75,0,-0.008796833
11.75,-2.25,0,-0.004394431
11.75,-2.75,0,-0.000661141
11.75,-3.25,0,0.000492478
11.75,-3.75,0,6.59E-05
11.75,-4.25,0,-0.000140179
11.75,-4.75,0,-0.000262727
11.75,-5.25,0,-0.003291415
11.75,-5.75,0,-0.003596451
11.75,-6.25,0,0.015135546
11.75,-6.75,0,-0.043138455
11.75,-7.25,0,-0.954876958
11.75,-7.75,0,-0.976561197
11.75,-8.25,0,-0.981979853
11.75,-8.75,0,-0.976522567
11.75,-9.25,0,-0.916824151
11.75,-9.75,0,-0.011839678
11.75,-10.25,0,-0.012050055
11.75,-10.75,0,-0.960819424
11.75,-11.25,0,-0.930447808
11.75,-11.75,0,-0.946424333
11.75,-12.25,0,-0.93680564
11.75,-12.75,0,-0.96175067
11.75,-13.25,0,-0.917349004
11.75,-13.75,0,-0.957775549
11.75,-14.25,0,-0.026931483
11.75,-14.75,0,0.000235079
12.25,14.75,0,0.009283862
12.25,14.25,0,-4.48E-05
12.25,13.75,0,0.002990793
12.25,13.25,0,0.000485935
12.25,12.75,0,-0.000419702
12.25,12.25,0,0.000262506
12.25,11.75,0,0.000369306
12.25,11.25,0,-1.23E-05
12.25,10.75,0,0.001035632
12.25,10.25,0,0.000129802
12.25,9.75,0,0.008540747
12.25,9.25,0,0.001646329
12.25,8.75,0,0.001666277
12.25,8.25,0,0.001887187
12.25,7.75,0,-0.000859499
12.25,7.25,0,0.005590092
12.25,6.75,0,0.005687635
12.25,6.25,0,-0.000517378
12.25,5.75,0,7.75E-06
12.25,5.25,0,-0.001719067
12.25,4.75,0,0.004850011
12.25,4.25,0,0.000328972
12.25,3.75,0,0.003594825
12.25,3.25,0,0.000668691
12.25,2.75,0,0.000546146
12.25,2.25,0,-0.001672301
12.25,1.75,0,-0.002018269
12.25,1.25,0,-0.000151333
12.25,0.75,0,0.010460392
12.25,0.25,0,0.00307657
12.25,-0.25,0,0.001359268
12.25,-0.75,0,0.002579218
12.25,-1.25,0,0.006984605
12.25,-1.75,0,0.000952336
12.25,-2.25,0,0.000324211
12.25,-2.75,0,-0.000755061
12.25,-3.25,0,6.76E-05
12.25,-3.75,0,-0.003115397
12.25,-4.25,0,0.000410615
12.25,-4.75,0,-0.000120108
12.25,-5.25,0,0.001199137
12.25,-5.75,0,-3.45E-05
12.25,-6.25,0,0.001872059
12.25,-6.75,0,0.001661926
12.25,-7.25,0,-0.056137121
12.25,-7.75,0,-0.889763009
12.25,-8.25,0,-0.906682694
12.25,-8.75,0,-0.946190334
12.25,-9.25,0,-0.915309538
12.25,-9.75,0,-0.017576392
12.25,-10.25,0,-0.014394862
12.25,-10.75,0,-0.956209598
12.25,-11.25,0,-0.873978437
12.25,-11.75,0,-1.03850444
12.25,-12.25,0,-0.946865652
12.25,-12.75,0,-0.969092034
12.25,-13.25,0,-0.926019777
12.25,-13.75,0,-0.029073573
12.25,-14.25,0,0.011336245
12.25,-14.75,0,-0.01231598
12.75,14.75,0,0.011731566
12.75,14.25,0,0.001062084
12.75,13.75,0,-0.007100522
12.75,13.25,0,-0.000201772
12.75,12.75,0,0.001567113
12.75,12.25,0,-0.00010603
12.75,11.75,0,0.000769629
12.75,11.25,0,-0.003934927
12.75,10.75,0,1.08E-05
12.75,10.25,0,0.0056411
12.75,9.75,0,0.004740341
12.75,9.25,0,0.005291334
12.75,8.75,0,0.001131647
12.75,8.25,0,-0.000935927
12.75,7.75,0,0.000748538
12.75,7.25,0,0.002014446
12.75,6.75,0,0.009309211
12.75,6.25,0,-0.000928867
12.75,5.75,0,-0.001072292
12.75,5.25,0,-0.007893215
12.75,4.75,0,0.007050902
12.75,4.25,0,0.00291044
12.75,3.75,0,0.004230623
12.75,3.25,0,-0.000220318
12.75,2.75,0,0.001178368
12.75,2.25,0,0.003669136
12.75,1.75,0,-0.000148951
12.75,1.25,0,0.000110015
12.75,0.75,0,-0.003149481
12.75,0.25,0,-0.000874053
12.75,-0.25,0,-0.00026001
12.75,-0.75,0,-0.002389005
12.75,-1.25,0,-0.002261611
12.75,-1.75,0,0.00173343
12.75,-2.25,0,0.000514229
12.75,-2.75,0,0.000163553
12.75,-3.25,0,0.00044773
12.75,-3.75,0,-0.003112158
12.75,-4.25,0,0.000338303
12.75,-4.75,0,0.000518793
12.75,-5.25,0,0.000884076
12.75,-5.75,0,0.000139598
12.75,-6.25,0,-0.005501285
12.75,-6.75,0,-0.000580033
12.75,-7.25,0,-0.004642044
12.75,-7.75,0,-0.022365753
12.75,-8.25,0,-0.03306317
12.75,-8.75,0,6.48E-05
12.75,-9.25,0,-0.026432948
12.75,-9.75,0,-0.01022306
12.75,-10.25,0,-0.00280793
12.75,-10.75,0,-0.023661045
12.75,-11.25,0,-0.000143209
12.75,-11.75,0,-0.002109433
12.75,-12.25,0,0.006163063
12.75,-12.75,0,0.011830507
12.75,-13.25,0,-0.027396082
12.75,-13.75,0,0.001254374
12.75,-14.25,0,0.002390277
12.75,-14.75,0,-0.007370097
13.25,14.75,0,-0.0005526
13.25,14.25,0,0.00109106
13.25,13.75,0,0.000626945
13.25,13.25,0,0.006650225
13.25,12.75,0,0.004117339
13.25,12.25,0,0.000931886
13.25,11.75,0,-0.001276867
13.25,11.25,0,-0.006464513
13.25,10.75,0,-0.004959022
13.25,10.25,0,0.002589157
13.25,9.75,0,0.004895835
13.25,9.25,0,0.002136453
13.25,8.75,0,0.00307105
13.25,8.25,0,-9.78E-05
13.25,7.75,0,-2.18E-06
13.25,7.25,0,-0.000130721
13.25,6.75,0,-0.000881092
13.25,6.25,0,0.000293055
13.25,5.75,0,-0.001588738
13.25,5.25,0,-0.014195262
13.25,4.75,0,0.00707111
13.25,4.25,0,0.000548547
13.25,3.75,0,0.000835806
13.25,3.25,0,-0.000396479
13.25,2.75,0,0.000499398
13.25,2.25,0,5.77E-05
13.25,1.75,0,-0.001084732
13.25,1.25,0,-0.001803868
13.25,0.75,0,-0.005778177
13.25,0.25,0,-0.002259501
13.25,-0.25,0,2.40E-05
13.25,-0.75,0,-0.000504216
13.25,-1.25,0,0.005929652
13.25,-1.75,0,0.015998165
13.25,-2.25,0,-0.001175423
13.25,-2.75,0,-0.003360456
13.25,-3.25,0,-0.004150442
13.25,-3.75,0,-0.003014374
13.25,-4.25,0,-0.000947762
13.25,-4.75,0,0.000306919
13.25,-5.25,0,0.000212147
13.25,-5.75,0,-0.002637931
13.25,-6.25,0,-0.000447171
13.25,-6.75,0,-0.001750838
13.25,-7.25,0,-0.002686253
13.25,-7.75,0,0.00289793
13.25,-8.25,0,0.000418386
13.25,-8.75,0,0.002331801
13.25,-9.25,0,-0.001861017
13.25,-9.75,0,-0.002682077
13.25,-10.25,0,0.001069831
13.25,-10.75,0,-0.0039327
13.25,-11.25,0,0.000100848
13.25,-11.75,0,-0.005378719
13.25,-12.25,0,-0.007448954
13.25,-12.75,0,0.000468314
13.25,-13.25,0,0.000940897
13.25,-13.75,0,0.005422721
13.25,-14.25,0,-0.002067818
13.25,-14.75,0,-0.011085413
13.75,14.75,0,-0.003402762
13.75,14.25,0,0.000623546
13.75,13.75,0,0.003027192
13.75,13.25,0,-0.000144687
13.75,12.75,0,0.006975169
13.75,12.25,0,0.000478672
13.75,11.75,0,-0.006370581
13.75,11.25,0,-0.002130639
13.75,10.75,0,-0.000888095
13.75,10.25,0,0.003289449
13.75,9.75,0,-0.008056877
13.75,9.25,0,-0.002963158
13.75,8.75,0,0.001754589
13.75,8.25,0,0.001936297
13.75,7.75,0,-0.002762372
13.75,7.25,0,0.000353322
13.75,6.75,0,-0.003983519
13.75,6.25,0,-0.003866779
13.75,5.75,0,-0.000977595
13.75,5.25,0,0.00041045
13.75,4.75,0,0.003131528
13.75,4.25,0,0.00059615
13.75,3.75,0,0.002006739
13.75,3.25,0,-5.37E-05
13.75,2.75,0,0.005528605
13.75,2.25,0,0.000215186
13.75,1.75,0,-0.007451995
13.75,1.25,0,-0.00544843
13.75,0.75,0,-0.005461523
13.75,0.25,0,-0.002734225
13.75,-0.25,0,0.000125231
13.75,-0.75,0,-0.00305269
13.75,-1.25,0,6.81E-05
13.75,-1.75,0,3.97E-05
13.75,-2.25,0,-0.002625219
13.75,-2.75,0,-0.001243984
13.75,-3.25,0,-0.000778065
13.75,-3.75,0,0.003680758
13.75,-4.25,0,-0.001773684
13.75,-4.75,0,0.00017485
13.75,-5.25,0,-0.000112616
13.75,-5.75,0,-0.001026717
13.75,-6.25,0,-0.004083901
13.75,-6.75,0,-0.000475612
13.75,-7.25,0,-0.00225182
13.75,-7.75,0,-0.001508978
13.75,-8.25,0,-0.001608115
13.75,-8.75,0,-0.008106216
13.75,-9.25,0,-0.009254056
13.75,-9.75,0,-0.005983752
13.75,-10.25,0,-0.00246296
13.75,-10.75,0,-0.007315476
13.75,-11.25,0,-0.008598012
13.75,-11.75,0,-0.019935994
13.75,-12.25,0,-0.014388936
13.75,-12.75,0,-0.004007944
13.75,-13.25,0,-0.001190649
13.75,-13.75,0,0.000898044
13.75,-14.25,0,-0.000379586
13.75,-14.75,0,-0.001137777
14.25,14.75,0,-0.006503367
14.25,14.25,0,-0.007871622
14.25,13.75,0,0.0015866
14.25,13.25,0,0.001060262
14.25,12.75,0,0.003191222
14.25,12.25,0,0.00065176
14.25,11.75,0,-0.001108499
14.25,11.25,0,0.003950577
14.25,10.75,0,0.004049217
14.25,10.25,0,-0.000141733
14.25,9.75,0,-0.004764561
14.25,9.25,0,-0.001039566
14.25,8.75,0,0.00207802
14.25,8.25,0,0.006859593
14.25,7.75,0,0.001682888
14.25,7.25,0,-0.003786686
14.25,6.75,0,-0.000895654
14.25,6.25,0,-0.015389188
14.25,5.75,0,-0.007144334
14.25,5.25,0,-0.002371892
14.25,4.75,0,-8.01E-05
14.25,4.25,0,-0.000258565
14.25,3.75,0,0.00024366
14.25,3.25,0,0.003332085
14.25,2.75,0,0.002062723
14.25,2.25,0,0.003610371
14.25,1.75,0,-0.000542085
14.25,1.25,0,-0.002979123
14.25,0.75,0,-0.003589489
14.25,0.25,0,0.001128859
14.25,-0.25,0,9.47E-05
14.25,-0.75,0,0.000457321
14.25,-1.25,0,-0.000123692
14.25,-1.75,0,-0.001553307
14.25,-2.25,0,-0.000183691
14.25,-2.75,0,-0.002152623
14.25,-3.25,0,0.001219979
14.25,-3.75,0,0.00842677
14.25,-4.25,0,0.007147134
14.25,-4.75,0,0.002463881
14.25,-5.25,0,0.001859659
14.25,-5.75,0,0.00034954
14.25,-6.25,0,-0.001648733
14.25,-6.75,0,-0.000408029
14.25,-7.25,0,-0.000417063
14.25,-7.75,0,-0.004128842
14.25,-8.25,0,-0.002478564
14.25,-8.75,0,-0.00600637
14.25,-9.25,0,-0.002566702
14.25,-9.75,0,0.000430846
14.25,-10.25,0,0.002381493
14.25,-10.75,0,0.002481835
14.25,-11.25,0,0.00251549
14.25,-11.75,0,-0.000497139
14.25,-12.25,0,0.00087688
14.25,-12.75,0,0.000992729
14.25,-13.25,0,-0.000507892
14.25,-13.75,0,-0.000259192
14.25,-14.25,0,0.001099862
14.25,-14.75,0,-4.73E-05
14.75,14.75,0,-0.003841922
14.75,14.25,0,-0.003638697
14.75,13.75,0,-0.002405573
14.75,13.25,0,-0.002287499
14.75,12.75,0,0.001888677
14.75,12.25,0,-0.007066696
14.75,11.75,0,-0.001175138
14.75,11.25,0,0.000798775
14.75,10.75,0,0.000824665
14.75,10.25,0,-0.001045654
14.75,9.75,0,-0.007247348
14.75,9.25,0,-0.003283897
14.75,8.75,0,-0.002376201
14.75,8.25,0,0.002046683
14.75,7.75,0,9.57E-06
14.75,7.25,0,0.000151519
14.75,6.75,0,0.000132201
14.75,6.25,0,-0.002352949
14.75,5.75,0,-0.003471252
14.75,5.25,0,-0.00595619
14.75,4.75,0,-0.00348398
14.75,4.25,0,-0.002246995
14.75,3.75,0,-0.000315556
14.75,3.25,0,0.001545141
14.75,2.75,0,0.001478624
14.75,2.25,0,0.003805657
14.75,1.75,0,0.000932698
14.75,1.25,0,0.002195702
14.75,0.75,0,-0.000144751
14.75,0.25,0,6.07E-05
14.75,-0.25,0,0.002480867
14.75,-0.75,0,0.001096023
14.75,-1.25,0,9.00E-06
14.75,-1.75,0,-0.001609884
14.75,-2.25,0,-0.001172551
14.75,-2.75,0,-0.003662574
14.75,-3.25,0,-0.000319099
14.75,-3.75,0,0.001071924
14.75,-4.25,0,0.005458467
14.75,-4.75,0,-0.000159423
14.75,-5.25,0,-0.000826654
14.75,-5.75,0,0.000252979
14.75,-6.25,0,-6.76E-05
14.75,-6.75,0,0.000147321
14.75,-7.25,0,-0.000190178
14.75,-7.75,0,-0.005898475
14.75,-8.25,0,0.000905862
14.75,-8.75,0,0.000871497
14.75,-9.25,0,-0.000385409
14.75,-9.75,0,-0.000539094
14.75,-10.25,0,-0.000647345
14.75,-10.75,0,-0.002284253
14.75,-11.25,0,0.001225835
14.75,-11.75,0,0.002563911
14.75,-12.25,0,-0.001953413
14.75,-12.75,0,-0.003534241
14.75,-13.25,0,-0.000791559
14.75,-13.75,0,-0.002125976
14.75,-14.25,0,-0.000283843
14.75,-14.75,0,-0.006192922
