-14.75,14.75,0,0.001094206
-14.75,14.25,0,0.002216263
-14.75,13.75,0,-0.001835269
-14.75,13.25,0,0.001383115
-14.75,12.75,0,0.001427613
-14.75,12.25,0,-0.000202143
-14.75,11.75,0,-2.57E-05
-14.75,11.25,0,0.00082687
-14.75,10.75,0,0.001930952
-14.75,10.25,0,0.001646754
-14.75,9.75,0,-0.001941223
-14.75,9.25,0,0.002313417
-14.75,8.75,0,-1.95E-05
-14.75,8.25,0,-0.000381232
-14.75,7.75,0,0.000705673
-14.75,7.25,0,-7.78E-06
-14.75,6.75,0,-5.90E-05
-14.75,6.25,0,0.000781255
-14.75,5.75,0,0.000535677
-14.75,5.25,0,0.000701573
-14.75,4.75,0,0.000249473
-14.75,4.25,0,-0.001145626
-14.75,3.75,0,0.000374296
-14.75,3.25,0,0.000661017
-14.75,2.75,0,8.67E-05
-14.75,2.25,0,0.000415428
-14.75,1.75,0,0.000216399
-14.75,1.25,0,-0.000358565
-14.75,0.75,0,0.000315389
-14.75,0.25,0,-0.000562492
-14.75,-0.25,0,0.001214119
-14.75,-0.75,0,-0.000828015
-14.75,-1.25,0,-0.000531675
-14.75,-1.75,0,-0.000330787
-14.75,-2.25,0,-0.002107942
-14.75,-2.75,0,0.001479617
-14.75,-3.25,0,9.16E-05
-14.75,-3.75,0,-0.000448881
-14.75,-4.25,0,0.001476444
-14.75,-4.75,0,-0.001146962
-14.75,-5.25,0,0.000189623
-14.75,-5.75,0,-0.000109502
-14.75,-6.25,0,0.000134366
-14.75,-6.75,0,0.000521732
-14.75,-7.25,0,-0.000731799
-14.75,-7.75,0,0.000345358
-14.75,-8.25,0,-0.000352048
-14.75,-8.75,0,0.000195983
-14.75,-9.25,0,0.000170979
-14.75,-9.75,0,0.00085721
-14.75,-10.25,0,-0.000523854
-14.75,-10.75,0,0.000562046
-14.75,-11.25,0,-0.001003541
-14.75,-11.75,0,-0.000290938
-14.75,-12.25,0,-0.000307338
-14.75,-12.75,0,0.001340498
-14.75,-13.25,0,-0.001240054
-14.75,-13.75,0,0.000912884
-14.75,-14.25,0,-0.000524895
-14.75,-14.75,0,0.001059247
-14.25,14.75,0,-0.000506725
-14.25,14.25,0,-0.00117722
-14.25,13.75,0,0.002816424
-14.25,13.25,0,0.009372288
-14.25,12.75,0,0.008042181
-14.25,12.25,0,-0.001602715
-14.25,11.75,0,0.001350735
-14.25,11.25,0,-0.000532081
-14.25,10.75,0,-0.001985581
-14.25,10.25,0,0.002003769
-14.25,9.75,0,-0.000998839
-14.25,9.25,0,0.000468092
-14.25,8.75,0,-0.000293598
-14.25,8.25,0,0.000768477
-14.25,7.75,0,-0.000750377
-14.25,7.25,0,-0.000654553
-14.25,6.75,0,-0.000693133
-14.25,6.25,0,0.000178729
-14.25,5.75,0,-0.000454492
-14.25,5.25,0,-0.000463978
-14.25,4.75,0,0.000874724
-14.25,4.25,0,0.000202349
-14.25,3.75,0,7.22E-05
-14.25,3.25,0,0.001121557
-14.25,2.75,0,-0.000970857
-14.25,2.25,0,0.000537653
-14.25,1.75,0,0.000729257
-14.25,1.25,0,-0.000305387
-14.25,0.75,0,0.000750574
-14.25,0.25,0,-0.000765077
-14.25,-0.25,0,-0.000989501
-14.25,-0.75,0,0.000440051
-14.25,-1.25,0,0.00016334
-14.25,-1.75,0,0.002308834
-14.25,-2.25,0,-0.000622842
-14.25,-2.75,0,-3.28E-05
-14.25,-3.25,0,0.000399179
-14.25,-3.75,0,-0.001665325
-14.25,-4.25,0,0.000212285
-14.25,-4.75,0,-0.001240065
-14.25,-5.25,0,0.00113589
-14.25,-5.75,0,-0.000637277
-14.25,-6.25,0,0.000585893
-14.25,-6.75,0,-0.001094789
-14.25,-7.25,0,0.000299773
-14.25,-7.75,0,-0.000724949
-14.25,-8.25,0,0.000632111
-14.25,-8.75,0,0.000236904
-14.25,-9.25,0,0.001071374
-14.25,-9.75,0,-0.000432877
-14.25,-10.25,0,-0.000990771
-14.25,-10.75,0,-0.000262871
-14.25,-11.25,0,0.001853525
-14.25,-11.75,0,-0.001207844
-14.25,-12.25,0,0.000971623
-14.25,-12.75,0,-0.000825816
-14.25,-13.25,0,0.001738696
-14.25,-13.75,0,-0.002114743
-14.25,-14.25,0,0.000711622
-14.25,-14.75,0,-0.001294625
-13.75,14.75,0,0.002055971
-13.75,14.25,0,0.0059178
-13.75,13.75,0,0.008940604
-13.75,13.25,0,-0.00538794
-13.75,12.75,0,-0.013024891
-13.75,12.25,0,0.024628705
-13.75,11.75,0,0.000897421
-13.75,11.25,0,0.000654613
-13.75,10.75,0,0.001495347
-13.75,10.25,0,-0.001932372
-13.75,9.75,0,0.000597096
-13.75,9.25,0,-0.000436066
-13.75,8.75,0,-0.001041119
-13.75,8.25,0,0.000356371
-13.75,7.75,0,0.000325809
-13.75,7.25,0,0.000301673
-13.75,6.75,0,-0.001216436
-13.75,6.25,0,0.000841931
-13.75,5.75,0,0.000202254
-13.75,5.25,0,-0.000326611
-13.75,4.75,0,-0.000125208
-13.75,4.25,0,0.000152527
-13.75,3.75,0,-0.00148255
-13.75,3.25,0,-0.000110662
-13.75,2.75,0,-0.000292939
-13.75,2.25,0,-0.000653693
-13.75,1.75,0,-0.00087198
-13.75,1.25,0,0.000315614
-13.75,0.75,0,-0.001620563
-13.75,0.25,0,0.00116325
-13.75,-0.25,0,0.000562651
-13.75,-0.75,0,-0.00041348
-13.75,-1.25,0,0.000254683
-13.75,-1.75,0,-0.001190615
-13.75,-2.25,0,0.001142754
-13.75,-2.75,0,5.76E-05
-13.75,-3.25,0,-0.000782603
-13.75,-3.75,0,0.001589483
-13.75,-4.25,0,-0.000506495
-13.75,-4.75,0,-1.69E-05
-13.75,-5.25,0,7.36E-05
-13.75,-5.75,0,-0.000503102
-13.75,-6.25,0,-0.001422298
-13.75,-6.75,0,0.002025414
-13.75,-7.25,0,0.000957252
-13.75,-7.75,0,0.000372075
-13.75,-8.25,0,-0.000952841
-13.75,-8.75,0,-0.000559865
-13.75,-9.25,0,-0.000380271
-13.75,-9.75,0,0.000753687
-13.75,-10.25,0,-0.000521509
-13.75,-10.75,0,-0.000947709
-13.75,-11.25,0,-0.000964596
-13.75,-11.75,0,0.000787444
-13.75,-12.25,0,-5.38E-06
-13.75,-12.75,0,0.000563296
-13.75,-13.25,0,-0.000780558
-13.75,-13.75,0,0.00138638
-13.75,-14.25,0,-0.000639625
-13.75,-14.75,0,0.000712062
-13.25,14.75,0,-0.003659404
-13.25,14.25,0,0.014285955
-13.25,13.75,0,-0.014729356
-13.25,13.25,0,0.921119238
-13.25,12.75,0,0.959202804
-13.25,12.25,0,-0.026527173
-13.25,11.75,0,0.007032221
-13.25,11.25,0,-9.72E-05
-13.25,10.75,0,0.000571838
-13.25,10.25,0,-0.000227672
-13.25,9.75,0,-0.000425349
-13.25,9.25,0,-0.00018868
-13.25,8.75,0,0.000234693
-13.25,8.25,0,-5.40E-05
-13.25,7.75,0,-0.000233181
-13.25,7.25,0,0.000375019
-13.25,6.75,0,0.000856528
-13.25,6.25,0,0.000506236
-13.25,5.75,0,-0.000660335
-13.25,5.25,0,0.000465285
-13.25,4.75,0,4.29E-06
-13.25,4.25,0,-0.000590445
-13.25,3.75,0,0.001227821
-13.25,3.25,0,0.000164822
-13.25,2.75,0,-2.64E-05
-13.25,2.25,0,0.000826575
-13.25,1.75,0,0.000361506
-13.25,1.25,0,-0.000449953
-13.25,0.75,0,0.000380057
-13.25,0.25,0,-0.000256103
-13.25,-0.25,0,-0.000849263
-13.25,-0.75,0,0.001317769
-13.25,-1.25,0,-0.001108682
-13.25,-1.75,0,0.000219986
-13.25,-2.25,0,-0.000542052
-13.25,-2.75,0,-0.000602901
-13.25,-3.25,0,0.000550473
-13.25,-3.75,0,-0.000879469
-13.25,-4.25,0,0.001283981
-13.25,-4.75,0,-0.000175762
-13.25,-5.25,0,-0.001132586
-13.25,-5.75,0,0.001200823
-13.25,-6.25,0,0.000839879
-13.25,-6.75,0,-0.000755881
-13.25,-7.25,0,-0.00141182
-13.25,-7.75,0,-0.000145364
-13.25,-8.25,0,0.0001854
-13.25,-8.75,0,0.00054793
-13.25,-9.25,0,-0.00046534
-13.25,-9.75,0,0.000498499
-13.25,-10.25,0,0.000594409
-13.25,-10.75,0,-0.000159165
-13.25,-11.25,0,-0.00021183
-13.25,-11.75,0,-0.000682562
-13.25,-12.25,0,-0.00016294
-13.25,-12.75,0,-0.000405129
-13.25,-13.25,0,0.001253436
-13.25,-13.75,0,-0.002715517
-13.25,-14.25,0,0.000543505
-13.25,-14.75,0,0.001260547
-12.75,14.75,0,0.001319933
-12.75,14.25,0,-0.005927272
-12.75,13.75,0,0.06117041
-12.75,13.25,0,0.941356203
-12.75,12.75,0,0.948025541
-12.75,12.25,0,0.004126374
-12.75,11.75,0,0.005250267
-12.75,11.25,0,0.004260385
-12.75,10.75,0,1.71E-05
-12.75,10.25,0,0.001670749
-12.75,9.75,0,0.000117078
-12.75,9.25,0,0.000947459
-12.75,8.75,0,0.000324486
-12.75,8.25,0,0.000327839
-12.75,7.75,0,0.000310861
-12.75,7.25,0,0.000179995
-12.75,6.75,0,0.00207332
-12.75,6.25,0,-0.002875139
-12.75,5.75,0,0.002175774
-12.75,5.25,0,-0.000666754
-12.75,4.75,0,0.001308438
-12.75,4.25,0,-0.001166429
-12.75,3.75,0,-0.000324571
-12.75,3.25,0,-0.000216798
-12.75,2.75,0,0.0006293
-12.75,2.25,0,-0.00167112
-12.75,1.75,0,0.001073797
-12.75,1.25,0,-0.000909725
-12.75,0.75,0,0.000490627
-12.75,0.25,0,0.000230779
-12.75,-0.25,0,0.000235434
-12.75,-0.75,0,0.000542733
-12.75,-1.25,0,0.000925331
-12.75,-1.75,0,-0.000474114
-12.75,-2.25,0,0.000627211
-12.75,-2.75,0,-0.000216177
-12.75,-3.25,0,-0.001417766
-12.75,-3.75,0,0.000872437
-12.75,-4.25,0,2.79E-06
-12.75,-4.75,0,-0.000220333
-12.75,-5.25,0,0.001039176
-12.75,-5.75,0,-1.75E-05
-12.75,-6.25,0,-0.000241077
-12.75,-6.75,0,0.000629988
-12.75,-7.25,0,0.000827439
-12.75,-7.75,0,-0.000112952
-12.75,-8.25,0,-0.000257092
-12.75,-8.75,0,-0.000767399
-12.75,-9.25,0,0.00133675
-12.75,-9.75,0,-0.001649742
-12.75,-10.25,0,0.00045482
-12.75,-10.75,0,-0.00161583
-12.75,-11.25,0,0.001218297
-12.75,-11.75,0,0.00091986
-12.75,-12.25,0,-0.000427397
-12.75,-12.75,0,0.000699566
-12.75,-13.25,0,-0.002203315
-12.75,-13.75,0,0.001800737
-12.75,-14.25,0,-0.001575943
-12.75,-14.75,0,-0.00130985
-12.25,14.75,0,8.48E-05
-12.25,14.25,0,0.02960771
-12.25,13.75,0,-0.079847471
-12.25,13.25,0,1.029807808
-12.25,12.75,0,0.923095963
-12.25,12.25,0,0.046727495
-12.25,11.75,0,0.001180785
-12.25,11.25,0,0.002282686
-12.25,10.75,0,0.000356251
-12.25,10.25,0,-0.000663345
-12.25,9.75,0,0.001458208
-12.25,9.25,0,7.49E-05
-12.25,8.75,0,0.000799846
-12.25,8.25,0,0.003339492
-12.25,7.75,0,-0.000888004
-12.25,7.25,0,-0.000117118
-12.25,6.75,0,-0.0002116
-12.25,6.25,0,0.000450907
-12.25,5.75,0,0.000100105
-12.25,5.25,0,0.000559257
-12.25,4.75,0,-0.001410442
-12.25,4.25,0,-7.43E-05
-12.25,3.75,0,0.000361767
-12.25,3.25,0,-0.000338101
-12.25,2.75,0,0.000244608
-12.25,2.25,0,0.000442294
-12.25,1.75,0,-0.001009482
-12.25,1.25,0,0.000483835
-12.25,0.75,0,-0.00165401
-12.25,0.25,0,0.001244735
-12.25,-0.25,0,-0.000472385
-12.25,-0.75,0,-0.000916732
-12.25,-1.25,0,0.00014608
-12.25,-1.75,0,-0.000767915
-12.25,-2.25,0,0.000453653
-12.25,-2.75,0,-0.000727757
-12.25,-3.25,0,0.002144817
-12.25,-3.75,0,0.000547203
-12.25,-4.25,0,-0.002066064
-12.25,-4.75,0,0.000899948
-12.25,-5.25,0,-0.001371469
-12.25,-5.75,0,-4.21E-05
-12.25,-6.25,0,0.0001755
-12.25,-6.75,0,0.000617411
-12.25,-7.25,0,-0.000771135
-12.25,-7.75,0,0.001383007
-12.25,-8.25,0,-0.000868623
-12.25,-8.75,0,0.000444953
-12.25,-9.25,0,4.20E-06
-12.25,-9.75,0,0.000117461
-12.25,-10.25,0,0.000355734
-12.25,-10.75,0,0.000518076
-12.25,-11.25,0,-0.00033037
-12.25,-11.75,0,-0.001463614
-12.25,-12.25,0,0.001804628
-12.25,-12.75,0,-0.001005355
-12.25,-13.25,0,0.000659169
-12.25,-13.75,0,0.000280065
-12.25,-14.25,0,0.000556706
-12.25,-14.75,0,-4.81E-05
-11.75,14.75,0,-0.000351868
-11.75,14.25,0,0.008241276
-11.75,13.75,0,0.018540015
-11.75,13.25,0,0.936620322
-11.75,12.75,0,0.936559818
-11.75,12.25,0,-0.002676772
-11.75,11.75,0,0.025162634
-11.75,11.25,0,-0.004123116
-11.75,10.75,0,0.013989818
-11.75,10.25,0,0.016312825
-11.75,9.75,0,0.004204432
-11.75,9.25,0,0.01708887
-11.75,8.75,0,0.005558753
-11.75,8.25,0,0.005010031
-11.75,7.75,0,0.008974225
-11.75,7.25,0,0.007038188
-11.75,6.75,0,-0.0001911
-11.75,6.25,0,0.002264268
-11.75,5.75,0,-0.002220583
-11.75,5.25,0,0.000760422
-11.75,4.75,0,0.001539969
-11.75,4.25,0,0.00037283
-11.75,3.75,0,-0.00031148
-11.75,3.25,0,0.00057004
-11.75,2.75,0,-0.000991735
-11.75,2.25,0,0.001025197
-11.75,1.75,0,0.000513178
-11.75,1.25,0,0.00033527
-11.75,0.75,0,-0.000438443
-11.75,0.25,0,0.000172627
-11.75,-0.25,0,-0.000398567
-11.75,-0.75,0,0.000480657
-11.75,-1.25,0,-4.35E-05
-11.75,-1.75,0,-0.000414964
-11.75,-2.25,0,-0.000557827
-11.75,-2.75,0,0.000646696
-11.75,-3.25,0,-0.001774545
-11.75,-3.75,0,0.000644453
-11.75,-4.25,0,0.000308832
-11.75,-4.75,0,0.000255962
-11.75,-5.25,0,0.00042022
-11.75,-5.75,0,0.000160778
-11.75,-6.25,0,-0.000786698
-11.75,-6.75,0,-0.000715025
-11.75,-7.25,0,0.000145528
-11.75,-7.75,0,-0.000224313
-11.75,-8.25,0,0.001221447
-11.75,-8.75,0,-0.000795051
-11.75,-9.25,0,0.000741572
-11.75,-9.75,0,-0.000180184
-11.75,-10.25,0,0.000793885
-11.75,-10.75,0,-0.00021612
-11.75,-11.25,0,-0.00029617
-11.75,-11.75,0,-0.000728857
-11.75,-12.25,0,-0.000187647
-11.75,-12.75,0,0.000673632
-11.75,-13.25,0,-0.000206799
-11.75,-13.75,0,-0.000484911
-11.75,-14.25,0,8.58E-05
-11.75,-14.75,0,-0.000517718
-11.25,14.75,0,0.003631004
-11.25,14.25,0,-0.011677845
-11.25,13.75,0,0.071079604
-11.25,13.25,0,0.925850266
-11.25,12.75,0,0.985020993
-11.25,12.25,0,0.004951209
-11.25,11.75,0,-0.010133978
-11.25,11.25,0,0.032237719
-11.25,10.75,0,-0.002470481
-11.25,10.25,0,-0.016596025
-11.25,9.75,0,0.013844137
-11.25,9.25,0,-0.016368059
-11.25,8.75,0,0.016530429
-11.25,8.25,0,0.013421057
-11.25,7.75,0,-0.00440272
-11.25,7.25,0,-0.00730665
-11.25,6.75,0,0.022051189
-11.25,6.25,0,-0.001844121
-11.25,5.75,0,0.002383993
-11.25,5.25,0,-0.001084609
-11.25,4.75,0,0.000334475
-11.25,4.25,0,6.18E-05
-11.25,3.75,0,-0.000904029
-11.25,3.25,0,0.000493733
-11.25,2.75,0,-0.000792443
-11.25,2.25,0,0.000998511
-11.25,1.75,0,-0.000797277
-11.25,1.25,0,0.000800223
-11.25,0.75,0,-0.000352417
-11.25,0.25,0,0.000746515
-11.25,-0.25,0,0.000466368
-11.25,-0.75,0,-0.001111499
-11.25,-1.25,0,-0.000372433
-11.25,-1.75,0,0.000815607
-11.25,-2.25,0,0.000214362
-11.25,-2.75,0,-0.000832088
-11.25,-3.25,0,-3.97E-05
-11.25,-3.75,0,0.000222406
-11.25,-4.25,0,-0.001379162
-11.25,-4.75,0,0.000798496
-11.25,-5.25,0,-0.000880449
-11.25,-5.75,0,0.002069072
-11.25,-6.25,0,-0.001194175
-11.25,-6.75,0,0.001224843
-11.25,-7.25,0,-0.001136215
-11.25,-7.75,0,-0.000101554
-11.25,-8.25,0,-0.001080511
-11.25,-8.75,0,0.00040681
-11.25,-9.25,0,0.000384493
-11.25,-9.75,0,7.69E-05
-11.25,-10.25,0,-0.000708088
-11.25,-10.75,0,0.000495202
-11.25,-11.25,0,0.000689883
-11.25,-11.75,0,0.000260424
-11.25,-12.25,0,0.000290675
-11.25,-12.75,0,0.000512865
-11.25,-13.25,0,-0.000738452
-11.25,-13.75,0,0.000750139
-11.25,-14.25,0,-0.000409024
-11.25,-14.75,0,-7.70E-05
-10.75,14.75,0,-0.001448255
-10.75,14.25,0,0.017525515
-10.75,13.75,0,-0.028847508
-10.75,13.25,0,0.977469696
-10.75,12.75,0,0.910791454
-10.75,12.25,0,0.969811415
-10.75,11.75,0,0.942611761
-10.75,11.25,0,0.928953463
-10.75,10.75,0,0.931807454
-10.75,10.25,0,0.987870216
-10.75,9.75,0,0.944330139
-10.75,9.25,0,0.96602943
-10.75,8.75,0,0.927066681
-10.75,8.25,0,0.94298692
-10.75,7.75,0,0.939996512
-10.75,7.25,0,0.956023179
-10.75,6.75,0,-0.029928495
-10.75,6.25,0,0.010921538
-10.75,5.75,0,-0.000736539
-10.75,5.25,0,0.000939614
-10.75,4.75,0,-0.000215034
-10.75,4.25,0,0.000677996
-10.75,3.75,0,-0.000218041
-10.75,3.25,0,1.78E-06
-10.75,2.75,0,0.000139485
-10.75,2.25,0,-2.94E-05
-10.75,1.75,0,-0.000341907
-10.75,1.25,0,0.001902607
-10.75,0.75,0,-0.001252097
-10.75,0.25,0,-0.000815525
-10.75,-0.25,0,-0.000617097
-10.75,-0.75,0,-0.000474053
-10.75,-1.25,0,2.43E-06
-10.75,-1.75,0,-0.000450679
-10.75,-2.25,0,-0.000199124
-10.75,-2.75,0,0.000718375
-10.75,-3.25,0,0.000527403
-10.75,-3.75,0,0.000262632
-10.75,-4.25,0,0.001111755
-10.75,-4.75,0,0.000571038
-10.75,-5.25,0,-0.000625712
-10.75,-5.75,0,-0.002028592
-10.75,-6.25,0,0.001504334
-10.75,-6.75,0,-0.001406064
-10.75,-7.25,0,0.000762089
-10.75,-7.75,0,-0.000176486
-10.75,-8.25,0,0.001826807
-10.75,-8.75,0,-0.000505973
-10.75,-9.25,0,-0.000258483
-10.75,-9.75,0,0.000167824
-10.75,-10.25,0,0.000307039
-10.75,-10.75,0,8.77E-05
-10.75,-11.25,0,-0.000535453
-10.75,-11.75,0,-0.000895764
-10.75,-12.25,0,0.000509558
-10.75,-12.75,0,-0.001171209
-10.75,-13.25,0,-0.00056408
-10.75,-13.75,0,0.00097448
-10.75,-14.25,0,-0.0005432
-10.75,-14.75,0,-0.000115512
-10.25,14.75,0,0.001644703
-10.25,14.25,0,0.00423707
-10.25,13.75,0,0.027789156
-10.25,13.25,0,0.937846076
-10.25,12.75,0,0.939770165
-10.25,12.25,0,0.99871278
-10.25,11.75,0,0.976967817
-10.25,11.25,0,0.961063351
-10.25,10.75,0,0.917833302
-10.25,10.25,0,0.938777972
-10.25,9.75,0,0.944104126
-10.25,9.25,0,0.9819562
-10.25,8.75,0,0.907583038
-10.25,8.25,0,0.983164519
-10.25,7.75,0,0.957324465
-10.25,7.25,0,0.975789007
-10.25,6.75,0,0.012096843
-10.25,6.25,0,0.001101013
-10.25,5.75,0,-0.000135442
-10.25,5.25,0,0.000567732
-10.25,4.75,0,-0.000588177
-10.25,4.25,0,-0.00075487
-10.25,3.75,0,0.001263083
-10.25,3.25,0,0.000343371
-10.25,2.75,0,-0.000391095
-10.25,2.25,0,0.000687951
-10.25,1.75,0,-0.000775323
-10.25,1.25,0,-3.69E-05
-10.25,0.75,0,0.001330897
-10.25,0.25,0,-0.001093499
-10.25,-0.25,0,0.00097305
-10.25,-0.75,0,0.000994697
-10.25,-1.25,0,-0.000161711
-10.25,-1.75,0,0.001317828
-10.25,-2.25,0,3.25E-05
-10.25,-2.75,0,-0.000528782
-10.25,-3.25,0,-0.001463356
-10.25,-3.75,0,0.000178153
-10.25,-4.25,0,0.000544978
-10.25,-4.75,0,3.45E-05
-10.25,-5.25,0,0.000771259
-10.25,-5.75,0,4.86E-05
-10.25,-6.25,0,0.000609538
-10.25,-6.75,0,-0.000982108
-10.25,-7.25,0,8.26E-05
-10.25,-7.75,0,-0.000626132
-10.25,-8.25,0,3.69E-05
-10.25,-8.75,0,0.000129914
-10.25,-9.25,0,-0.000832537
-10.25,-9.75,0,0.000294519
-10.25,-10.25,0,-0.000240676
-10.25,-10.75,0,-0.000519219
-10.25,-11.25,0,0.0007002
-10.25,-11.75,0,-0.000190829
-10.25,-12.25,0,0.000113155
-10.25,-12.75,0,0.001156789
-10.25,-13.25,0,-3.87E-05
-10.25,-13.75,0,5.19E-05
-10.25,-14.25,0,0.000403444
-10.25,-14.75,0,0.000944102
-9.75,14.75,0,0.001389417
-9.75,14.25,0,0.013353979
-9.75,13.75,0,-0.018635212
-9.75,13.25,0,0.977290547
-9.75,12.75,0,0.980780808
-9.75,12.25,0,-0.045082073
-9.75,11.75,0,0.024569677
-9.75,11.25,0,0.013986823
-9.75,10.75,0,0.026886615
-9.75,10.25,0,0.015153918
-9.75,9.75,0,0.022120318
-9.75,9.25,0,0.014477803
-9.75,8.75,0,0.012959103
-9.75,8.25,0,0.02980786
-9.75,7.75,0,-0.031489275
-9.75,7.25,0,-0.012758796
-9.75,6.75,0,0.024201145
-9.75,6.25,0,-0.005216291
-9.75,5.75,0,0.001525387
-9.75,5.25,0,0.001531885
-9.75,4.75,0,0.000476277
-9.75,4.25,0,0.000294552
-9.75,3.75,0,-0.000249729
-9.75,3.25,0,0.000461985
-9.75,2.75,0,-0.000874228
-9.75,2.25,0,-0.000307343
-9.75,1.75,0,0.001232714
-9.75,1.25,0,-0.000494394
-9.75,0.75,0,0.000518397
-9.75,0.25,0,-0.000751658
-9.75,-0.25,0,-1.77E-05
-9.75,-0.75,0,0.000250036
-9.75,-1.25,0,-0.001165472
-9.75,-1.75,0,0.000194624
-9.75,-2.25,0,0.000175836
-9.75,-2.75,0,-0.000284321
-9.75,-3.25,0,0.00074336
-9.75,-3.75,0,-0.001011824
-9.75,-4.25,0,-0.001288311
-9.75,-4.75,0,-0.000261242
-9.75,-5.25,0,-0.000936772
-9.75,-5.75,0,-0.000247496
-9.75,-6.25,0,-0.001538284
-9.75,-6.75,0,0.001228922
-9.75,-7.25,0,-0.001203028
-9.75,-7.75,0,0.000292616
-9.75,-8.25,0,0.000401926
-9.75,-8.75,0,3.24E-05
-9.75,-9.25,0,0.000563135
-9.75,-9.75,0,0.000110545
-9.75,-10.25,0,-0.000769894
-9.75,-10.75,0,0.000231249
-9.75,-11.25,0,0.000304985
-9.75,-11.75,0,0.001274541
-9.75,-12.25,0,-0.000188863
-9.75,-12.75,0,-0.001498854
-9.75,-13.25,0,0.000238325
-9.75,-13.75,0,0.000219799
-9.75,-14.25,0,-0.000380896
-9.75,-14.75,0,-0.000794115
-9.25,14.75,0,0.003986827
-9.25,14.25,0,-0.00082462
-9.25,13.75,0,0.031358244
-9.25,13.25,0,0.904656896
-9.25,12.75,0,0.944714266
-9.25,12.25,0,0.013660157
-9.25,11.75,0,0.021691377
-9.25,11.25,0,0.00255551
-9.25,10.75,0,0.003802858
-9.25,10.25,0,0.004887332
-9.25,9.75,0,0.006334887
-9.25,9.25,0,-0.001433091
-9.25,8.75,0,0.012543468
-9.25,8.25,0,-0.00189897
-9.25,7.75,0,0.017096473
-9.25,7.25,0,0.005839399
-9.25,6.75,0,-0.001490085
-9.25,6.25,0,0.002182102
-9.25,5.75,0,-0.001687351
-9.25,5.25,0,-0.000756135
-9.25,4.75,0,-0.000356774
-9.25,4.25,0,-0.000630491
-9.25,3.75,0,0.001069031
-9.25,3.25,0,-0.00045774
-9.25,2.75,0,5.29E-05
-9.25,2.25,0,-4.99E-05
-9.25,1.75,0,-0.000680027
-9.25,1.25,0,0.000544466
-9.25,0.75,0,-0.000845577
-9.25,0.25,0,0.000793677
-9.25,-0.25,0,-0.000438589
-9.25,-0.75,0,0.000600317
-9.25,-1.25,0,-0.00016437
-9.25,-1.75,0,0.000300358
-9.25,-2.25,0,-0.000880144
-9.25,-2.75,0,-0.000651678
-9.25,-3.25,0,0.000572024
-9.25,-3.75,0,-0.000233491
-9.25,-4.25,0,0.001173138
-9.25,-4.75,0,-0.000577835
-9.25,-5.25,0,0.001713114
-9.25,-5.75,0,-0.000373348
-9.25,-6.25,0,0.001245864
-9.25,-6.75,0,-0.000615177
-9.25,-7.25,0,-4.39E-05
-9.25,-7.75,0,0.000242244
-9.25,-8.25,0,0.00041569
-9.25,-8.75,0,-0.000804838
-9.25,-9.25,0,-0.000840993
-9.25,-9.75,0,-0.000245251
-9.25,-10.25,0,-0.000474773
-9.25,-10.75,0,0.000211393
-9.25,-11.25,0,-0.000376986
-9.25,-11.75,0,-0.00023282
-9.25,-12.25,0,-0.000918322
-9.25,-12.75,0,0.00134319
-9.25,-13.25,0,0.0001027
-9.25,-13.75,0,-0.000330663
-9.25,-14.25,0,0.000757916
-9.25,-14.75,0,-0.000772989
-8.75,14.75,0,-0.000419431
-8.75,14.25,0,0.008779925
-8.75,13.75,0,0.012873486
-8.75,13.25,0,1.026536471
-8.75,12.75,0,0.966050632
-8.75,12.25,0,0.007740231
-8.75,11.75,0,0.004629574
-8.75,11.25,0,-0.000173612
-8.75,10.75,0,0.002289175
-8.75,10.25,0,-0.001280702
-8.75,9.75,0,0.001021547
-8.75,9.25,0,0.001249721
-8.75,8.75,0,-0.000875861
-8.75,8.25,0,-0.000808349
-8.75,7.75,0,-0.001381485
-8.75,7.25,0,0.000366815
-8.75,6.75,0,-0.000233209
-8.75,6.25,0,0.000618262
-8.75,5.75,0,0.000300985
-8.75,5.25,0,0.002007266
-8.75,4.75,0,-0.001012574
-8.75,4.25,0,0.001214799
-8.75,3.75,0,-0.001532749
-8.75,3.25,0,0.000761629
-8.75,2.75,0,-0.000697466
-8.75,2.25,0,0.000182382
-8.75,1.75,0,0.000674004
-8.75,1.25,0,0.000581228
-8.75,0.75,0,0.000287914
-8.75,0.25,0,-0.001065999
-8.75,-0.25,0,0.000828018
-8.75,-0.75,0,0.001349877
-8.75,-1.25,0,8.79E-06
-8.75,-1.75,0,-0.00096997
-8.75,-2.25,0,0.001507142
-8.75,-2.75,0,-0.000464371
-8.75,-3.25,0,-0.000441502
-8.75,-3.75,0,0.001053268
-8.75,-4.25,0,-0.000959832
-8.75,-4.75,0,-0.001072901
-8.75,-5.25,0,0.000250912
-8.75,-5.75,0,0.000358155
-8.75,-6.25,0,-0.000355575
-8.75,-6.75,0,0.000637586
-8.75,-7.25,0,0.000666111
-8.75,-7.75,0,0.000634617
-8.75,-8.25,0,-0.00061602
-8.75,-8.75,0,0.00078313
-8.75,-9.25,0,0.000350033
-8.75,-9.75,0,-3.39E-05
-8.75,-10.25,0,-0.000914627
-8.75,-10.75,0,0.00080705
-8.75,-11.25,0,-0.000399089
-8.75,-11.75,0,0.00019354
-8.75,-12.25,0,-0.000117859
-8.75,-12.75,0,-0.001429949
-8.75,-13.25,0,0.000582093
-8.75,-13.75,0,-0.000507149
-8.75,-14.25,0,0.000889408
-8.75,-14.75,0,0.000799547
-8.25,14.75,0,0.001017528
-8.25,14.25,0,0.003449777
-8.25,13.75,0,0.02875155
-8.25,13.25,0,0.810540842
-8.25,12.75,0,0.979197513
-8.25,12.25,0,-0.035784123
-8.25,11.75,0,0.027960693
-8.25,11.25,0,-0.003185637
-8.25,10.75,0,0.001126452
-8.25,10.25,0,-0.000366519
-8.25,9.75,0,-0.000481945
-8.25,9.25,0,0.0009158
-8.25,8.75,0,-0.000274263
-8.25,8.25,0,0.000957181
-8.25,7.75,0,0.001629174
-8.25,7.25,0,0.000963454
-8.25,6.75,0,0.001213584
-8.25,6.25,0,-0.001437965
-8.25,5.75,0,0.001079703
-8.25,5.25,0,0.000900409
-8.25,4.75,0,0.001234468
-8.25,4.25,0,-0.002536355
-8.25,3.75,0,0.002092411
-8.25,3.25,0,-0.001120532
-8.25,2.75,0,0.001130731
-8.25,2.25,0,0.000928873
-8.25,1.75,0,0.00139038
-8.25,1.25,0,-0.000340824
-8.25,0.75,0,-0.001026748
-8.25,0.25,0,-3.43E-05
-8.25,-0.25,0,0.001295083
-8.25,-0.75,0,-0.001410261
-8.25,-1.25,0,-0.000114236
-8.25,-1.75,0,0.000447622
-8.25,-2.25,0,-0.000927698
-8.25,-2.75,0,0.000875876
-8.25,-3.25,0,0.000393049
-8.25,-3.75,0,-0.000541085
-8.25,-4.25,0,0.000126569
-8.25,-4.75,0,-8.78E-05
-8.25,-5.25,0,-0.000183134
-8.25,-5.75,0,-0.000448891
-8.25,-6.25,0,0.000739516
-8.25,-6.75,0,-0.001568121
-8.25,-7.25,0,-0.000379978
-8.25,-7.75,0,-5.02E-05
-8.25,-8.25,0,-0.000593148
-8.25,-8.75,0,0.000648486
-8.25,-9.25,0,-0.000450207
-8.25,-9.75,0,0.000228591
-8.25,-10.25,0,0.000993333
-8.25,-10.75,0,-0.000747459
-8.25,-11.25,0,0.000324872
-8.25,-11.75,0,0.000325822
-8.25,-12.25,0,4.59E-05
-8.25,-12.75,0,0.001078238
-8.25,-13.25,0,-0.001175692
-8.25,-13.75,0,0.001347322
-8.25,-14.25,0,-0.001149988
-8.25,-14.75,0,-0.001147841
-7.75,14.75,0,0.000788317
-7.75,14.25,0,0.009510686
-7.75,13.75,0,-0.006417849
-7.75,13.25,0,0.976149584
-7.75,12.75,0,1.006525903
-7.75,12.25,0,-0.003920384
-7.75,11.75,0,0.003133749
-7.75,11.25,0,-0.000844048
-7.75,10.75,0,-3.89E-05
-7.75,10.25,0,0.001126028
-7.75,9.75,0,-0.000874567
-7.75,9.25,0,-0.000786035
-7.75,8.75,0,0.001067007
-7.75,8.25,0,0.000268288
-7.75,7.75,0,-0.000145619
-7.75,7.25,0,-0.002262906
-7.75,6.75,0,0.00564672
-7.75,6.25,0,0.003881396
-7.75,5.75,0,0.000529866
-7.75,5.25,0,0.002341614
-7.75,4.75,0,0.004157742
-7.75,4.25,0,0.012998964
-7.75,3.75,0,-0.005301715
-7.75,3.25,0,0.013374479
-7.75,2.75,0,-0.001593492
-7.75,2.25,0,0.004371806
-7.75,1.75,0,0.00077048
-7.75,1.25,0,0.00226345
-7.75,0.75,0,0.011054278
-7.75,0.25,0,0.002223127
-7.75,-0.25,0,-0.001215338
-7.75,-0.75,0,0.000137425
-7.75,-1.25,0,0.000983395
-7.75,-1.75,0,0.000235358
-7.75,-2.25,0,0.000635766
-7.75,-2.75,0,-0.001000465
-7.75,-3.25,0,-0.001040801
-7.75,-3.75,0,-0.001455471
-7.75,-4.25,0,0.002075958
-7.75,-4.75,0,0.00039669
-7.75,-5.25,0,4.30E-05
-7.75,-5.75,0,-0.00048591
-7.75,-6.25,0,-0.000927649
-7.75,-6.75,0,0.000790573
-7.75,-7.25,0,0.001326871
-7.75,-7.75,0,-0.00148525
-7.75,-8.25,0,0.00031187
-7.75,-8.75,0,0.000203009
-7.75,-9.25,0,-0.00141195
-7.75,-9.75,0,0.000968484
-7.75,-10.25,0,-0.000981114
-7.75,-10.75,0,0.001711766
-7.75,-11.25,0,-0.000732844
-7.75,-11.75,0,0.000649129
-7.75,-12.25,0,-0.000970755
-7.75,-12.75,0,-0.000528013
-7.75,-13.25,0,-0.00031943
-7.75,-13.75,0,-0.000381811
-7.75,-14.25,0,0.00096081
-7.75,-14.75,0,-0.000347798
-7.25,14.75,0,0.002532096
-7.25,14.25,0,-0.006585455
-7.25,13.75,0,0.041797489
-7.25,13.25,0,-0.037208193
-7.25,12.75,0,-0.036787102
-7.25,12.25,0,0.023203132
-7.25,11.75,0,0.001738738
-7.25,11.25,0,-0.001472593
-7.25,10.75,0,0.000405629
-7.25,10.25,0,-0.000734112
-7.25,9.75,0,0.000443396
-7.25,9.25,0,0.001069981
-7.25,8.75,0,-0.000628319
-7.25,8.25,0,0.001118119
-7.25,7.75,0,-0.005898481
-7.25,7.25,0,0.022311779
-7.25,6.75,0,-0.020000604
-7.25,6.25,0,0.011793012
-7.25,5.75,0,0.020714066
-7.25,5.25,0,0.007904041
-7.25,4.75,0,-0.021083695
-7.25,4.25,0,-0.015123021
-7.25,3.75,0,0.028798424
-7.25,3.25,0,-0.022378251
-7.25,2.75,0,0.023607817
-7.25,2.25,0,-0.00024012
-7.25,1.75,0,0.009051225
-7.25,1.25,0,0.004399995
-7.25,0.75,0,-0.007067553
-7.25,0.25,0,-0.002622177
-7.25,-0.25,0,0.014756981
-7.25,-0.75,0,-0.002026915
-7.25,-1.25,0,0.001075493
-7.25,-1.75,0,-0.000559704
-7.25,-2.25,0,-0.001167184
-7.25,-2.75,0,-2.85E-05
-7.25,-3.25,0,0.001836075
-7.25,-3.75,0,-4.25E-05
-7.25,-4.25,0,-0.000234347
-7.25,-4.75,0,-0.000941488
-7.25,-5.25,0,0.001243371
-7.25,-5.75,0,-7.13E-05
-7.25,-6.25,0,0.000896351
-7.25,-6.75,0,-0.00095865
-7.25,-7.25,0,0.000348507
-7.25,-7.75,0,0.000803423
-7.25,-8.25,0,-0.000763916
-7.25,-8.75,0,0.000254059
-7.25,-9.25,0,-3.96E-05
-7.25,-9.75,0,-2.75E-05
-7.25,-10.25,0,5.73E-05
-7.25,-10.75,0,-0.000407768
-7.25,-11.25,0,-9.35E-05
-7.25,-11.75,0,-0.000407887
-7.25,-12.25,0,0.000210862
-7.25,-12.75,0,0.00139883
-7.25,-13.25,0,-0.001667477
-7.25,-13.75,0,0.001702318
-7.25,-14.25,0,0.000423555
-7.25,-14.75,0,-1.94E-06
-6.75,14.75,0,0.000245282
-6.75,14.25,0,3.75E-05
-6.75,13.75,0,-0.002760008
-6.75,13.25,0,0.014678987
-6.75,12.75,0,0.018831162
-6.75,12.25,0,-0.003984721
-6.75,11.75,0,0.000748222
-6.75,11.25,0,0.001904703
-6.75,10.75,0,-0.000401997
-6.75,10.25,0,0.000428965
-6.75,9.75,0,-0.000734821
-6.75,9.25,0,0.00042036
-6.75,8.75,0,-0.000172513
-6.75,8.25,0,0.000628781
-6.75,7.75,0,0.005835276
-6.75,7.25,0,-0.012974203
-6.75,6.75,0,0.486423841
-6.75,6.25,0,0.460642906
-6.75,5.75,0,0.440513851
-6.75,5.25,0,0.463560749
-6.75,4.75,0,0.555019835
-6.75,4.25,0,0.468660599
-6.75,3.75,0,0.455456655
-6.75,3.25,0,0.499040837
-6.75,2.75,0,0.425212645
-6.75,2.25,0,0.496358959
-6.75,1.75,0,0.476683591
-6.75,1.25,0,0.457564749
-6.75,0.75,0,0.4933054
-6.75,0.25,0,0.468738486
-6.75,-0.25,0,-0.001583341
-6.75,-0.75,0,0.002430726
-6.75,-1.25,0,0.000747503
-6.75,-1.75,0,-0.000579461
-6.75,-2.25,0,0.001347173
-6.75,-2.75,0,0.000803513
-6.75,-3.25,0,-0.000538223
-6.75,-3.75,0,-0.00037343
-6.75,-4.25,0,0.001253951
-6.75,-4.75,0,-0.001133562
-6.75,-5.25,0,0.000618565
-6.75,-5.75,0,-0.000647947
-6.75,-6.25,0,-0.000242647
-6.75,-6.75,0,-0.000516565
-6.75,-7.25,0,0.000507719
-6.75,-7.75,0,-0.000680491
-6.75,-8.25,0,-0.000590123
-6.75,-8.75,0,0.000582502
-6.75,-9.25,0,-0.000264305
-6.75,-9.75,0,0.000292091
-6.75,-10.25,0,-0.000642929
-6.75,-10.75,0,0.000882962
-6.75,-11.25,0,-0.002272239
-6.75,-11.75,0,0.000669423
-6.75,-12.25,0,0.000987253
-6.75,-12.75,0,0.00017919
-6.75,-13.25,0,0.000967092
-6.75,-13.75,0,-0.000556058
-6.75,-14.25,0,-4.42E-05
-6.75,-14.75,0,-0.000210444
-6.25,14.75,0,0.00040945
-6.25,14.25,0,-0.000699576
-6.25,13.75,0,0.000638883
-6.25,13.25,0,-0.002177135
-6.25,12.75,0,-0.003233615
-6.25,12.25,0,0.001299943
-6.25,11.75,0,0.000740145
-6.25,11.25,0,-0.001631608
-6.25,10.75,0,0.000926263
-6.25,10.25,0,-0.001348367
-6.25,9.75,0,0.001126572
-6.25,9.25,0,0.000854442
-6.25,8.75,0,-0.001567827
-6.25,8.25,0,0.002214622
-6.25,7.75,0,0.001552918
-6.25,7.25,0,0.007928044
-6.25,6.75,0,0.476657883
-6.25,6.25,0,0.456898174
-6.25,5.75,0,0.555204611
-6.25,5.25,0,0.456829892
-6.25,4.75,0,0.442632993
-6.25,4.25,0,0.513921634
-6.25,3.75,0,0.466979977
-6.25,3.25,0,0.468503521
-6.25,2.75,0,0.491592853
-6.25,2.25,0,0.459027763
-6.25,1.75,0,0.508074294
-6.25,1.25,0,0.485803129
-6.25,0.75,0,0.449502037
-6.25,0.25,0,0.477249523
-6.25,-0.25,0,0.007114274
-6.25,-0.75,0,0.003853702
-6.25,-1.25,0,-7.99E-05
-6.25,-1.75,0,0.000852946
-6.25,-2.25,0,0.000549379
-6.25,-2.75,0,-0.000549123
-6.25,-3.25,0,0.000526489
-6.25,-3.75,0,-0.000421131
-6.25,-4.25,0,-0.001011153
-6.25,-4.75,0,0.000785082
-6.25,-5.25,0,-0.000394047
-6.25,-5.75,0,0.000160756
-6.25,-6.25,0,0.000223308
-6.25,-6.75,0,0.000509208
-6.25,-7.25,0,-0.000211947
-6.25,-7.75,0,9.55E-05
-6.25,-8.25,0,0.000216972
-6.25,-8.75,0,0.000190947
-6.25,-9.25,0,-0.000764302
-6.25,-9.75,0,0.000512894
-6.25,-10.25,0,0.001069535
-6.25,-10.75,0,-0.001162542
-6.25,-11.25,0,0.00204471
-6.25,-11.75,0,-0.000596045
-6.25,-12.25,0,-0.000328447
-6.25,-12.75,0,-0.000837943
-6.25,-13.25,0,-0.0003295
-6.25,-13.75,0,-0.00062964
-6.25,-14.25,0,-0.000192749
-6.25,-14.75,0,0.0010383
-5.75,14.75,0,0.000335593
-5.75,14.25,0,0.000458346
-5.75,13.75,0,0.001590426
-5.75,13.25,0,-0.001561458
-5.75,12.75,0,0.000769691
-5.75,12.25,0,-7.11E-05
-5.75,11.75,0,0.000805798
-5.75,11.25,0,-0.000522484
-5.75,10.75,0,-0.000910804
-5.75,10.25,0,0.000752881
-5.75,9.75,0,-0.000171993
-5.75,9.25,0,0.000272129
-5.75,8.75,0,0.000246452
-5.75,8.25,0,-0.001464293
-5.75,7.75,0,0.005498953
-5.75,7.25,0,0.000613301
-5.75,6.75,0,0.489640669
-5.75,6.25,0,0.493503707
-5.75,5.75,0,-0.028153509
-5.75,5.25,0,0.009731654
-5.75,4.75,0,0.025923508
-5.75,4.25,0,-0.008562724
-5.75,3.75,0,0.523498574
-5.75,3.25,0,0.475270084
-5.75,2.75,0,0.031881418
-5.75,2.25,0,-0.014127024
-5.75,1.75,0,0.004098727
-5.75,1.25,0,0.000586599
-5.75,0.75,0,0.498691336
-5.75,0.25,0,0.474382207
-5.75,-0.25,0,0.005564392
-5.75,-0.75,0,0.002307333
-5.75,-1.25,0,0.001065497
-5.75,-1.75,0,0.000249091
-5.75,-2.25,0,-0.001534344
-5.75,-2.75,0,-0.000460006
-5.75,-3.25,0,-0.000435496
-5.75,-3.75,0,0.001357815
-5.75,-4.25,0,5.54E-05
-5.75,-4.75,0,-0.000289116
-5.75,-5.25,0,0.001102269
-5.75,-5.75,0,-0.00081854
-5.75,-6.25,0,-0.00049103
-5.75,-6.75,0,0.000682048
-5.75,-7.25,0,0.00060087
-5.75,-7.75,0,0.000249055
-5.75,-8.25,0,0.000323735
-5.75,-8.75,0,-0.000940915
-5.75,-9.25,0,0.001337189
-5.75,-9.75,0,-0.000732226
-5.75,-10.25,0,0.000228079
-5.75,-10.75,0,0.000189203
-5.75,-11.25,0,0.00056215
-5.75,-11.75,0,-0.000360422
-5.75,-12.25,0,0.000685607
-5.75,-12.75,0,0.000885502
-5.75,-13.25,0,-0.000610398
-5.75,-13.75,0,0.00033323
-5.75,-14.25,0,0.001229246
-5.75,-14.75,0,-0.000320492
-5.25,14.75,0,-0.000548326
-5.25,14.25,0,0.000548797
-5.25,13.75,0,-0.000929436
-5.25,13.25,0,0.00083747
-5.25,12.75,0,0.000175494
-5.25,12.25,0,-4.27E-05
-5.25,11.75,0,2.93E-06
-5.25,11.25,0,0.000700554
-5.25,10.75,0,-9.05E-06
-5.25,10.25,0,0.001347478
-5.25,9.75,0,-0.001795754
-5.25,9.25,0,0.000208353
-5.25,8.75,0,0.000559414
-5.25,8.25,0,0.00031705
-5.25,7.75,0,0.005889323
-5.25,7.25,0,-0.005556171
-5.25,6.75,0,0.461513841
-5.25,6.25,0,0.493631857
-5.25,5.75,0,-0.012293771
-5.25,5.25,0,0.014907456
-5.25,4.75,0,5.82E-05
-5.25,4.25,0,0.019488414
-5.25,3.75,0,0.448954956
-5.25,3.25,0,0.502538231
-5.25,2.75,0,0.001432536
-5.25,2.25,0,0.009867105
-5.25,1.75,0,0.009204439
-5.25,1.25,0,0.012095548
-5.25,0.75,0,0.473616982
-5.25,0.25,0,0.474440283
-5.25,-0.25,0,0.014550834
-5.25,-0.75,0,0.000249025
-5.25,-1.25,0,0.001265328
-5.25,-1.75,0,-0.000311583
-5.25,-2.25,0,9.57E-05
-5.25,-2.75,0,0.002731168
-5.25,-3.25,0,-0.000929572
-5.25,-3.75,0,-0.000570145
-5.25,-4.25,0,0.001891205
-5.25,-4.75,0,-0.001538859
-5.25,-5.25,0,0.000543612
-5.25,-5.75,0,-0.000679994
-5.25,-6.25,0,0.001110496
-5.25,-6.75,0,-0.000329687
-5.25,-7.25,0,0.000362727
-5.25,-7.75,0,-0.00065059
-5.25,-8.25,0,-0.000353975
-5.25,-8.75,0,0.001637593
-5.25,-9.25,0,-0.002009631
-5.25,-9.75,0,-0.000910468
-5.25,-10.25,0,0.000525126
-5.25,-10.75,0,-0.000887864
-5.25,-11.25,0,-0.000213016
-5.25,-11.75,0,-0.000894283
-5.25,-12.25,0,-0.000612263
-5.25,-12.75,0,-0.000249652
-5.25,-13.25,0,-0.000187717
-5.25,-13.75,0,-0.000562997
-5.25,-14.25,0,-0.000347057
-5.25,-14.75,0,-0.000540287
-4.75,14.75,0,0.000963573
-4.75,14.25,0,-0.001436383
-4.75,13.75,0,0.001246967
-4.75,13.25,0,-0.000438829
-4.75,12.75,0,-0.000988173
-4.75,12.25,0,-0.000535645
-4.75,11.75,0,9.98E-05
-4.75,11.25,0,0.000317273
-4.75,10.75,0,1.88E-05
-4.75,10.25,0,-0.000358964
-4.75,9.75,0,0.001293533
-4.75,9.25,0,-0.001085643
-4.75,8.75,0,0.000320857
-4.75,8.25,0,-0.001523626
-4.75,7.75,0,0.004967445
-4.75,7.25,0,0.005130895
-4.75,6.75,0,0.488558331
-4.75,6.25,0,0.453425304
-4.75,5.75,0,0.019091461
-4.75,5.25,0,-0.000120091
-4.75,4.75,0,0.005384145
-4.75,4.25,0,-0.002866338
-4.75,3.75,0,0.480244484
-4.75,3.25,0,0.473010556
-4.75,2.75,0,0.006503006
-4.75,2.25,0,0.003515741
-4.75,1.75,0,-0.000284554
-4.75,1.25,0,0.00567994
-4.75,0.75,0,0.477167978
-4.75,0.25,0,0.471380322
-4.75,-0.25,0,-0.011991546
-4.75,-0.75,0,0.011368786
-4.75,-1.25,0,-0.001531723
-4.75,-1.75,0,0.001148385
-4.75,-2.25,0,-0.000919036
-4.75,-2.75,0,-0.00106175
-4.75,-3.25,0,0.000275645
-4.75,-3.75,0,-0.00046311
-4.75,-4.25,0,0.000584443
-4.75,-4.75,0,0.000451509
-4.75,-5.25,0,0.000548881
-4.75,-5.75,0,-0.001013802
-4.75,-6.25,0,-0.000519736
-4.75,-6.75,0,0.000216147
-4.75,-7.25,0,-0.000867778
-4.75,-7.75,0,0.000868701
-4.75,-8.25,0,0.000900531
-4.75,-8.75,0,-0.001108428
-4.75,-9.25,0,0.000767044
-4.75,-9.75,0,0.000977298
-4.75,-10.25,0,-0.000392265
-4.75,-10.75,0,0.001220291
-4.75,-11.25,0,0.000653094
-4.75,-11.75,0,-2.56E-05
-4.75,-12.25,0,0.000495835
-4.75,-12.75,0,5.36E-05
-4.75,-13.25,0,-8.75E-05
-4.75,-13.75,0,0.000378037
-4.75,-14.25,0,0.000157343
-4.75,-14.75,0,-0.000104045
-4.25,14.75,0,0.001128586
-4.25,14.25,0,-0.000180011
-4.25,13.75,0,0.001870258
-4.25,13.25,0,-0.000544392
-4.25,12.75,0,0.000652687
-4.25,12.25,0,0.000668605
-4.25,11.75,0,0.001565429
-4.25,11.25,0,-0.00014954
-4.25,10.75,0,-0.00078334
-4.25,10.25,0,0.001001982
-4.25,9.75,0,-0.001309782
-4.25,9.25,0,-2.30E-05
-4.25,8.75,0,0.000227658
-4.25,8.25,0,0.002229834
-4.25,7.75,0,0.002702482
-4.25,7.25,0,0.00320621
-4.25,6.75,0,0.458776113
-4.25,6.25,0,0.500453467
-4.25,5.75,0,-0.011437527
-4.25,5.25,0,0.007838449
-4.25,4.75,0,-4.59E-05
-4.25,4.25,0,0.011023122
-4.25,3.75,0,0.487803391
-4.25,3.25,0,0.49954851
-4.25,2.75,0,-0.020334907
-4.25,2.25,0,0.010198576
-4.25,1.75,0,0.00250698
-4.25,1.25,0,0.004656669
-4.25,0.75,0,0.482667221
-4.25,0.25,0,0.451737908
-4.25,-0.25,0,0.013688543
-4.25,-0.75,0,-0.001518795
-4.25,-1.25,0,0.002315046
-4.25,-1.75,0,0.000112815
-4.25,-2.25,0,0.00107997
-4.25,-2.75,0,-0.000873809
-4.25,-3.25,0,0.000501261
-4.25,-3.75,0,0.000466548
-4.25,-4.25,0,-0.001183548
-4.25,-4.75,0,-0.000216964
-4.25,-5.25,0,-0.000613987
-4.25,-5.75,0,0.00127705
-4.25,-6.25,0,-0.000762437
-4.25,-6.75,0,0.00050364
-4.25,-7.25,0,0.001221183
-4.25,-7.75,0,-0.000808566
-4.25,-8.25,0,-0.000254674
-4.25,-8.75,0,0.000136317
-4.25,-9.25,0,0.000537019
-4.25,-9.75,0,5.82E-05
-4.25,-10.25,0,0.000298581
-4.25,-10.75,0,-0.000624779
-4.25,-11.25,0,-0.000534142
-4.25,-11.75,0,0.000159169
-4.25,-12.25,0,0.000785556
-4.25,-12.75,0,0.000402132
-4.25,-13.25,0,-0.001063073
-4.25,-13.75,0,0.000552135
-4.25,-14.25,0,-0.000217173
-4.25,-14.75,0,0.000155702
-3.75,14.75,0,-0.000273737
-3.75,14.25,0,-0.000802367
-3.75,13.75,0,-0.000439906
-3.75,13.25,0,-0.000646019
-3.75,12.75,0,-0.000413276
-3.75,12.25,0,-5.04E-05
-3.75,11.75,0,-0.000283741
-3.75,11.25,0,-0.000133569
-3.75,10.75,0,2.92E-05
-3.75,10.25,0,-0.000391867
-3.75,9.75,0,0.000492018
-3.75,9.25,0,0.000671065
-3.75,8.75,0,-9.89E-06
-3.75,8.25,0,-0.000874688
-3.75,7.75,0,0.005005641
-3.75,7.25,0,0.006493304
-3.75,6.75,0,0.478710188
-3.75,6.25,0,0.473940594
-3.75,5.75,0,0.020274085
-3.75,5.25,0,-0.001145302
-3.75,4.75,0,0.003436732
-3.75,4.25,0,-0.000492659
-3.75,3.75,0,0.481338768
-3.75,3.25,0,0.472065517
-3.75,2.75,0,0.014633446
-3.75,2.25,0,0.004188063
-3.75,1.75,0,-1.45E-05
-3.75,1.25,0,0.00930119
-3.75,0.75,0,0.49533377
-3.75,0.25,0,0.460044
-3.75,-0.25,0,0.023891941
-3.75,-0.75,0,0.001227224
-3.75,-1.25,0,8.85E-05
-3.75,-1.75,0,-0.000806622
-3.75,-2.25,0,5.69E-05
-3.75,-2.75,0,0.000553149
-3.75,-3.25,0,-0.000731869
-3.75,-3.75,0,0.000162322
-3.75,-4.25,0,0.000574904
-3.75,-4.75,0,0.000780264
-3.75,-5.25,0,0.000644544
-3.75,-5.75,0,-0.001789866
-3.75,-6.25,0,5.15E-05
-3.75,-6.75,0,0.000535653
-3.75,-7.25,0,-0.000240089
-3.75,-7.75,0,0.000428911
-3.75,-8.25,0,-0.000113482
-3.75,-8.75,0,0.000570646
-3.75,-9.25,0,-0.000443928
-3.75,-9.75,0,-0.000862561
-3.75,-10.25,0,-2.03E-05
-3.75,-10.75,0,-5.74E-05
-3.75,-11.25,0,0.000954942
-3.75,-11.75,0,-5.93E-05
-3.75,-12.25,0,0.00010715
-3.75,-12.75,0,-0.000332797
-3.75,-13.25,0,0.000237714
-3.75,-13.75,0,-0.000203983
-3.75,-14.25,0,0.000419524
-3.75,-14.75,0,-0.000858348
-3.25,14.75,0,-0.000125846
-3.25,14.25,0,0.000888479
-3.25,13.75,0,-0.000344418
-3.25,13.25,0,0.000903608
-3.25,12.75,0,0.000261666
-3.25,12.25,0,-0.000378509
-3.25,11.75,0,1.19E-05
-3.25,11.25,0,-0.00023267
-3.25,10.75,0,6.24E-05
-3.25,10.25,0,0.000550104
-3.25,9.75,0,-0.000332733
-3.25,9.25,0,1.89E-05
-3.25,8.75,0,0.001131141
-3.25,8.25,0,-0.000125225
-3.25,7.75,0,0.006625247
-3.25,7.25,0,-0.014428658
-3.25,6.75,0,0.493454174
-3.25,6.25,0,0.465615873
-3.25,5.75,0,-0.00272828
-3.25,5.25,0,0.004635078
-3.25,4.75,0,-0.001337413
-3.25,4.25,0,0.01235908
-3.25,3.75,0,0.468623157
-3.25,3.25,0,0.429214178
-3.25,2.75,0,0.013981843
-3.25,2.25,0,-0.00033879
-3.25,1.75,0,0.00293747
-3.25,1.25,0,0.001820311
-3.25,0.75,0,0.516649206
-3.25,0.25,0,0.455665296
-3.25,-0.25,0,0.002134737
-3.25,-0.75,0,0.003044784
-3.25,-1.25,0,-0.000268938
-3.25,-1.75,0,-0.000808172
-3.25,-2.25,0,-0.000408506
-3.25,-2.75,0,0.001075515
-3.25,-3.25,0,0.000157572
-3.25,-3.75,0,0.000129812
-3.25,-4.25,0,0.00056675
-3.25,-4.75,0,-0.0013891
-3.25,-5.25,0,0.001396486
-3.25,-5.75,0,-0.000425214
-3.25,-6.25,0,0.000422514
-3.25,-6.75,0,-0.000180605
-3.25,-7.25,0,0.000432991
-3.25,-7.75,0,-0.00220522
-3.25,-8.25,0,0.000992344
-3.25,-8.75,0,-0.000301178
-3.25,-9.25,0,0.001198478
-3.25,-9.75,0,0.00097563
-3.25,-10.25,0,-5.35E-05
-3.25,-10.75,0,-0.000250263
-3.25,-11.25,0,-0.001002639
-3.25,-11.75,0,0.00025536
-3.25,-12.25,0,9.54E-08
-3.25,-12.75,0,0.001341868
-3.25,-13.25,0,-0.001533929
-3.25,-13.75,0,0.00081657
-3.25,-14.25,0,-0.000137913
-3.25,-14.75,0,-0.000554364
-2.75,14.75,0,0.00082663
-2.75,14.25,0,-0.000147105
-2.75,13.75,0,-0.000565468
-2.75,13.25,0,0.001096018
-2.75,12.75,0,-8.47E-05
-2.75,12.25,0,6.97E-06
-2.75,11.75,0,4.40E-05
-2.75,11.25,0,0.000202616
-2.75,10.75,0,0.000180288
-2.75,10.25,0,0.000150413
-2.75,9.75,0,-0.00061896
-2.75,9.25,0,-0.000558415
-2.75,8.75,0,5.08E-05
-2.75,8.25,0,0.001779768
-2.75,7.75,0,-0.003400477
-2.75,7.25,0,0.022414939
-2.75,6.75,0,0.45837405
-2.75,6.25,0,0.514324717
-2.75,5.75,0,-0.01802898
-2.75,5.25,0,0.009179448
-2.75,4.75,0,-0.000521955
-2.75,4.25,0,0.007284016
-2.75,3.75,0,0.481348219
-2.75,3.25,0,0.50638072
-2.75,2.75,0,-0.007023744
-2.75,2.25,0,0.005973983
-2.75,1.75,0,0.007124756
-2.75,1.25,0,-0.0213456
-2.75,0.75,0,0.467429141
-2.75,0.25,0,0.502676204
-2.75,-0.25,0,-0.017592812
-2.75,-0.75,0,0.004601386
-2.75,-1.25,0,7.83E-05
-2.75,-1.75,0,-0.000458641
-2.75,-2.25,0,0.001823978
-2.75,-2.75,0,-0.001586465
-2.75,-3.25,0,-0.000579781
-2.75,-3.75,0,-0.001667709
-2.75,-4.25,0,-2.09E-06
-2.75,-4.75,0,-0.000602461
-2.75,-5.25,0,-0.000409251
-2.75,-5.75,0,-6.43E-06
-2.75,-6.25,0,-0.000265674
-2.75,-6.75,0,-0.001406865
-2.75,-7.25,0,0.000376385
-2.75,-7.75,0,0.001481519
-2.75,-8.25,0,0.001159083
-2.75,-8.75,0,-0.00060611
-2.75,-9.25,0,-0.000131819
-2.75,-9.75,0,-0.000906083
-2.75,-10.25,0,0.000213279
-2.75,-10.75,0,-0.000279961
-2.75,-11.25,0,-0.001089428
-2.75,-11.75,0,0.000311642
-2.75,-12.25,0,-0.00033974
-2.75,-12.75,0,-0.001876717
-2.75,-13.25,0,0.002491557
-2.75,-13.75,0,-0.000428512
-2.75,-14.25,0,0.000437961
-2.75,-14.75,0,0.000922665
-2.25,14.75,0,-0.001575977
-2.25,14.25,0,0.00053181
-2.25,13.75,0,0.000246844
-2.25,13.25,0,-0.000225092
-2.25,12.75,0,0.0007164
-2.25,12.25,0,-0.000651472
-2.25,11.75,0,0.000927968
-2.25,11.25,0,-0.000887478
-2.25,10.75,0,-0.000923878
-2.25,10.25,0,0.000365095
-2.25,9.75,0,0.001175942
-2.25,9.25,0,-0.000514417
-2.25,8.75,0,-0.000289726
-2.25,8.25,0,0.000445605
-2.25,7.75,0,-0.000199233
-2.25,7.25,0,0.004521815
-2.25,6.75,0,0.003298092
-2.25,6.25,0,-0.023179035
-2.25,5.75,0,0.014231222
-2.25,5.25,0,-0.002439429
-2.25,4.75,0,0.001584642
-2.25,4.25,0,0.009831515
-2.25,3.75,0,-0.009153035
-2.25,3.25,0,-0.006990064
-2.25,2.75,0,0.004804279
-2.25,2.25,0,0.000583175
-2.25,1.75,0,-0.002838235
-2.25,1.25,0,0.017240546
-2.25,0.75,0,-0.010184666
-2.25,0.25,0,-0.016598819
-2.25,-0.25,0,0.019191519
-2.25,-0.75,0,-0.002334274
-2.25,-1.25,0,0.000980579
-2.25,-1.75,0,-0.000108518
-2.25,-2.25,0,-0.001103522
-2.25,-2.75,0,-0.000277332
-2.25,-3.25,0,0.002161424
-2.25,-3.75,0,0.001747164
-2.25,-4.25,0,0.000251704
-2.25,-4.75,0,0.000209659
-2.25,-5.25,0,-0.000157915
-2.25,-5.75,0,-0.000398839
-2.25,-6.25,0,-0.000767946
-2.25,-6.75,0,0.000618041
-2.25,-7.25,0,-0.00015113
-2.25,-7.75,0,-0.00042487
-2.25,-8.25,0,-0.000398572
-2.25,-8.75,0,-0.000572258
-2.25,-9.25,0,-0.000119413
-2.25,-9.75,0,0.001179311
-2.25,-10.25,0,-0.000107902
-2.25,-10.75,0,-4.26E-05
-2.25,-11.25,0,0.000518836
-2.25,-11.75,0,0.000681519
-2.25,-12.25,0,-0.000973578
-2.25,-12.75,0,0.00067331
-2.25,-13.25,0,-0.000372864
-2.25,-13.75,0,-0.001480934
-2.25,-14.25,0,-0.000750583
-2.25,-14.75,0,-0.000342262
-1.75,14.75,0,0.001042222
-1.75,14.25,0,-0.000124615
-1.75,13.75,0,0.000548976
-1.75,13.25,0,-0.000368421
-1.75,12.75,0,-0.002157075
-1.75,12.25,0,0.000664502
-1.75,11.75,0,-0.001237329
-1.75,11.25,0,0.001072099
-1.75,10.75,0,0.001339425
-1.75,10.25,0,-0.001014581
-1.75,9.75,0,0.000617523
-1.75,9.25,0,0.000446153
-1.75,8.75,0,-0.000820874
-1.75,8.25,0,2.77E-05
-1.75,7.75,0,7.36E-05
-1.75,7.25,0,0.001185203
-1.75,6.75,0,0.002400689
-1.75,6.25,0,0.007430159
-1.75,5.75,0,-0.00204934
-1.75,5.25,0,0.000384795
-1.75,4.75,0,0.001072331
-1.75,4.25,0,-0.002366575
-1.75,3.75,0,0.004396464
-1.75,3.25,0,0.004069929
-1.75,2.75,0,-0.000378772
-1.75,2.25,0,0.000507382
-1.75,1.75,0,0.003279695
-1.75,1.25,0,-0.002057639
-1.75,0.75,0,0.006569397
-1.75,0.25,0,0.005881612
-1.75,-0.25,0,-0.003694787
-1.75,-0.75,0,0.001394805
-1.75,-1.25,0,-0.000870586
-1.75,-1.75,0,-0.000731132
-1.75,-2.25,0,0.000595961
-1.75,-2.75,0,-0.000429522
-1.75,-3.25,0,-0.000105978
-1.75,-3.75,0,-0.00097671
-1.75,-4.25,0,-0.000806667
-1.75,-4.75,0,0.00012647
-1.75,-5.25,0,-0.002881043
-1.75,-5.75,0,0.00098368
-1.75,-6.25,0,0.000858645
-1.75,-6.75,0,-0.001467484
-1.75,-7.25,0,0.0006986
-1.75,-7.75,0,-0.000141403
-1.75,-8.25,0,-0.000482265
-1.75,-8.75,0,0.000177773
-1.75,-9.25,0,0.000323333
-1.75,-9.75,0,-0.001234124
-1.75,-10.25,0,0.000762959
-1.75,-10.75,0,0.00070832
-1.75,-11.25,0,9.81E-05
-1.75,-11.75,0,-2.66E-05
-1.75,-12.25,0,-0.000750453
-1.75,-12.75,0,0.000959625
-1.75,-13.25,0,-0.000859343
-1.75,-13.75,0,0.001812283
-1.75,-14.25,0,6.75E-05
-1.75,-14.75,0,0.000205749
-1.25,14.75,0,0.000215549
-1.25,14.25,0,-0.001081698
-1.25,13.75,0,-0.000813185
-1.25,13.25,0,0.000230528
-1.25,12.75,0,0.002230757
-1.25,12.25,0,-0.000232126
-1.25,11.75,0,0.000613111
-1.25,11.25,0,-0.00071869
-1.25,10.75,0,-0.000394222
-1.25,10.25,0,0.000733738
-1.25,9.75,0,-0.000782692
-1.25,9.25,0,0.001559279
-1.25,8.75,0,-0.001428344
-1.25,8.25,0,0.000163438
-1.25,7.75,0,0.000383262
-1.25,7.25,0,-0.001287466
-1.25,6.75,0,0.000931591
-1.25,6.25,0,-0.000880821
-1.25,5.75,0,0.001252341
-1.25,5.25,0,-0.000316507
-1.25,4.75,0,0.000804963
-1.25,4.25,0,0.000984285
-1.25,3.75,0,-0.000567812
-1.25,3.25,0,-0.000509979
-1.25,2.75,0,0.001166996
-1.25,2.25,0,-0.000572215
-1.25,1.75,0,-0.001571695
-1.25,1.25,0,0.000471927
-1.25,0.75,0,-0.000851355
-1.25,0.25,0,-2.21E-05
-1.25,-0.25,0,0.001568672
-1.25,-0.75,0,-0.001138987
-1.25,-1.25,0,-0.003752593
-1.25,-1.75,0,-0.006037528
-1.25,-2.25,0,-0.0026795
-1.25,-2.75,0,-0.001260714
-1.25,-3.25,0,-0.004119543
-1.25,-3.75,0,0.003099238
-1.25,-4.25,0,-0.007227079
-1.25,-4.75,0,0.003149597
-1.25,-5.25,0,-0.001174536
-1.25,-5.75,0,-0.006793059
-1.25,-6.25,0,-0.004755437
-1.25,-6.75,0,-0.000492668
-1.25,-7.25,0,-0.007640393
-1.25,-7.75,0,0.001047882
-1.25,-8.25,0,-0.000573015
-1.25,-8.75,0,-0.000224824
-1.25,-9.25,0,0.000592072
-1.25,-9.75,0,0.000554577
-1.25,-10.25,0,-0.001011956
-1.25,-10.75,0,-0.00030405
-1.25,-11.25,0,-0.000948912
-1.25,-11.75,0,0.00053207
-1.25,-12.25,0,9.23E-05
-1.25,-12.75,0,-0.000742944
-1.25,-13.25,0,-0.000915328
-1.25,-13.75,0,-0.000193095
-1.25,-14.25,0,0.000404755
-1.25,-14.75,0,-0.000357909
-0.75,14.75,0,-0.000800276
-0.75,14.25,0,-0.00072315
-0.75,13.75,0,0.001111889
-0.75,13.25,0,-0.000422403
-0.75,12.75,0,-0.000869501
-0.75,12.25,0,0.001052535
-0.75,11.75,0,-0.00071919
-0.75,11.25,0,0.000305011
-0.75,10.75,0,0.000285146
-0.75,10.25,0,0.000601731
-0.75,9.75,0,-0.000754777
-0.75,9.25,0,-0.000186304
-0.75,8.75,0,0.002577193
-0.75,8.25,0,-0.001340801
-0.75,7.75,0,0.001043641
-0.75,7.25,0,0.000183889
-0.75,6.75,0,-0.000563361
-0.75,6.25,0,-7.59E-05
-0.75,5.75,0,-0.000288476
-0.75,5.25,0,0.00198116
-0.75,4.75,0,-0.001512957
-0.75,4.25,0,0.000646641
-0.75,3.75,0,-0.000829048
-0.75,3.25,0,0.001838016
-0.75,2.75,0,3.11E-05
-0.75,2.25,0,-0.000242885
-0.75,1.75,0,0.000668847
-0.75,1.25,0,-0.000386732
-0.75,0.75,0,0.00087115
-0.75,0.25,0,0.000202757
-0.75,-0.25,0,-0.002897685
-0.75,-0.75,0,-0.004660505
-0.75,-1.25,0,-0.00140178
-0.75,-1.75,0,0.007560971
-0.75,-2.25,0,-0.004052748
-0.75,-2.75,0,-0.01694883
-0.75,-3.25,0,-0.000264301
-0.75,-3.75,0,-0.032076185
-0.75,-4.25,0,0.016850892
-0.75,-4.75,0,-0.01344783
-0.75,-5.25,0,-0.005927161
-0.75,-5.75,0,0.008115647
-0.75,-6.25,0,-0.004892887
-0.75,-6.75,0,-0.007416279
-0.75,-7.25,0,0.021303116
-0.75,-7.75,0,-0.015675819
-0.75,-8.25,0,0.002195854
-0.75,-8.75,0,-0.000581285
-0.75,-9.25,0,-0.000310799
-0.75,-9.75,0,-0.000250121
-0.75,-10.25,0,0.000863469
-0.75,-10.75,0,0.000241477
-0.75,-11.25,0,0.000914698
-0.75,-11.75,0,-0.000827366
-0.75,-12.25,0,0.002252057
-0.75,-12.75,0,-0.001362906
-0.75,-13.25,0,0.000521225
-0.75,-13.75,0,2.88E-05
-0.75,-14.25,0,4.75E-05
-0.75,-14.75,0,0.000887535
-0.25,14.75,0,0.000566235
-0.25,14.25,0,-1.13E-05
-0.25,13.75,0,-0.000390773
-0.25,13.25,0,0.000539516
-0.25,12.75,0,-0.000631246
-0.25,12.25,0,0.000617078
-0.25,11.75,0,-0.000842818
-0.25,11.25,0,0.000296946
-0.25,10.75,0,-0.000772551
-0.25,10.25,0,-0.000497706
-0.25,9.75,0,0.000659147
-0.25,9.25,0,-0.000853047
-0.25,8.75,0,-0.000993361
-0.25,8.25,0,-7.84E-05
-0.25,7.75,0,-0.001614003
-0.25,7.25,0,6.20E-05
-0.25,6.75,0,0.00111451
-0.25,6.25,0,-0.000536349
-0.25,5.75,0,0.000270466
-0.25,5.25,0,-0.001364973
-0.25,4.75,0,0.001613467
-0.25,4.25,0,-0.000886877
-0.25,3.75,0,0.001148079
-0.25,3.25,0,-0.000508714
-0.25,2.75,0,-0.000142689
-0.25,2.25,0,0.000819249
-0.25,1.75,0,0.000976462
-0.25,1.25,0,-0.000455318
-0.25,0.75,0,0.00050133
-0.25,0.25,0,0.001125374
-0.25,-0.25,0,-0.006396444
-0.25,-0.75,0,0.009482781
-0.25,-1.25,0,-0.471297864
-0.25,-1.75,0,-0.484229741
-0.25,-2.25,0,-0.470205525
-0.25,-2.75,0,-0.459194272
-0.25,-3.25,0,-0.478157655
-0.25,-3.75,0,-0.450550216
-0.25,-4.25,0,-0.516137814
-0.25,-4.75,0,-0.478065501
-0.25,-5.25,0,-0.485251563
-0.25,-5.75,0,-0.470864034
-0.25,-6.25,0,-0.468064621
-0.25,-6.75,0,-0.492702062
-0.25,-7.25,0,-0.485101981
-0.25,-7.75,0,0.00718688
-0.25,-8.25,0,-0.005609202
-0.25,-8.75,0,0.001167037
-0.25,-9.25,0,-0.00137245
-0.25,-9.75,0,-0.000511089
-0.25,-10.25,0,0.000282017
-0.25,-10.75,0,-0.0011394
-0.25,-11.25,0,-0.000190341
-0.25,-11.75,0,0.000784677
-0.25,-12.25,0,-0.000802248
-0.25,-12.75,0,0.000297843
-0.25,-13.25,0,-0.000974902
-0.25,-13.75,0,0.00030537
-0.25,-14.25,0,-0.001239307
-0.25,-14.75,0,0.000261894
0.25,14.75,0,-0.00066407
0.25,14.25,0,0.000347172
0.25,13.75,0,0.000459058
0.25,13.25,0,0.000674001
0.25,12.75,0,-8.43E-05
0.25,12.25,0,-0.000243275
0.25,11.75,0,-0.001156835
0.25,11.25,0,-5.73E-05
0.25,10.75,0,0.000494685
0.25,10.25,0,-0.000319787
0.25,9.75,0,-0.000257762
0.25,9.25,0,0.000417412
0.25,8.75,0,0.001098423
0.25,8.25,0,-0.001306189
0.25,7.75,0,0.000798332
0.25,7.25,0,0.000348887
0.25,6.75,0,-0.000676972
0.25,6.25,0,0.001097666
0.25,5.75,0,-5.83E-05
0.25,5.25,0,-0.00039255
0.25,4.75,0,9.27E-05
0.25,4.25,0,0.000551059
0.25,3.75,0,-0.00062418
0.25,3.25,0,0.001003707
0.25,2.75,0,-0.001113579
0.25,2.25,0,-8.72E-05
0.25,1.75,0,-0.002252706
0.25,1.25,0,0.00125542
0.25,0.75,0,-0.000936834
0.25,0.25,0,-0.000492458
0.25,-0.25,0,-0.002872952
0.25,-0.75,0,-0.003503746
0.25,-1.25,0,-0.476317711
0.25,-1.75,0,-0.495195992
0.25,-2.25,0,-0.473004397
0.25,-2.75,0,-0.555630108
0.25,-3.25,0,-0.443731925
0.25,-3.75,0,-0.503410126
0.25,-4.25,0,-0.429878143
0.25,-4.75,0,-0.487681945
0.25,-5.25,0,-0.471179812
0.25,-5.75,0,-0.485030511
0.25,-6.25,0,-0.475878025
0.25,-6.75,0,-0.479479985
0.25,-7.25,0,-0.502058511
0.25,-7.75,0,0.034249628
0.25,-8.25,0,-0.010320389
0.25,-8.75,0,0.001982735
0.25,-9.25,0,-0.001287612
0.25,-9.75,0,0.000751704
0.25,-10.25,0,-0.000577832
0.25,-10.75,0,6.76E-05
0.25,-11.25,0,-0.001032622
0.25,-11.75,0,0.00081601
0.25,-12.25,0,6.42E-05
0.25,-12.75,0,0.00030814
0.25,-13.25,0,0.001348101
0.25,-13.75,0,-0.001436407
0.25,-14.25,0,0.000860338
0.25,-14.75,0,-0.000412172
0.75,14.75,0,0.000685969
0.75,14.25,0,0.00046882
0.75,13.75,0,0.000758999
0.75,13.25,0,-0.000902944
0.75,12.75,0,0.000405541
0.75,12.25,0,-0.000374141
0.75,11.75,0,0.002189073
0.75,11.25,0,4.62E-06
0.75,10.75,0,0.001447732
0.75,10.25,0,-9.76E-05
0.75,9.75,0,-0.000186492
0.75,9.25,0,0.000212999
0.75,8.75,0,-0.000841468
0.75,8.25,0,0.001310204
0.75,7.75,0,-2.05E-05
0.75,7.25,0,-0.001249403
0.75,6.75,0,0.001229381
0.75,6.25,0,-0.001465189
0.75,5.75,0,-0.000762802
0.75,5.25,0,0.000613351
0.75,4.75,0,-0.000501928
0.75,4.25,0,-0.000541136
0.75,3.75,0,6.71E-05
0.75,3.25,0,-0.000543177
0.75,2.75,0,0.000123047
0.75,2.25,0,0.000445676
0.75,1.75,0,-0.000589939
0.75,1.25,0,-0.000440804
0.75,0.75,0,-0.001084914
0.75,0.25,0,0.000466954
0.75,-0.25,0,-0.003697011
0.75,-0.75,0,0.005921305
0.75,-1.25,0,-0.491934033
0.75,-1.75,0,-0.466514838
0.75,-2.25,0,-0.476791198
0.75,-2.75,0,0.03883496
0.75,-3.25,0,-0.023898606
0.75,-3.75,0,-0.024362116
0.75,-4.25,0,-0.012484905
0.75,-4.75,0,-0.008914312
0.75,-5.25,0,-0.01037092
0.75,-5.75,0,0.006832709
0.75,-6.25,0,-3.26E-05
0.75,-6.75,0,-0.017474586
0.75,-7.25,0,0.013418074
0.75,-7.75,0,-0.019623979
0.75,-8.25,0,0.001578564
0.75,-8.75,0,-0.001247614
0.75,-9.25,0,8.50E-05
0.75,-9.75,0,0.001040473
0.75,-10.25,0,0.000158829
0.75,-10.75,0,0.000889842
0.75,-11.25,0,-0.000628555
0.75,-11.75,0,0.000233455
0.75,-12.25,0,-0.001079846
0.75,-12.75,0,0.000223485
0.75,-13.25,0,-0.000375957
0.75,-13.75,0,0.000939747
0.75,-14.25,0,0.000445882
0.75,-14.75,0,0.0005299
1.25,14.75,0,-0.000427911
1.25,14.25,0,-7.88E-05
1.25,13.75,0,-0.001758883
1.25,13.25,0,0.000594391
1.25,12.75,0,-0.001239873
1.25,12.25,0,0.000247046
1.25,11.75,0,8.28E-05
1.25,11.25,0,-0.000423738
1.25,10.75,0,-0.00084708
1.25,10.25,0,-4.11E-05
1.25,9.75,0,0.000944609
1.25,9.25,0,0.000762485
1.25,8.75,0,-0.000498419
1.25,8.25,0,-7.99E-05
1.25,7.75,0,-0.000600145
1.25,7.25,0,0.000336246
1.25,6.75,0,-8.76E-05
1.25,6.25,0,0.001266276
1.25,5.75,0,-0.001159227
1.25,5.25,0,0.000686345
1.25,4.75,0,-0.000553212
1.25,4.25,0,-0.000252541
1.25,3.75,0,0.000408854
1.25,3.25,0,0.00030417
1.25,2.75,0,-0.000243645
1.25,2.25,0,8.16E-05
1.25,1.75,0,0.00142221
1.25,1.25,0,-0.000572563
1.25,0.75,0,-0.000161821
1.25,0.25,0,-0.001445424
1.25,-0.25,0,0.003218235
1.25,-0.75,0,-0.023693348
1.25,-1.25,0,0.03690518
1.25,-1.75,0,-0.531727756
1.25,-2.25,0,-0.443839566
1.25,-2.75,0,-0.503958396
1.25,-3.25,0,0.012099386
1.25,-3.75,0,0.004174266
1.25,-4.25,0,-0.019557304
1.25,-4.75,0,-0.000578085
1.25,-5.25,0,-0.001976023
1.25,-5.75,0,-0.004405894
1.25,-6.25,0,-0.004234286
1.25,-6.75,0,6.12E-05
1.25,-7.25,0,-0.00341069
1.25,-7.75,0,0.000496098
1.25,-8.25,0,0.001409171
1.25,-8.75,0,-0.000430262
1.25,-9.25,0,0.001033292
1.25,-9.75,0,-0.00240142
1.25,-10.25,0,0.000413793
1.25,-10.75,0,0.000162832
1.25,-11.25,0,-0.000197768
1.25,-11.75,0,0.000310269
1.25,-12.25,0,0.0006478
1.25,-12.75,0,0.000126818
1.25,-13.25,0,-0.000218034
1.25,-13.75,0,0.000181273
1.25,-14.25,0,-0.000735414
1.25,-14.75,0,-0.00076162
1.75,14.75,0,-0.000222532
1.75,14.25,0,-9.13E-05
1.75,13.75,0,0.001146424
1.75,13.25,0,-0.000913195
1.75,12.75,0,-0.000627949
1.75,12.25,0,0.002499398
1.75,11.75,0,-0.001494092
1.75,11.25,0,0.001222424
1.75,10.75,0,0.000646451
1.75,10.25,0,-0.000532657
1.75,9.75,0,-0.00062208
1.75,9.25,0,-0.000267185
1.75,8.75,0,-1.30E-05
1.75,8.25,0,0.00114887
1.75,7.75,0,-0.001861841
1.75,7.25,0,0.001458335
1.75,6.75,0,0.000691573
1.75,6.25,0,-0.000537888
1.75,5.75,0,0.000101692
1.75,5.25,0,0.000141751
1.75,4.75,0,-0.000236124
1.75,4.25,0,0.000504505
1.75,3.75,0,0.000471056
1.75,3.25,0,-0.00042931
1.75,2.75,0,9.77E-05
1.75,2.25,0,0.00023001
1.75,1.75,0,-0.000580647
1.75,1.25,0,0.001321634
1.75,0.75,0,-0.000764113
1.75,0.25,0,0.000681625
1.75,-0.25,0,-0.001513921
1.75,-0.75,0,0.005678222
1.75,-1.25,0,-0.026969428
1.75,-1.75,0,0.019450011
1.75,-2.25,0,-0.500817433
1.75,-2.75,0,-0.497314051
1.75,-3.25,0,-0.490413857
1.75,-3.75,0,-0.483631635
1.75,-4.25,0,0.020987241
1.75,-4.75,0,-0.010760587
1.75,-5.25,0,-0.009668101
1.75,-5.75,0,-0.00410983
1.75,-6.25,0,-0.003437246
1.75,-6.75,0,-0.000979253
1.75,-7.25,0,0.000254596
1.75,-7.75,0,-0.000492192
1.75,-8.25,0,-0.000295603
1.75,-8.75,0,-0.000104299
1.75,-9.25,0,-0.000802384
1.75,-9.75,0,0.001654372
1.75,-10.25,0,0.001214847
1.75,-10.75,0,-0.000825247
1.75,-11.25,0,-0.000398689
1.75,-11.75,0,0.000647962
1.75,-12.25,0,-0.000920138
1.75,-12.75,0,0.001093201
1.75,-13.25,0,0.000743652
1.75,-13.75,0,-2.86E-05
1.75,-14.25,0,0.000788525
1.75,-14.75,0,-0.000209543
2.25,14.75,0,0.000475582
2.25,14.25,0,0.000981347
2.25,13.75,0,-0.000631159
2.25,13.25,0,0.001611123
2.25,12.75,0,0.00020629
2.25,12.25,0,-0.000988317
2.25,11.75,0,0.000310738
2.25,11.25,0,0.000264017
2.25,10.75,0,-0.000516218
2.25,10.25,0,-0.000178172
2.25,9.75,0,0.001929995
2.25,9.25,0,-0.001065444
2.25,8.75,0,0.000466734
2.25,8.25,0,-3.26E-05
2.25,7.75,0,0.001346676
2.25,7.25,0,0.00041222
2.25,6.75,0,-0.001976033
2.25,6.25,0,-0.000230316
2.25,5.75,0,0.000651299
2.25,5.25,0,-0.0001942
2.25,4.75,0,0.001500294
2.25,4.25,0,0.000377054
2.25,3.75,0,1.09E-05
2.25,3.25,0,5.68E-05
2.25,2.75,0,-0.001187358
2.25,2.25,0,0.001325695
2.25,1.75,0,4.55E-05
2.25,1.25,0,-0.001537972
2.25,0.75,0,0.000556834
2.25,0.25,0,-5.51E-05
2.25,-0.25,0,-6.65E-05
2.25,-0.75,0,-0.001374504
2.25,-1.25,0,0.003779183
2.25,-1.75,0,-0.011616465
2.25,-2.25,0,-0.003227575
2.25,-2.75,0,0.016958965
2.25,-3.25,0,-0.487815245
2.25,-3.75,0,-0.506607592
2.25,-4.25,0,-0.44296422
2.25,-4.75,0,-0.513509119
2.25,-5.25,0,-0.0073883
2.25,-5.75,0,0.012553867
2.25,-6.25,0,-0.009573277
2.25,-6.75,0,-0.00461869
2.25,-7.25,0,8.70E-05
2.25,-7.75,0,-7.67E-05
2.25,-8.25,0,-0.001292278
2.25,-8.75,0,0.000792724
2.25,-9.25,0,0.00116497
2.25,-9.75,0,-0.002116089
2.25,-10.25,0,0.000292867
2.25,-10.75,0,-0.000217837
2.25,-11.25,0,0.00047442
2.25,-11.75,0,-0.000962885
2.25,-12.25,0,0.000282865
2.25,-12.75,0,0.00015273
2.25,-13.25,0,-0.000563622
2.25,-13.75,0,5.32E-05
2.25,-14.25,0,-0.001266587
2.25,-14.75,0,0.000285972
2.75,14.75,0,-8.14E-05
2.75,14.25,0,-0.001324943
2.75,13.75,0,0.000203295
2.75,13.25,0,-0.000945547
2.75,12.75,0,4.10E-05
2.75,12.25,0,0.001059025
2.75,11.75,0,-0.00043518
2.75,11.25,0,0.000835033
2.75,10.75,0,-0.000387294
2.75,10.25,0,-0.000360004
2.75,9.75,0,-0.000435691
2.75,9.25,0,0.000707991
2.75,8.75,0,0.000571437
2.75,8.25,0,-0.000356407
2.75,7.75,0,-0.000526517
2.75,7.25,0,-0.001029598
2.75,6.75,0,0.000921898
2.75,6.25,0,0.000199458
2.75,5.75,0,-0.000935376
2.75,5.25,0,0.000253638
2.75,4.75,0,-0.001748676
2.75,4.25,0,0.000615319
2.75,3.75,0,-0.000692636
2.75,3.25,0,0.001271667
2.75,2.75,0,-0.001588651
2.75,2.25,0,0.000588325
2.75,1.75,0,4.11E-06
2.75,1.25,0,0.000233062
2.75,0.75,0,0.000412151
2.75,0.25,0,0.000930054
2.75,-0.25,0,-0.000993031
2.75,-0.75,0,0.000596831
2.75,-1.25,0,-0.000873804
2.75,-1.75,0,0.001324486
2.75,-2.25,0,-0.003824029
2.75,-2.75,0,-0.004542805
2.75,-3.25,0,-0.01974453
2.75,-3.75,0,0.042894407
2.75,-4.25,0,-0.510410954
2.75,-4.75,0,-0.455956422
2.75,-5.25,0,-0.42158804
2.75,-5.75,0,-0.518471307
2.75,-6.25,0,0.023054586
2.75,-6.75,0,0.004538765
2.75,-7.25,0,-0.010405616
2.75,-7.75,0,0.001127717
2.75,-8.25,0,-0.000436913
2.75,-8.75,0,0.000257389
2.75,-9.25,0,0.000543624
2.75,-9.75,0,0.000370647
2.75,-10.25,0,-0.000841955
2.75,-10.75,0,-0.000314585
2.75,-11.25,0,6.03E-05
2.75,-11.75,0,0.000614121
2.75,-12.25,0,0.000175227
2.75,-12.75,0,-0.001027009
2.75,-13.25,0,0.001709877
2.75,-13.75,0,-0.0002817
2.75,-14.25,0,0.000946928
2.75,-14.75,0,-0.000177611
3.25,14.75,0,-0.000889884
3.25,14.25,0,0.000854982
3.25,13.75,0,0.000187094
3.25,13.25,0,0.001462345
3.25,12.75,0,-0.000493171
3.25,12.25,0,-0.00176505
3.25,11.75,0,0.001808416
3.25,11.25,0,0.000111606
3.25,10.75,0,-0.000357859
3.25,10.25,0,-0.000146889
3.25,9.75,0,-0.000700785
3.25,9.25,0,0.000788883
3.25,8.75,0,-0.000200735
3.25,8.25,0,3.53E-05
3.25,7.75,0,0.000665231
3.25,7.25,0,-0.000442109
3.25,6.75,0,0.000904887
3.25,6.25,0,-6.14E-05
3.25,5.75,0,0.000129418
3.25,5.25,0,0.000142674
3.25,4.75,0,0.000493483
3.25,4.25,0,-0.000691346
3.25,3.75,0,0.000421977
3.25,3.25,0,0.000138278
3.25,2.75,0,0.001708968
3.25,2.25,0,-6.44E-05
3.25,1.75,0,-0.000761979
3.25,1.25,0,0.000581318
3.25,0.75,0,-0.001069653
3.25,0.25,0,0.000197822
3.25,-0.25,0,-0.000864327
3.25,-0.75,0,0.000286023
3.25,-1.25,0,-0.006418086
3.25,-1.75,0,-0.006060103
3.25,-2.25,0,-0.004418891
3.25,-2.75,0,-0.003558333
3.25,-3.25,0,-0.006660216
3.25,-3.75,0,-0.020762482
3.25,-4.25,0,-0.004915294
3.25,-4.75,0,-0.009759825
3.25,-5.25,0,-0.532133762
3.25,-5.75,0,-0.467723258
3.25,-6.25,0,-0.474558501
3.25,-6.75,0,-0.511911027
3.25,-7.25,0,0.023620376
3.25,-7.75,0,-0.028304147
3.25,-8.25,0,0.003647565
3.25,-8.75,0,-0.001213536
3.25,-9.25,0,-0.001121334
3.25,-9.75,0,0.000826079
3.25,-10.25,0,-0.001286068
3.25,-10.75,0,-2.81E-05
3.25,-11.25,0,0.000143943
3.25,-11.75,0,-0.000245376
3.25,-12.25,0,0.000319391
3.25,-12.75,0,0.000175632
3.25,-13.25,0,0.000299893
3.25,-13.75,0,-0.001258414
3.25,-14.25,0,0.000490467
3.25,-14.75,0,-0.001270751
3.75,14.75,0,0.000502115
3.75,14.25,0,-0.000351749
3.75,13.75,0,0.000485966
3.75,13.25,0,-0.000581118
3.75,12.75,0,0.00027211
3.75,12.25,0,0.001101992
3.75,11.75,0,-0.001916622
3.75,11.25,0,-0.00072755
3.75,10.75,0,-0.00103258
3.75,10.25,0,0.000860216
3.75,9.75,0,0.000251431
3.75,9.25,0,-0.001006485
3.75,8.75,0,0.000881947
3.75,8.25,0,0.0001884
3.75,7.75,0,-0.000770219
3.75,7.25,0,-3.77E-05
3.75,6.75,0,-0.001138961
3.75,6.25,0,0.001045903
3.75,5.75,0,-0.000308235
3.75,5.25,0,-0.000849497
3.75,4.75,0,0.000125758
3.75,4.25,0,-0.000486936
3.75,3.75,0,0.000734887
3.75,3.25,0,7.00E-05
3.75,2.75,0,-0.000232387
3.75,2.25,0,0.0001294
3.75,1.75,0,0.000446461
3.75,1.25,0,-0.000807518
3.75,0.75,0,0.000862317
3.75,0.25,0,-0.001426726
3.75,-0.25,0,0.00051561
3.75,-0.75,0,-0.011037346
3.75,-1.25,0,0.008812972
3.75,-1.75,0,0.002158006
3.75,-2.25,0,0.00960294
3.75,-2.75,0,-0.000731475
3.75,-3.25,0,-0.004500575
3.75,-3.75,0,0.003254482
3.75,-4.25,0,0.001352474
3.75,-4.75,0,-0.009800303
3.75,-5.25,0,0.017814711
3.75,-5.75,0,0.005135366
3.75,-6.25,0,-0.497959586
3.75,-6.75,0,-0.464278295
3.75,-7.25,0,-0.496453971
3.75,-7.75,0,0.022660746
3.75,-8.25,0,-0.007872243
3.75,-8.75,0,0.000193049
3.75,-9.25,0,0.000155512
3.75,-9.75,0,0.000977618
3.75,-10.25,0,1.58E-05
3.75,-10.75,0,-0.000743381
3.75,-11.25,0,0.001966373
3.75,-11.75,0,-0.0006766
3.75,-12.25,0,0.000540162
3.75,-12.75,0,-0.000951287
3.75,-13.25,0,0.000218925
3.75,-13.75,0,0.000438926
3.75,-14.25,0,-0.000336387
3.75,-14.75,0,0.000712546
4.25,14.75,0,0.001326137
4.25,14.25,0,-0.001375012
4.25,13.75,0,0.00063023
4.25,13.25,0,-0.001263011
4.25,12.75,0,-0.000353021
4.25,12.25,0,0.000976702
4.25,11.75,0,0.000766277
4.25,11.25,0,0.00017266
4.25,10.75,0,-0.000190166
4.25,10.25,0,-8.37E-05
4.25,9.75,0,0.000679222
4.25,9.25,0,-3.83E-05
4.25,8.75,0,0.000923475
4.25,8.25,0,-0.000401425
4.25,7.75,0,-0.001248953
4.25,7.25,0,5.82E-05
4.25,6.75,0,-5.83E-05
4.25,6.25,0,-0.000179636
4.25,5.75,0,-0.000529285
4.25,5.25,0,0.001422645
4.25,4.75,0,-0.001069727
4.25,4.25,0,0.000159829
4.25,3.75,0,-0.00086393
4.25,3.25,0,-0.00011253
4.25,2.75,0,-0.000435961
4.25,2.25,0,0.000173783
4.25,1.75,0,-0.000686041
4.25,1.25,0,-0.000173702
4.25,0.75,0,-0.000362134
4.25,0.25,0,0.002567906
4.25,-0.25,0,-0.008438922
4.25,-0.75,0,0.013887171
4.25,-1.25,0,-0.481392966
4.25,-1.75,0,-0.489750521
4.25,-2.25,0,-0.49155485
4.25,-2.75,0,-0.485866819
4.25,-3.25,0,-0.471829566
4.25,-3.75,0,-0.467615839
4.25,-4.25,0,-0.504806417
4.25,-4.75,0,-0.496699706
4.25,-5.25,0,-0.457751498
4.25,-5.75,0,-0.50763979
4.25,-6.25,0,-0.458294147
4.25,-6.75,0,-0.495305032
4.25,-7.25,0,-0.459034065
4.25,-7.75,0,-0.010697657
4.25,-8.25,0,-0.001554548
4.25,-8.75,0,-0.000650158
4.25,-9.25,0,-0.000734825
4.25,-9.75,0,-0.000447326
4.25,-10.25,0,0.000667572
4.25,-10.75,0,-0.0002304
4.25,-11.25,0,-0.001531435
4.25,-11.75,0,0.000342013
4.25,-12.25,0,-0.000573429
4.25,-12.75,0,0.000667669
4.25,-13.25,0,-0.000154666
4.25,-13.75,0,4.06E-05
4.25,-14.25,0,0.000829564
4.25,-14.75,0,-0.001164562
4.75,14.75,0,-0.001579739
4.75,14.25,0,0.000750821
4.75,13.75,0,0.0002927
4.75,13.25,0,-0.000576357
4.75,12.75,0,0.00160253
4.75,12.25,0,-0.000568074
4.75,11.75,0,6.44E-06
4.75,11.25,0,-5.73E-05
4.75,10.75,0,0.000588713
4.75,10.25,0,0.000764005
4.75,9.75,0,-0.000391923
4.75,9.25,0,-0.001136292
4.75,8.75,0,0.000808478
4.75,8.25,0,-0.000892548
4.75,7.75,0,0.001531544
4.75,7.25,0,-0.000919739
4.75,6.75,0,0.001614894
4.75,6.25,0,-7.89E-05
4.75,5.75,0,-0.000836495
4.75,5.25,0,0.000968905
4.75,4.75,0,-0.000984647
4.75,4.25,0,0.000663089
4.75,3.75,0,0.000524326
4.75,3.25,0,-0.000141977
4.75,2.75,0,-0.000516261
4.75,2.25,0,0.001745698
4.75,1.75,0,-0.000552131
4.75,1.25,0,0.00012412
4.75,0.75,0,-0.000838461
4.75,0.25,0,-0.000555752
4.75,-0.25,0,-0.001094799
4.75,-0.75,0,0.004531575
4.75,-1.25,0,-0.492588594
4.75,-1.75,0,-0.471734595
4.75,-2.25,0,-0.488908201
4.75,-2.75,0,-0.433100345
4.75,-3.25,0,-0.514117686
4.75,-3.75,0,-0.492942355
4.75,-4.25,0,-0.468075001
4.75,-4.75,0,-0.479535193
4.75,-5.25,0,-0.478105951
4.75,-5.75,0,-0.494072711
4.75,-6.25,0,-0.484939913
4.75,-6.75,0,-0.452250956
4.75,-7.25,0,-0.478439156
4.75,-7.75,0,0.011497759
4.75,-8.25,0,-0.006670121
4.75,-8.75,0,0.000203129
4.75,-9.25,0,0.000324416
4.75,-9.75,0,0.000206762
4.75,-10.25,0,-0.000192617
4.75,-10.75,0,0.000408401
4.75,-11.25,0,0.000256553
4.75,-11.75,0,0.000756114
4.75,-12.25,0,0.000130706
4.75,-12.75,0,-0.000740071
4.75,-13.25,0,-0.000189959
4.75,-13.75,0,0.000881117
4.75,-14.25,0,-0.000288081
4.75,-14.75,0,-0.000414675
5.25,14.75,0,0.001029098
5.25,14.25,0,0.00010002
5.25,13.75,0,-0.000211181
5.25,13.25,0,-0.0001727
5.25,12.75,0,-0.001231886
5.25,12.25,0,0.00036425
5.25,11.75,0,-0.000505465
5.25,11.25,0,0.00066815
5.25,10.75,0,-0.001549598
5.25,10.25,0,0.000838669
5.25,9.75,0,0.000552016
5.25,9.25,0,-0.001081261
5.25,8.75,0,0.001056693
5.25,8.25,0,-0.00057703
5.25,7.75,0,-1.72E-05
5.25,7.25,0,0.000377648
5.25,6.75,0,-0.000438735
5.25,6.25,0,-0.002162516
5.25,5.75,0,0.001183641
5.25,5.25,0,-0.000578622
5.25,4.75,0,-0.000204299
5.25,4.25,0,0.000414012
5.25,3.75,0,-0.000782502
5.25,3.25,0,0.000791331
5.25,2.75,0,0.000339307
5.25,2.25,0,-0.001107371
5.25,1.75,0,0.000512708
5.25,1.25,0,8.92E-06
5.25,0.75,0,0.001144178
5.25,0.25,0,-0.000851415
5.25,-0.25,0,-0.000121017
5.25,-0.75,0,-0.012777787
5.25,-1.25,0,0.004203531
5.25,-1.75,0,-0.001219554
5.25,-2.25,0,-0.005709936
5.25,-2.75,0,-0.017286074
5.25,-3.25,0,0.017125759
5.25,-3.75,0,-0.00403337
5.25,-4.25,0,0.00295257
5.25,-4.75,0,-0.009504543
5.25,-5.25,0,0.002974889
5.25,-5.75,0,-0.01533251
5.25,-6.25,0,-0.002458631
5.25,-6.75,0,-0.010128808
5.25,-7.25,0,-0.010906431
5.25,-7.75,0,-0.00644573
5.25,-8.25,0,0.000120226
5.25,-8.75,0,1.24E-05
5.25,-9.25,0,0.001768885
5.25,-9.75,0,-0.001622414
5.25,-10.25,0,-0.00130122
5.25,-10.75,0,9.78E-05
5.25,-11.25,0,-0.001025295
5.25,-11.75,0,-0.000557827
5.25,-12.25,0,0.000260528
5.25,-12.75,0,0.000485351
5.25,-13.25,0,2.35E-07
5.25,-13.75,0,-0.000353102
5.25,-14.25,0,-0.000901008
5.25,-14.75,0,0.0008602
5.75,14.75,0,-0.000129234
5.75,14.25,0,-0.001037724
5.75,13.75,0,0.000194328
5.75,13.25,0,0.000222038
5.75,12.75,0,-0.000237314
5.75,12.25,0,0.000522887
5.75,11.75,0,0.000284003
5.75,11.25,0,-0.000378638
5.75,10.75,0,0.000268484
5.75,10.25,0,0.000168741
5.75,9.75,0,-0.000582843
5.75,9.25,0,-1.88E-06
5.75,8.75,0,-0.000472518
5.75,8.25,0,0.000299444
5.75,7.75,0,8.28E-05
5.75,7.25,0,-0.000368848
5.75,6.75,0,-5.43E-05
5.75,6.25,0,0.001095235
5.75,5.75,0,-0.0011504
5.75,5.25,0,0.000869317
5.75,4.75,0,-0.000260876
5.75,4.25,0,-0.000107571
5.75,3.75,0,5.90E-05
5.75,3.25,0,-0.000886824
5.75,2.75,0,-0.000258034
5.75,2.25,0,-0.000542155
5.75,1.75,0,0.001337292
5.75,1.25,0,-0.000704781
5.75,0.75,0,-4.37E-05
5.75,0.25,0,-0.000112864
5.75,-0.25,0,0.000965273
5.75,-0.75,0,0.001684012
5.75,-1.25,0,-0.002535932
5.75,-1.75,0,-0.00298479
5.75,-2.25,0,-0.002736722
5.75,-2.75,0,-0.000590279
5.75,-3.25,0,-0.007598356
5.75,-3.75,0,-0.002961369
5.75,-4.25,0,-0.004994206
5.75,-4.75,0,-0.001392639
5.75,-5.25,0,-0.004088644
5.75,-5.75,0,-0.000231111
5.75,-6.25,0,-0.002461077
5.75,-6.75,0,0.000133787
5.75,-7.25,0,-0.001050849
5.75,-7.75,0,-0.000280186
5.75,-8.25,0,-0.000236374
5.75,-8.75,0,-0.000114167
5.75,-9.25,0,-0.003466171
5.75,-9.75,0,0.000968772
5.75,-10.25,0,0.001053076
5.75,-10.75,0,-0.001187298
5.75,-11.25,0,-0.000911936
5.75,-11.75,0,0.001217875
5.75,-12.25,0,-0.002291892
5.75,-12.75,0,-0.000840425
5.75,-13.25,0,0.000859151
5.75,-13.75,0,-0.00089244
5.75,-14.25,0,0.001725492
5.75,-14.75,0,-0.001008067
6.25,14.75,0,-0.000370535
6.25,14.25,0,0.000513372
6.25,13.75,0,0.000364816
6.25,13.25,0,0.00030343
6.25,12.75,0,0.000507374
6.25,12.25,0,-7.38E-05
6.25,11.75,0,-0.000599117
6.25,11.25,0,0.000788185
6.25,10.75,0,-0.000559509
6.25,10.25,0,0.000194728
6.25,9.75,0,0.001309613
6.25,9.25,0,-0.001851354
6.25,8.75,0,0.001997454
6.25,8.25,0,-0.001144424
6.25,7.75,0,0.001001162
6.25,7.25,0,0.001170847
6.25,6.75,0,-0.00154158
6.25,6.25,0,-0.000433821
6.25,5.75,0,0.002667631
6.25,5.25,0,-0.001499786
6.25,4.75,0,0.000274526
6.25,4.25,0,-2.86E-05
6.25,3.75,0,0.000338007
6.25,3.25,0,0.00110612
6.25,2.75,0,-0.000544617
6.25,2.25,0,-0.00045036
6.25,1.75,0,1.58E-06
6.25,1.25,0,-0.000406679
6.25,0.75,0,0.001607814
6.25,0.25,0,-0.000155194
6.25,-0.25,0,6.68E-05
6.25,-0.75,0,-0.000995123
6.25,-1.25,0,-0.000747953
6.25,-1.75,0,0.000733018
6.25,-2.25,0,-8.09E-05
6.25,-2.75,0,0.001308875
6.25,-3.25,0,-0.002024936
6.25,-3.75,0,0.001186824
6.25,-4.25,0,-0.001784267
6.25,-4.75,0,0.000823705
6.25,-5.25,0,0.000737868
6.25,-5.75,0,0.00017872
6.25,-6.25,0,-0.000625783
6.25,-6.75,0,-0.002088465
6.25,-7.25,0,0.000317351
6.25,-7.75,0,0.001271174
6.25,-8.25,0,-0.002374222
6.25,-8.75,0,-0.000426073
6.25,-9.25,0,0.000511299
6.25,-9.75,0,-0.001518495
6.25,-10.25,0,-0.000496345
6.25,-10.75,0,0.002171617
6.25,-11.25,0,-0.00134601
6.25,-11.75,0,0.000802669
6.25,-12.25,0,0.000815677
6.25,-12.75,0,-0.003154836
6.25,-13.25,0,0.001610114
6.25,-13.75,0,-0.002016736
6.25,-14.25,0,-0.000751846
6.25,-14.75,0,-0.002150357
6.75,14.75,0,-6.66E-06
6.75,14.25,0,-0.000160327
6.75,13.75,0,-0.00031084
6.75,13.25,0,-0.000126242
6.75,12.75,0,-0.001522408
6.75,12.25,0,-0.000123748
6.75,11.75,0,0.000448601
6.75,11.25,0,-0.000846015
6.75,10.75,0,0.000657137
6.75,10.25,0,-0.000677778
6.75,9.75,0,-5.87E-05
6.75,9.25,0,-0.000607092
6.75,8.75,0,-0.000588842
6.75,8.25,0,0.000752176
6.75,7.75,0,-0.001142817
6.75,7.25,0,-9.43E-05
6.75,6.75,0,0.001408505
6.75,6.25,0,-0.000231833
6.75,5.75,0,-0.000124132
6.75,5.25,0,0.001951762
6.75,4.75,0,0.000397031
6.75,4.25,0,-0.000369831
6.75,3.75,0,0.00137979
6.75,3.25,0,-0.001013568
6.75,2.75,0,-0.000495759
6.75,2.25,0,0.001711824
6.75,1.75,0,0.000297297
6.75,1.25,0,-0.000424725
6.75,0.75,0,-7.63E-05
6.75,0.25,0,-7.27E-05
6.75,-0.25,0,-0.00026223
6.75,-0.75,0,0.000136869
6.75,-1.25,0,-4.97E-05
6.75,-1.75,0,-0.001093539
6.75,-2.25,0,0.000130373
6.75,-2.75,0,-0.001640227
6.75,-3.25,0,0.001526209
6.75,-3.75,0,-0.001171299
6.75,-4.25,0,0.001045177
6.75,-4.75,0,-0.001023431
6.75,-5.25,0,-0.000977758
6.75,-5.75,0,0.000691199
6.75,-6.25,0,-0.001298464
6.75,-6.75,0,0.000541837
6.75,-7.25,0,0.000357166
6.75,-7.75,0,-0.011459327
6.75,-8.25,0,-0.00051576
6.75,-8.75,0,0.00062383
6.75,-9.25,0,0.005179065
6.75,-9.75,0,-0.003961909
6.75,-10.25,0,-0.004932184
6.75,-10.75,0,-0.010794975
6.75,-11.25,0,-0.013391292
6.75,-11.75,0,-0.006535422
6.75,-12.25,0,-0.005326029
6.75,-12.75,0,0.010159696
6.75,-13.25,0,-0.01658084
6.75,-13.75,0,0.007418698
6.75,-14.25,0,-0.001871496
6.75,-14.75,0,0.000717551
7.25,14.75,0,0.000702759
7.25,14.25,0,-0.000726355
7.25,13.75,0,0.000553787
7.25,13.25,0,-0.000872748
7.25,12.75,0,0.00183736
7.25,12.25,0,0.00016149
7.25,11.75,0,0.000114513
7.25,11.25,0,-0.000403045
7.25,10.75,0,-0.00028427
7.25,10.25,0,0.001458111
7.25,9.75,0,-8.20E-05
7.25,9.25,0,0.00061423
7.25,8.75,0,-0.000988414
7.25,8.25,0,8.71E-05
7.25,7.75,0,0.001172645
7.25,7.25,0,-0.001108338
7.25,6.75,0,0.000432752
7.25,6.25,0,0.00165742
7.25,5.75,0,-0.001388177
7.25,5.25,0,-0.001890465
7.25,4.75,0,-0.000138592
7.25,4.25,0,0.000474863
7.25,3.75,0,-0.000618175
7.25,3.25,0,-0.000178825
7.25,2.75,0,0.00015645
7.25,2.25,0,-0.000864961
7.25,1.75,0,-0.001448013
7.25,1.25,0,0.001675918
7.25,0.75,0,0.000186224
7.25,0.25,0,-0.001247874
7.25,-0.25,0,0.001635091
7.25,-0.75,0,-0.001200787
7.25,-1.25,0,-6.98E-06
7.25,-1.75,0,0.000718403
7.25,-2.25,0,-0.000824088
7.25,-2.75,0,0.000226479
7.25,-3.25,0,-0.000644639
7.25,-3.75,0,0.001400883
7.25,-4.25,0,-0.000244891
7.25,-4.75,0,5.46E-06
7.25,-5.25,0,2.83E-05
7.25,-5.75,0,-0.001001759
7.25,-6.25,0,0.003931298
7.25,-6.75,0,-0.004779405
7.25,-7.25,0,-0.036587685
7.25,-7.75,0,0.027842081
7.25,-8.25,0,-0.029503892
7.25,-8.75,0,-0.030152594
7.25,-9.25,0,-0.038577378
7.25,-9.75,0,0.000723086
7.25,-10.25,0,-0.022061565
7.25,-10.75,0,0.001432402
7.25,-11.25,0,-0.001712318
7.25,-11.75,0,0.005002851
7.25,-12.25,0,-0.015357532
7.25,-12.75,0,-0.072998369
7.25,-13.25,0,0.063632806
7.25,-13.75,0,-0.054811084
7.25,-14.25,0,0.004786046
7.25,-14.75,0,-0.003609071
7.75,14.75,0,-0.000241815
7.75,14.25,0,-5.33E-05
7.75,13.75,0,-0.000581025
7.75,13.25,0,-0.000384996
7.75,12.75,0,-0.000914166
7.75,12.25,0,-0.000123316
7.75,11.75,0,-0.000889386
7.75,11.25,0,-0.00011711
7.75,10.75,0,0.000452207
7.75,10.25,0,-0.000632375
7.75,9.75,0,-0.000463385
7.75,9.25,0,0.000190242
7.75,8.75,0,0.001037045
7.75,8.25,0,-0.000384723
7.75,7.75,0,-0.000696494
7.75,7.25,0,-0.00060528
7.75,6.75,0,-0.000718201
7.75,6.25,0,0.000172031
7.75,5.75,0,0.00013105
7.75,5.25,0,0.00058645
7.75,4.75,0,0.000203791
7.75,4.25,0,-5.38E-05
7.75,3.75,0,0.000129357
7.75,3.25,0,0.001004185
7.75,2.75,0,9.87E-05
7.75,2.25,0,0.000524891
7.75,1.75,0,0.000513467
7.75,1.25,0,-0.001353723
7.75,0.75,0,-0.000398101
7.75,0.25,0,0.000734015
7.75,-0.25,0,-0.001578241
7.75,-0.75,0,0.000748053
7.75,-1.25,0,7.05E-05
7.75,-1.75,0,9.68E-05
7.75,-2.25,0,0.000271348
7.75,-2.75,0,0.000174148
7.75,-3.25,0,0.000204954
7.75,-3.75,0,-0.00062216
7.75,-4.25,0,0.000542663
7.75,-4.75,0,0.000271622
7.75,-5.25,0,-0.00177178
7.75,-5.75,0,0.001193948
7.75,-6.25,0,-0.003689066
7.75,-6.75,0,-0.02498139
7.75,-7.25,0,0.083781179
7.75,-7.75,0,-1.026170548
7.75,-8.25,0,-0.881299307
7.75,-8.75,0,-0.946357091
7.75,-9.25,0,-0.933703769
7.75,-9.75,0,-0.967554365
7.75,-10.25,0,-0.988756508
7.75,-10.75,0,-0.923126887
7.75,-11.25,0,-1.004140669
7.75,-11.75,0,-0.942814773
7.75,-12.25,0,-0.889000871
7.75,-12.75,0,-0.962820218
7.75,-13.25,0,-0.980994487
7.75,-13.75,0,0.033541864
7.75,-14.25,0,-0.019621744
7.75,-14.75,0,0.001338035
8.25,14.75,0,0.000833385
8.25,14.25,0,0.000785199
8.25,13.75,0,-0.000991274
8.25,13.25,0,0.000441984
8.25,12.75,0,0.000813711
8.25,12.25,0,0.001193623
8.25,11.75,0,-0.001196338
8.25,11.25,0,0.001155241
8.25,10.75,0,-3.77E-05
8.25,10.25,0,0.00041513
8.25,9.75,0,-5.00E-05
8.25,9.25,0,-0.000613184
8.25,8.75,0,-0.000310607
8.25,8.25,0,-0.000162205
8.25,7.75,0,0.002091317
8.25,7.25,0,-0.000286065
8.25,6.75,0,0.000207835
8.25,6.25,0,6.03E-05
8.25,5.75,0,-0.000962095
8.25,5.25,0,0.001195985
8.25,4.75,0,0.000152882
8.25,4.25,0,-0.000206664
8.25,3.75,0,0.000800739
8.25,3.25,0,-0.0004258
8.25,2.75,0,-0.000150272
8.25,2.25,0,-0.000206362
8.25,1.75,0,-0.000906103
8.25,1.25,0,0.001297783
8.25,0.75,0,0.000483059
8.25,0.25,0,-0.000468718
8.25,-0.25,0,0.001466548
8.25,-0.75,0,-0.000628968
8.25,-1.25,0,0.00037351
8.25,-1.75,0,-0.001227614
8.25,-2.25,0,0.000878016
8.25,-2.75,0,-0.001165851
8.25,-3.25,0,-0.00052731
8.25,-3.75,0,0.00079938
8.25,-4.25,0,-3.32E-05
8.25,-4.75,0,-0.000935539
8.25,-5.25,0,0.000286789
8.25,-5.75,0,-0.000573028
8.25,-6.25,0,-0.006167934
8.25,-6.75,0,0.006242629
8.25,-7.25,0,-1.012006448
8.25,-7.75,0,-0.953518145
8.25,-8.25,0,-0.979437873
8.25,-8.75,0,-0.957824898
8.25,-9.25,0,-0.963301487
8.25,-9.75,0,-0.939620908
8.25,-10.25,0,-0.938346953
8.25,-10.75,0,-0.987964936
8.25,-11.25,0,-0.942545412
8.25,-11.75,0,-0.919039528
8.25,-12.25,0,-1.009563012
8.25,-12.75,0,-0.968310561
8.25,-13.25,0,-0.905832347
8.25,-13.75,0,-0.936664371
8.25,-14.25,0,-0.022657037
8.25,-14.75,0,-0.002972086
8.75,14.75,0,-0.000929015
8.75,14.25,0,0.001046107
8.75,13.75,0,0.000653801
8.75,13.25,0,-0.000624885
8.75,12.75,0,0.000293361
8.75,12.25,0,-0.000590857
8.75,11.75,0,0.000122662
8.75,11.25,0,0.000703267
8.75,10.75,0,0.000122707
8.75,10.25,0,-0.00115543
8.75,9.75,0,0.000633912
8.75,9.25,0,-0.000669015
8.75,8.75,0,0.001878868
8.75,8.25,0,-0.001763342
8.75,7.75,0,-0.000779398
8.75,7.25,0,0.000904581
8.75,6.75,0,-0.000755983
8.75,6.25,0,0.0002498
8.75,5.75,0,0.000365342
8.75,5.25,0,0.000740117
8.75,4.75,0,-0.000785808
8.75,4.25,0,-0.000126447
8.75,3.75,0,-0.000401548
8.75,3.25,0,-0.000298733
8.75,2.75,0,0.000623119
8.75,2.25,0,-0.000662307
8.75,1.75,0,0.000991404
8.75,1.25,0,-0.00015216
8.75,0.75,0,-0.000747606
8.75,0.25,0,-1.62E-05
8.75,-0.25,0,0.000523878
8.75,-0.75,0,0.000390442
8.75,-1.25,0,0.000263691
8.75,-1.75,0,0.000151759
8.75,-2.25,0,-0.000476666
8.75,-2.75,0,0.000857337
8.75,-3.25,0,-0.000241185
8.75,-3.75,0,-0.000453184
8.75,-4.25,0,0.000582108
8.75,-4.75,0,0.000994012
8.75,-5.25,0,-0.000852101
8.75,-5.75,0,0.000224743
8.75,-6.25,0,-0.00293221
8.75,-6.75,0,-0.022307711
8.75,-7.25,0,-0.894230532
8.75,-7.75,0,-0.923403897
8.75,-8.25,0,-0.045650463
8.75,-8.75,0,-0.019703991
8.75,-9.25,0,-0.001166131
8.75,-9.75,0,-0.049098277
8.75,-10.25,0,-0.01804248
8.75,-10.75,0,0.014670064
8.75,-11.25,0,-0.03082098
8.75,-11.75,0,-0.007636886
8.75,-12.25,0,-0.021276119
8.75,-12.75,0,0.000895189
8.75,-13.25,0,-0.989961161
8.75,-13.75,0,-0.953872345
8.75,-14.25,0,0.001438628
8.75,-14.75,0,-0.011546828
9.25,14.75,0,0.000715277
9.25,14.25,0,-8.01E-05
9.25,13.75,0,-0.00059079
9.25,13.25,0,-0.000123317
9.25,12.75,0,0.000634672
9.25,12.25,0,-0.001841747
9.25,11.75,0,0.00080325
9.25,11.25,0,-0.000273697
9.25,10.75,0,0.000288693
9.25,10.25,0,0.001400353
9.25,9.75,0,-0.00042897
9.25,9.25,0,-0.000692604
9.25,8.75,0,0.000576194
9.25,8.25,0,0.000805882
9.25,7.75,0,0.00010686
9.25,7.25,0,-0.000627178
9.25,6.75,0,0.000259377
9.25,6.25,0,-0.000963294
9.25,5.75,0,0.00031154
9.25,5.25,0,-0.000374817
9.25,4.75,0,-0.000549409
9.25,4.25,0,0.001271198
9.25,3.75,0,-0.000732022
9.25,3.25,0,0.001271421
9.25,2.75,0,-0.001029941
9.25,2.25,0,0.000664551
9.25,1.75,0,-0.0009313
9.25,1.25,0,0.000364007
9.25,0.75,0,0.000786045
9.25,0.25,0,0.00083102
9.25,-0.25,0,-0.002037449
9.25,-0.75,0,0.000623412
9.25,-1.25,0,-0.000128798
9.25,-1.75,0,0.000536242
9.25,-2.25,0,-8.06E-05
9.25,-2.75,0,-0.001285196
9.25,-3.25,0,0.000824558
9.25,-3.75,0,3.19E-05
9.25,-4.25,0,-0.000395906
9.25,-4.75,0,-0.000891041
9.25,-5.25,0,0.001596838
9.25,-5.75,0,0.001890218
9.25,-6.25,0,-0.009327682
9.25,-6.75,0,-0.003105718
9.25,-7.25,0,-1.014567058
9.25,-7.75,0,-0.995260936
9.25,-8.25,0,0.039379147
9.25,-8.75,0,-0.016270156
9.25,-9.25,0,-0.001690148
9.25,-9.75,0,0.001860211
9.25,-10.25,0,0.001032225
9.25,-10.75,0,-0.003772868
9.25,-11.25,0,0.000658967
9.25,-11.75,0,-0.002750825
9.25,-12.25,0,-0.016253332
9.25,-12.75,0,0.003207226
9.25,-13.25,0,-0.92721557
9.25,-13.75,0,-0.970114906
9.25,-14.25,0,-0.005948126
9.25,-14.75,0,-0.008912055
9.75,14.75,0,4.91E-05
9.75,14.25,0,-0.001503268
9.75,13.75,0,0.000145461
9.75,13.25,0,-0.00051836
9.75,12.75,0,0.000685431
9.75,12.25,0,0.000216497
9.75,11.75,0,0.00019564
9.75,11.25,0,0.000146816
9.75,10.75,0,-0.001036204
9.75,10.25,0,0.00081017
9.75,9.75,0,-0.000208493
9.75,9.25,0,0.000128425
9.75,8.75,0,-0.000493953
9.75,8.25,0,-0.000433993
9.75,7.75,0,-0.000291672
9.75,7.25,0,-5.33E-05
9.75,6.75,0,0.00127853
9.75,6.25,0,0.00037329
9.75,5.75,0,-0.000268736
9.75,5.25,0,-0.000684551
9.75,4.75,0,0.00066954
9.75,4.25,0,-0.002152776
9.75,3.75,0,0.002111821
9.75,3.25,0,-0.000285659
9.75,2.75,0,-0.000756492
9.75,2.25,0,0.000401755
9.75,1.75,0,-0.000752745
9.75,1.25,0,0.00045959
9.75,0.75,0,-0.000531674
9.75,0.25,0,3.72E-05
9.75,-0.25,0,0.000401694
9.75,-0.75,0,0.000379707
9.75,-1.25,0,-0.000782514
9.75,-1.75,0,-0.001014512
9.75,-2.25,0,0.000439645
9.75,-2.75,0,-0.000404964
9.75,-3.25,0,0.001085321
9.75,-3.75,0,-0.001757418
9.75,-4.25,0,0.001257609
9.75,-4.75,0,0.000567801
9.75,-5.25,0,-0.001914994
9.75,-5.75,0,-0.000953612
9.75,-6.25,0,-0.001004781
9.75,-6.75,0,-0.015823894
9.75,-7.25,0,-0.967617028
9.75,-7.75,0,-0.915296732
9.75,-8.25,0,-0.020374604
9.75,-8.75,0,-0.0081277
9.75,-9.25,0,-0.001447315
9.75,-9.75,0,-0.001884461
9.75,-10.25,0,-0.003768851
9.75,-10.75,0,-0.020075002
9.75,-11.25,0,-0.02051085
9.75,-11.75,0,-0.001226491
9.75,-12.25,0,-0.014344409
9.75,-12.75,0,0.001942363
9.75,-13.25,0,-0.966238922
9.75,-13.75,0,-1.012192556
9.75,-14.25,0,0.033879358
9.75,-14.75,0,-0.01708747
10.25,14.75,0,0.000458129
10.25,14.25,0,0.000677721
10.25,13.75,0,-0.000874417
10.25,13.25,0,0.001447634
10.25,12.75,0,-0.000935332
10.25,12.25,0,-0.000357757
10.25,11.75,0,-0.000874319
10.25,11.25,0,0.000174273
10.25,10.75,0,0.000401391
10.25,10.25,0,-0.000330949
10.25,9.75,0,-0.000244264
10.25,9.25,0,-0.001493216
10.25,8.75,0,0.002281707
10.25,8.25,0,0.000588785
10.25,7.75,0,-0.000505148
10.25,7.25,0,0.000173609
10.25,6.75,0,0.00013335
10.25,6.25,0,-0.000137108
10.25,5.75,0,-0.000794693
10.25,5.25,0,0.001445371
10.25,4.75,0,-0.001147983
10.25,4.25,0,0.002110707
10.25,3.75,0,-0.001937666
10.25,3.25,0,-0.000183841
10.25,2.75,0,0.000605891
10.25,2.25,0,0.000399047
10.25,1.75,0,-0.001046895
10.25,1.25,0,0.000915768
10.25,0.75,0,0.000147132
10.25,0.25,0,-0.000961801
10.25,-0.25,0,0.0002761
10.25,-0.75,0,0.000438677
10.25,-1.25,0,0.001456419
10.25,-1.75,0,-0.000103124
10.25,-2.25,0,-0.000114264
10.25,-2.75,0,0.000500554
10.25,-3.25,0,-0.001703627
10.25,-3.75,0,0.001309811
10.25,-4.25,0,-0.001813338
10.25,-4.75,0,0.000197741
10.25,-5.25,0,-0.000372272
10.25,-5.75,0,0.00195726
10.25,-6.25,0,-0.006943067
10.25,-6.75,0,-0.023527988
10.25,-7.25,0,-0.938722086
10.25,-7.75,0,-0.934233465
10.25,-8.25,0,-0.033062984
10.25,-8.75,0,0.000728215
10.25,-9.25,0,-0.00134544
10.25,-9.75,0,-6.12E-05
10.25,-10.25,0,-0.024564836
10.25,-10.75,0,0.051448649
10.25,-11.25,0,0.042919424
10.25,-11.75,0,-0.016843205
10.25,-12.25,0,-0.008714497
10.25,-12.75,0,-0.004594647
10.25,-13.25,0,-0.909224781
10.25,-13.75,0,-0.919053639
10.25,-14.25,0,-0.029695113
10.25,-14.75,0,-0.003043681
10.75,14.75,0,0.000278114
10.75,14.25,0,0.000270033
10.75,13.75,0,-0.001329501
10.75,13.25,0,0.000485696
10.75,12.75,0,0.00053785
10.75,12.25,0,0.000968585
10.75,11.75,0,-0.000236572
10.75,11.25,0,6.84E-06
10.75,10.75,0,-0.00090782
10.75,10.25,0,0.000184197
10.75,9.75,0,0.000443376
10.75,9.25,0,-0.000419832
10.75,8.75,0,-2.00E-05
10.75,8.25,0,-1.94E-05
10.75,7.75,0,0.000486351
10.75,7.25,0,-0.001127693
10.75,6.75,0,-0.000938035
10.75,6.25,0,0.000336387
10.75,5.75,0,0.001306923
10.75,5.25,0,-0.001190201
10.75,4.75,0,-0.001321424
10.75,4.25,0,0.000907761
10.75,3.75,0,-0.000450648
10.75,3.25,0,0.000754394
10.75,2.75,0,0.000597594
10.75,2.25,0,-0.000980627
10.75,1.75,0,0.000333745
10.75,1.25,0,-0.000420994
10.75,0.75,0,2.64E-05
10.75,0.25,0,0.001240341
10.75,-0.25,0,-0.000121332
10.75,-0.75,0,-0.001986639
10.75,-1.25,0,0.000958218
10.75,-1.75,0,-0.00049898
10.75,-2.25,0,0.000444574
10.75,-2.75,0,-0.001582145
10.75,-3.25,0,0.001195421
10.75,-3.75,0,-0.000138741
10.75,-4.25,0,0.000818229
10.75,-4.75,0,-0.000814978
10.75,-5.25,0,-0.000766259
10.75,-5.75,0,-0.001420521
10.75,-6.25,0,-0.000261805
10.75,-6.75,0,-0.023388255
10.75,-7.25,0,-0.957859173
10.75,-7.75,0,-1.018055047
10.75,-8.25,0,0.012563402
10.75,-8.75,0,-0.021036253
10.75,-9.25,0,-0.006102183
10.75,-9.75,0,-0.000761918
10.75,-10.25,0,0.023830582
10.75,-10.75,0,-1.012813988
10.75,-11.25,0,-0.94769111
10.75,-11.75,0,-0.063557927
10.75,-12.25,0,-0.005782208
10.75,-12.75,0,0.018620515
10.75,-13.25,0,-1.012576858
10.75,-13.75,0,-0.945426043
10.75,-14.25,0,0.001820869
10.75,-14.75,0,-0.009945708
11.25,14.75,0,-0.000852215
11.25,14.25,0,0.000139125
11.25,13.75,0,0.00022026
11.25,13.25,0,-0.000222443
11.25,12.75,0,0.000659068
11.25,12.25,0,-0.000730255
11.25,11.75,0,-0.000279893
11.25,11.25,0,-3.24E-05
11.25,10.75,0,0.000660262
11.25,10.25,0,0.000863521
11.25,9.75,0,-0.000467396
11.25,9.25,0,-0.000184407
11.25,8.75,0,0.000466774
11.25,8.25,0,0.000563844
11.25,7.75,0,-0.000330731
11.25,7.25,0,0.002445742
11.25,6.75,0,-0.000108542
11.25,6.25,0,0.000220822
11.25,5.75,0,-0.000568041
11.25,5.25,0,0.000558405
11.25,4.75,0,-0.000394116
11.25,4.25,0,0.000223343
11.25,3.75,0,0.001242985
11.25,3.25,0,-0.000335481
11.25,2.75,0,-0.00012817
11.25,2.25,0,5.61E-05
11.25,1.75,0,-0.000179947
11.25,1.25,0,-0.001196656
11.25,0.75,0,0.000233238
11.25,0.25,0,-0.001400458
11.25,-0.25,0,0.001143592
11.25,-0.75,0,0.000326608
11.25,-1.25,0,-0.000511193
11.25,-1.75,0,0.001270655
11.25,-2.25,0,-0.001780595
11.25,-2.75,0,0.000928442
11.25,-3.25,0,-0.001180846
11.25,-3.75,0,-0.000234138
11.25,-4.25,0,-0.000345026
11.25,-4.75,0,0.001055027
11.25,-5.25,0,-0.000833587
11.25,-5.75,0,-0.000654022
11.25,-6.25,0,-0.003060295
11.25,-6.75,0,-0.002198177
11.25,-7.25,0,-0.931024256
11.25,-7.75,0,-0.922909667
11.25,-8.25,0,0.039347259
11.25,-8.75,0,-0.009100977
11.25,-9.25,0,0.013633199
11.25,-9.75,0,-0.062329313
11.25,-10.25,0,-0.010205363
11.25,-10.75,0,-0.932045477
11.25,-11.25,0,-1.016898798
11.25,-11.75,0,0.038344902
11.25,-12.25,0,-0.0650744
11.25,-12.75,0,0.061364588
11.25,-13.25,0,-1.002589285
11.25,-13.75,0,-0.983794538
11.25,-14.25,0,0.024168504
11.25,-14.75,0,-0.018625465
11.75,14.75,0,0.001211334
11.75,14.25,0,4.96E-05
11.75,13.75,0,-0.001266078
11.75,13.25,0,-0.000350214
11.75,12.75,0,0.000608575
11.75,12.25,0,-0.00064451
11.75,11.75,0,0.001481149
11.75,11.25,0,-0.000800298
11.75,10.75,0,-0.000316861
11.75,10.25,0,-0.001371989
11.75,9.75,0,0.000980553
11.75,9.25,0,-0.000309465
11.75,8.75,0,0.000467618
11.75,8.25,0,-0.00118596
11.75,7.75,0,-0.000273143
11.75,7.25,0,0.000357602
11.75,6.75,0,-0.001420527
11.75,6.25,0,-1.31E-05
11.75,5.75,0,2.55E-05
11.75,5.25,0,0.000926625
11.75,4.75,0,2.38E-05
11.75,4.25,0,0.000464623
11.75,3.75,0,-0.000727956
11.75,3.25,0,-0.000308453
11.75,2.75,0,0.000254458
11.75,2.25,0,-0.000800595
11.75,1.75,0,0.001049491
11.75,1.25,0,0.00059563
11.75,0.75,0,0.000400698
11.75,0.25,0,0.001042304
11.75,-0.25,0,-0.000785368
11.75,-0.75,0,-0.000289733
11.75,-1.25,0,0.00050572
11.75,-1.75,0,0.000308046
11.75,-2.25,0,0.000665052
11.75,-2.75,0,0.000367043
11.75,-3.25,0,0.001125756
11.75,-3.75,0,-0.000311771
11.75,-4.25,0,0.001118531
11.75,-4.75,0,-0.00040853
11.75,-5.25,0,0.000762725
11.75,-5.75,0,-0.001114208
11.75,-6.25,0,-0.003060671
11.75,-6.75,0,0.003307792
11.75,-7.25,0,-1.05993339
11.75,-7.75,0,-0.888183282
11.75,-8.25,0,-1.050402387
11.75,-8.75,0,-0.948772232
11.75,-9.25,0,-0.963599964
11.75,-9.75,0,0.038107078
11.75,-10.25,0,-0.032222808
11.75,-10.75,0,-0.939612256
11.75,-11.25,0,-0.911261041
11.75,-11.75,0,-0.980629934
11.75,-12.25,0,-0.919115914
11.75,-12.75,0,-1.003342818
11.75,-13.25,0,-0.88765154
11.75,-13.75,0,-1.042956855
11.75,-14.25,0,0.032873597
11.75,-14.75,0,-0.012022062
12.25,14.75,0,-0.000618355
12.25,14.25,0,-0.000587121
12.25,13.75,0,0.00113816
12.25,13.25,0,0.000285519
12.25,12.75,0,0.000769899
12.25,12.25,0,-0.000794227
12.25,11.75,0,0.000135948
12.25,11.25,0,3.95E-05
12.25,10.75,0,3.60E-08
12.25,10.25,0,0.001252457
12.25,9.75,0,0.000999837
12.25,9.25,0,-0.001798368
12.25,8.75,0,0.00054515
12.25,8.25,0,-0.000510233
12.25,7.75,0,-4.17E-05
12.25,7.25,0,-0.000902844
12.25,6.75,0,0.001546268
12.25,6.25,0,0.000393179
12.25,5.75,0,0.000324986
12.25,5.25,0,-4.91E-05
12.25,4.75,0,-3.92E-05
12.25,4.25,0,1.07E-05
12.25,3.75,0,0.000496072
12.25,3.25,0,-0.000170722
12.25,2.75,0,0.000381833
12.25,2.25,0,-8.33E-06
12.25,1.75,0,-0.000616474
12.25,1.25,0,-0.000403714
12.25,0.75,0,-0.000169942
12.25,0.25,0,-0.000733918
12.25,-0.25,0,0.00178002
12.25,-0.75,0,-0.000977186
12.25,-1.25,0,-0.000742668
12.25,-1.75,0,0.000289907
12.25,-2.25,0,-9.78E-05
12.25,-2.75,0,-0.00090239
12.25,-3.25,0,0.000163125
12.25,-3.75,0,0.000623533
12.25,-4.25,0,-0.00110415
12.25,-4.75,0,5.92E-05
12.25,-5.25,0,-0.000853447
12.25,-5.75,0,-0.000181824
12.25,-6.25,0,0.001922269
12.25,-6.75,0,-0.018234504
12.25,-7.25,0,0.052609319
12.25,-7.75,0,-0.986792174
12.25,-8.25,0,-0.882147945
12.25,-8.75,0,-0.957157513
12.25,-9.25,0,-0.969045019
12.25,-9.75,0,-0.008410098
12.25,-10.25,0,0.028639581
12.25,-10.75,0,-0.99942578
12.25,-11.25,0,-0.882927418
12.25,-11.75,0,-1.027292915
12.25,-12.25,0,-0.98096779
12.25,-12.75,0,-0.924320351
12.25,-13.25,0,-1.004531938
12.25,-13.75,0,0.094533347
12.25,-14.25,0,-0.030702046
12.25,-14.75,0,0.00208436
12.75,14.75,0,-0.000332762
12.75,14.25,0,0.000533595
12.75,13.75,0,-0.000610263
12.75,13.25,0,-0.000403613
12.75,12.75,0,-0.0002455
12.75,12.25,0,0.000100911
12.75,11.75,0,0.001237075
12.75,11.25,0,0.000300002
12.75,10.75,0,-0.000976133
12.75,10.25,0,-0.000197523
12.75,9.75,0,-0.000167284
12.75,9.25,0,-5.49E-05
12.75,8.75,0,0.000714303
12.75,8.25,0,0.000167953
12.75,7.75,0,0.000623574
12.75,7.25,0,0.000726522
12.75,6.75,0,-0.001556551
12.75,6.25,0,0.000980767
12.75,5.75,0,-0.001593768
12.75,5.25,0,0.000907023
12.75,4.75,0,6.98E-05
12.75,4.25,0,0.00118522
12.75,3.75,0,-0.001393632
12.75,3.25,0,2.60E-05
12.75,2.75,0,0.000139024
12.75,2.25,0,-0.000591622
12.75,1.75,0,0.000544035
12.75,1.25,0,0.000329331
12.75,0.75,0,-3.18E-05
12.75,0.25,0,0.000325815
12.75,-0.25,0,0.000871972
12.75,-0.75,0,-0.000334206
12.75,-1.25,0,0.000389234
12.75,-1.75,0,-0.000309379
12.75,-2.25,0,-0.000258604
12.75,-2.75,0,0.0013875
12.75,-3.25,0,-0.001227395
12.75,-3.75,0,0.000361684
12.75,-4.25,0,-0.000618622
12.75,-4.75,0,0.001128347
12.75,-5.25,0,-0.001278355
12.75,-5.75,0,-0.001383509
12.75,-6.25,0,-0.000387077
12.75,-6.75,0,0.004163375
12.75,-7.25,0,-0.044415631
12.75,-7.75,0,0.028203132
12.75,-8.25,0,-0.035479375
12.75,-8.75,0,0.00135806
12.75,-9.25,0,0.023651685
12.75,-9.75,0,-0.020152878
12.75,-10.25,0,-0.038848734
12.75,-10.75,0,0.019154856
12.75,-11.25,0,-0.016736677
12.75,-11.75,0,0.012441884
12.75,-12.25,0,0.002777236
12.75,-12.75,0,0.016421107
12.75,-13.25,0,0.016832906
12.75,-13.75,0,-0.027997665
12.75,-14.25,0,-0.005973228
12.75,-14.75,0,-0.00229787
13.25,14.75,0,0.000101095
13.25,14.25,0,0.000420385
13.25,13.75,0,-0.000491094
13.25,13.25,0,4.67E-05
13.25,12.75,0,-0.000761545
13.25,12.25,0,0.000829287
13.25,11.75,0,-0.000775521
13.25,11.25,0,0.000115631
13.25,10.75,0,0.000470562
13.25,10.25,0,0.000415348
13.25,9.75,0,-0.001609096
13.25,9.25,0,0.000474837
13.25,8.75,0,0.000406438
13.25,8.25,0,-0.000715485
13.25,7.75,0,0.000178004
13.25,7.25,0,-0.000794177
13.25,6.75,0,0.001726573
13.25,6.25,0,-0.000429347
13.25,5.75,0,0.000951135
13.25,5.25,0,-0.000905428
13.25,4.75,0,-0.000103139
13.25,4.25,0,-0.001347772
13.25,3.75,0,0.000643478
13.25,3.25,0,0.000363482
13.25,2.75,0,-0.001381352
13.25,2.25,0,0.002089444
13.25,1.75,0,-0.000107396
13.25,1.25,0,-0.00042071
13.25,0.75,0,0.001833735
13.25,0.25,0,-0.002374628
13.25,-0.25,0,0.000310133
13.25,-0.75,0,-0.000161349
13.25,-1.25,0,0.000429907
13.25,-1.75,0,-0.000705131
13.25,-2.25,0,0.001169152
13.25,-2.75,0,-0.001870373
13.25,-3.25,0,0.000694694
13.25,-3.75,0,3.14E-05
13.25,-4.25,0,-2.16E-06
13.25,-4.75,0,0.000264063
13.25,-5.25,0,-0.000499587
13.25,-5.75,0,0.000743635
13.25,-6.25,0,-0.000607411
13.25,-6.75,0,-0.003200266
13.25,-7.25,0,0.006236993
13.25,-7.75,0,-0.011943914
13.25,-8.25,0,-0.002692758
13.25,-8.75,0,-0.007390947
13.25,-9.25,0,-0.012629796
13.25,-9.75,0,0.001298349
13.25,-10.25,0,0.005269734
13.25,-10.75,0,-0.012236765
13.25,-11.25,0,-0.004799833
13.25,-11.75,0,-0.009828243
13.25,-12.25,0,-0.019372145
13.25,-12.75,0,-0.010213131
13.25,-13.25,0,-0.006767764
13.25,-13.75,0,-0.006126774
13.25,-14.25,0,0.00025303
13.25,-14.75,0,-0.000857516
13.75,14.75,0,0.000522605
13.75,14.25,0,-0.001153583
13.75,13.75,0,-0.0001312
13.75,13.25,0,-7.20E-05
13.75,12.75,0,0.000962886
13.75,12.25,0,-0.000308305
13.75,11.75,0,6.43E-05
13.75,11.25,0,0.000773383
13.75,10.75,0,-0.00011789
13.75,10.25,0,-0.000973338
13.75,9.75,0,0.001103727
13.75,9.25,0,-6.58E-05
13.75,8.75,0,-0.000242549
13.75,8.25,0,6.03E-05
13.75,7.75,0,-0.000400004
13.75,7.25,0,0.000318444
13.75,6.75,0,-0.000734311
13.75,6.25,0,-0.000171155
13.75,5.75,0,-0.001099816
13.75,5.25,0,0.000314213
13.75,4.75,0,-0.000306501
13.75,4.25,0,0.000591316
13.75,3.75,0,0.000917508
13.75,3.25,0,0.000573004
13.75,2.75,0,0.000692275
13.75,2.25,0,-4.10E-05
13.75,1.75,0,0.0001876
13.75,1.25,0,0.000463041
13.75,0.75,0,-0.001305243
13.75,0.25,0,0.001163148
13.75,-0.25,0,-0.000975157
13.75,-0.75,0,0.000628639
13.75,-1.25,0,-0.000634633
13.75,-1.75,0,-0.000554641
13.75,-2.25,0,-0.000167341
13.75,-2.75,0,-0.000575948
13.75,-3.25,0,-0.000262124
13.75,-3.75,0,0.000917173
13.75,-4.25,0,-0.00041898
13.75,-4.75,0,0.000580134
13.75,-5.25,0,-5.44E-05
13.75,-5.75,0,0.000611299
13.75,-6.25,0,-0.000287022
13.75,-6.75,0,0.000193026
13.75,-7.25,0,-0.000212684
13.75,-7.75,0,0.000940333
13.75,-8.25,0,-0.000305007
13.75,-8.75,0,-1.51E-05
13.75,-9.25,0,-4.81E-05
13.75,-9.75,0,-0.000197853
13.75,-10.25,0,-0.002096376
13.75,-10.75,0,0.002153699
13.75,-11.25,0,-0.001615454
13.75,-11.75,0,0.000867825
13.75,-12.25,0,0.003073787
13.75,-12.75,0,-0.000642539
13.75,-13.25,0,-0.00209963
13.75,-13.75,0,0.000770949
13.75,-14.25,0,-0.000392697
13.75,-14.75,0,-0.000447019
14.25,14.75,0,0.0004675
14.25,14.25,0,0.002152812
14.25,13.75,0,-0.001016139
14.25,13.25,0,-0.000393288
14.25,12.75,0,-0.000269959
14.25,12.25,0,0.000138038
14.25,11.75,0,-6.04E-06
14.25,11.25,0,-0.000802018
14.25,10.75,0,0.001094577
14.25,10.25,0,-0.000492425
14.25,9.75,0,-0.000203898
14.25,9.25,0,0.000594174
14.25,8.75,0,0.000441282
14.25,8.25,0,-0.00054162
14.25,7.75,0,0.000236253
14.25,7.25,0,0.000193602
14.25,6.75,0,-0.000815269
14.25,6.25,0,0.001568442
14.25,5.75,0,0.000199047
14.25,5.25,0,-0.000369969
14.25,4.75,0,-0.000473032
14.25,4.25,0,0.000363373
14.25,3.75,0,-0.001145096
14.25,3.25,0,-0.001334959
14.25,2.75,0,0.000472764
14.25,2.25,0,-0.001136974
14.25,1.75,0,-0.000425265
14.25,1.25,0,0.000385177
14.25,0.75,0,0.000439143
14.25,0.25,0,0.001118846
14.25,-0.25,0,-0.000868181
14.25,-0.75,0,0.000812531
14.25,-1.25,0,-0.000186782
14.25,-1.75,0,0.001105645
14.25,-2.25,0,-2.56E-05
14.25,-2.75,0,0.000740852
14.25,-3.25,0,0.000946191
14.25,-3.75,0,-0.000637471
14.25,-4.25,0,-0.000145896
14.25,-4.75,0,-0.001203769
14.25,-5.25,0,-8.19E-05
14.25,-5.75,0,0.000328981
14.25,-6.25,0,-0.00074825
14.25,-6.75,0,0.00019836
14.25,-7.25,0,-0.000787222
14.25,-7.75,0,-0.001094652
14.25,-8.25,0,0.000667107
14.25,-8.75,0,-0.000515224
14.25,-9.25,0,0.001064746
14.25,-9.75,0,-0.001459409
14.25,-10.25,0,-0.000349089
14.25,-10.75,0,-2.88E-05
14.25,-11.25,0,-0.001250112
14.25,-11.75,0,0.000964783
14.25,-12.25,0,-0.001246997
14.25,-12.75,0,-0.000365092
14.25,-13.25,0,0.001822006
14.25,-13.75,0,-0.001355171
14.25,-14.25,0,0.000138822
14.25,-14.75,0,-0.001000267
14.75,14.75,0,-0.001227361
14.75,14.25,0,-0.000626391
14.75,13.75,0,-0.000128878
14.75,13.25,0,0.00044077
14.75,12.75,0,0.000570003
14.75,12.25,0,-0.000848397
14.75,11.75,0,0.00059874
14.75,11.25,0,0.00043482
14.75,10.75,0,-0.000226471
14.75,10.25,0,-0.000714966
14.75,9.75,0,0.000829935
14.75,9.25,0,-0.000231724
14.75,8.75,0,-0.000777579
14.75,8.25,0,0.000322524
14.75,7.75,0,0.000645649
14.75,7.25,0,-0.001639077
14.75,6.75,0,0.002125215
14.75,6.25,0,-0.001804691
14.75,5.75,0,-0.000954661
14.75,5.25,0,0.001156759
14.75,4.75,0,0.00019836
14.75,4.25,0,-0.000351054
14.75,3.75,0,0.000227959
14.75,3.25,0,0.000956755
14.75,2.75,0,-0.00092721
14.75,2.25,0,0.000918247
14.75,1.75,0,0.00038841
14.75,1.25,0,-0.000320884
14.75,0.75,0,8.67E-05
14.75,0.25,0,-0.00059108
14.75,-0.25,0,-0.000263152
14.75,-0.75,0,-0.000485398
14.75,-1.25,0,0.000798099
14.75,-1.75,0,-0.00052055
14.75,-2.25,0,-0.000154586
14.75,-2.75,0,-0.000583951
14.75,-3.25,0,-0.000835025
14.75,-3.75,0,0.000134076
14.75,-4.25,0,0.000533396
14.75,-4.75,0,0.000781752
14.75,-5.25,0,0.000229428
14.75,-5.75,0,-0.000358132
14.75,-6.25,0,-0.000133684
14.75,-6.75,0,0.000158578
14.75,-7.25,0,0.000269073
14.75,-7.75,0,0.001058726
14.75,-8.25,0,-0.001949055
14.75,-8.75,0,0.000394773
14.75,-9.25,0,-0.001045968
14.75,-9.75,0,-0.000244897
14.75,-10.25,0,0.001372176
14.75,-10.75,0,-0.000706419
14.75,-11.25,0,-0.000990997
14.75,-11.75,0,-0.000163869
14.75,-12.25,0,-0.000235003
14.75,-12.75,0,-0.000656949
14.75,-13.25,0,-6.16E-05
14.75,-13.75,0,0.000145261
14.75,-14.25,0,-9.27E-06
14.75,-14.75,0,-0.000604366
