-14.75,14.75,0,0.000893658
-14.75,14.25,0,0.000547591
-14.75,13.75,0,0.000436914
-14.75,13.25,0,0.000569006
-14.75,12.75,0,0.001463409
-14.75,12.25,0,0.000723624
-14.75,11.75,0,-0.000215513
-14.75,11.25,0,0.00105135
-14.75,10.75,0,-0.000270241
-14.75,10.25,0,0.000330068
-14.75,9.75,0,2.52E-07
-14.75,9.25,0,6.78E-05
-14.75,8.75,0,2.23E-05
-14.75,8.25,0,2.66E-05
-14.75,7.75,0,4.21E-05
-14.75,7.25,0,2.43E-05
-14.75,6.75,0,4.12E-05
-14.75,6.25,0,1.97E-05
-14.75,5.75,0,6.52E-06
-14.75,5.25,0,1.88E-05
-14.75,4.75,0,1.21E-05
-14.75,4.25,0,1.22E-05
-14.75,3.75,0,5.16E-06
-14.75,3.25,0,1.26E-05
-14.75,2.75,0,7.54E-06
-14.75,2.25,0,9.01E-06
-14.75,1.75,0,1.11E-06
-14.75,1.25,0,8.17E-06
-14.75,0.75,0,5.50E-06
-14.75,0.25,0,3.87E-06
-14.75,-0.25,0,3.08E-06
-14.75,-0.75,0,4.32E-06
-14.75,-1.25,0,3.93E-06
-14.75,-1.75,0,4.09E-06
-14.75,-2.25,0,1.85E-06
-14.75,-2.75,0,5.55E-06
-14.75,-3.25,0,2.93E-06
-14.75,-3.75,0,3.06E-06
-14.75,-4.25,0,4.17E-06
-14.75,-4.75,0,3.19E-06
-14.75,-5.25,0,1.10E-06
-14.75,-5.75,0,2.01E-06
-14.75,-6.25,0,7.83E-07
-14.75,-6.75,0,1.82E-06
-14.75,-7.25,0,1.70E-06
-14.75,-7.75,0,7.36E-07
-14.75,-8.25,0,1.09E-06
-14.75,-8.75,0,1.31E-06
-14.75,-9.25,0,4.95E-07
-14.75,-9.75,0,3.57E-07
-14.75,-10.25,0,2.10E-08
-14.75,-10.75,0,3.93E-07
-14.75,-11.25,0,-1.63E-07
-14.75,-11.75,0,4.92E-07
-14.75,-12.25,0,-7.00E-07
-14.75,-12.75,0,-3.22E-07
-14.75,-13.25,0,-2.00E-06
-14.75,-13.75,0,-1.38E-06
-14.75,-14.25,0,-3.51E-06
-14.75,-14.75,0,-8.36E-06
-14.25,14.75,0,0.00090125
-14.25,14.25,0,-0.000895144
-14.25,13.75,0,0.002431992
-14.25,13.25,0,0.008793642
-14.25,12.75,0,0.007026972
-14.25,12.25,0,-0.001972063
-14.25,11.75,0,0.002714631
-14.25,11.25,0,-0.000595507
-14.25,10.75,0,2.36E-05
-14.25,10.25,0,4.12E-05
-14.25,9.75,0,-0.000189961
-14.25,9.25,0,0.000111742
-14.25,8.75,0,8.84E-06
-14.25,8.25,0,-5.91E-06
-14.25,7.75,0,-2.98E-05
-14.25,7.25,0,2.68E-05
-14.25,6.75,0,-3.73E-05
-14.25,6.25,0,8.47E-06
-14.25,5.75,0,-5.55E-07
-14.25,5.25,0,2.44E-05
-14.25,4.75,0,-1.17E-05
-14.25,4.25,0,5.67E-06
-14.25,3.75,0,9.90E-07
-14.25,3.25,0,4.12E-06
-14.25,2.75,0,3.28E-06
-14.25,2.25,0,6.86E-07
-14.25,1.75,0,2.75E-06
-14.25,1.25,0,8.08E-07
-14.25,0.75,0,9.60E-07
-14.25,0.25,0,2.53E-06
-14.25,-0.25,0,-6.85E-07
-14.25,-0.75,0,1.99E-06
-14.25,-1.25,0,8.28E-07
-14.25,-1.75,0,6.43E-07
-14.25,-2.25,0,1.17E-07
-14.25,-2.75,0,1.64E-07
-14.25,-3.25,0,6.26E-07
-14.25,-3.75,0,4.85E-07
-14.25,-4.25,0,-1.09E-06
-14.25,-4.75,0,3.82E-07
-14.25,-5.25,0,1.62E-07
-14.25,-5.75,0,7.16E-07
-14.25,-6.25,0,7.21E-07
-14.25,-6.75,0,3.45E-07
-14.25,-7.25,0,-2.78E-07
-14.25,-7.75,0,3.29E-07
-14.25,-8.25,0,-1.29E-07
-14.25,-8.75,0,1.78E-09
-14.25,-9.25,0,7.15E-08
-14.25,-9.75,0,3.19E-07
-14.25,-10.25,0,-3.77E-07
-14.25,-10.75,0,9.67E-07
-14.25,-11.25,0,-1.94E-07
-14.25,-11.75,0,6.99E-09
-14.25,-12.25,0,-3.46E-07
-14.25,-12.75,0,-1.66E-07
-14.25,-13.25,0,-4.28E-07
-14.25,-13.75,0,-2.30E-06
-14.25,-14.25,0,-3.62E-06
-14.25,-14.75,0,-4.99E-06
-13.75,14.75,0,-0.000360359
-13.75,14.25,0,0.006066533
-13.75,13.75,0,0.007779127
-13.75,13.25,0,-0.004192694
-13.75,12.75,0,-0.012731638
-13.75,12.25,0,0.02531071
-13.75,11.75,0,-0.000615234
-13.75,11.25,0,0.001422829
-13.75,10.75,0,0.00021658
-13.75,10.25,0,0.000125022
-13.75,9.75,0,0.000245321
-13.75,9.25,0,-5.31E-05
-13.75,8.75,0,-8.79E-06
-13.75,8.25,0,-3.30E-05
-13.75,7.75,0,9.52E-05
-13.75,7.25,0,-1.49E-05
-13.75,6.75,0,2.19E-05
-13.75,6.25,0,-3.72E-06
-13.75,5.75,0,-6.61E-06
-13.75,5.25,0,9.23E-07
-13.75,4.75,0,1.46E-05
-13.75,4.25,0,-7.89E-06
-13.75,3.75,0,3.79E-06
-13.75,3.25,0,9.99E-07
-13.75,2.75,0,-2.88E-08
-13.75,2.25,0,2.30E-06
-13.75,1.75,0,7.65E-08
-13.75,1.25,0,6.94E-07
-13.75,0.75,0,1.05E-06
-13.75,0.25,0,-6.84E-07
-13.75,-0.25,0,1.36E-06
-13.75,-0.75,0,-3.62E-07
-13.75,-1.25,0,1.51E-07
-13.75,-1.75,0,5.07E-08
-13.75,-2.25,0,6.59E-07
-13.75,-2.75,0,6.86E-07
-13.75,-3.25,0,6.80E-07
-13.75,-3.75,0,2.77E-07
-13.75,-4.25,0,8.06E-07
-13.75,-4.75,0,1.70E-08
-13.75,-5.25,0,3.76E-07
-13.75,-5.75,0,-2.53E-08
-13.75,-6.25,0,-4.76E-08
-13.75,-6.75,0,3.79E-07
-13.75,-7.25,0,3.86E-07
-13.75,-7.75,0,1.85E-07
-13.75,-8.25,0,1.51E-07
-13.75,-8.75,0,3.08E-08
-13.75,-9.25,0,5.19E-08
-13.75,-9.75,0,-6.76E-08
-13.75,-10.25,0,1.80E-07
-13.75,-10.75,0,-4.99E-07
-13.75,-11.25,0,-2.29E-07
-13.75,-11.75,0,-3.23E-07
-13.75,-12.25,0,5.17E-07
-13.75,-12.75,0,-1.00E-06
-13.75,-13.25,0,2.13E-06
-13.75,-13.75,0,-3.15E-06
-13.75,-14.25,0,1.36E-06
-13.75,-14.75,0,-4.60E-06
-13.25,14.75,0,-0.002222518
-13.25,14.25,0,0.01385042
-13.25,13.75,0,-0.013711687
-13.25,13.25,0,0.920735957
-13.25,12.75,0,0.959336445
-13.25,12.25,0,-0.027599798
-13.25,11.75,0,0.008447974
-13.25,11.25,0,-0.000981135
-13.25,10.75,0,0.000506917
-13.25,10.25,0,-0.000505346
-13.25,9.75,0,-0.000494173
-13.25,9.25,0,-0.000216941
-13.25,8.75,0,0.000212164
-13.25,8.25,0,-7.35E-06
-13.25,7.75,0,-0.000116407
-13.25,7.25,0,2.58E-06
-13.25,6.75,0,4.07E-06
-13.25,6.25,0,2.45E-05
-13.25,5.75,0,3.12E-05
-13.25,5.25,0,1.28E-05
-13.25,4.75,0,4.30E-07
-13.25,4.25,0,1.26E-05
-13.25,3.75,0,-4.41E-07
-13.25,3.25,0,4.93E-06
-13.25,2.75,0,7.13E-07
-13.25,2.25,0,-7.87E-07
-13.25,1.75,0,3.19E-07
-13.25,1.25,0,7.06E-07
-13.25,0.75,0,-1.60E-08
-13.25,0.25,0,1.34E-06
-13.25,-0.25,0,2.78E-07
-13.25,-0.75,0,4.90E-07
-13.25,-1.25,0,3.59E-07
-13.25,-1.75,0,4.29E-07
-13.25,-2.25,0,-4.41E-08
-13.25,-2.75,0,3.68E-08
-13.25,-3.25,0,1.57E-07
-13.25,-3.75,0,8.91E-08
-13.25,-4.25,0,-1.87E-07
-13.25,-4.75,0,1.28E-07
-13.25,-5.25,0,8.26E-08
-13.25,-5.75,0,2.20E-07
-13.25,-6.25,0,3.37E-08
-13.25,-6.75,0,1.37E-07
-13.25,-7.25,0,-1.13E-08
-13.25,-7.75,0,6.65E-08
-13.25,-8.25,0,3.56E-08
-13.25,-8.75,0,9.68E-08
-13.25,-9.25,0,8.71E-09
-13.25,-9.75,0,8.18E-08
-13.25,-10.25,0,-4.79E-08
-13.25,-10.75,0,1.63E-07
-13.25,-11.25,0,4.58E-08
-13.25,-11.75,0,1.73E-07
-13.25,-12.25,0,-4.71E-07
-13.25,-12.75,0,3.88E-07
-13.25,-13.25,0,-9.88E-07
-13.25,-13.75,0,-3.94E-07
-13.25,-14.25,0,-1.71E-06
-13.25,-14.75,0,-3.32E-06
-12.75,14.75,0,0.00202298
-12.75,14.25,0,-0.006982896
-12.75,13.75,0,0.061205306
-12.75,13.25,0,0.941362678
-12.75,12.75,0,0.948035501
-12.75,12.25,0,0.004266558
-12.75,11.75,0,0.005477604
-12.75,11.25,0,0.003255252
-12.75,10.75,0,0.000460235
-12.75,10.25,0,0.001574383
-12.75,9.75,0,0.000885865
-12.75,9.25,0,0.000780415
-12.75,8.75,0,0.000188405
-12.75,8.25,0,0.000194593
-12.75,7.75,0,0.000119153
-12.75,7.25,0,0.000713628
-12.75,6.75,0,0.000231342
-12.75,6.25,0,-8.74E-05
-12.75,5.75,0,4.53E-05
-12.75,5.25,0,-9.26E-06
-12.75,4.75,0,4.55E-05
-12.75,4.25,0,-2.59E-05
-12.75,3.75,0,2.71E-06
-12.75,3.25,0,-7.41E-06
-12.75,2.75,0,5.19E-07
-12.75,2.25,0,-6.55E-08
-12.75,1.75,0,5.95E-07
-12.75,1.25,0,-7.37E-08
-12.75,0.75,0,-3.13E-07
-12.75,0.25,0,-7.17E-07
-12.75,-0.25,0,-6.06E-07
-12.75,-0.75,0,-1.05E-06
-12.75,-1.25,0,-8.40E-08
-12.75,-1.75,0,-2.85E-07
-12.75,-2.25,0,-1.49E-07
-12.75,-2.75,0,1.29E-09
-12.75,-3.25,0,-3.94E-08
-12.75,-3.75,0,-1.23E-07
-12.75,-4.25,0,-8.66E-08
-12.75,-4.75,0,-7.24E-08
-12.75,-5.25,0,-7.06E-08
-12.75,-5.75,0,-1.40E-07
-12.75,-6.25,0,-8.57E-08
-12.75,-6.75,0,-4.68E-08
-12.75,-7.25,0,-7.11E-08
-12.75,-7.75,0,-2.31E-09
-12.75,-8.25,0,-3.33E-08
-12.75,-8.75,0,-4.92E-08
-12.75,-9.25,0,-7.03E-08
-12.75,-9.75,0,4.50E-09
-12.75,-10.25,0,-2.44E-08
-12.75,-10.75,0,9.10E-09
-12.75,-11.25,0,-5.52E-08
-12.75,-11.75,0,9.26E-08
-12.75,-12.25,0,-1.11E-07
-12.75,-12.75,0,4.61E-07
-12.75,-13.25,0,-1.11E-06
-12.75,-13.75,0,8.27E-07
-12.75,-14.25,0,-1.83E-06
-12.75,-14.75,0,-4.41E-06
-12.25,14.75,0,-0.000386592
-12.25,14.25,0,0.030500838
-12.25,13.75,0,-0.080019545
-12.25,13.25,0,1.029832304
-12.25,12.75,0,0.923079384
-12.25,12.25,0,0.046790126
-12.25,11.75,0,0.000807024
-12.25,11.25,0,0.002493567
-12.25,10.75,0,-0.000253087
-12.25,10.25,0,-0.000769281
-12.25,9.75,0,0.000418617
-12.25,9.25,0,0.000332621
-12.25,8.75,0,0.000986985
-12.25,8.25,0,0.002209747
-12.25,7.75,0,0.000935258
-12.25,7.25,0,-0.000479992
-12.25,6.75,0,0.000868864
-12.25,6.25,0,0.000173166
-12.25,5.75,0,-0.000192895
-12.25,5.25,0,0.000125468
-12.25,4.75,0,-4.22E-05
-12.25,4.25,0,6.46E-06
-12.25,3.75,0,7.68E-06
-12.25,3.25,0,4.56E-06
-12.25,2.75,0,5.20E-08
-12.25,2.25,0,-5.34E-07
-12.25,1.75,0,-3.83E-07
-12.25,1.25,0,3.16E-07
-12.25,0.75,0,5.22E-07
-12.25,0.25,0,-7.36E-07
-12.25,-0.25,0,1.71E-07
-12.25,-0.75,0,1.88E-06
-12.25,-1.25,0,-1.50E-08
-12.25,-1.75,0,3.06E-07
-12.25,-2.25,0,9.09E-08
-12.25,-2.75,0,-2.51E-07
-12.25,-3.25,0,2.24E-07
-12.25,-3.75,0,6.14E-08
-12.25,-4.25,0,1.12E-07
-12.25,-4.75,0,5.67E-08
-12.25,-5.25,0,9.21E-08
-12.25,-5.75,0,7.09E-08
-12.25,-6.25,0,8.94E-08
-12.25,-6.75,0,2.79E-08
-12.25,-7.25,0,3.29E-08
-12.25,-7.75,0,3.83E-08
-12.25,-8.25,0,4.06E-08
-12.25,-8.75,0,1.27E-08
-12.25,-9.25,0,5.51E-08
-12.25,-9.75,0,4.63E-09
-12.25,-10.25,0,3.07E-08
-12.25,-10.75,0,-2.75E-08
-12.25,-11.25,0,4.41E-08
-12.25,-11.75,0,-2.56E-08
-12.25,-12.25,0,-1.22E-07
-12.25,-12.75,0,3.30E-07
-12.25,-13.25,0,-6.70E-07
-12.25,-13.75,0,6.61E-07
-12.25,-14.25,0,-2.41E-06
-12.25,-14.75,0,-4.75E-06
-11.75,14.75,0,-7.37E-05
-11.75,14.25,0,0.008040358
-11.75,13.75,0,0.018543441
-11.75,13.25,0,0.936610837
-11.75,12.75,0,0.936565458
-11.75,12.25,0,-0.002698822
-11.75,11.75,0,0.025252887
-11.75,11.25,0,-0.003422256
-11.75,10.75,0,0.01420879
-11.75,10.25,0,0.016191301
-11.75,9.75,0,0.005472779
-11.75,9.25,0,0.016550442
-11.75,8.75,0,0.006150662
-11.75,8.25,0,0.005181475
-11.75,7.75,0,0.008159951
-11.75,7.25,0,0.007449389
-11.75,6.75,0,-0.000493679
-11.75,6.25,0,0.001736586
-11.75,5.75,0,-0.000300136
-11.75,5.25,0,0.000122393
-11.75,4.75,0,2.07E-05
-11.75,4.25,0,5.45E-06
-11.75,3.75,0,-5.11E-06
-11.75,3.25,0,6.35E-06
-11.75,2.75,0,4.42E-07
-11.75,2.25,0,-6.31E-07
-11.75,1.75,0,2.59E-06
-11.75,1.25,0,-9.83E-07
-11.75,0.75,0,-2.04E-07
-11.75,0.25,0,7.39E-07
-11.75,-0.25,0,7.91E-07
-11.75,-0.75,0,1.15E-06
-11.75,-1.25,0,-6.55E-08
-11.75,-1.75,0,4.13E-07
-11.75,-2.25,0,3.85E-07
-11.75,-2.75,0,-7.26E-08
-11.75,-3.25,0,7.81E-08
-11.75,-3.75,0,-1.28E-07
-11.75,-4.25,0,-4.27E-09
-11.75,-4.75,0,-4.16E-08
-11.75,-5.25,0,-3.01E-08
-11.75,-5.75,0,-3.73E-08
-11.75,-6.25,0,-3.00E-08
-11.75,-6.75,0,-1.89E-08
-11.75,-7.25,0,-1.13E-08
-11.75,-7.75,0,-1.38E-08
-11.75,-8.25,0,-1.05E-08
-11.75,-8.75,0,-1.02E-08
-11.75,-9.25,0,-7.59E-09
-11.75,-9.75,0,-1.25E-08
-11.75,-10.25,0,1.19E-08
-11.75,-10.75,0,-2.61E-08
-11.75,-11.25,0,2.97E-08
-11.75,-11.75,0,-7.47E-09
-11.75,-12.25,0,-1.24E-08
-11.75,-12.75,0,4.40E-08
-11.75,-13.25,0,-8.72E-07
-11.75,-13.75,0,7.07E-07
-11.75,-14.25,0,-2.81E-06
-11.75,-14.75,0,-3.37E-06
-11.25,14.75,0,0.003898931
-11.25,14.25,0,-0.011648034
-11.25,13.75,0,0.071053317
-11.25,13.25,0,0.925851842
-11.25,12.75,0,0.985019914
-11.25,12.25,0,0.004948471
-11.25,11.75,0,-0.010172922
-11.25,11.25,0,0.032071309
-11.25,10.75,0,-0.002538898
-11.25,10.25,0,-0.016591417
-11.25,9.75,0,0.013576077
-11.25,9.25,0,-0.016306831
-11.25,8.75,0,0.016383642
-11.25,8.25,0,0.013405946
-11.25,7.75,0,-0.00447153
-11.25,7.25,0,-0.006705271
-11.25,6.75,0,0.022825435
-11.25,6.25,0,-0.002307701
-11.25,5.75,0,0.001046822
-11.25,5.25,0,-0.00016316
-11.25,4.75,0,0.000107569
-11.25,4.25,0,-4.66E-05
-11.25,3.75,0,1.58E-05
-11.25,3.25,0,-1.49E-05
-11.25,2.75,0,1.06E-05
-11.25,2.25,0,-2.28E-06
-11.25,1.75,0,-5.20E-06
-11.25,1.25,0,1.88E-06
-11.25,0.75,0,1.83E-06
-11.25,0.25,0,9.75E-07
-11.25,-0.25,0,-4.70E-06
-11.25,-0.75,0,2.18E-07
-11.25,-1.25,0,-9.34E-07
-11.25,-1.75,0,6.18E-07
-11.25,-2.25,0,-1.01E-06
-11.25,-2.75,0,2.70E-07
-11.25,-3.25,0,-2.16E-07
-11.25,-3.75,0,1.17E-07
-11.25,-4.25,0,-6.69E-08
-11.25,-4.75,0,1.04E-07
-11.25,-5.25,0,-3.24E-08
-11.25,-5.75,0,3.29E-08
-11.25,-6.25,0,6.30E-09
-11.25,-6.75,0,1.38E-08
-11.25,-7.25,0,8.34E-10
-11.25,-7.75,0,1.16E-08
-11.25,-8.25,0,6.10E-09
-11.25,-8.75,0,6.48E-09
-11.25,-9.25,0,-2.83E-09
-11.25,-9.75,0,1.07E-08
-11.25,-10.25,0,-2.01E-08
-11.25,-10.75,0,2.89E-08
-11.25,-11.25,0,-4.53E-08
-11.25,-11.75,0,2.88E-08
-11.25,-12.25,0,-2.61E-07
-11.25,-12.75,0,5.45E-07
-11.25,-13.25,0,-7.25E-07
-11.25,-13.75,0,5.62E-07
-11.25,-14.25,0,-2.27E-06
-11.25,-14.75,0,-5.29E-06
-10.75,14.75,0,-0.001503939
-10.75,14.25,0,0.017627989
-10.75,13.75,0,-0.028882205
-10.75,13.25,0,0.977473231
-10.75,12.75,0,0.910788293
-10.75,12.25,0,0.969811884
-10.75,11.75,0,0.942613246
-10.75,11.25,0,0.928969275
-10.75,10.75,0,0.931812321
-10.75,10.25,0,0.987865736
-10.75,9.75,0,0.944367632
-10.75,9.25,0,0.966012168
-10.75,8.75,0,0.927089122
-10.75,8.25,0,0.942983719
-10.75,7.75,0,0.939992126
-10.75,7.25,0,0.95574695
-10.75,6.75,0,-0.029786425
-10.75,6.25,0,0.012243357
-10.75,5.75,0,-0.001265929
-10.75,5.25,0,0.000452669
-10.75,4.75,0,0.000172051
-10.75,4.25,0,-4.49E-05
-10.75,3.75,0,-3.71E-06
-10.75,3.25,0,2.12E-05
-10.75,2.75,0,-9.94E-07
-10.75,2.25,0,-1.11E-05
-10.75,1.75,0,3.69E-06
-10.75,1.25,0,1.29E-07
-10.75,0.75,0,-6.79E-06
-10.75,0.25,0,-1.71E-06
-10.75,-0.25,0,4.34E-06
-10.75,-0.75,0,-3.05E-06
-10.75,-1.25,0,5.13E-06
-10.75,-1.75,0,-1.34E-06
-10.75,-2.25,0,-1.45E-07
-10.75,-2.75,0,8.11E-07
-10.75,-3.25,0,1.32E-07
-10.75,-3.75,0,8.02E-08
-10.75,-4.25,0,-7.41E-08
-10.75,-4.75,0,-8.04E-08
-10.75,-5.25,0,-3.09E-09
-10.75,-5.75,0,2.11E-08
-10.75,-6.25,0,5.29E-09
-10.75,-6.75,0,-1.22E-08
-10.75,-7.25,0,-6.43E-09
-10.75,-7.75,0,4.19E-09
-10.75,-8.25,0,-2.49E-09
-10.75,-8.75,0,6.13E-10
-10.75,-9.25,0,-4.66E-10
-10.75,-9.75,0,2.73E-09
-10.75,-10.25,0,-4.94E-09
-10.75,-10.75,0,3.21E-08
-10.75,-11.25,0,-7.68E-08
-10.75,-11.75,0,1.19E-07
-10.75,-12.25,0,-2.48E-07
-10.75,-12.75,0,3.56E-07
-10.75,-13.25,0,-8.53E-07
-10.75,-13.75,0,1.08E-07
-10.75,-14.25,0,-2.38E-06
-10.75,-14.75,0,-5.23E-06
-10.25,14.75,0,0.000979583
-10.25,14.25,0,0.004972441
-10.25,13.75,0,0.027683712
-10.25,13.25,0,0.937863139
-10.25,12.75,0,0.939767007
-10.25,12.25,0,0.99871229
-10.25,11.75,0,0.976956941
-10.25,11.25,0,0.961074464
-10.25,10.75,0,0.917820169
-10.25,10.25,0,0.93877019
-10.25,9.75,0,0.944084773
-10.25,9.25,0,0.981973433
-10.25,8.75,0,0.907549729
-10.25,8.25,0,0.983179332
-10.25,7.75,0,0.957235368
-10.25,7.25,0,0.976004724
-10.25,6.75,0,0.011285666
-10.25,6.25,0,0.001405273
-10.25,5.75,0,0.000106786
-10.25,5.25,0,0.000340971
-10.25,4.75,0,-9.50E-05
-10.25,4.25,0,1.70E-05
-10.25,3.75,0,8.96E-06
-10.25,3.25,0,-1.83E-05
-10.25,2.75,0,8.64E-06
-10.25,2.25,0,4.58E-06
-10.25,1.75,0,5.03E-07
-10.25,1.25,0,-4.38E-06
-10.25,0.75,0,6.79E-06
-10.25,0.25,0,1.54E-05
-10.25,-0.25,0,-9.05E-06
-10.25,-0.75,0,1.35E-05
-10.25,-1.25,0,-3.42E-06
-10.25,-1.75,0,6.18E-06
-10.25,-2.25,0,-9.08E-07
-10.25,-2.75,0,3.20E-07
-10.25,-3.25,0,1.03E-06
-10.25,-3.75,0,-4.96E-07
-10.25,-4.25,0,3.95E-07
-10.25,-4.75,0,-7.66E-08
-10.25,-5.25,0,5.12E-08
-10.25,-5.75,0,-1.74E-08
-10.25,-6.25,0,1.68E-10
-10.25,-6.75,0,-2.06E-09
-10.25,-7.25,0,7.69E-09
-10.25,-7.75,0,-3.62E-09
-10.25,-8.25,0,2.81E-09
-10.25,-8.75,0,-4.33E-09
-10.25,-9.25,0,3.84E-09
-10.25,-9.75,0,-7.67E-09
-10.25,-10.25,0,9.80E-09
-10.25,-10.75,0,4.49E-09
-10.25,-11.25,0,-5.96E-08
-10.25,-11.75,0,1.27E-07
-10.25,-12.25,0,-2.33E-07
-10.25,-12.75,0,3.08E-07
-10.25,-13.25,0,-8.53E-08
-10.25,-13.75,0,-3.96E-07
-10.25,-14.25,0,-1.49E-06
-10.25,-14.75,0,-6.09E-06
-9.75,14.75,0,0.001922084
-9.75,14.25,0,0.011591814
-9.75,13.75,0,-0.018232591
-9.75,13.25,0,0.977223375
-9.75,12.75,0,0.980790799
-9.75,12.25,0,-0.045090744
-9.75,11.75,0,0.024622474
-9.75,11.25,0,0.013879961
-9.75,10.75,0,0.026992537
-9.75,10.25,0,0.01525824
-9.75,9.75,0,0.022221748
-9.75,9.25,0,0.014416617
-9.75,8.75,0,0.013149617
-9.75,8.25,0,0.029895341
-9.75,7.75,0,-0.030986682
-9.75,7.25,0,-0.012667577
-9.75,6.75,0,0.024055538
-9.75,6.25,0,-0.005172122
-9.75,5.75,0,0.000958867
-9.75,5.25,0,0.000367018
-9.75,4.75,0,-6.36E-05
-9.75,4.25,0,0.00010962
-9.75,3.75,0,-0.000132246
-9.75,3.25,0,7.72E-05
-9.75,2.75,0,-8.49E-05
-9.75,2.25,0,6.26E-05
-9.75,1.75,0,1.16E-05
-9.75,1.25,0,5.60E-05
-9.75,0.75,0,-5.39E-05
-9.75,0.25,0,-5.76E-06
-9.75,-0.25,0,8.48E-06
-9.75,-0.75,0,4.11E-06
-9.75,-1.25,0,-1.19E-06
-9.75,-1.75,0,-3.37E-07
-9.75,-2.25,0,-2.76E-06
-9.75,-2.75,0,8.43E-07
-9.75,-3.25,0,-5.56E-07
-9.75,-3.75,0,4.09E-07
-9.75,-4.25,0,2.48E-07
-9.75,-4.75,0,-4.59E-08
-9.75,-5.25,0,1.91E-08
-9.75,-5.75,0,-7.62E-09
-9.75,-6.25,0,3.78E-08
-9.75,-6.75,0,-5.36E-09
-9.75,-7.25,0,-6.47E-09
-9.75,-7.75,0,4.60E-09
-9.75,-8.25,0,4.54E-10
-9.75,-8.75,0,1.56E-09
-9.75,-9.25,0,-3.13E-09
-9.75,-9.75,0,7.22E-09
-9.75,-10.25,0,-9.85E-09
-9.75,-10.75,0,3.09E-08
-9.75,-11.25,0,-1.03E-07
-9.75,-11.75,0,1.23E-07
-9.75,-12.25,0,-2.39E-07
-9.75,-12.75,0,2.68E-07
-9.75,-13.25,0,-3.15E-07
-9.75,-13.75,0,-1.36E-06
-9.75,-14.25,0,-2.23E-06
-9.75,-14.75,0,-7.21E-06
-9.25,14.75,0,0.002077767
-9.25,14.25,0,0.001823359
-9.25,13.75,0,0.030832728
-9.25,13.25,0,0.904736238
-9.25,12.75,0,0.944683905
-9.25,12.25,0,0.013712741
-9.25,11.75,0,0.021272692
-9.25,11.25,0,0.003054543
-9.25,10.75,0,0.003354888
-9.25,10.25,0,0.004524611
-9.25,9.75,0,0.005878374
-9.25,9.25,0,-0.001099573
-9.25,8.75,0,0.011729149
-9.25,8.25,0,-0.002281885
-9.25,7.75,0,0.015169617
-9.25,7.25,0,0.005425252
-9.25,6.75,0,-0.002301929
-9.25,6.25,0,0.002180681
-9.25,5.75,0,-0.000666859
-9.25,5.25,0,-0.000210424
-9.25,4.75,0,8.27E-05
-9.25,4.25,0,-9.35E-05
-9.25,3.75,0,0.000243811
-9.25,3.25,0,-8.28E-05
-9.25,2.75,0,0.000144076
-9.25,2.25,0,-4.48E-06
-9.25,1.75,0,-0.000106824
-9.25,1.25,0,3.87E-05
-9.25,0.75,0,3.38E-05
-9.25,0.25,0,-2.88E-05
-9.25,-0.25,0,5.68E-07
-9.25,-0.75,0,1.51E-05
-9.25,-1.25,0,8.75E-06
-9.25,-1.75,0,4.97E-06
-9.25,-2.25,0,-2.72E-06
-9.25,-2.75,0,4.25E-07
-9.25,-3.25,0,4.19E-07
-9.25,-3.75,0,-6.01E-07
-9.25,-4.25,0,-5.72E-08
-9.25,-4.75,0,1.10E-07
-9.25,-5.25,0,6.56E-08
-9.25,-5.75,0,-1.57E-08
-9.25,-6.25,0,-4.40E-08
-9.25,-6.75,0,2.32E-08
-9.25,-7.25,0,7.92E-10
-9.25,-7.75,0,2.64E-09
-9.25,-8.25,0,-3.45E-09
-9.25,-8.75,0,3.76E-09
-9.25,-9.25,0,-3.62E-09
-9.25,-9.75,0,5.58E-09
-9.25,-10.25,0,-1.74E-08
-9.25,-10.75,0,3.46E-08
-9.25,-11.25,0,-7.78E-08
-9.25,-11.75,0,1.94E-07
-9.25,-12.25,0,-3.82E-07
-9.25,-12.75,0,3.47E-07
-9.25,-13.25,0,-4.98E-07
-9.25,-13.75,0,6.71E-07
-9.25,-14.25,0,-2.19E-06
-9.25,-14.75,0,-7.81E-06
-8.75,14.75,0,3.54E-05
-8.75,14.25,0,0.007912315
-8.75,13.75,0,0.013074135
-8.75,13.25,0,1.026490072
-8.75,12.75,0,0.966063806
-8.75,12.25,0,0.007650075
-8.75,11.75,0,0.005194437
-8.75,11.25,0,0.000557247
-8.75,10.75,0,0.001437019
-8.75,10.25,0,-0.000584432
-8.75,9.75,0,0.000671802
-8.75,9.25,0,0.002254985
-8.75,8.75,0,-0.001458401
-8.75,8.25,0,0.001730072
-8.75,7.75,0,-0.000660748
-8.75,7.25,0,0.001380027
-8.75,6.75,0,0.000673152
-8.75,6.25,0,0.000245903
-8.75,5.75,0,0.000817616
-8.75,5.25,0,0.000570855
-8.75,4.75,0,-0.000179093
-8.75,4.25,0,0.000581261
-8.75,3.75,0,-0.000284833
-8.75,3.25,0,0.000455061
-8.75,2.75,0,0.000207899
-8.75,2.25,0,0.000107769
-8.75,1.75,0,6.38E-05
-8.75,1.25,0,0.000409723
-8.75,0.75,0,0.000285596
-8.75,0.25,0,0.000276317
-8.75,-0.25,0,-6.20E-05
-8.75,-0.75,0,-8.42E-06
-8.75,-1.25,0,-5.96E-06
-8.75,-1.75,0,2.84E-06
-8.75,-2.25,0,2.94E-05
-8.75,-2.75,0,-6.02E-06
-8.75,-3.25,0,1.06E-06
-8.75,-3.75,0,1.45E-07
-8.75,-4.25,0,-1.46E-08
-8.75,-4.75,0,6.73E-08
-8.75,-5.25,0,-6.09E-08
-8.75,-5.75,0,1.73E-07
-8.75,-6.25,0,-7.50E-08
-8.75,-6.75,0,1.78E-08
-8.75,-7.25,0,-2.09E-08
-8.75,-7.75,0,9.36E-09
-8.75,-8.25,0,2.11E-09
-8.75,-8.75,0,-1.32E-10
-8.75,-9.25,0,3.53E-09
-8.75,-9.75,0,1.97E-09
-8.75,-10.25,0,3.41E-09
-8.75,-10.75,0,2.01E-08
-8.75,-11.25,0,-9.19E-08
-8.75,-11.75,0,2.08E-07
-8.75,-12.25,0,-4.14E-07
-8.75,-12.75,0,5.25E-07
-8.75,-13.25,0,-7.30E-07
-8.75,-13.75,0,-2.22E-06
-8.75,-14.25,0,5.99E-08
-8.75,-14.75,0,-3.91E-06
-8.25,14.75,0,0.000395116
-8.25,14.25,0,0.004323043
-8.25,13.75,0,0.028650468
-8.25,13.25,0,0.810512147
-8.25,12.75,0,0.979191275
-8.25,12.25,0,-0.036128672
-8.25,11.75,0,0.027257613
-8.25,11.25,0,-0.002587611
-8.25,10.75,0,0.000324722
-8.25,10.25,0,0.000336796
-8.25,9.75,0,0.000260888
-8.25,9.25,0,-0.00034005
-8.25,8.75,0,0.000692395
-8.25,8.25,0,0.000326491
-8.25,7.75,0,0.000300701
-8.25,7.25,0,0.000485831
-8.25,6.75,0,-1.13E-06
-8.25,6.25,0,9.79E-06
-8.25,5.75,0,0.000679853
-8.25,5.25,0,-9.87E-05
-8.25,4.75,0,0.000532595
-8.25,4.25,0,-0.001239159
-8.25,3.75,0,0.001364854
-8.25,3.25,0,-0.000887597
-8.25,2.75,0,0.000471772
-8.25,2.25,0,0.000570741
-8.25,1.75,0,0.001157429
-8.25,1.25,0,-0.000169509
-8.25,0.75,0,-0.000866256
-8.25,0.25,0,0.000113506
-8.25,-0.25,0,0.000457377
-8.25,-0.75,0,0.000310379
-8.25,-1.25,0,-2.33E-05
-8.25,-1.75,0,2.65E-05
-8.25,-2.25,0,-5.44E-06
-8.25,-2.75,0,3.03E-06
-8.25,-3.25,0,-1.92E-06
-8.25,-3.75,0,-7.77E-07
-8.25,-4.25,0,1.44E-06
-8.25,-4.75,0,-5.36E-07
-8.25,-5.25,0,4.35E-07
-8.25,-5.75,0,-9.89E-08
-8.25,-6.25,0,5.66E-08
-8.25,-6.75,0,1.99E-08
-8.25,-7.25,0,4.59E-09
-8.25,-7.75,0,9.78E-10
-8.25,-8.25,0,-1.73E-08
-8.25,-8.75,0,2.44E-09
-8.25,-9.25,0,-5.09E-09
-8.25,-9.75,0,-7.65E-09
-8.25,-10.25,0,-1.13E-09
-8.25,-10.75,0,1.52E-08
-8.25,-11.25,0,-3.44E-08
-8.25,-11.75,0,5.33E-08
-8.25,-12.25,0,-3.30E-07
-8.25,-12.75,0,4.94E-07
-8.25,-13.25,0,-1.36E-06
-8.25,-13.75,0,-6.87E-07
-8.25,-14.25,0,-4.61E-06
-8.25,-14.75,0,-6.52E-06
-7.75,14.75,0,8.72E-05
-7.75,14.25,0,0.009632081
-7.75,13.75,0,-0.006807993
-7.75,13.25,0,0.976573438
-7.75,12.75,0,1.006009461
-7.75,12.25,0,-0.001645411
-7.75,11.75,0,0.002064356
-7.75,11.25,0,-0.00064794
-7.75,10.75,0,0.000222536
-7.75,10.25,0,0.000238336
-7.75,9.75,0,-4.53E-05
-7.75,9.25,0,0.000112815
-7.75,8.75,0,-8.00E-05
-7.75,8.25,0,-2.93E-05
-7.75,7.75,0,0.000392185
-7.75,7.25,0,-0.000946534
-7.75,6.75,0,0.005721793
-7.75,6.25,0,0.003516567
-7.75,5.75,0,0.000112626
-7.75,5.25,0,0.002716957
-7.75,4.75,0,0.005550843
-7.75,4.25,0,0.012046947
-7.75,3.75,0,-0.004431011
-7.75,3.25,0,0.013822223
-7.75,2.75,0,-0.001259465
-7.75,2.25,0,0.005331009
-7.75,1.75,0,0.000853263
-7.75,1.25,0,0.002530454
-7.75,0.75,0,0.011044382
-7.75,0.25,0,0.002403059
-7.75,-0.25,0,-0.001076735
-7.75,-0.75,0,0.000216264
-7.75,-1.25,0,0.000226273
-7.75,-1.75,0,2.55E-05
-7.75,-2.25,0,1.14E-05
-7.75,-2.75,0,8.45E-06
-7.75,-3.25,0,-3.61E-06
-7.75,-3.75,0,4.69E-07
-7.75,-4.25,0,-2.85E-06
-7.75,-4.75,0,1.65E-06
-7.75,-5.25,0,1.61E-08
-7.75,-5.75,0,-1.28E-07
-7.75,-6.25,0,-7.65E-08
-7.75,-6.75,0,2.60E-08
-7.75,-7.25,0,1.32E-08
-7.75,-7.75,0,-1.13E-08
-7.75,-8.25,0,3.17E-08
-7.75,-8.75,0,-6.82E-08
-7.75,-9.25,0,2.18E-08
-7.75,-9.75,0,9.36E-09
-7.75,-10.25,0,2.21E-09
-7.75,-10.75,0,1.87E-08
-7.75,-11.25,0,-7.16E-08
-7.75,-11.75,0,7.84E-08
-7.75,-12.25,0,-9.82E-08
-7.75,-12.75,0,-5.13E-07
-7.75,-13.25,0,1.18E-06
-7.75,-13.75,0,-2.89E-06
-7.75,-14.25,0,-7.82E-07
-7.75,-14.75,0,-2.01E-05
-7.25,14.75,0,0.002316343
-7.25,14.25,0,-0.006248559
-7.25,13.75,0,0.042114951
-7.25,13.25,0,-0.038317802
-7.25,12.75,0,-0.036870244
-7.25,12.25,0,0.023446519
-7.25,11.75,0,0.002355701
-7.25,11.25,0,-0.001343898
-7.25,10.75,0,0.000379563
-7.25,10.25,0,4.55E-05
-7.25,9.75,0,-2.47E-05
-7.25,9.25,0,9.42E-05
-7.25,8.75,0,-7.80E-05
-7.25,8.25,0,0.001059944
-7.25,7.75,0,-0.004384941
-7.25,7.25,0,0.021932898
-7.25,6.75,0,-0.019182523
-7.25,6.25,0,0.011956677
-7.25,5.75,0,0.020643332
-7.25,5.25,0,0.007131795
-7.25,4.75,0,-0.022439597
-7.25,4.25,0,-0.014680414
-7.25,3.75,0,0.028879784
-7.25,3.25,0,-0.023142123
-7.25,2.75,0,0.023375421
-7.25,2.25,0,-0.000767775
-7.25,1.75,0,0.008191615
-7.25,1.25,0,0.005727871
-7.25,0.75,0,-0.007828559
-7.25,0.25,0,-0.00258874
-7.25,-0.25,0,0.015013673
-7.25,-0.75,0,-0.00160175
-7.25,-1.25,0,0.00018961
-7.25,-1.75,0,5.26E-05
-7.25,-2.25,0,-5.05E-05
-7.25,-2.75,0,5.99E-06
-7.25,-3.25,0,9.55E-06
-7.25,-3.75,0,-3.74E-06
-7.25,-4.25,0,1.28E-06
-7.25,-4.75,0,-1.21E-06
-7.25,-5.25,0,3.55E-07
-7.25,-5.75,0,3.71E-07
-7.25,-6.25,0,-4.11E-08
-7.25,-6.75,0,6.97E-08
-7.25,-7.25,0,-2.48E-08
-7.25,-7.75,0,6.62E-09
-7.25,-8.25,0,-2.02E-08
-7.25,-8.75,0,2.82E-08
-7.25,-9.25,0,-1.67E-08
-7.25,-9.75,0,6.98E-09
-7.25,-10.25,0,3.75E-09
-7.25,-10.75,0,1.67E-08
-7.25,-11.25,0,-4.56E-08
-7.25,-11.75,0,1.25E-07
-7.25,-12.25,0,-3.49E-07
-7.25,-12.75,0,2.80E-07
-7.25,-13.25,0,6.42E-07
-7.25,-13.75,0,-3.43E-06
-7.25,-14.25,0,3.02E-06
-7.25,-14.75,0,-5.48E-06
-6.75,14.75,0,0.000421155
-6.75,14.25,0,0.000440191
-6.75,13.75,0,-0.00370526
-6.75,13.25,0,0.015547865
-6.75,12.75,0,0.019138915
-6.75,12.25,0,-0.004679651
-6.75,11.75,0,0.001005924
-6.75,11.25,0,0.001087661
-6.75,10.75,0,-0.000635461
-6.75,10.25,0,0.000214553
-6.75,9.75,0,3.99E-05
-6.75,9.25,0,4.91E-05
-6.75,8.75,0,0.00023913
-6.75,8.25,0,8.29E-05
-6.75,7.75,0,0.004875713
-6.75,7.25,0,-0.013084815
-6.75,6.75,0,0.486221599
-6.75,6.25,0,0.460586587
-6.75,5.75,0,0.440582264
-6.75,5.25,0,0.46380795
-6.75,4.75,0,0.555408347
-6.75,4.25,0,0.46858187
-6.75,3.75,0,0.455449156
-6.75,3.25,0,0.49917558
-6.75,2.75,0,0.425295913
-6.75,2.25,0,0.496498765
-6.75,1.75,0,0.476808005
-6.75,1.25,0,0.457256615
-6.75,0.75,0,0.493424431
-6.75,0.25,0,0.468655719
-6.75,-0.25,0,-0.001355737
-6.75,-0.75,0,0.003323948
-6.75,-1.25,0,0.000276992
-6.75,-1.75,0,6.47E-05
-6.75,-2.25,0,0.000172707
-6.75,-2.75,0,-3.85E-05
-6.75,-3.25,0,-6.38E-06
-6.75,-3.75,0,1.09E-05
-6.75,-4.25,0,-2.32E-06
-6.75,-4.75,0,1.99E-06
-6.75,-5.25,0,1.66E-07
-6.75,-5.75,0,-7.47E-07
-6.75,-6.25,0,-1.69E-07
-6.75,-6.75,0,-1.66E-07
-6.75,-7.25,0,-2.78E-07
-6.75,-7.75,0,-7.69E-08
-6.75,-8.25,0,4.99E-08
-6.75,-8.75,0,1.54E-08
-6.75,-9.25,0,-8.99E-08
-6.75,-9.75,0,-1.10E-08
-6.75,-10.25,0,-3.57E-08
-6.75,-10.75,0,2.60E-08
-6.75,-11.25,0,-1.16E-07
-6.75,-11.75,0,1.88E-07
-6.75,-12.25,0,-3.28E-07
-6.75,-12.75,0,8.64E-07
-6.75,-13.25,0,-1.68E-06
-6.75,-13.75,0,-1.63E-06
-6.75,-14.25,0,-4.06E-06
-6.75,-14.75,0,-7.01E-06
-6.25,14.75,0,0.000292986
-6.25,14.25,0,-0.000142173
-6.25,13.75,0,0.001234356
-6.25,13.25,0,-0.002871809
-6.25,12.75,0,-0.002829804
-6.25,12.25,0,0.001214133
-6.25,11.75,0,-0.001070029
-6.25,11.25,0,-0.000242706
-6.25,10.75,0,0.000218244
-6.25,10.25,0,9.59E-05
-6.25,9.75,0,2.85E-06
-6.25,9.25,0,-5.36E-05
-6.25,8.75,0,0.000120752
-6.25,8.25,0,0.000114161
-6.25,7.75,0,0.003113635
-6.25,7.25,0,0.00773982
-6.25,6.75,0,0.476749468
-6.25,6.25,0,0.456884455
-6.25,5.75,0,0.55521305
-6.25,5.25,0,0.456565841
-6.25,4.75,0,0.442573135
-6.25,4.25,0,0.513940753
-6.25,3.75,0,0.466975266
-6.25,3.25,0,0.468504092
-6.25,2.75,0,0.49155858
-6.25,2.25,0,0.459051994
-6.25,1.75,0,0.50824665
-6.25,1.25,0,0.485878424
-6.25,0.75,0,0.449441617
-6.25,0.25,0,0.477440699
-6.25,-0.25,0,0.006087753
-6.25,-0.75,0,0.003070975
-6.25,-1.25,0,0.000106151
-6.25,-1.75,0,0.000282297
-6.25,-2.25,0,-5.86E-05
-6.25,-2.75,0,2.80E-05
-6.25,-3.25,0,7.80E-06
-6.25,-3.75,0,-8.06E-06
-6.25,-4.25,0,7.43E-07
-6.25,-4.75,0,-6.87E-07
-6.25,-5.25,0,5.75E-07
-6.25,-5.75,0,9.15E-07
-6.25,-6.25,0,2.76E-07
-6.25,-6.75,0,1.46E-07
-6.25,-7.25,0,5.33E-07
-6.25,-7.75,0,3.48E-07
-6.25,-8.25,0,-3.26E-07
-6.25,-8.75,0,-1.01E-07
-6.25,-9.25,0,1.47E-07
-6.25,-9.75,0,-2.04E-08
-6.25,-10.25,0,5.67E-08
-6.25,-10.75,0,1.41E-08
-6.25,-11.25,0,6.07E-09
-6.25,-11.75,0,1.04E-07
-6.25,-12.25,0,-2.79E-07
-6.25,-12.75,0,8.81E-08
-6.25,-13.25,0,1.07E-07
-6.25,-13.75,0,1.08E-07
-6.25,-14.25,0,-5.36E-06
-6.25,-14.75,0,-7.31E-06
-5.75,14.75,0,2.81E-05
-5.75,14.25,0,0.000171697
-5.75,13.75,0,6.63E-05
-5.75,13.25,0,0.000702738
-5.75,12.75,0,0.000338763
-5.75,12.25,0,-2.91E-06
-5.75,11.75,0,0.000593459
-5.75,11.25,0,0.00036165
-5.75,10.75,0,-0.000148056
-5.75,10.25,0,2.20E-05
-5.75,9.75,0,3.19E-05
-5.75,9.25,0,-9.66E-05
-5.75,8.75,0,0.000430392
-5.75,8.25,0,-1.59E-05
-5.75,7.75,0,0.004387091
-5.75,7.25,0,1.78E-05
-5.75,6.75,0,0.489790589
-5.75,6.25,0,0.493520732
-5.75,5.75,0,-0.028363092
-5.75,5.25,0,0.010815865
-5.75,4.75,0,0.025595063
-5.75,4.25,0,-0.008569603
-5.75,3.75,0,0.523518134
-5.75,3.25,0,0.475263339
-5.75,2.75,0,0.032271394
-5.75,2.25,0,-0.014155412
-5.75,1.75,0,0.003353456
-5.75,1.25,0,0.000588997
-5.75,0.75,0,0.498731905
-5.75,0.25,0,0.474074854
-5.75,-0.25,0,0.007067154
-5.75,-0.75,0,0.002168328
-5.75,-1.25,0,0.000710398
-5.75,-1.75,0,9.41E-05
-5.75,-2.25,0,-1.05E-05
-5.75,-2.75,0,3.58E-05
-5.75,-3.25,0,5.24E-06
-5.75,-3.75,0,4.39E-06
-5.75,-4.25,0,-2.29E-06
-5.75,-4.75,0,-1.99E-06
-5.75,-5.25,0,-1.95E-07
-5.75,-5.75,0,-1.34E-06
-5.75,-6.25,0,-5.75E-07
-5.75,-6.75,0,-5.48E-07
-5.75,-7.25,0,-3.81E-07
-5.75,-7.75,0,1.51E-07
-5.75,-8.25,0,7.54E-07
-5.75,-8.75,0,1.18E-08
-5.75,-9.25,0,3.36E-08
-5.75,-9.75,0,-1.77E-08
-5.75,-10.25,0,7.84E-08
-5.75,-10.75,0,5.86E-08
-5.75,-11.25,0,-1.24E-07
-5.75,-11.75,0,2.90E-07
-5.75,-12.25,0,-5.97E-07
-5.75,-12.75,0,1.02E-06
-5.75,-13.25,0,-2.26E-06
-5.75,-13.75,0,2.94E-07
-5.75,-14.25,0,-5.92E-06
-5.75,-14.75,0,-7.54E-06
-5.25,14.75,0,9.70E-05
-5.25,14.25,0,-3.14E-06
-5.25,13.75,0,3.88E-05
-5.25,13.25,0,-9.91E-05
-5.25,12.75,0,0.000172804
-5.25,12.25,0,-0.000126844
-5.25,11.75,0,7.20E-05
-5.25,11.25,0,-0.000206872
-5.25,10.75,0,5.62E-05
-5.25,10.25,0,-1.89E-05
-5.25,9.75,0,5.92E-05
-5.25,9.25,0,-1.75E-05
-5.25,8.75,0,0.000111597
-5.25,8.25,0,0.000108463
-5.25,7.75,0,0.006914984
-5.25,7.25,0,-0.005946376
-5.25,6.75,0,0.461639272
-5.25,6.25,0,0.493669279
-5.25,5.75,0,-0.012624972
-5.25,5.25,0,0.014839751
-5.25,4.75,0,0.00059082
-5.25,4.25,0,0.019687872
-5.25,3.75,0,0.448894678
-5.25,3.25,0,0.502957988
-5.25,2.75,0,-0.000354093
-5.25,2.25,0,0.010842681
-5.25,1.75,0,0.008705218
-5.25,1.25,0,0.0130311
-5.25,0.75,0,0.473392983
-5.25,0.25,0,0.474600525
-5.25,-0.25,0,0.013790601
-5.25,-0.75,0,0.001189001
-5.25,-1.25,0,0.00083064
-5.25,-1.75,0,-0.000139306
-5.25,-2.25,0,0.000141851
-5.25,-2.75,0,3.52E-05
-5.25,-3.25,0,-1.01E-05
-5.25,-3.75,0,4.80E-06
-5.25,-4.25,0,-7.08E-06
-5.25,-4.75,0,5.69E-06
-5.25,-5.25,0,-3.62E-06
-5.25,-5.75,0,1.71E-06
-5.25,-6.25,0,-4.40E-07
-5.25,-6.75,0,-3.90E-07
-5.25,-7.25,0,5.18E-07
-5.25,-7.75,0,-9.18E-07
-5.25,-8.25,0,-1.51E-06
-5.25,-8.75,0,1.84E-07
-5.25,-9.25,0,-2.20E-07
-5.25,-9.75,0,2.39E-07
-5.25,-10.25,0,-4.02E-07
-5.25,-10.75,0,-4.45E-08
-5.25,-11.25,0,5.39E-08
-5.25,-11.75,0,1.44E-07
-5.25,-12.25,0,-5.76E-07
-5.25,-12.75,0,3.88E-07
-5.25,-13.25,0,2.43E-07
-5.25,-13.75,0,-2.93E-06
-5.25,-14.25,0,-5.88E-07
-5.25,-14.75,0,-9.91E-06
-4.75,14.75,0,8.86E-05
-4.75,14.25,0,-6.76E-06
-4.75,13.75,0,-1.22E-05
-4.75,13.25,0,4.87E-05
-4.75,12.75,0,-3.21E-05
-4.75,12.25,0,0.000107381
-4.75,11.75,0,-3.08E-05
-4.75,11.25,0,1.57E-05
-4.75,10.75,0,-8.20E-06
-4.75,10.25,0,3.38E-05
-4.75,9.75,0,-2.19E-05
-4.75,9.25,0,7.93E-06
-4.75,8.75,0,0.000242812
-4.75,8.25,0,-7.76E-05
-4.75,7.75,0,0.005167108
-4.75,7.25,0,0.004505956
-4.75,6.75,0,0.488701742
-4.75,6.25,0,0.453475105
-4.75,5.75,0,0.018730163
-4.75,5.25,0,0.002017667
-4.75,4.75,0,0.00386818
-4.75,4.25,0,-0.003535695
-4.75,3.75,0,0.480418907
-4.75,3.25,0,0.473101957
-4.75,2.75,0,0.006574894
-4.75,2.25,0,0.00371606
-4.75,1.75,0,-0.000670001
-4.75,1.25,0,0.005677963
-4.75,0.75,0,0.477161646
-4.75,0.25,0,0.471201055
-4.75,-0.25,0,-0.011095636
-4.75,-0.75,0,0.009904878
-4.75,-1.25,0,-0.000719933
-4.75,-1.75,0,0.000650778
-4.75,-2.25,0,-0.000188243
-4.75,-2.75,0,8.63E-06
-4.75,-3.25,0,3.16E-05
-4.75,-3.75,0,-2.37E-05
-4.75,-4.25,0,4.53E-06
-4.75,-4.75,0,-5.96E-06
-4.75,-5.25,0,6.85E-06
-4.75,-5.75,0,-1.22E-06
-4.75,-6.25,0,1.04E-06
-4.75,-6.75,0,-4.09E-06
-4.75,-7.25,0,1.75E-08
-4.75,-7.75,0,-2.15E-06
-4.75,-8.25,0,1.77E-06
-4.75,-8.75,0,-3.26E-07
-4.75,-9.25,0,-6.52E-07
-4.75,-9.75,0,-1.67E-06
-4.75,-10.25,0,4.63E-07
-4.75,-10.75,0,-3.10E-07
-4.75,-11.25,0,-3.47E-07
-4.75,-11.75,0,1.43E-07
-4.75,-12.25,0,-4.81E-07
-4.75,-12.75,0,9.98E-07
-4.75,-13.25,0,-2.25E-06
-4.75,-13.75,0,3.01E-07
-4.75,-14.25,0,-2.91E-06
-4.75,-14.75,0,-1.61E-05
-4.25,14.75,0,7.24E-05
-4.25,14.25,0,2.26E-05
-4.25,13.75,0,1.81E-05
-4.25,13.25,0,-2.81E-05
-4.25,12.75,0,4.74E-05
-4.25,12.25,0,-2.51E-05
-4.25,11.75,0,-1.64E-05
-4.25,11.25,0,-8.05E-06
-4.25,10.75,0,1.34E-05
-4.25,10.25,0,-2.56E-05
-4.25,9.75,0,0.000121515
-4.25,9.25,0,-0.000131705
-4.25,8.75,0,0.000303375
-4.25,8.25,0,0.000931664
-4.25,7.75,0,0.001881395
-4.25,7.25,0,0.003558461
-4.25,6.75,0,0.458721171
-4.25,6.25,0,0.50055205
-4.25,5.75,0,-0.011915877
-4.25,5.25,0,0.006195715
-4.25,4.75,0,0.000314101
-4.25,4.25,0,0.011283062
-4.25,3.75,0,0.487744628
-4.25,3.25,0,0.499746804
-4.25,2.75,0,-0.020974945
-4.25,2.25,0,0.008964127
-4.25,1.75,0,0.003045696
-4.25,1.25,0,0.004985255
-4.25,0.75,0,0.482732054
-4.25,0.25,0,0.451762162
-4.25,-0.25,0,0.01337546
-4.25,-0.75,0,-0.000579197
-4.25,-1.25,0,0.000627685
-4.25,-1.75,0,-0.0001254
-4.25,-2.25,0,0.000247533
-4.25,-2.75,0,-7.64E-05
-4.25,-3.25,0,1.08E-05
-4.25,-3.75,0,1.88E-05
-4.25,-4.25,0,-6.63E-06
-4.25,-4.75,0,1.00E-05
-4.25,-5.25,0,-1.12E-05
-4.25,-5.75,0,6.49E-06
-4.25,-6.25,0,8.93E-07
-4.25,-6.75,0,6.54E-06
-4.25,-7.25,0,5.32E-07
-4.25,-7.75,0,3.27E-06
-4.25,-8.25,0,-3.28E-07
-4.25,-8.75,0,-2.40E-06
-4.25,-9.25,0,1.91E-07
-4.25,-9.75,0,-6.21E-07
-4.25,-10.25,0,6.02E-07
-4.25,-10.75,0,-9.75E-07
-4.25,-11.25,0,8.11E-07
-4.25,-11.75,0,1.20E-07
-4.25,-12.25,0,-5.45E-07
-4.25,-12.75,0,4.45E-08
-4.25,-13.25,0,1.14E-06
-4.25,-13.75,0,-5.29E-06
-4.25,-14.25,0,-7.21E-07
-4.25,-14.75,0,-1.17E-05
-3.75,14.75,0,4.60E-05
-3.75,14.25,0,-7.25E-06
-3.75,13.75,0,8.82E-06
-3.75,13.25,0,1.28E-05
-3.75,12.75,0,-2.10E-05
-3.75,12.25,0,8.76E-06
-3.75,11.75,0,1.56E-05
-3.75,11.25,0,-2.76E-06
-3.75,10.75,0,-3.62E-06
-3.75,10.25,0,-8.32E-06
-3.75,9.75,0,1.58E-05
-3.75,9.25,0,-7.56E-06
-3.75,8.75,0,-5.51E-05
-3.75,8.25,0,-3.83E-05
-3.75,7.75,0,0.00483902
-3.75,7.25,0,0.006651854
-3.75,6.75,0,0.478702182
-3.75,6.25,0,0.473664256
-3.75,5.75,0,0.021665372
-3.75,5.25,0,-0.001305846
-3.75,4.75,0,0.00352632
-3.75,4.25,0,8.79E-05
-3.75,3.75,0,0.481213086
-3.75,3.25,0,0.472008486
-3.75,2.75,0,0.014988229
-3.75,2.25,0,0.004179809
-3.75,1.75,0,-0.000134664
-3.75,1.25,0,0.007390051
-3.75,0.75,0,0.495703714
-3.75,0.25,0,0.459880402
-3.75,-0.25,0,0.024495304
-3.75,-0.75,0,0.001186636
-3.75,-1.25,0,-6.59E-05
-3.75,-1.75,0,0.000171396
-3.75,-2.25,0,0.000165755
-3.75,-2.75,0,-7.35E-05
-3.75,-3.25,0,5.08E-05
-3.75,-3.75,0,-5.85E-05
-3.75,-4.25,0,9.03E-06
-3.75,-4.75,0,-1.64E-05
-3.75,-5.25,0,-1.04E-05
-3.75,-5.75,0,8.41E-07
-3.75,-6.25,0,1.81E-05
-3.75,-6.75,0,-5.67E-06
-3.75,-7.25,0,-8.42E-06
-3.75,-7.75,0,-2.75E-06
-3.75,-8.25,0,-5.78E-06
-3.75,-8.75,0,3.37E-06
-3.75,-9.25,0,-2.57E-06
-3.75,-9.75,0,4.15E-07
-3.75,-10.25,0,-1.25E-06
-3.75,-10.75,0,-3.08E-07
-3.75,-11.25,0,-2.88E-07
-3.75,-11.75,0,3.80E-07
-3.75,-12.25,0,-7.30E-07
-3.75,-12.75,0,1.48E-06
-3.75,-13.25,0,-2.55E-06
-3.75,-13.75,0,-9.76E-07
-3.75,-14.25,0,-2.96E-06
-3.75,-14.75,0,-1.72E-05
-3.25,14.75,0,5.28E-05
-3.25,14.25,0,3.24E-06
-3.25,13.75,0,8.34E-06
-3.25,13.25,0,-2.79E-06
-3.25,12.75,0,6.02E-06
-3.25,12.25,0,-4.43E-06
-3.25,11.75,0,1.69E-06
-3.25,11.25,0,-1.63E-06
-3.25,10.75,0,2.10E-05
-3.25,10.25,0,-7.00E-06
-3.25,9.75,0,2.90E-05
-3.25,9.25,0,-3.53E-05
-3.25,8.75,0,0.000233229
-3.25,8.25,0,-0.000181751
-3.25,7.75,0,0.005973723
-3.25,7.25,0,-0.013878418
-3.25,6.75,0,0.49329637
-3.25,6.25,0,0.465695793
-3.25,5.75,0,-0.003321894
-3.25,5.25,0,0.005635315
-3.25,4.75,0,-0.000422681
-3.25,4.25,0,0.011137519
-3.25,3.75,0,0.468882963
-3.25,3.25,0,0.428774854
-3.25,2.75,0,0.015577146
-3.25,2.25,0,-0.001226375
-3.25,1.75,0,0.00301681
-3.25,1.25,0,0.00260852
-3.25,0.75,0,0.516477843
-3.25,0.25,0,0.455833753
-3.25,-0.25,0,0.001183521
-3.25,-0.75,0,0.002873143
-3.25,-1.25,0,0.000623435
-3.25,-1.75,0,0.000271456
-3.25,-2.25,0,-0.000205775
-3.25,-2.75,0,0.000124818
-3.25,-3.25,0,-3.50E-05
-3.25,-3.75,0,2.30E-05
-3.25,-4.25,0,-6.63E-05
-3.25,-4.75,0,-3.16E-05
-3.25,-5.25,0,5.00E-05
-3.25,-5.75,0,-3.45E-05
-3.25,-6.25,0,-5.16E-05
-3.25,-6.75,0,-2.50E-05
-3.25,-7.25,0,-1.36E-05
-3.25,-7.75,0,1.96E-05
-3.25,-8.25,0,1.32E-06
-3.25,-8.75,0,-1.90E-06
-3.25,-9.25,0,1.55E-05
-3.25,-9.75,0,6.93E-07
-3.25,-10.25,0,4.43E-06
-3.25,-10.75,0,-1.65E-06
-3.25,-11.25,0,1.39E-07
-3.25,-11.75,0,2.80E-07
-3.25,-12.25,0,-6.23E-07
-3.25,-12.75,0,5.07E-07
-3.25,-13.25,0,6.53E-07
-3.25,-13.75,0,-2.63E-06
-3.25,-14.25,0,-2.93E-06
-3.25,-14.75,0,-1.66E-05
-2.75,14.75,0,1.94E-05
-2.75,14.25,0,1.16E-05
-2.75,13.75,0,-1.10E-06
-2.75,13.25,0,-9.07E-07
-2.75,12.75,0,-9.45E-07
-2.75,12.25,0,1.40E-06
-2.75,11.75,0,-1.95E-06
-2.75,11.25,0,2.67E-06
-2.75,10.75,0,-2.06E-05
-2.75,10.25,0,2.04E-05
-2.75,9.75,0,-7.06E-06
-2.75,9.25,0,-5.19E-05
-2.75,8.75,0,0.000219739
-2.75,8.25,0,0.000515014
-2.75,7.75,0,-0.00270503
-2.75,7.25,0,0.02312627
-2.75,6.75,0,0.458289682
-2.75,6.25,0,0.514113605
-2.75,5.75,0,-0.017528827
-2.75,5.25,0,0.008451467
-2.75,4.75,0,-0.000427474
-2.75,4.25,0,0.007679131
-2.75,3.75,0,0.4812761
-2.75,3.25,0,0.506469717
-2.75,2.75,0,-0.007066935
-2.75,2.25,0,0.006916117
-2.75,1.75,0,0.006874852
-2.75,1.25,0,-0.020805492
-2.75,0.75,0,0.467280439
-2.75,0.25,0,0.502538843
-2.75,-0.25,0,-0.016671327
-2.75,-0.75,0,0.004528723
-2.75,-1.25,0,-0.000736622
-2.75,-1.75,0,0.000190331
-2.75,-2.25,0,0.000293357
-2.75,-2.75,0,-7.15E-05
-2.75,-3.25,0,-0.000196709
-2.75,-3.75,0,-0.00011527
-2.75,-4.25,0,8.40E-05
-2.75,-4.75,0,0.000152885
-2.75,-5.25,0,-0.000228106
-2.75,-5.75,0,0.000117295
-2.75,-6.25,0,4.45E-05
-2.75,-6.75,0,5.33E-05
-2.75,-7.25,0,6.77E-05
-2.75,-7.75,0,-5.04E-05
-2.75,-8.25,0,3.26E-05
-2.75,-8.75,0,-4.11E-05
-2.75,-9.25,0,1.83E-06
-2.75,-9.75,0,-1.09E-05
-2.75,-10.25,0,3.33E-06
-2.75,-10.75,0,-2.84E-06
-2.75,-11.25,0,-3.50E-08
-2.75,-11.75,0,2.95E-07
-2.75,-12.25,0,-6.03E-07
-2.75,-12.75,0,1.51E-06
-2.75,-13.25,0,-2.70E-06
-2.75,-13.75,0,2.25E-07
-2.75,-14.25,0,-6.39E-06
-2.75,-14.75,0,-1.97E-05
-2.25,14.75,0,4.67E-05
-2.25,14.25,0,1.88E-06
-2.25,13.75,0,3.50E-06
-2.25,13.25,0,1.48E-06
-2.25,12.75,0,-5.70E-07
-2.25,12.25,0,2.81E-07
-2.25,11.75,0,1.30E-06
-2.25,11.25,0,1.26E-06
-2.25,10.75,0,5.10E-06
-2.25,10.25,0,-1.93E-05
-2.25,9.75,0,3.51E-05
-2.25,9.25,0,-3.93E-06
-2.25,8.75,0,-0.000119987
-2.25,8.25,0,0.000536509
-2.25,7.75,0,-0.000816239
-2.25,7.25,0,0.003992482
-2.25,6.75,0,0.003179136
-2.25,6.25,0,-0.022405706
-2.25,5.75,0,0.013601586
-2.25,5.25,0,-0.00192249
-2.25,4.75,0,0.000307686
-2.25,4.25,0,0.010668386
-2.25,3.75,0,-0.009515742
-2.25,3.25,0,-0.007776826
-2.25,2.75,0,0.005098128
-2.25,2.25,0,0.000554044
-2.25,1.75,0,-0.002002056
-2.25,1.25,0,0.016972611
-2.25,0.75,0,-0.010181624
-2.25,0.25,0,-0.017024586
-2.25,-0.25,0,0.019770328
-2.25,-0.75,0,-0.002709498
-2.25,-1.25,0,0.001401565
-2.25,-1.75,0,-0.000543185
-2.25,-2.25,0,-0.000419587
-2.25,-2.75,0,1.82E-05
-2.25,-3.25,0,-0.000148152
-2.25,-3.75,0,-0.000360806
-2.25,-4.25,0,-0.000139995
-2.25,-4.75,0,-0.000521975
-2.25,-5.25,0,0.000309262
-2.25,-5.75,0,-0.000372152
-2.25,-6.25,0,-0.0003617
-2.25,-6.75,0,-0.000264304
-2.25,-7.25,0,-0.00034287
-2.25,-7.75,0,-2.71E-05
-2.25,-8.25,0,-6.57E-05
-2.25,-8.75,0,-4.20E-06
-2.25,-9.25,0,-1.30E-05
-2.25,-9.75,0,8.76E-06
-2.25,-10.25,0,-3.46E-06
-2.25,-10.75,0,1.83E-06
-2.25,-11.25,0,8.85E-07
-2.25,-11.75,0,-9.72E-07
-2.25,-12.25,0,-5.36E-07
-2.25,-12.75,0,-7.80E-08
-2.25,-13.25,0,-3.23E-07
-2.25,-13.75,0,-9.55E-07
-2.25,-14.25,0,-1.36E-06
-2.25,-14.75,0,-1.70E-05
-1.75,14.75,0,2.33E-05
-1.75,14.25,0,2.06E-06
-1.75,13.75,0,6.83E-07
-1.75,13.25,0,8.70E-07
-1.75,12.75,0,-3.63E-07
-1.75,12.25,0,-4.11E-07
-1.75,11.75,0,7.06E-07
-1.75,11.25,0,-1.34E-06
-1.75,10.75,0,1.41E-06
-1.75,10.25,0,-8.54E-07
-1.75,9.75,0,2.85E-06
-1.75,9.25,0,2.61E-05
-1.75,8.75,0,4.54E-05
-1.75,8.25,0,-0.000137666
-1.75,7.75,0,0.000180507
-1.75,7.25,0,0.000747248
-1.75,6.75,0,0.002278874
-1.75,6.25,0,0.007034469
-1.75,5.75,0,-0.002379102
-1.75,5.25,0,0.000846418
-1.75,4.75,0,0.000767834
-1.75,4.25,0,-0.000889141
-1.75,3.75,0,0.005131245
-1.75,3.25,0,0.002976508
-1.75,2.75,0,0.000336445
-1.75,2.25,0,0.000156482
-1.75,1.75,0,0.00169571
-1.75,1.25,0,-0.00137746
-1.75,0.75,0,0.006917074
-1.75,0.25,0,0.006595298
-1.75,-0.25,0,-0.004132705
-1.75,-0.75,0,0.001487849
-1.75,-1.25,0,-0.000728027
-1.75,-1.75,0,0.000479875
-1.75,-2.25,0,0.000873042
-1.75,-2.75,0,-0.000531401
-1.75,-3.25,0,0.000825517
-1.75,-3.75,0,-0.000802947
-1.75,-4.25,0,0.000485271
-1.75,-4.75,0,-0.000778498
-1.75,-5.25,0,-0.001079523
-1.75,-5.75,0,0.000383271
-1.75,-6.25,0,0.00023004
-1.75,-6.75,0,-0.000731303
-1.75,-7.25,0,0.000927104
-1.75,-7.75,0,-0.000592009
-1.75,-8.25,0,-7.27E-05
-1.75,-8.75,0,-2.18E-05
-1.75,-9.25,0,-1.76E-05
-1.75,-9.75,0,-6.17E-06
-1.75,-10.25,0,1.16E-06
-1.75,-10.75,0,5.28E-06
-1.75,-11.25,0,-2.07E-06
-1.75,-11.75,0,1.00E-06
-1.75,-12.25,0,-6.93E-07
-1.75,-12.75,0,1.24E-06
-1.75,-13.25,0,-3.16E-06
-1.75,-13.75,0,-2.72E-07
-1.75,-14.25,0,-6.29E-06
-1.75,-14.75,0,-2.57E-05
-1.25,14.75,0,3.35E-05
-1.25,14.25,0,1.75E-06
-1.25,13.75,0,4.68E-06
-1.25,13.25,0,-1.31E-06
-1.25,12.75,0,5.63E-07
-1.25,12.25,0,3.73E-07
-1.25,11.75,0,-5.21E-07
-1.25,11.25,0,1.65E-06
-1.25,10.75,0,-3.14E-06
-1.25,10.25,0,3.18E-06
-1.25,9.75,0,-8.77E-06
-1.25,9.25,0,2.14E-05
-1.25,8.75,0,6.88E-06
-1.25,8.25,0,-1.78E-05
-1.25,7.75,0,0.00012194
-1.25,7.25,0,0.000315626
-1.25,6.75,0,0.000143349
-1.25,6.25,0,-0.000803968
-1.25,5.75,0,0.001459764
-1.25,5.25,0,-0.000361999
-1.25,4.75,0,8.78E-05
-1.25,4.25,0,0.000274999
-1.25,3.75,0,-0.00048087
-1.25,3.25,0,8.79E-05
-1.25,2.75,0,0.000639079
-1.25,2.25,0,0.000298101
-1.25,1.75,0,-0.000629458
-1.25,1.25,0,0.00044801
-1.25,0.75,0,-0.000617581
-1.25,0.25,0,-0.001434616
-1.25,-0.25,0,0.001098666
-1.25,-0.75,0,-0.000836987
-1.25,-1.25,0,-0.002974587
-1.25,-1.75,0,-0.007327808
-1.25,-2.25,0,-0.004509734
-1.25,-2.75,0,-0.000752901
-1.25,-3.25,0,-0.004515057
-1.25,-3.75,0,0.004304232
-1.25,-4.25,0,-0.008259093
-1.25,-4.75,0,0.003524774
-1.25,-5.25,0,-0.002710153
-1.25,-5.75,0,-0.005683218
-1.25,-6.25,0,-0.005159703
-1.25,-6.75,0,0.000302285
-1.25,-7.25,0,-0.008730698
-1.25,-7.75,0,0.001750624
-1.25,-8.25,0,-0.000558155
-1.25,-8.75,0,0.000182893
-1.25,-9.25,0,-0.000118255
-1.25,-9.75,0,-1.00E-05
-1.25,-10.25,0,-1.57E-05
-1.25,-10.75,0,1.88E-06
-1.25,-11.25,0,1.45E-06
-1.25,-11.75,0,-9.07E-07
-1.25,-12.25,0,-1.12E-06
-1.25,-12.75,0,9.41E-07
-1.25,-13.25,0,-1.11E-06
-1.25,-13.75,0,-2.28E-06
-1.25,-14.25,0,-2.93E-06
-1.25,-14.75,0,-1.61E-05
-0.75,14.75,0,1.99E-05
-0.75,14.25,0,-5.01E-07
-0.75,13.75,0,2.49E-06
-0.75,13.25,0,1.02E-07
-0.75,12.75,0,-3.38E-08
-0.75,12.25,0,2.54E-07
-0.75,11.75,0,1.01E-06
-0.75,11.25,0,-6.97E-07
-0.75,10.75,0,-4.32E-07
-0.75,10.25,0,1.80E-06
-0.75,9.75,0,2.48E-06
-0.75,9.25,0,-3.23E-06
-0.75,8.75,0,1.89E-05
-0.75,8.25,0,4.26E-05
-0.75,7.75,0,1.00E-05
-0.75,7.25,0,-1.79E-05
-0.75,6.75,0,0.000163049
-0.75,6.25,0,0.000353362
-0.75,5.75,0,-0.000345646
-0.75,5.25,0,0.000137601
-0.75,4.75,0,-6.15E-06
-0.75,4.25,0,4.88E-06
-0.75,3.75,0,0.000256543
-0.75,3.25,0,0.000207432
-0.75,2.75,0,4.96E-05
-0.75,2.25,0,-9.44E-05
-0.75,1.75,0,0.000208539
-0.75,1.25,0,-0.000194157
-0.75,0.75,0,0.000234446
-0.75,0.25,0,0.000964534
-0.75,-0.25,0,-0.001994236
-0.75,-0.75,0,-0.004856717
-0.75,-1.25,0,-0.002826408
-0.75,-1.75,0,0.00893527
-0.75,-2.25,0,-0.003465357
-0.75,-2.75,0,-0.018086222
-0.75,-3.25,0,0.001401271
-0.75,-3.75,0,-0.033013178
-0.75,-4.25,0,0.016676918
-0.75,-4.75,0,-0.013658381
-0.75,-5.25,0,-0.005002476
-0.75,-5.75,0,0.007722319
-0.75,-6.25,0,-0.00472001
-0.75,-6.75,0,-0.008133083
-0.75,-7.25,0,0.021134944
-0.75,-7.75,0,-0.015522724
-0.75,-8.25,0,0.001264278
-0.75,-8.75,0,-0.000375591
-0.75,-9.25,0,2.08E-05
-0.75,-9.75,0,-4.09E-05
-0.75,-10.25,0,1.56E-05
-0.75,-10.75,0,1.31E-05
-0.75,-11.25,0,-5.27E-06
-0.75,-11.75,0,1.02E-06
-0.75,-12.25,0,-1.92E-06
-0.75,-12.75,0,1.42E-06
-0.75,-13.25,0,-1.56E-06
-0.75,-13.75,0,-1.13E-06
-0.75,-14.25,0,-1.05E-05
-0.75,-14.75,0,-3.19E-05
-0.25,14.75,0,2.46E-05
-0.25,14.25,0,-1.09E-06
-0.25,13.75,0,6.52E-06
-0.25,13.25,0,-9.38E-07
-0.25,12.75,0,1.90E-07
-0.25,12.25,0,-8.14E-08
-0.25,11.75,0,-6.55E-07
-0.25,11.25,0,9.37E-07
-0.25,10.75,0,-5.11E-07
-0.25,10.25,0,-8.58E-07
-0.25,9.75,0,-9.14E-07
-0.25,9.25,0,1.27E-05
-0.25,8.75,0,-8.72E-06
-0.25,8.25,0,-4.23E-05
-0.25,7.75,0,-1.41E-05
-0.25,7.25,0,3.58E-05
-0.25,6.75,0,1.65E-06
-0.25,6.25,0,-0.000129816
-0.25,5.75,0,0.000171013
-0.25,5.25,0,-6.90E-05
-0.25,4.75,0,1.87E-05
-0.25,4.25,0,3.22E-05
-0.25,3.75,0,-2.80E-05
-0.25,3.25,0,-9.23E-05
-0.25,2.75,0,1.89E-05
-0.25,2.25,0,1.37E-05
-0.25,1.75,0,-6.85E-05
-0.25,1.25,0,9.87E-05
-0.25,0.75,0,-0.00019806
-0.25,0.25,0,-0.000148605
-0.25,-0.25,0,-0.006158043
-0.25,-0.75,0,0.009700725
-0.25,-1.25,0,-0.471051485
-0.25,-1.75,0,-0.484466833
-0.25,-2.25,0,-0.470267411
-0.25,-2.75,0,-0.458995626
-0.25,-3.25,0,-0.478495697
-0.25,-3.75,0,-0.450379768
-0.25,-4.25,0,-0.516073205
-0.25,-4.75,0,-0.47799323
-0.25,-5.25,0,-0.485475145
-0.25,-5.75,0,-0.470808226
-0.25,-6.25,0,-0.468094684
-0.25,-6.75,0,-0.492472422
-0.25,-7.25,0,-0.485361894
-0.25,-7.75,0,0.008981316
-0.25,-8.25,0,-0.00711014
-0.25,-8.75,0,0.000884786
-0.25,-9.25,0,-0.000290206
-0.25,-9.75,0,4.81E-05
-0.25,-10.25,0,-1.67E-05
-0.25,-10.75,0,5.90E-06
-0.25,-11.25,0,-2.56E-06
-0.25,-11.75,0,1.64E-06
-0.25,-12.25,0,-1.20E-06
-0.25,-12.75,0,1.19E-06
-0.25,-13.25,0,-9.43E-07
-0.25,-13.75,0,-3.55E-06
-0.25,-14.25,0,-3.83E-06
-0.25,-14.75,0,-2.73E-05
0.25,14.75,0,9.04E-06
0.25,14.25,0,5.94E-06
0.25,13.75,0,2.15E-06
0.25,13.25,0,-7.58E-07
0.25,12.75,0,2.93E-07
0.25,12.25,0,9.35E-08
0.25,11.75,0,-2.37E-08
0.25,11.25,0,1.73E-08
0.25,10.75,0,-3.20E-07
0.25,10.25,0,1.95E-07
0.25,9.75,0,-4.70E-07
0.25,9.25,0,-3.05E-06
0.25,8.75,0,5.99E-07
0.25,8.25,0,1.45E-05
0.25,7.75,0,2.02E-06
0.25,7.25,0,-6.32E-06
0.25,6.75,0,3.79E-06
0.25,6.25,0,1.18E-05
0.25,5.75,0,-2.76E-05
0.25,5.25,0,-3.98E-06
0.25,4.75,0,1.69E-05
0.25,4.25,0,-3.14E-05
0.25,3.75,0,-4.29E-06
0.25,3.25,0,3.28E-05
0.25,2.75,0,6.75E-06
0.25,2.25,0,7.45E-05
0.25,1.75,0,-6.73E-05
0.25,1.25,0,2.36E-05
0.25,0.75,0,-0.000222411
0.25,0.25,0,-4.35E-05
0.25,-0.25,0,-0.003547052
0.25,-0.75,0,-0.003500985
0.25,-1.25,0,-0.476386012
0.25,-1.75,0,-0.495154957
0.25,-2.25,0,-0.47299891
0.25,-2.75,0,-0.555674846
0.25,-3.25,0,-0.443677924
0.25,-3.75,0,-0.503574665
0.25,-4.25,0,-0.429855596
0.25,-4.75,0,-0.487792731
0.25,-5.25,0,-0.470920085
0.25,-5.75,0,-0.484823847
0.25,-6.25,0,-0.475838164
0.25,-6.75,0,-0.47958998
0.25,-7.25,0,-0.50177005
0.25,-7.75,0,0.033185153
0.25,-8.25,0,-0.010123346
0.25,-8.75,0,0.001288586
0.25,-9.25,0,-0.000465838
0.25,-9.75,0,8.26E-05
0.25,-10.25,0,-1.13E-05
0.25,-10.75,0,3.39E-06
0.25,-11.25,0,-2.82E-06
0.25,-11.75,0,1.25E-06
0.25,-12.25,0,1.33E-07
0.25,-12.75,0,2.43E-07
0.25,-13.25,0,-1.78E-07
0.25,-13.75,0,-5.98E-06
0.25,-14.25,0,3.08E-06
0.25,-14.75,0,-4.14E-05
0.75,14.75,0,1.99E-05
0.75,14.25,0,-6.16E-07
0.75,13.75,0,1.40E-06
0.75,13.25,0,1.43E-06
0.75,12.75,0,-7.52E-07
0.75,12.25,0,5.67E-07
0.75,11.75,0,-1.98E-07
0.75,11.25,0,1.77E-07
0.75,10.75,0,-6.86E-08
0.75,10.25,0,5.53E-07
0.75,9.75,0,-3.48E-08
0.75,9.25,0,3.55E-06
0.75,8.75,0,-1.02E-06
0.75,8.25,0,-7.68E-06
0.75,7.75,0,6.64E-06
0.75,7.25,0,-1.54E-06
0.75,6.75,0,6.73E-06
0.75,6.25,0,-3.76E-06
0.75,5.75,0,1.57E-05
0.75,5.25,0,1.10E-06
0.75,4.75,0,-4.90E-06
0.75,4.25,0,2.26E-05
0.75,3.75,0,1.01E-05
0.75,3.25,0,-1.89E-05
0.75,2.75,0,9.43E-06
0.75,2.25,0,-2.98E-05
0.75,1.75,0,1.50E-05
0.75,1.25,0,-6.73E-05
0.75,0.75,0,-0.000155237
0.75,0.25,0,0.000247996
0.75,-0.25,0,-0.004292705
0.75,-0.75,0,0.006411131
0.75,-1.25,0,-0.491925879
0.75,-1.75,0,-0.466525951
0.75,-2.25,0,-0.476802327
0.75,-2.75,0,0.038849368
0.75,-3.25,0,-0.024037031
0.75,-3.75,0,-0.023843697
0.75,-4.25,0,-0.012792328
0.75,-4.75,0,-0.008324553
0.75,-5.25,0,-0.011435219
0.75,-5.75,0,0.005992347
0.75,-6.25,0,-7.07E-06
0.75,-6.75,0,-0.017138237
0.75,-7.25,0,0.012999839
0.75,-7.75,0,-0.018753276
0.75,-8.25,0,0.001810354
0.75,-8.75,0,-0.000817017
0.75,-9.25,0,0.000156596
0.75,-9.75,0,-2.10E-05
0.75,-10.25,0,-3.81E-05
0.75,-10.75,0,4.96E-06
0.75,-11.25,0,1.56E-06
0.75,-11.75,0,-5.33E-07
0.75,-12.25,0,-1.03E-06
0.75,-12.75,0,-4.89E-07
0.75,-13.25,0,1.56E-06
0.75,-13.75,0,-4.49E-06
0.75,-14.25,0,-2.41E-06
0.75,-14.75,0,-2.48E-05
1.25,14.75,0,1.41E-05
1.25,14.25,0,-1.77E-06
1.25,13.75,0,3.93E-06
1.25,13.25,0,-3.88E-07
1.25,12.75,0,-2.61E-07
1.25,12.25,0,4.18E-07
1.25,11.75,0,-1.27E-07
1.25,11.25,0,1.10E-07
1.25,10.75,0,-5.26E-08
1.25,10.25,0,2.58E-07
1.25,9.75,0,9.69E-07
1.25,9.25,0,-1.56E-06
1.25,8.75,0,4.01E-07
1.25,8.25,0,5.68E-06
1.25,7.75,0,-2.11E-06
1.25,7.25,0,2.29E-06
1.25,6.75,0,-1.04E-07
1.25,6.25,0,6.42E-06
1.25,5.75,0,-6.45E-06
1.25,5.25,0,-2.17E-06
1.25,4.75,0,6.26E-06
1.25,4.25,0,-4.46E-06
1.25,3.75,0,-1.09E-05
1.25,3.25,0,1.63E-05
1.25,2.75,0,-7.05E-06
1.25,2.25,0,1.28E-06
1.25,1.75,0,2.62E-05
1.25,1.25,0,-6.22E-05
1.25,0.75,0,0.000128204
1.25,0.25,0,-0.000851302
1.25,-0.25,0,0.003746651
1.25,-0.75,0,-0.023100167
1.25,-1.25,0,0.036136209
1.25,-1.75,0,-0.531581821
1.25,-2.25,0,-0.443850991
1.25,-2.75,0,-0.503939666
1.25,-3.25,0,0.01194736
1.25,-3.75,0,0.004719252
1.25,-4.25,0,-0.019864929
1.25,-4.75,0,-4.05E-05
1.25,-5.25,0,-0.001503693
1.25,-5.75,0,-0.004079012
1.25,-6.25,0,-0.004191768
1.25,-6.75,0,0.000451943
1.25,-7.25,0,-0.0039025
1.25,-7.75,0,0.000273897
1.25,-8.25,0,-2.46E-05
1.25,-8.75,0,0.000193797
1.25,-9.25,0,-0.00023463
1.25,-9.75,0,7.84E-05
1.25,-10.25,0,4.39E-06
1.25,-10.75,0,-4.98E-06
1.25,-11.25,0,2.73E-06
1.25,-11.75,0,4.77E-07
1.25,-12.25,0,-3.10E-08
1.25,-12.75,0,2.36E-07
1.25,-13.25,0,-2.08E-06
1.25,-13.75,0,-1.90E-06
1.25,-14.25,0,-3.91E-06
1.25,-14.75,0,-4.25E-05
1.75,14.75,0,1.68E-05
1.75,14.25,0,1.49E-06
1.75,13.75,0,8.54E-07
1.75,13.25,0,8.80E-07
1.75,12.75,0,-6.08E-07
1.75,12.25,0,1.92E-07
1.75,11.75,0,-7.85E-08
1.75,11.25,0,6.27E-08
1.75,10.75,0,6.90E-08
1.75,10.25,0,-1.71E-07
1.75,9.75,0,-6.03E-07
1.75,9.25,0,1.05E-06
1.75,8.75,0,1.25E-07
1.75,8.25,0,-2.16E-06
1.75,7.75,0,9.97E-07
1.75,7.25,0,-1.60E-06
1.75,6.75,0,3.61E-07
1.75,6.25,0,-2.44E-07
1.75,5.75,0,3.19E-06
1.75,5.25,0,4.18E-06
1.75,4.75,0,-2.18E-06
1.75,4.25,0,8.42E-07
1.75,3.75,0,7.94E-08
1.75,3.25,0,-4.04E-06
1.75,2.75,0,7.50E-07
1.75,2.25,0,-7.06E-06
1.75,1.75,0,5.53E-06
1.75,1.25,0,-4.43E-05
1.75,0.75,0,-0.000100016
1.75,0.25,0,-3.10E-05
1.75,-0.25,0,-0.001601126
1.75,-0.75,0,0.00434107
1.75,-1.25,0,-0.025682719
1.75,-1.75,0,0.018949668
1.75,-2.25,0,-0.501043056
1.75,-2.75,0,-0.497416125
1.75,-3.25,0,-0.490382153
1.75,-3.75,0,-0.48383159
1.75,-4.25,0,0.02121871
1.75,-4.75,0,-0.011206106
1.75,-5.25,0,-0.009615607
1.75,-5.75,0,-0.004251941
1.75,-6.25,0,-0.003211011
1.75,-6.75,0,-0.000466488
1.75,-7.25,0,-0.000955243
1.75,-7.75,0,0.000681084
1.75,-8.25,0,4.24E-05
1.75,-8.75,0,-4.16E-05
1.75,-9.25,0,-8.75E-05
1.75,-9.75,0,-3.33E-05
1.75,-10.25,0,9.31E-06
1.75,-10.75,0,-7.75E-06
1.75,-11.25,0,6.26E-06
1.75,-11.75,0,-2.83E-06
1.75,-12.25,0,-7.56E-07
1.75,-12.75,0,5.59E-07
1.75,-13.25,0,-2.23E-06
1.75,-13.75,0,3.71E-06
1.75,-14.25,0,-1.08E-05
1.75,-14.75,0,-3.43E-05
2.25,14.75,0,1.01E-05
2.25,14.25,0,-2.75E-06
2.25,13.75,0,4.73E-06
2.25,13.25,0,-2.41E-07
2.25,12.75,0,-5.93E-08
2.25,12.25,0,3.66E-07
2.25,11.75,0,-1.14E-07
2.25,11.25,0,2.26E-08
2.25,10.75,0,-7.40E-08
2.25,10.25,0,1.51E-07
2.25,9.75,0,3.18E-07
2.25,9.25,0,-4.74E-07
2.25,8.75,0,6.43E-08
2.25,8.25,0,1.36E-06
2.25,7.75,0,-5.55E-08
2.25,7.25,0,-4.64E-07
2.25,6.75,0,-1.79E-08
2.25,6.25,0,4.17E-07
2.25,5.75,0,-2.28E-06
2.25,5.25,0,-2.74E-06
2.25,4.75,0,1.58E-06
2.25,4.25,0,-1.11E-06
2.25,3.75,0,-2.62E-06
2.25,3.25,0,5.17E-06
2.25,2.75,0,-5.27E-06
2.25,2.25,0,1.03E-05
2.25,1.75,0,-1.61E-05
2.25,1.25,0,2.62E-05
2.25,0.75,0,-4.43E-05
2.25,0.25,0,0.00024385
2.25,-0.25,0,0.000274623
2.25,-0.75,0,-0.00142539
2.25,-1.25,0,0.003722845
2.25,-1.75,0,-0.011108417
2.25,-2.25,0,-0.002324993
2.25,-2.75,0,0.017105003
2.25,-3.25,0,-0.48806574
2.25,-3.75,0,-0.506509023
2.25,-4.25,0,-0.442997885
2.25,-4.75,0,-0.513741282
2.25,-5.25,0,-0.005886105
2.25,-5.75,0,0.010888806
2.25,-6.25,0,-0.008903181
2.25,-6.75,0,-0.005586404
2.25,-7.25,0,0.000539721
2.25,-7.75,0,-0.001296618
2.25,-8.25,0,-0.000140673
2.25,-8.75,0,5.57E-05
2.25,-9.25,0,7.68E-05
2.25,-9.75,0,5.48E-06
2.25,-10.25,0,-2.53E-05
2.25,-10.75,0,1.41E-05
2.25,-11.25,0,-2.39E-06
2.25,-11.75,0,7.18E-07
2.25,-12.25,0,-1.89E-06
2.25,-12.75,0,1.21E-07
2.25,-13.25,0,-1.36E-06
2.25,-13.75,0,-1.05E-05
2.25,-14.25,0,5.28E-06
2.25,-14.75,0,-7.22E-05
2.75,14.75,0,1.22E-05
2.75,14.25,0,6.84E-07
2.75,13.75,0,1.98E-06
2.75,13.25,0,3.84E-07
2.75,12.75,0,-3.65E-07
2.75,12.25,0,2.64E-07
2.75,11.75,0,-1.72E-07
2.75,11.25,0,8.65E-08
2.75,10.75,0,-2.71E-08
2.75,10.25,0,6.07E-08
2.75,9.75,0,-9.54E-08
2.75,9.25,0,1.21E-07
2.75,8.75,0,1.47E-07
2.75,8.25,0,-3.21E-07
2.75,7.75,0,-1.83E-07
2.75,7.25,0,3.73E-07
2.75,6.75,0,7.09E-08
2.75,6.25,0,-4.53E-07
2.75,5.75,0,6.00E-07
2.75,5.25,0,4.01E-07
2.75,4.75,0,-7.03E-07
2.75,4.25,0,1.07E-07
2.75,3.75,0,4.54E-07
2.75,3.25,0,2.87E-07
2.75,2.75,0,1.34E-06
2.75,2.25,0,5.77E-06
2.75,1.75,0,-1.75E-05
2.75,1.25,0,-3.47E-06
2.75,0.75,0,3.63E-05
2.75,0.25,0,-0.000175069
2.75,-0.25,0,6.24E-05
2.75,-0.75,0,-0.000874471
2.75,-1.25,0,0.000151257
2.75,-1.75,0,0.001268778
2.75,-2.25,0,-0.00342322
2.75,-2.75,0,-0.005316006
2.75,-3.25,0,-0.018579487
2.75,-3.75,0,0.042417519
2.75,-4.25,0,-0.510245368
2.75,-4.75,0,-0.455947082
2.75,-5.25,0,-0.421917763
2.75,-5.75,0,-0.51793012
2.75,-6.25,0,0.022215858
2.75,-6.75,0,0.005057141
2.75,-7.25,0,-0.011198468
2.75,-7.75,0,0.002603177
2.75,-8.25,0,-0.000863872
2.75,-8.75,0,-7.97E-05
2.75,-9.25,0,5.55E-06
2.75,-9.75,0,-4.52E-06
2.75,-10.25,0,-1.26E-05
2.75,-10.75,0,-7.13E-07
2.75,-11.25,0,-8.91E-06
2.75,-11.75,0,-4.05E-06
2.75,-12.25,0,2.07E-06
2.75,-12.75,0,-2.11E-07
2.75,-13.25,0,-2.80E-06
2.75,-13.75,0,3.29E-06
2.75,-14.25,0,-3.91E-05
2.75,-14.75,0,-3.14E-05
3.25,14.75,0,1.57E-05
3.25,14.25,0,-3.24E-06
3.25,13.75,0,2.55E-06
3.25,13.25,0,-1.81E-08
3.25,12.75,0,-2.49E-07
3.25,12.25,0,2.87E-07
3.25,11.75,0,-9.31E-08
3.25,11.25,0,3.12E-08
3.25,10.75,0,-1.64E-08
3.25,10.25,0,-3.52E-08
3.25,9.75,0,1.86E-08
3.25,9.25,0,-5.66E-08
3.25,8.75,0,-1.17E-07
3.25,8.25,0,1.38E-07
3.25,7.75,0,8.74E-08
3.25,7.25,0,-9.05E-08
3.25,6.75,0,-7.95E-09
3.25,6.25,0,1.34E-07
3.25,5.75,0,-6.94E-09
3.25,5.25,0,4.30E-08
3.25,4.75,0,5.27E-07
3.25,4.25,0,-9.58E-07
3.25,3.75,0,1.34E-06
3.25,3.25,0,-2.75E-06
3.25,2.75,0,7.27E-06
3.25,2.25,0,-9.68E-06
3.25,1.75,0,3.87E-06
3.25,1.25,0,3.67E-05
3.25,0.75,0,-0.000193078
3.25,0.25,0,0.000414433
3.25,-0.25,0,-0.000896266
3.25,-0.75,0,0.000907887
3.25,-1.25,0,-0.007164021
3.25,-1.75,0,-0.004852998
3.25,-2.25,0,-0.005424731
3.25,-2.75,0,-0.003753791
3.25,-3.25,0,-0.007503838
3.25,-3.75,0,-0.020505868
3.25,-4.25,0,-0.005271556
3.25,-4.75,0,-0.009671547
3.25,-5.25,0,-0.532080704
3.25,-5.75,0,-0.467812307
3.25,-6.25,0,-0.474332289
3.25,-6.75,0,-0.512075269
3.25,-7.25,0,0.024556499
3.25,-7.75,0,-0.030563507
3.25,-8.25,0,0.00463675
3.25,-8.75,0,-0.001194023
3.25,-9.25,0,6.22E-05
3.25,-9.75,0,-5.32E-05
3.25,-10.25,0,-8.22E-06
3.25,-10.75,0,-9.55E-06
3.25,-11.25,0,2.27E-05
3.25,-11.75,0,7.91E-07
3.25,-12.25,0,-3.22E-06
3.25,-12.75,0,1.13E-05
3.25,-13.25,0,8.72E-06
3.25,-13.75,0,-1.44E-05
3.25,-14.25,0,9.89E-07
3.25,-14.75,0,-7.36E-05
3.75,14.75,0,1.15E-05
3.75,14.25,0,1.01E-07
3.75,13.75,0,4.34E-07
3.75,13.25,0,3.38E-07
3.75,12.75,0,-4.60E-07
3.75,12.25,0,3.27E-07
3.75,11.75,0,-1.75E-07
3.75,11.25,0,4.90E-08
3.75,10.75,0,9.47E-09
3.75,10.25,0,5.97E-09
3.75,9.75,0,4.03E-10
3.75,9.25,0,1.26E-08
3.75,8.75,0,4.02E-08
3.75,8.25,0,-4.29E-08
3.75,7.75,0,-5.56E-08
3.75,7.25,0,6.59E-08
3.75,6.75,0,4.95E-08
3.75,6.25,0,5.08E-09
3.75,5.75,0,5.63E-08
3.75,5.25,0,-8.02E-08
3.75,4.75,0,-4.04E-07
3.75,4.25,0,6.99E-07
3.75,3.75,0,-7.53E-07
3.75,3.25,0,1.54E-07
3.75,2.75,0,-4.52E-06
3.75,2.25,0,7.41E-06
3.75,1.75,0,-9.21E-06
3.75,1.25,0,-5.36E-05
3.75,0.75,0,1.51E-05
3.75,0.25,0,-0.000722758
3.75,-0.25,0,0.000549493
3.75,-0.75,0,-0.010138762
3.75,-1.25,0,0.008272904
3.75,-1.75,0,0.001014183
3.75,-2.25,0,0.011202012
3.75,-2.75,0,-0.000775631
3.75,-3.25,0,-0.004595872
3.75,-3.75,0,0.003857588
3.75,-4.25,0,0.000760784
3.75,-4.75,0,-0.009651585
3.75,-5.25,0,0.017793446
3.75,-5.75,0,0.005169
3.75,-6.25,0,-0.497994242
3.75,-6.75,0,-0.464222853
3.75,-7.25,0,-0.496657251
3.75,-7.75,0,0.023461016
3.75,-8.25,0,-0.008793261
3.75,-8.75,0,0.000923639
3.75,-9.25,0,-0.000210289
3.75,-9.75,0,2.88E-05
3.75,-10.25,0,-3.36E-05
3.75,-10.75,0,-1.07E-05
3.75,-11.25,0,-2.32E-05
3.75,-11.75,0,-4.16E-06
3.75,-12.25,0,5.05E-06
3.75,-12.75,0,-2.33E-05
3.75,-13.25,0,-6.95E-06
3.75,-13.75,0,-1.66E-05
3.75,-14.25,0,-4.76E-06
3.75,-14.75,0,-7.10E-05
4.25,14.75,0,5.71E-06
4.25,14.25,0,1.03E-06
4.25,13.75,0,1.50E-06
4.25,13.25,0,-8.78E-08
4.25,12.75,0,-2.09E-07
4.25,12.25,0,3.42E-07
4.25,11.75,0,-1.50E-07
4.25,11.25,0,5.71E-08
4.25,10.75,0,-2.00E-08
4.25,10.25,0,1.01E-08
4.25,9.75,0,-3.66E-09
4.25,9.25,0,8.93E-10
4.25,8.75,0,-1.44E-08
4.25,8.25,0,1.97E-08
4.25,7.75,0,9.80E-09
4.25,7.25,0,-1.53E-08
4.25,6.75,0,-6.00E-09
4.25,6.25,0,1.77E-08
4.25,5.75,0,4.91E-08
4.25,5.25,0,-1.10E-07
4.25,4.75,0,-1.22E-07
4.25,4.25,0,1.45E-07
4.25,3.75,0,-1.37E-07
4.25,3.25,0,2.26E-06
4.25,2.75,0,4.84E-06
4.25,2.25,0,-1.53E-05
4.25,1.75,0,1.94E-05
4.25,1.25,0,4.53E-05
4.25,0.75,0,-0.000383928
4.25,0.25,0,0.001155544
4.25,-0.25,0,-0.006770554
4.25,-0.75,0,0.012316758
4.25,-1.25,0,-0.480917461
4.25,-1.75,0,-0.489585115
4.25,-2.25,0,-0.491908752
4.25,-2.75,0,-0.485863404
4.25,-3.25,0,-0.471797742
4.25,-3.75,0,-0.467740794
4.25,-4.25,0,-0.504696925
4.25,-4.75,0,-0.496696154
4.25,-5.25,0,-0.457742428
4.25,-5.75,0,-0.507666774
4.25,-6.25,0,-0.458269115
4.25,-6.75,0,-0.495307452
4.25,-7.25,0,-0.459002883
4.25,-7.75,0,-0.010678811
4.25,-8.25,0,-0.001767214
4.25,-8.75,0,-0.000451195
4.25,-9.25,0,-0.000295986
4.25,-9.75,0,4.90E-05
4.25,-10.25,0,1.02E-06
4.25,-10.75,0,-6.08E-06
4.25,-11.25,0,7.12E-05
4.25,-11.75,0,-3.63E-05
4.25,-12.25,0,-7.98E-05
4.25,-12.75,0,2.28E-05
4.25,-13.25,0,-1.70E-05
4.25,-13.75,0,2.94E-05
4.25,-14.25,0,-3.39E-05
4.25,-14.75,0,-0.000108182
4.75,14.75,0,5.07E-06
4.75,14.25,0,2.82E-06
4.75,13.75,0,2.59E-07
4.75,13.25,0,9.75E-07
4.75,12.75,0,-6.50E-07
4.75,12.25,0,3.42E-07
4.75,11.75,0,-1.72E-07
4.75,11.25,0,7.54E-08
4.75,10.75,0,-2.37E-08
4.75,10.25,0,2.53E-09
4.75,9.75,0,-1.08E-09
4.75,9.25,0,-9.89E-09
4.75,8.75,0,1.05E-08
4.75,8.25,0,-4.67E-09
4.75,7.75,0,1.31E-08
4.75,7.25,0,6.72E-09
4.75,6.75,0,-2.50E-08
4.75,6.25,0,9.63E-09
4.75,5.75,0,-2.20E-08
4.75,5.25,0,-3.69E-08
4.75,4.75,0,1.95E-07
4.75,4.25,0,-1.14E-06
4.75,3.75,0,1.21E-06
4.75,3.25,0,-2.15E-07
4.75,2.75,0,1.48E-06
4.75,2.25,0,-4.65E-06
4.75,1.75,0,-2.24E-05
4.75,1.25,0,-6.44E-06
4.75,0.75,0,-5.25E-05
4.75,0.25,0,-0.000167838
4.75,-0.25,0,-0.00098755
4.75,-0.75,0,0.003494298
4.75,-1.25,0,-0.492217287
4.75,-1.75,0,-0.471632566
4.75,-2.25,0,-0.488845818
4.75,-2.75,0,-0.433118187
4.75,-3.25,0,-0.514085807
4.75,-3.75,0,-0.492567843
4.75,-4.25,0,-0.467916384
4.75,-4.75,0,-0.479521782
4.75,-5.25,0,-0.478188745
4.75,-5.75,0,-0.49394632
4.75,-6.25,0,-0.485064557
4.75,-6.75,0,-0.452208733
4.75,-7.25,0,-0.47832602
4.75,-7.75,0,0.011750607
4.75,-8.25,0,-0.007343437
4.75,-8.75,0,0.000630759
4.75,-9.25,0,-0.000159569
4.75,-9.75,0,-0.000106218
4.75,-10.25,0,5.82E-05
4.75,-10.75,0,4.61E-05
4.75,-11.25,0,-9.77E-05
4.75,-11.75,0,4.45E-05
4.75,-12.25,0,5.33E-05
4.75,-12.75,0,1.18E-05
4.75,-13.25,0,1.62E-05
4.75,-13.75,0,-0.000213725
4.75,-14.25,0,0.00011343
4.75,-14.75,0,-0.000125067
5.25,14.75,0,7.06E-06
5.25,14.25,0,1.28E-06
5.25,13.75,0,1.83E-06
5.25,13.25,0,-2.06E-07
5.25,12.75,0,-1.47E-07
5.25,12.25,0,3.23E-07
5.25,11.75,0,-1.42E-07
5.25,11.25,0,6.20E-08
5.25,10.75,0,-1.17E-08
5.25,10.25,0,-5.55E-11
5.25,9.75,0,6.56E-09
5.25,9.25,0,3.02E-09
5.25,8.75,0,-2.96E-09
5.25,8.25,0,2.20E-09
5.25,7.75,0,-1.96E-10
5.25,7.25,0,7.73E-09
5.25,6.75,0,-8.56E-09
5.25,6.25,0,-9.39E-09
5.25,5.75,0,4.58E-08
5.25,5.25,0,2.64E-08
5.25,4.75,0,-7.63E-08
5.25,4.25,0,2.80E-07
5.25,3.75,0,-2.57E-07
5.25,3.25,0,-1.21E-06
5.25,2.75,0,2.48E-06
5.25,2.25,0,-2.90E-06
5.25,1.75,0,1.30E-05
5.25,1.25,0,-7.78E-06
5.25,0.75,0,5.21E-05
5.25,0.25,0,-0.000229681
5.25,-0.25,0,0.000667544
5.25,-0.75,0,-0.012611388
5.25,-1.25,0,0.003699285
5.25,-1.75,0,-0.001828991
5.25,-2.25,0,-0.005464851
5.25,-2.75,0,-0.017068961
5.25,-3.25,0,0.017372312
5.25,-3.75,0,-0.005427743
5.25,-4.25,0,0.00241523
5.25,-4.75,0,-0.009513
5.25,-5.25,0,0.003387379
5.25,-5.75,0,-0.015964448
5.25,-6.25,0,-0.001672502
5.25,-6.75,0,-0.010267859
5.25,-7.25,0,-0.011222198
5.25,-7.75,0,-0.006995317
5.25,-8.25,0,0.000218258
5.25,-8.75,0,-0.000611074
5.25,-9.25,0,-0.000103598
5.25,-9.75,0,7.39E-05
5.25,-10.25,0,-0.000375855
5.25,-10.75,0,1.85E-05
5.25,-11.25,0,8.79E-05
5.25,-11.75,0,-0.000436314
5.25,-12.25,0,0.00025614
5.25,-12.75,0,-0.000174533
5.25,-13.25,0,-1.00E-04
5.25,-13.75,0,9.09E-05
5.25,-14.25,0,-8.80E-05
5.25,-14.75,0,-0.000166227
5.75,14.75,0,3.96E-06
5.75,14.25,0,2.79E-06
5.75,13.75,0,-1.31E-07
5.75,13.25,0,8.88E-07
5.75,12.75,0,-4.38E-07
5.75,12.25,0,3.05E-07
5.75,11.75,0,-1.39E-07
5.75,11.25,0,4.74E-08
5.75,10.75,0,-1.73E-08
5.75,10.25,0,-3.37E-09
5.75,9.75,0,3.32E-09
5.75,9.25,0,-1.85E-09
5.75,8.75,0,3.95E-10
5.75,8.25,0,-1.65E-09
5.75,7.75,0,-2.73E-09
5.75,7.25,0,-6.62E-10
5.75,6.75,0,-7.19E-09
5.75,6.25,0,1.59E-08
5.75,5.75,0,-1.79E-08
5.75,5.25,0,9.45E-09
5.75,4.75,0,-1.67E-07
5.75,4.25,0,2.50E-07
5.75,3.75,0,-9.93E-07
5.75,3.25,0,2.27E-06
5.75,2.75,0,-1.34E-06
5.75,2.25,0,-3.33E-07
5.75,1.75,0,9.53E-08
5.75,1.25,0,-2.54E-05
5.75,0.75,0,-9.07E-05
5.75,0.25,0,-2.53E-05
5.75,-0.25,0,-0.000276307
5.75,-0.75,0,0.000991955
5.75,-1.25,0,-0.001679337
5.75,-1.75,0,-0.00243622
5.75,-2.25,0,-0.003564829
5.75,-2.75,0,-0.000149165
5.75,-3.25,0,-0.00934647
5.75,-3.75,0,-0.002235077
5.75,-4.25,0,-0.00392948
5.75,-4.75,0,-0.001823456
5.75,-5.25,0,-0.00333107
5.75,-5.75,0,-0.000117018
5.75,-6.25,0,-0.003541177
5.75,-6.75,0,0.000146079
5.75,-7.25,0,-0.001169314
5.75,-7.75,0,0.000296631
5.75,-8.25,0,-0.000238259
5.75,-8.75,0,-0.000141717
5.75,-9.25,0,-0.000548805
5.75,-9.75,0,-6.58E-05
5.75,-10.25,0,-6.15E-05
5.75,-10.75,0,-0.00049772
5.75,-11.25,0,-0.000494196
5.75,-11.75,0,0.000365899
5.75,-12.25,0,-0.001193667
5.75,-12.75,0,0.000333674
5.75,-13.25,0,-8.09E-05
5.75,-13.75,0,-0.000125958
5.75,-14.25,0,-2.06E-05
5.75,-14.75,0,-0.000186824
6.25,14.75,0,5.16E-06
6.25,14.25,0,3.30E-06
6.25,13.75,0,-3.31E-07
6.25,13.25,0,4.87E-07
6.25,12.75,0,-3.69E-07
6.25,12.25,0,2.96E-07
6.25,11.75,0,-1.28E-07
6.25,11.25,0,4.91E-08
6.25,10.75,0,-1.18E-08
6.25,10.25,0,-1.45E-09
6.25,9.75,0,3.32E-09
6.25,9.25,0,-1.58E-09
6.25,8.75,0,1.69E-09
6.25,8.25,0,-1.62E-09
6.25,7.75,0,3.86E-09
6.25,7.25,0,-3.65E-09
6.25,6.75,0,2.28E-09
6.25,6.25,0,-3.93E-09
6.25,5.75,0,-1.96E-08
6.25,5.25,0,4.37E-08
6.25,4.75,0,-4.41E-09
6.25,4.25,0,-1.76E-07
6.25,3.75,0,-9.35E-08
6.25,3.25,0,-6.95E-07
6.25,2.75,0,1.53E-06
6.25,2.25,0,1.61E-06
6.25,1.75,0,-1.52E-08
6.25,1.25,0,7.31E-06
6.25,0.75,0,-1.78E-05
6.25,0.25,0,6.24E-05
6.25,-0.25,0,-9.90E-05
6.25,-0.75,0,-0.000413255
6.25,-1.25,0,-3.34E-05
6.25,-1.75,0,-0.000420686
6.25,-2.25,0,0.000622956
6.25,-2.75,0,0.000484584
6.25,-3.25,0,-0.00043527
6.25,-3.75,0,-0.00019276
6.25,-4.25,0,-2.73E-05
6.25,-4.75,0,-0.000457429
6.25,-5.25,0,0.000301983
6.25,-5.75,0,0.000236419
6.25,-6.25,0,0.000617751
6.25,-6.75,0,-0.001930312
6.25,-7.25,0,0.000652822
6.25,-7.75,0,0.000233229
6.25,-8.25,0,-0.001183182
6.25,-8.75,0,-0.000783727
6.25,-9.25,0,-0.001718017
6.25,-9.75,0,-0.000337324
6.25,-10.25,0,-0.000811442
6.25,-10.75,0,0.002163595
6.25,-11.25,0,-0.000179444
6.25,-11.75,0,-1.79E-05
6.25,-12.25,0,-0.000127744
6.25,-12.75,0,-0.0031274
6.25,-13.25,0,0.001522966
6.25,-13.75,0,-0.0020826
6.25,-14.25,0,-0.000217022
6.25,-14.75,0,-0.000477398
6.75,14.75,0,8.34E-06
6.75,14.25,0,1.54E-07
6.75,13.75,0,1.00E-06
6.75,13.25,0,7.70E-07
6.75,12.75,0,-2.53E-07
6.75,12.25,0,1.73E-07
6.75,11.75,0,-8.44E-08
6.75,11.25,0,5.36E-08
6.75,10.75,0,-1.60E-08
6.75,10.25,0,1.65E-11
6.75,9.75,0,3.45E-09
6.75,9.25,0,-2.15E-09
6.75,8.75,0,1.22E-09
6.75,8.25,0,1.86E-10
6.75,7.75,0,-1.56E-09
6.75,7.25,0,1.94E-09
6.75,6.75,0,3.84E-09
6.75,6.25,0,-2.83E-08
6.75,5.75,0,4.76E-08
6.75,5.25,0,-1.77E-09
6.75,4.75,0,-1.62E-08
6.75,4.25,0,-5.07E-08
6.75,3.75,0,-1.90E-08
6.75,3.25,0,1.19E-07
6.75,2.75,0,3.40E-07
6.75,2.25,0,-2.35E-06
6.75,1.75,0,3.66E-06
6.75,1.25,0,1.25E-06
6.75,0.75,0,1.27E-05
6.75,0.25,0,-6.79E-05
6.75,-0.25,0,0.000149533
6.75,-0.75,0,-2.12E-05
6.75,-1.25,0,-6.65E-05
6.75,-1.75,0,-0.00016473
6.75,-2.25,0,-0.000355871
6.75,-2.75,0,-0.000842488
6.75,-3.25,0,8.90E-05
6.75,-3.75,0,-0.000282238
6.75,-4.25,0,-5.47E-05
6.75,-4.75,0,-0.000575737
6.75,-5.25,0,-0.000595379
6.75,-5.75,0,-0.000139958
6.75,-6.25,0,-0.002200272
6.75,-6.75,0,0.000885541
6.75,-7.25,0,-0.000949286
6.75,-7.75,0,-0.011269591
6.75,-8.25,0,-0.000595969
6.75,-8.75,0,-0.000570953
6.75,-9.25,0,0.00510991
6.75,-9.75,0,-0.004514341
6.75,-10.25,0,-0.005124169
6.75,-10.75,0,-0.010479014
6.75,-11.25,0,-0.013292366
6.75,-11.75,0,-0.008081699
6.75,-12.25,0,-0.003426316
6.75,-12.75,0,0.010180394
6.75,-13.25,0,-0.016437313
6.75,-13.75,0,0.006880312
6.75,-14.25,0,-0.000616375
6.75,-14.75,0,-0.000775661
7.25,14.75,0,2.56E-06
7.25,14.25,0,3.29E-06
7.25,13.75,0,7.30E-08
7.25,13.25,0,1.93E-07
7.25,12.75,0,-2.47E-07
7.25,12.25,0,2.90E-07
7.25,11.75,0,-1.17E-07
7.25,11.25,0,3.98E-08
7.25,10.75,0,-1.29E-08
7.25,10.25,0,-4.01E-10
7.25,9.75,0,9.78E-10
7.25,9.25,0,-2.14E-09
7.25,8.75,0,1.33E-09
7.25,8.25,0,-3.13E-10
7.25,7.75,0,-1.97E-10
7.25,7.25,0,1.88E-10
7.25,6.75,0,-2.17E-09
7.25,6.25,0,2.98E-09
7.25,5.75,0,-1.55E-09
7.25,5.25,0,5.68E-09
7.25,4.75,0,-1.23E-08
7.25,4.25,0,-4.37E-08
7.25,3.75,0,-1.96E-07
7.25,3.25,0,-4.65E-07
7.25,2.75,0,5.43E-07
7.25,2.25,0,3.05E-07
7.25,1.75,0,-3.24E-06
7.25,1.25,0,3.72E-07
7.25,0.75,0,-7.37E-06
7.25,0.25,0,2.21E-05
7.25,-0.25,0,-3.73E-05
7.25,-0.75,0,-6.69E-05
7.25,-1.25,0,-1.72E-05
7.25,-1.75,0,-0.000183992
7.25,-2.25,0,-3.09E-05
7.25,-2.75,0,0.000215973
7.25,-3.25,0,-3.23E-05
7.25,-3.75,0,-0.00014335
7.25,-4.25,0,9.85E-05
7.25,-4.75,0,0.000254417
7.25,-5.25,0,-0.000416442
7.25,-5.75,0,-0.000392501
7.25,-6.25,0,0.003146835
7.25,-6.75,0,-0.004321774
7.25,-7.25,0,-0.03578411
7.25,-7.75,0,0.027754699
7.25,-8.25,0,-0.029390369
7.25,-8.75,0,-0.029783527
7.25,-9.25,0,-0.038437178
7.25,-9.75,0,0.000907212
7.25,-10.25,0,-0.022007532
7.25,-10.75,0,0.001365171
7.25,-11.25,0,-0.001752075
7.25,-11.75,0,0.005339431
7.25,-12.25,0,-0.015766319
7.25,-12.75,0,-0.073057144
7.25,-13.25,0,0.063568931
7.25,-13.75,0,-0.054790146
7.25,-14.25,0,0.004265946
7.25,-14.75,0,-0.002332103
7.75,14.75,0,4.93E-06
7.75,14.25,0,2.12E-07
7.75,13.75,0,1.02E-06
7.75,13.25,0,4.83E-07
7.75,12.75,0,-2.43E-07
7.75,12.25,0,1.89E-07
7.75,11.75,0,-9.46E-08
7.75,11.25,0,5.63E-08
7.75,10.75,0,-1.31E-08
7.75,10.25,0,-2.29E-10
7.75,9.75,0,3.34E-09
7.75,9.25,0,-1.28E-09
7.75,8.75,0,5.07E-11
7.75,8.25,0,-8.69E-11
7.75,7.75,0,4.04E-10
7.75,7.25,0,-7.31E-10
7.75,6.75,0,1.48E-09
7.75,6.25,0,-2.75E-09
7.75,5.75,0,-8.39E-09
7.75,5.25,0,1.64E-08
7.75,4.75,0,-1.93E-08
7.75,4.25,0,-1.65E-08
7.75,3.75,0,7.44E-08
7.75,3.25,0,-4.91E-09
7.75,2.75,0,6.02E-07
7.75,2.25,0,-8.19E-07
7.75,1.75,0,1.71E-06
7.75,1.25,0,-6.30E-07
7.75,0.75,0,-2.08E-06
7.75,0.25,0,-1.11E-05
7.75,-0.25,0,9.72E-06
7.75,-0.75,0,-9.75E-06
7.75,-1.25,0,2.73E-05
7.75,-1.75,0,2.08E-05
7.75,-2.25,0,1.61E-05
7.75,-2.75,0,-8.35E-05
7.75,-3.25,0,-4.49E-05
7.75,-3.75,0,7.05E-05
7.75,-4.25,0,-7.10E-05
7.75,-4.75,0,-0.000158695
7.75,-5.25,0,0.00011929
7.75,-5.75,0,0.000983552
7.75,-6.25,0,-0.003401139
7.75,-6.75,0,-0.025763846
7.75,-7.25,0,0.083817967
7.75,-7.75,0,-1.026170234
7.75,-8.25,0,-0.88129965
7.75,-8.75,0,-0.946390291
7.75,-9.25,0,-0.933688494
7.75,-9.75,0,-0.967570643
7.75,-10.25,0,-0.988763251
7.75,-10.75,0,-0.923108065
7.75,-11.25,0,-1.004123817
7.75,-11.75,0,-0.94288028
7.75,-12.25,0,-0.888935901
7.75,-12.75,0,-0.962829549
7.75,-13.25,0,-0.980978622
7.75,-13.75,0,0.03337297
7.75,-14.25,0,-0.019020833
7.75,-14.75,0,0.001233702
8.25,14.75,0,4.72E-06
8.25,14.25,0,1.47E-06
8.25,13.75,0,6.48E-08
8.25,13.25,0,3.71E-07
8.25,12.75,0,-2.46E-07
8.25,12.25,0,2.04E-07
8.25,11.75,0,-8.57E-08
8.25,11.25,0,3.02E-08
8.25,10.75,0,-7.77E-09
8.25,10.25,0,-4.69E-09
8.25,9.75,0,1.98E-09
8.25,9.25,0,-1.60E-09
8.25,8.75,0,9.37E-10
8.25,8.25,0,2.49E-10
8.25,7.75,0,-4.52E-10
8.25,7.25,0,-3.07E-10
8.25,6.75,0,1.66E-11
8.25,6.25,0,-2.24E-11
8.25,5.75,0,-6.54E-09
8.25,5.25,0,7.60E-09
8.25,4.75,0,1.68E-08
8.25,4.25,0,-3.77E-08
8.25,3.75,0,-1.72E-07
8.25,3.25,0,4.11E-07
8.25,2.75,0,-5.77E-07
8.25,2.25,0,-4.82E-08
8.25,1.75,0,-7.25E-07
8.25,1.25,0,5.52E-08
8.25,0.75,0,7.25E-07
8.25,0.25,0,-3.68E-06
8.25,-0.25,0,2.45E-07
8.25,-0.75,0,1.88E-06
8.25,-1.25,0,-1.52E-05
8.25,-1.75,0,-8.13E-06
8.25,-2.25,0,-6.28E-06
8.25,-2.75,0,2.33E-05
8.25,-3.25,0,1.04E-05
8.25,-3.75,0,-8.72E-05
8.25,-4.25,0,5.37E-05
8.25,-4.75,0,-5.42E-05
8.25,-5.25,0,2.24E-05
8.25,-5.75,0,-0.000453808
8.25,-6.25,0,-0.006522294
8.25,-6.75,0,0.006477588
8.25,-7.25,0,-1.012012122
8.25,-7.75,0,-0.953515299
8.25,-8.25,0,-0.979432993
8.25,-8.75,0,-0.957807941
8.25,-9.25,0,-0.963331378
8.25,-9.75,0,-0.939598146
8.25,-10.25,0,-0.938305858
8.25,-10.75,0,-0.988022912
8.25,-11.25,0,-0.942547412
8.25,-11.75,0,-0.919018911
8.25,-12.25,0,-1.00957635
8.25,-12.75,0,-0.96831032
8.25,-13.25,0,-0.905839487
8.25,-13.75,0,-0.93663952
8.25,-14.25,0,-0.022815043
8.25,-14.75,0,-0.002788871
8.75,14.75,0,6.86E-06
8.75,14.25,0,1.37E-07
8.75,13.75,0,1.01E-06
8.75,13.25,0,-1.84E-07
8.75,12.75,0,1.57E-07
8.75,12.25,0,7.67E-08
8.75,11.75,0,-8.07E-08
8.75,11.25,0,4.51E-08
8.75,10.75,0,-1.46E-08
8.75,10.25,0,2.24E-09
8.75,9.75,0,7.66E-10
8.75,9.25,0,-3.30E-10
8.75,8.75,0,1.57E-10
8.75,8.25,0,-6.21E-10
8.75,7.75,0,-4.13E-10
8.75,7.25,0,4.54E-10
8.75,6.75,0,-7.27E-10
8.75,6.25,0,1.85E-11
8.75,5.75,0,3.22E-09
8.75,5.25,0,-3.15E-09
8.75,4.75,0,9.93E-10
8.75,4.25,0,5.43E-09
8.75,3.75,0,-2.07E-08
8.75,3.25,0,-5.44E-08
8.75,2.75,0,3.13E-07
8.75,2.25,0,-4.69E-07
8.75,1.75,0,1.07E-06
8.75,1.25,0,-3.31E-07
8.75,0.75,0,1.27E-06
8.75,0.25,0,3.71E-07
8.75,-0.25,0,1.93E-06
8.75,-0.75,0,2.34E-06
8.75,-1.25,0,1.84E-06
8.75,-1.75,0,-4.62E-06
8.75,-2.25,0,1.06E-05
8.75,-2.75,0,-1.99E-05
8.75,-3.25,0,3.95E-05
8.75,-3.75,0,-3.59E-05
8.75,-4.25,0,3.74E-05
8.75,-4.75,0,-6.27E-05
8.75,-5.25,0,-0.000253639
8.75,-5.75,0,-0.001116739
8.75,-6.25,0,-0.001608763
8.75,-6.75,0,-0.022613136
8.75,-7.25,0,-0.894201815
8.75,-7.75,0,-0.923408197
8.75,-8.25,0,-0.045642427
8.75,-8.75,0,-0.019728408
8.75,-9.25,0,-0.000918338
8.75,-9.75,0,-0.049244014
8.75,-10.25,0,-0.018239099
8.75,-10.75,0,0.015105904
8.75,-11.25,0,-0.030744607
8.75,-11.75,0,-0.007703092
8.75,-12.25,0,-0.021257416
8.75,-12.75,0,0.000891338
8.75,-13.25,0,-0.989953224
8.75,-13.75,0,-0.953913159
8.75,-14.25,0,0.001783809
8.75,-14.75,0,-0.012335669
9.25,14.75,0,2.90E-06
9.25,14.25,0,1.47E-06
9.25,13.75,0,3.23E-07
9.25,13.25,0,3.95E-07
9.25,12.75,0,-3.01E-07
9.25,12.25,0,2.35E-07
9.25,11.75,0,-8.19E-08
9.25,11.25,0,4.03E-08
9.25,10.75,0,-2.30E-08
9.25,10.25,0,9.40E-09
9.25,9.75,0,-3.96E-09
9.25,9.25,0,2.18E-09
9.25,8.75,0,-4.44E-10
9.25,8.25,0,1.15E-09
9.25,7.75,0,-4.92E-11
9.25,7.25,0,5.61E-10
9.25,6.75,0,1.09E-09
9.25,6.25,0,-1.49E-09
9.25,5.75,0,-4.68E-09
9.25,5.25,0,8.27E-09
9.25,4.75,0,-6.82E-09
9.25,4.25,0,1.85E-08
9.25,3.75,0,-1.23E-07
9.25,3.25,0,1.79E-07
9.25,2.75,0,-6.46E-08
9.25,2.25,0,2.61E-07
9.25,1.75,0,-6.31E-07
9.25,1.25,0,1.71E-08
9.25,0.75,0,-1.89E-07
9.25,0.25,0,-1.20E-07
9.25,-0.25,0,1.06E-06
9.25,-0.75,0,-5.98E-07
9.25,-1.25,0,2.34E-07
9.25,-1.75,0,5.55E-06
9.25,-2.25,0,-6.27E-06
9.25,-2.75,0,1.10E-05
9.25,-3.25,0,-4.31E-05
9.25,-3.75,0,5.25E-05
9.25,-4.25,0,8.00E-05
9.25,-4.75,0,-0.000337979
9.25,-5.25,0,-2.07E-05
9.25,-5.75,0,0.000551222
9.25,-6.25,0,-0.008047071
9.25,-6.75,0,-0.003404986
9.25,-7.25,0,-1.014510512
9.25,-7.75,0,-0.995265259
9.25,-8.25,0,0.039351357
9.25,-8.75,0,-0.015999322
9.25,-9.25,0,-0.002914814
9.25,-9.75,0,0.002652796
9.25,-10.25,0,0.001863355
9.25,-10.75,0,-0.005857076
9.25,-11.25,0,0.000594915
9.25,-11.75,0,-0.002412774
9.25,-12.25,0,-0.016407881
9.25,-12.75,0,0.003226672
9.25,-13.25,0,-0.927202419
9.25,-13.75,0,-0.970181907
9.25,-14.25,0,-0.005454199
9.25,-14.75,0,-0.010839568
9.75,14.75,0,3.16E-06
9.75,14.25,0,1.66E-06
9.75,13.75,0,-7.74E-09
9.75,13.25,0,3.66E-07
9.75,12.75,0,-1.84E-07
9.75,12.25,0,1.64E-07
9.75,11.75,0,-8.12E-08
9.75,11.25,0,4.39E-08
9.75,10.75,0,-5.12E-09
9.75,10.25,0,1.65E-10
9.75,9.75,0,-4.34E-09
9.75,9.25,0,1.99E-09
9.75,8.75,0,-1.81E-09
9.75,8.25,0,-8.71E-10
9.75,7.75,0,-7.81E-10
9.75,7.25,0,1.91E-10
9.75,6.75,0,-2.24E-09
9.75,6.25,0,-7.58E-10
9.75,5.75,0,-9.30E-10
9.75,5.25,0,-1.19E-09
9.75,4.75,0,-7.05E-10
9.75,4.25,0,5.48E-09
9.75,3.75,0,9.13E-09
9.75,3.25,0,-1.91E-07
9.75,2.75,0,-2.37E-08
9.75,2.25,0,-3.21E-09
9.75,1.75,0,1.15E-07
9.75,1.25,0,-1.29E-07
9.75,0.75,0,-4.76E-07
9.75,0.25,0,-7.84E-07
9.75,-0.25,0,-1.21E-06
9.75,-0.75,0,1.70E-06
9.75,-1.25,0,1.48E-06
9.75,-1.75,0,-5.50E-06
9.75,-2.25,0,5.02E-06
9.75,-2.75,0,5.47E-07
9.75,-3.25,0,1.94E-06
9.75,-3.75,0,-2.40E-05
9.75,-4.25,0,-0.000104969
9.75,-4.75,0,0.000303764
9.75,-5.25,0,-0.000721081
9.75,-5.75,0,-0.000190075
9.75,-6.25,0,-0.002317849
9.75,-6.75,0,-0.015624932
9.75,-7.25,0,-0.967669828
9.75,-7.75,0,-0.915291315
9.75,-8.25,0,-0.020336513
9.75,-8.75,0,-0.008285267
9.75,-9.25,0,-0.001016512
9.75,-9.75,0,-0.002679317
9.75,-10.25,0,-0.003466698
9.75,-10.75,0,-0.018714461
9.75,-11.25,0,-0.020409817
9.75,-11.75,0,-0.001491932
9.75,-12.25,0,-0.013832579
9.75,-12.75,0,0.001848241
9.75,-13.25,0,-0.966229665
9.75,-13.75,0,-1.012165797
9.75,-14.25,0,0.033815144
9.75,-14.75,0,-0.016320792
10.25,14.75,0,3.26E-06
10.25,14.25,0,4.16E-07
10.25,13.75,0,1.95E-07
10.25,13.25,0,3.98E-07
10.25,12.75,0,-2.35E-07
10.25,12.25,0,1.93E-07
10.25,11.75,0,-1.36E-07
10.25,11.25,0,5.27E-08
10.25,10.75,0,-1.28E-08
10.25,10.25,0,-2.30E-10
10.25,9.75,0,3.90E-09
10.25,9.25,0,-8.19E-11
10.25,8.75,0,1.86E-09
10.25,8.25,0,-2.51E-10
10.25,7.75,0,2.32E-09
10.25,7.25,0,-5.19E-10
10.25,6.75,0,9.43E-10
10.25,6.25,0,-2.15E-09
10.25,5.75,0,8.57E-10
10.25,5.25,0,-1.25E-09
10.25,4.75,0,3.48E-09
10.25,4.25,0,-2.56E-09
10.25,3.75,0,-1.55E-08
10.25,3.25,0,5.22E-08
10.25,2.75,0,-2.40E-08
10.25,2.25,0,-6.49E-08
10.25,1.75,0,5.38E-08
10.25,1.25,0,-1.19E-07
10.25,0.75,0,8.73E-08
10.25,0.25,0,-3.64E-07
10.25,-0.25,0,1.81E-07
10.25,-0.75,0,-4.59E-07
10.25,-1.25,0,-7.40E-07
10.25,-1.75,0,-2.80E-07
10.25,-2.25,0,4.48E-07
10.25,-2.75,0,-5.94E-06
10.25,-3.25,0,1.77E-05
10.25,-3.75,0,-3.15E-05
10.25,-4.25,0,9.66E-05
10.25,-4.75,0,-0.000174949
10.25,-5.25,0,-0.000270929
10.25,-5.75,0,0.00051488
10.25,-6.25,0,-0.004241796
10.25,-6.75,0,-0.02404519
10.25,-7.25,0,-0.938634591
10.25,-7.75,0,-0.93425353
10.25,-8.25,0,-0.033021771
10.25,-8.75,0,0.000547851
10.25,-9.25,0,-0.001312231
10.25,-9.75,0,0.001432822
10.25,-10.25,0,-0.025803348
10.25,-10.75,0,0.051350744
10.25,-11.25,0,0.043069036
10.25,-11.75,0,-0.01765952
10.25,-12.25,0,-0.008885798
10.25,-12.75,0,-0.0045363
10.25,-13.25,0,-0.909231992
10.25,-13.75,0,-0.919063436
10.25,-14.25,0,-0.02964849
10.25,-14.75,0,-0.003418764
10.75,14.75,0,3.69E-06
10.75,14.25,0,1.59E-06
10.75,13.75,0,-3.13E-07
10.75,13.25,0,4.12E-07
10.75,12.75,0,-2.10E-07
10.75,12.25,0,1.12E-07
10.75,11.75,0,-6.20E-08
10.75,11.25,0,4.82E-08
10.75,10.75,0,-1.03E-08
10.75,10.25,0,-7.43E-10
10.75,9.75,0,1.13E-09
10.75,9.25,0,6.40E-11
10.75,8.75,0,2.58E-09
10.75,8.25,0,7.24E-09
10.75,7.75,0,7.83E-10
10.75,7.25,0,6.12E-09
10.75,6.75,0,4.35E-09
10.75,6.25,0,4.93E-09
10.75,5.75,0,5.19E-09
10.75,5.25,0,4.09E-09
10.75,4.75,0,7.11E-09
10.75,4.25,0,2.97E-09
10.75,3.75,0,7.14E-09
10.75,3.25,0,1.39E-08
10.75,2.75,0,-8.57E-09
10.75,2.25,0,4.22E-08
10.75,1.75,0,4.46E-08
10.75,1.25,0,4.11E-08
10.75,0.75,0,5.75E-08
10.75,0.25,0,5.21E-09
10.75,-0.25,0,1.26E-07
10.75,-0.75,0,-4.36E-07
10.75,-1.25,0,3.86E-07
10.75,-1.75,0,1.72E-07
10.75,-2.25,0,-3.65E-06
10.75,-2.75,0,-4.51E-06
10.75,-3.25,0,2.49E-05
10.75,-3.75,0,-6.05E-05
10.75,-4.25,0,-1.51E-05
10.75,-4.75,0,0.000154532
10.75,-5.25,0,-0.000852128
10.75,-5.75,0,-0.00016685
10.75,-6.25,0,-0.002113294
10.75,-6.75,0,-0.023028723
10.75,-7.25,0,-0.957906818
10.75,-7.75,0,-1.018044686
10.75,-8.25,0,0.012559846
10.75,-8.75,0,-0.021000834
10.75,-9.25,0,-0.006050591
10.75,-9.75,0,-0.00172699
10.75,-10.25,0,0.024243716
10.75,-10.75,0,-1.012819201
10.75,-11.25,0,-0.947690307
10.75,-11.75,0,-0.063340969
10.75,-12.25,0,-0.005722576
10.75,-12.75,0,0.018621772
10.75,-13.25,0,-1.012579118
10.75,-13.75,0,-0.945398739
10.75,-14.25,0,0.001630784
10.75,-14.75,0,-0.009270458
11.25,14.75,0,2.50E-06
11.25,14.25,0,1.57E-06
11.25,13.75,0,-3.25E-07
11.25,13.25,0,4.22E-07
11.25,12.75,0,-2.56E-07
11.25,12.25,0,1.94E-07
11.25,11.75,0,-4.44E-08
11.25,11.25,0,3.23E-08
11.25,10.75,0,-3.74E-08
11.25,10.25,0,1.31E-08
11.25,9.75,0,-1.33E-08
11.25,9.25,0,4.77E-09
11.25,8.75,0,-6.94E-09
11.25,8.25,0,-1.79E-08
11.25,7.75,0,-1.65E-08
11.25,7.25,0,-1.34E-08
11.25,6.75,0,-2.52E-08
11.25,6.25,0,-1.74E-08
11.25,5.75,0,-1.78E-08
11.25,5.25,0,-1.80E-08
11.25,4.75,0,-2.22E-08
11.25,4.25,0,-9.55E-09
11.25,3.75,0,-2.72E-08
11.25,3.25,0,-1.21E-08
11.25,2.75,0,-5.24E-08
11.25,2.25,0,1.67E-08
11.25,1.75,0,-4.84E-08
11.25,1.25,0,1.00E-08
11.25,0.75,0,-6.42E-08
11.25,0.25,0,-1.27E-07
11.25,-0.25,0,-3.41E-09
11.25,-0.75,0,1.44E-07
11.25,-1.25,0,2.12E-07
11.25,-1.75,0,-8.02E-07
11.25,-2.25,0,2.40E-06
11.25,-2.75,0,-4.11E-06
11.25,-3.25,0,-1.69E-05
11.25,-3.75,0,3.57E-05
11.25,-4.25,0,-7.29E-05
11.25,-4.75,0,3.89E-05
11.25,-5.25,0,0.000127256
11.25,-5.75,0,-0.001534484
11.25,-6.25,0,-0.003318863
11.25,-6.75,0,-0.002087136
11.25,-7.25,0,-0.931012516
11.25,-7.75,0,-0.922909644
11.25,-8.25,0,0.039349004
11.25,-8.75,0,-0.009104801
11.25,-9.25,0,0.01364292
11.25,-9.75,0,-0.062128141
11.25,-10.25,0,-0.010272215
11.25,-10.75,0,-0.932035621
11.25,-11.25,0,-1.016893821
11.25,-11.75,0,0.038318229
11.25,-12.25,0,-0.065074571
11.25,-12.75,0,0.061367791
11.25,-13.25,0,-1.002598182
11.25,-13.75,0,-0.983766837
11.25,-14.25,0,0.023983558
11.25,-14.75,0,-0.017945684
11.75,14.75,0,3.21E-06
11.75,14.25,0,8.98E-07
11.75,13.75,0,-4.65E-07
11.75,13.25,0,6.84E-07
11.75,12.75,0,-1.73E-07
11.75,12.25,0,2.31E-08
11.75,11.75,0,-3.96E-10
11.75,11.25,0,-8.94E-09
11.75,10.75,0,4.06E-08
11.75,10.25,0,-7.85E-10
11.75,9.75,0,1.47E-08
11.75,9.25,0,7.15E-09
11.75,8.75,0,5.15E-09
11.75,8.25,0,3.34E-08
11.75,7.75,0,3.33E-08
11.75,7.25,0,3.64E-08
11.75,6.75,0,4.08E-08
11.75,6.25,0,3.18E-08
11.75,5.75,0,2.64E-08
11.75,5.25,0,5.17E-08
11.75,4.75,0,3.14E-08
11.75,4.25,0,3.18E-08
11.75,3.75,0,5.91E-08
11.75,3.25,0,4.94E-08
11.75,2.75,0,7.69E-08
11.75,2.25,0,6.12E-08
11.75,1.75,0,2.47E-08
11.75,1.25,0,5.49E-08
11.75,0.75,0,7.72E-08
11.75,0.25,0,8.09E-08
11.75,-0.25,0,9.43E-10
11.75,-0.75,0,1.04E-07
11.75,-1.25,0,-3.79E-07
11.75,-1.75,0,-3.14E-08
11.75,-2.25,0,-1.35E-06
11.75,-2.75,0,1.09E-06
11.75,-3.25,0,-1.41E-06
11.75,-3.75,0,-2.14E-05
11.75,-4.25,0,-1.32E-05
11.75,-4.75,0,0.000126549
11.75,-5.25,0,-0.000592596
11.75,-5.75,0,0.000664909
11.75,-6.25,0,-0.004486657
11.75,-6.75,0,0.003750987
11.75,-7.25,0,-1.05994106
11.75,-7.75,0,-0.888186464
11.75,-8.25,0,-1.050407475
11.75,-8.75,0,-0.948765012
11.75,-9.25,0,-0.963601786
11.75,-9.75,0,0.038055526
11.75,-10.25,0,-0.032203656
11.75,-10.75,0,-0.939604712
11.75,-11.25,0,-0.911255539
11.75,-11.75,0,-0.980621481
11.75,-12.25,0,-0.919116815
11.75,-12.75,0,-1.003338399
11.75,-13.25,0,-0.887639171
11.75,-13.75,0,-1.042977385
11.75,-14.25,0,0.033089085
11.75,-14.75,0,-0.012498416
12.25,14.75,0,2.72E-06
12.25,14.25,0,1.39E-06
12.25,13.75,0,-1.17E-07
12.25,13.25,0,2.51E-07
12.25,12.75,0,-1.15E-07
12.25,12.25,0,1.02E-08
12.25,11.75,0,-7.18E-09
12.25,11.25,0,-4.20E-08
12.25,10.75,0,-3.55E-08
12.25,10.25,0,-2.08E-08
12.25,9.75,0,1.11E-08
12.25,9.25,0,-3.93E-08
12.25,8.75,0,-2.63E-08
12.25,8.25,0,-8.12E-08
12.25,7.75,0,-5.78E-08
12.25,7.25,0,-8.59E-08
12.25,6.75,0,-5.14E-08
12.25,6.25,0,-1.30E-07
12.25,5.75,0,-9.68E-09
12.25,5.25,0,-1.40E-07
12.25,4.75,0,-6.69E-08
12.25,4.25,0,-1.38E-07
12.25,3.75,0,-7.54E-08
12.25,3.25,0,-1.29E-07
12.25,2.75,0,-9.75E-08
12.25,2.25,0,-2.06E-07
12.25,1.75,0,-1.18E-07
12.25,1.25,0,-1.43E-07
12.25,0.75,0,-1.58E-07
12.25,0.25,0,-1.70E-07
12.25,-0.25,0,-4.25E-08
12.25,-0.75,0,-3.64E-07
12.25,-1.25,0,1.02E-07
12.25,-1.75,0,-6.07E-07
12.25,-2.25,0,-1.18E-07
12.25,-2.75,0,4.71E-06
12.25,-3.25,0,-1.35E-05
12.25,-3.75,0,-5.47E-06
12.25,-4.25,0,-1.80E-05
12.25,-4.75,0,1.40E-05
12.25,-5.25,0,3.90E-05
12.25,-5.75,0,-0.001145116
12.25,-6.25,0,0.002636161
12.25,-6.75,0,-0.018772989
12.25,-7.25,0,0.052409234
12.25,-7.75,0,-0.986775184
12.25,-8.25,0,-0.882129085
12.25,-8.75,0,-0.957180029
12.25,-9.25,0,-0.968993128
12.25,-9.75,0,-0.008202771
12.25,-10.25,0,0.028709938
12.25,-10.75,0,-0.999448341
12.25,-11.25,0,-0.882945933
12.25,-11.75,0,-1.027281243
12.25,-12.25,0,-0.980946519
12.25,-12.75,0,-0.924348958
12.25,-13.25,0,-1.00456024
12.25,-13.75,0,0.094445644
12.25,-14.25,0,-0.030787014
12.25,-14.75,0,0.00098025
12.75,14.75,0,1.89E-06
12.75,14.25,0,9.32E-07
12.75,13.75,0,-7.66E-08
12.75,13.25,0,4.86E-07
12.75,12.75,0,-2.54E-07
12.75,12.25,0,1.64E-07
12.75,11.75,0,-1.62E-08
12.75,11.25,0,4.93E-08
12.75,10.75,0,7.43E-08
12.75,10.25,0,1.83E-08
12.75,9.75,0,-1.05E-07
12.75,9.25,0,-9.28E-09
12.75,8.75,0,1.07E-07
12.75,8.25,0,3.58E-08
12.75,7.75,0,1.02E-07
12.75,7.25,0,7.87E-08
12.75,6.75,0,4.99E-08
12.75,6.25,0,1.27E-07
12.75,5.75,0,-2.82E-08
12.75,5.25,0,7.54E-08
12.75,4.75,0,1.47E-07
12.75,4.25,0,1.06E-07
12.75,3.75,0,1.06E-07
12.75,3.25,0,7.79E-08
12.75,2.75,0,1.80E-07
12.75,2.25,0,2.36E-07
12.75,1.75,0,6.99E-08
12.75,1.25,0,-3.07E-08
12.75,0.75,0,2.23E-07
12.75,0.25,0,1.60E-07
12.75,-0.25,0,2.88E-07
12.75,-0.75,0,8.49E-08
12.75,-1.25,0,2.32E-09
12.75,-1.75,0,-7.16E-07
12.75,-2.25,0,1.08E-06
12.75,-2.75,0,-9.16E-07
12.75,-3.25,0,4.04E-06
12.75,-3.75,0,-1.26E-05
12.75,-4.25,0,-6.62E-05
12.75,-4.75,0,8.74E-05
12.75,-5.25,0,-0.000279849
12.75,-5.75,0,0.000156702
12.75,-6.25,0,-0.002071583
12.75,-6.75,0,0.004101692
12.75,-7.25,0,-0.043062952
12.75,-7.75,0,0.027756332
12.75,-8.25,0,-0.035594065
12.75,-8.75,0,0.001469912
12.75,-9.25,0,0.023610083
12.75,-9.75,0,-0.020925589
12.75,-10.25,0,-0.039062714
12.75,-10.75,0,0.01946913
12.75,-11.25,0,-0.016527237
12.75,-11.75,0,0.012409443
12.75,-12.25,0,0.002729759
12.75,-12.75,0,0.016717541
12.75,-13.25,0,0.01708138
12.75,-13.75,0,-0.027726251
12.75,-14.25,0,-0.004902706
12.75,-14.75,0,-0.002289504
13.25,14.75,0,2.01E-06
13.25,14.25,0,8.24E-07
13.25,13.75,0,6.49E-07
13.25,13.25,0,-3.65E-08
13.25,12.75,0,-3.24E-07
13.25,12.25,0,1.91E-07
13.25,11.75,0,-1.21E-07
13.25,11.25,0,-3.31E-08
13.25,10.75,0,-9.63E-08
13.25,10.25,0,-1.18E-07
13.25,9.75,0,1.20E-07
13.25,9.25,0,8.41E-08
13.25,8.75,0,-6.97E-08
13.25,8.25,0,7.44E-08
13.25,7.75,0,-2.19E-07
13.25,7.25,0,-2.67E-08
13.25,6.75,0,-1.82E-07
13.25,6.25,0,-1.56E-07
13.25,5.75,0,3.84E-08
13.25,5.25,0,7.21E-08
13.25,4.75,0,-2.76E-07
13.25,4.25,0,4.78E-09
13.25,3.75,0,-2.36E-07
13.25,3.25,0,2.38E-07
13.25,2.75,0,-3.52E-07
13.25,2.25,0,-3.61E-07
13.25,1.75,0,-3.22E-07
13.25,1.25,0,1.24E-08
13.25,0.75,0,-7.67E-07
13.25,0.25,0,-4.53E-08
13.25,-0.25,0,-6.11E-07
13.25,-0.75,0,2.86E-07
13.25,-1.25,0,-1.03E-06
13.25,-1.75,0,-1.31E-06
13.25,-2.25,0,-5.60E-07
13.25,-2.75,0,2.19E-07
13.25,-3.25,0,-4.81E-07
13.25,-3.75,0,-1.72E-05
13.25,-4.25,0,-1.17E-06
13.25,-4.75,0,6.13E-05
13.25,-5.25,0,-4.65E-05
13.25,-5.75,0,-3.24E-05
13.25,-6.25,0,-0.000157427
13.25,-6.75,0,-0.002062038
13.25,-7.25,0,0.006258074
13.25,-7.75,0,-0.011480949
13.25,-8.25,0,-0.002126386
13.25,-8.75,0,-0.007734839
13.25,-9.25,0,-0.012762118
13.25,-9.75,0,0.001572398
13.25,-10.25,0,0.006082189
13.25,-10.75,0,-0.013301471
13.25,-11.25,0,-0.005477736
13.25,-11.75,0,-0.00948265
13.25,-12.25,0,-0.018874551
13.25,-12.75,0,-0.011412734
13.25,-13.25,0,-0.007845651
13.25,-13.75,0,-0.006619544
13.25,-14.25,0,0.00025021
13.25,-14.75,0,-0.000516502
13.75,14.75,0,3.51E-06
13.75,14.25,0,-1.66E-06
13.75,13.75,0,1.60E-06
13.75,13.25,0,-1.45E-07
13.75,12.75,0,2.88E-07
13.75,12.25,0,-2.16E-07
13.75,11.75,0,2.59E-07
13.75,11.25,0,-8.92E-08
13.75,10.75,0,-2.34E-08
13.75,10.25,0,-2.45E-07
13.75,9.75,0,-4.37E-07
13.75,9.25,0,-1.93E-07
13.75,8.75,0,-4.82E-07
13.75,8.25,0,-4.15E-07
13.75,7.75,0,-2.11E-07
13.75,7.25,0,-1.23E-07
13.75,6.75,0,-4.55E-07
13.75,6.25,0,-5.98E-07
13.75,5.75,0,-3.61E-07
13.75,5.25,0,-7.44E-07
13.75,4.75,0,-2.81E-07
13.75,4.25,0,-7.72E-07
13.75,3.75,0,-3.01E-07
13.75,3.25,0,-1.07E-06
13.75,2.75,0,-3.13E-07
13.75,2.25,0,-4.55E-07
13.75,1.75,0,-3.15E-08
13.75,1.25,0,-1.31E-06
13.75,0.75,0,-3.81E-07
13.75,0.25,0,-4.57E-07
13.75,-0.25,0,-1.41E-06
13.75,-0.75,0,-1.16E-06
13.75,-1.25,0,1.37E-07
13.75,-1.75,0,-1.55E-06
13.75,-2.25,0,-5.98E-07
13.75,-2.75,0,-2.24E-06
13.75,-3.25,0,4.24E-06
13.75,-3.75,0,-9.41E-06
13.75,-4.25,0,2.02E-05
13.75,-4.75,0,-5.52E-05
13.75,-5.25,0,-7.93E-07
13.75,-5.75,0,-7.99E-05
13.75,-6.25,0,-0.000179915
13.75,-6.75,0,7.20E-05
13.75,-7.25,0,-0.001978704
13.75,-7.75,0,7.15E-05
13.75,-8.25,0,0.000807176
13.75,-8.75,0,-0.001025136
13.75,-9.25,0,0.001190036
13.75,-9.75,0,-0.000604628
13.75,-10.25,0,-0.002340392
13.75,-10.75,0,0.001906762
13.75,-11.25,0,-0.001140958
13.75,-11.75,0,0.00105634
13.75,-12.25,0,0.001413739
13.75,-12.75,0,0.001062214
13.75,-13.25,0,-0.000974577
13.75,-13.75,0,-0.000153213
13.75,-14.25,0,8.60E-05
13.75,-14.75,0,-0.00072108
14.25,14.75,0,3.19E-06
14.25,14.25,0,5.44E-07
14.25,13.75,0,1.01E-06
14.25,13.25,0,3.50E-07
14.25,12.75,0,-3.15E-07
14.25,12.25,0,-6.00E-08
14.25,11.75,0,-2.02E-07
14.25,11.25,0,-4.82E-08
14.25,10.75,0,-2.79E-07
14.25,10.25,0,-3.38E-07
14.25,9.75,0,9.75E-08
14.25,9.25,0,-1.80E-07
14.25,8.75,0,-1.44E-07
14.25,8.25,0,-1.40E-07
14.25,7.75,0,-3.64E-07
14.25,7.25,0,-6.38E-07
14.25,6.75,0,2.62E-08
14.25,6.25,0,-8.97E-07
14.25,5.75,0,-2.59E-07
14.25,5.25,0,-7.94E-08
14.25,4.75,0,-5.82E-07
14.25,4.25,0,-5.60E-07
14.25,3.75,0,2.38E-07
14.25,3.25,0,9.79E-07
14.25,2.75,0,-1.61E-06
14.25,2.25,0,-5.08E-07
14.25,1.75,0,-2.90E-06
14.25,1.25,0,2.49E-07
14.25,0.75,0,-3.30E-06
14.25,0.25,0,-3.35E-06
14.25,-0.25,0,-4.51E-07
14.25,-0.75,0,-2.36E-06
14.25,-1.25,0,-4.35E-06
14.25,-1.75,0,-4.83E-06
14.25,-2.25,0,-2.11E-06
14.25,-2.75,0,-6.13E-06
14.25,-3.25,0,-8.96E-06
14.25,-3.75,0,-1.84E-05
14.25,-4.25,0,-4.59E-06
14.25,-4.75,0,-1.10E-05
14.25,-5.25,0,-3.59E-05
14.25,-5.75,0,3.99E-05
14.25,-6.25,0,-0.000163682
14.25,-6.75,0,7.17E-05
14.25,-7.25,0,-1.76E-05
14.25,-7.75,0,-0.000301363
14.25,-8.25,0,-0.000420638
14.25,-8.75,0,-0.000560543
14.25,-9.25,0,-0.000282082
14.25,-9.75,0,-0.000500969
14.25,-10.25,0,4.63E-05
14.25,-10.75,0,-0.000803873
14.25,-11.25,0,-0.000146989
14.25,-11.75,0,-0.000664249
14.25,-12.25,0,-0.000790271
14.25,-12.75,0,-0.000195048
14.25,-13.25,0,0.000959577
14.25,-13.75,0,-0.00112644
14.25,-14.25,0,-4.38E-05
14.25,-14.75,0,-0.000511979
14.75,14.75,0,3.51E-06
14.75,14.25,0,1.44E-06
14.75,13.75,0,-3.87E-08
14.75,13.25,0,4.53E-07
14.75,12.75,0,-5.25E-07
14.75,12.25,0,-2.80E-08
14.75,11.75,0,-1.47E-06
14.75,11.25,0,-8.32E-07
14.75,10.75,0,-1.20E-06
14.75,10.25,0,-6.31E-07
14.75,9.75,0,-1.69E-06
14.75,9.25,0,-1.97E-06
14.75,8.75,0,-1.51E-06
14.75,8.25,0,-2.17E-06
14.75,7.75,0,-1.14E-06
14.75,7.25,0,-2.67E-06
14.75,6.75,0,-2.44E-06
14.75,6.25,0,-1.75E-06
14.75,5.75,0,-5.00E-06
14.75,5.25,0,-3.00E-06
14.75,4.75,0,-2.46E-06
14.75,4.25,0,-3.54E-06
14.75,3.75,0,-5.78E-06
14.75,3.25,0,-6.67E-06
14.75,2.75,0,-5.13E-06
14.75,2.25,0,-2.67E-06
14.75,1.75,0,-6.31E-06
14.75,1.25,0,-9.76E-06
14.75,0.75,0,-4.86E-06
14.75,0.25,0,-2.63E-06
14.75,-0.25,0,-7.38E-06
14.75,-0.75,0,-8.63E-06
14.75,-1.25,0,-9.32E-06
14.75,-1.75,0,-5.76E-06
14.75,-2.25,0,-1.68E-05
14.75,-2.75,0,-6.47E-06
14.75,-3.25,0,-2.42E-05
14.75,-3.75,0,-6.06E-06
14.75,-4.25,0,-4.37E-05
14.75,-4.75,0,-2.88E-05
14.75,-5.25,0,-2.85E-05
14.75,-5.75,0,-6.71E-05
14.75,-6.25,0,1.14E-05
14.75,-6.75,0,-5.24E-06
14.75,-7.25,0,-0.000194063
14.75,-7.75,0,-3.68E-05
14.75,-8.25,0,-3.41E-05
14.75,-8.75,0,-6.95E-05
14.75,-9.25,0,-0.00019589
14.75,-9.75,0,8.57E-06
14.75,-10.25,0,-0.000124672
14.75,-10.75,0,2.87E-05
14.75,-11.25,0,-0.000213049
14.75,-11.75,0,-0.000183369
14.75,-12.25,0,-0.000221056
14.75,-12.75,0,-0.000278024
14.75,-13.25,0,-0.000488878
14.75,-13.75,0,1.53E-06
14.75,-14.25,0,-0.00021805
14.75,-14.75,0,-0.000476389
