-14.75,14.75,0,0.001094392
-14.75,14.25,0,0.002216518
-14.75,13.75,0,-0.001835429
-14.75,13.25,0,0.001383646
-14.75,12.75,0,0.0014264
-14.75,12.25,0,-0.000201774
-14.75,11.75,0,-2.59E-05
-14.75,11.25,0,0.000827124
-14.75,10.75,0,0.001930727
-14.75,10.25,0,0.00164684
-14.75,9.75,0,-0.001941483
-14.75,9.25,0,0.002313773
-14.75,8.75,0,-1.97E-05
-14.75,8.25,0,-0.000381034
-14.75,7.75,0,0.000705482
-14.75,7.25,0,-7.75E-06
-14.75,6.75,0,-5.91E-05
-14.75,6.25,0,0.000781304
-14.75,5.75,0,0.000535836
-14.75,5.25,0,0.000701265
-14.75,4.75,0,0.000249338
-14.75,4.25,0,-0.001145833
-14.75,3.75,0,0.000374203
-14.75,3.25,0,0.000661254
-14.75,2.75,0,8.66E-05
-14.75,2.25,0,0.000415694
-14.75,1.75,0,0.000215988
-14.75,1.25,0,-0.000358165
-14.75,0.75,0,0.000315218
-14.75,0.25,0,-0.000562621
-14.75,-0.25,0,0.001214307
-14.75,-0.75,0,-0.00082835
-14.75,-1.25,0,-0.00053158
-14.75,-1.75,0,-0.000330391
-14.75,-2.25,0,-0.00210919
-14.75,-2.75,0,0.001483203
-14.75,-3.25,0,8.97E-05
-14.75,-3.75,0,-0.000447957
-14.75,-4.25,0,0.00147587
-14.75,-4.75,0,-0.001147116
-14.75,-5.25,0,0.000189784
-14.75,-5.75,0,-0.00010919
-14.75,-6.25,0,0.000134214
-14.75,-6.75,0,0.000521906
-14.75,-7.25,0,-0.000732099
-14.75,-7.75,0,0.000345917
-14.75,-8.25,0,-0.000352374
-14.75,-8.75,0,0.000196121
-14.75,-9.25,0,0.000171124
-14.75,-9.75,0,0.000857104
-14.75,-10.25,0,-0.000523736
-14.75,-10.75,0,0.00056196
-14.75,-11.25,0,-0.001003155
-14.75,-11.75,0,-0.000291836
-14.75,-12.25,0,-0.000305914
-14.75,-12.75,0,0.001340429
-14.75,-13.25,0,-0.001240558
-14.75,-13.75,0,0.000912816
-14.75,-14.25,0,-0.000524291
-14.75,-14.75,0,0.001058664
-14.25,14.75,0,-0.0005072
-14.25,14.25,0,-0.001177429
-14.25,13.75,0,0.002816685
-14.25,13.25,0,0.009371913
-14.25,12.75,0,0.008043016
-14.25,12.25,0,-0.001602608
-14.25,11.75,0,0.001350761
-14.25,11.25,0,-0.000532713
-14.25,10.75,0,-0.00198533
-14.25,10.25,0,0.002003688
-14.25,9.75,0,-9.99E-04
-14.25,9.25,0,0.000468092
-14.25,8.75,0,-0.000293306
-14.25,8.25,0,0.000767987
-14.25,7.75,0,-0.000749997
-14.25,7.25,0,-0.000654296
-14.25,6.75,0,-0.000693632
-14.25,6.25,0,0.00017869
-14.25,5.75,0,-0.000454595
-14.25,5.25,0,-0.000464063
-14.25,4.75,0,0.000875493
-14.25,4.25,0,0.000201766
-14.25,3.75,0,7.31E-05
-14.25,3.25,0,0.001121238
-14.25,2.75,0,-0.000970969
-14.25,2.25,0,0.000537483
-14.25,1.75,0,0.000729692
-14.25,1.25,0,-0.000305909
-14.25,0.75,0,0.000750821
-14.25,0.25,0,-0.000764767
-14.25,-0.25,0,-0.000990132
-14.25,-0.75,0,0.000440324
-14.25,-1.25,0,0.000163366
-14.25,-1.75,0,0.002307847
-14.25,-2.25,0,-0.000618899
-14.25,-2.75,0,-4.17E-05
-14.25,-3.25,0,0.000403867
-14.25,-3.75,0,-0.00166722
-14.25,-4.25,0,0.000212866
-14.25,-4.75,0,-0.001239747
-14.25,-5.25,0,0.001135444
-14.25,-5.75,0,-0.000637496
-14.25,-6.25,0,0.000585961
-14.25,-6.75,0,-0.001094969
-14.25,-7.25,0,0.000300171
-14.25,-7.75,0,-0.000725504
-14.25,-8.25,0,0.000632519
-14.25,-8.75,0,0.000236513
-14.25,-9.25,0,0.001071681
-14.25,-9.75,0,-0.000433052
-14.25,-10.25,0,-0.000990581
-14.25,-10.75,0,-0.000262758
-14.25,-11.25,0,0.001852868
-14.25,-11.75,0,-0.001206299
-14.25,-12.25,0,0.000967518
-14.25,-12.75,0,-0.000825576
-14.25,-13.25,0,0.001739587
-14.25,-13.75,0,-0.002115055
-14.25,-14.25,0,0.000711212
-14.25,-14.75,0,-0.001294045
-13.75,14.75,0,0.002056021
-13.75,14.25,0,5.92E-03
-13.75,13.75,0,0.00894078
-13.75,13.25,0,-0.005387781
-13.75,12.75,0,-0.013025385
-13.75,12.25,0,0.024628608
-13.75,11.75,0,0.000897218
-13.75,11.25,0,0.00065522
-13.75,10.75,0,0.001495529
-13.75,10.25,0,-0.001932908
-13.75,9.75,0,0.000597369
-13.75,9.25,0,-0.000436191
-13.75,8.75,0,-0.001041408
-13.75,8.25,0,0.000356814
-13.75,7.75,0,0.000325166
-13.75,7.25,0,0.000302226
-13.75,6.75,0,-0.001216384
-13.75,6.25,0,0.000841906
-13.75,5.75,0,0.000201983
-13.75,5.25,0,-0.000325836
-13.75,4.75,0,-0.000127189
-13.75,4.25,0,0.000153443
-13.75,3.75,0,-0.001483161
-13.75,3.25,0,-0.000110722
-13.75,2.75,0,-0.000292578
-13.75,2.25,0,-0.000653747
-13.75,1.75,0,-0.000872022
-13.75,1.25,0,0.000315672
-13.75,0.75,0,-0.00162066
-13.75,0.25,0,0.001163137
-13.75,-0.25,0,0.000562972
-13.75,-0.75,0,-0.000413428
-13.75,-1.25,0,0.000254383
-13.75,-1.75,0,-0.001189625
-13.75,-2.25,0,0.001140391
-13.75,-2.75,0,6.32E-05
-13.75,-3.25,0,-0.000785749
-13.75,-3.75,0,0.001590616
-13.75,-4.25,0,-0.000506507
-13.75,-4.75,0,-1.79E-05
-13.75,-5.25,0,7.45E-05
-13.75,-5.75,0,-0.000503245
-13.75,-6.25,0,-0.001422276
-13.75,-6.75,0,0.0020255
-13.75,-7.25,0,0.000957047
-13.75,-7.75,0,0.000372421
-13.75,-8.25,0,-0.000953211
-13.75,-8.75,0,-0.000559419
-13.75,-9.25,0,-0.000380854
-13.75,-9.75,0,0.000754071
-13.75,-10.25,0,-0.00052175
-13.75,-10.75,0,-0.000947837
-13.75,-11.25,0,-0.000962878
-13.75,-11.75,0,0.000782901
-13.75,-12.25,0,4.82E-06
-13.75,-12.75,0,0.000560058
-13.75,-13.25,0,-0.000780973
-13.75,-13.75,0,0.001387066
-13.75,-14.25,0,-0.000639856
-13.75,-14.75,0,0.000711829
-13.25,14.75,0,-0.003659203
-13.25,14.25,0,0.014285836
-13.25,13.75,0,-0.014729359
-13.25,13.25,0,0.921119214
-13.25,12.75,0,0.959202339
-13.25,12.25,0,-0.026526763
-13.25,11.75,0,0.007032558
-13.25,11.25,0,-9.70E-05
-13.25,10.75,0,0.000570585
-13.25,10.25,0,-0.000226929
-13.25,9.75,0,-0.000424996
-13.25,9.25,0,-0.000188851
-13.25,8.75,0,0.00023533
-13.25,8.25,0,-5.47E-05
-13.25,7.75,0,-0.000232805
-13.25,7.25,0,0.00037424
-13.25,6.75,0,0.000856738
-13.25,6.25,0,0.000506339
-13.25,5.75,0,-0.000660148
-13.25,5.25,0,0.000464024
-13.25,4.75,0,7.88E-06
-13.25,4.25,0,-0.000591678
-13.25,3.75,0,0.001228145
-13.25,3.25,0,0.00016491
-13.25,2.75,0,-2.63E-05
-13.25,2.25,0,0.00082622
-13.25,1.75,0,0.000362184
-13.25,1.25,0,-0.000450338
-13.25,0.75,0,0.000380065
-13.25,0.25,0,-0.000255877
-13.25,-0.25,0,-0.000849501
-13.25,-0.75,0,0.001317632
-13.25,-1.25,0,-0.001108404
-13.25,-1.75,0,0.000219489
-13.25,-2.25,0,-0.000541413
-13.25,-2.75,0,-0.000604957
-13.25,-3.25,0,0.000551802
-13.25,-3.75,0,-0.000879599
-13.25,-4.25,0,0.001283211
-13.25,-4.75,0,-0.000174913
-13.25,-5.25,0,-0.001133078
-13.25,-5.75,0,0.00120095
-13.25,-6.25,0,0.000840011
-13.25,-6.75,0,-0.000756037
-13.25,-7.25,0,-0.0014117
-13.25,-7.75,0,-0.00014548
-13.25,-8.25,0,0.000185476
-13.25,-8.75,0,0.000548037
-13.25,-9.25,0,-0.000465422
-13.25,-9.75,0,0.000498472
-13.25,-10.25,0,0.000594529
-13.25,-10.75,0,-0.000159233
-13.25,-11.25,0,-0.000212936
-13.25,-11.75,0,-0.000680636
-13.25,-12.25,0,-0.000167908
-13.25,-12.75,0,-0.000403849
-13.25,-13.25,0,0.001253689
-13.25,-13.75,0,-0.002715666
-13.25,-14.25,0,0.000543159
-13.25,-14.75,0,0.001261143
-12.75,14.75,0,0.001319482
-12.75,14.25,0,-0.005926912
-12.75,13.75,0,0.061170326
-12.75,13.25,0,0.941356182
-12.75,12.75,0,0.948026271
-12.75,12.25,0,0.004126126
-12.75,11.75,0,0.005250009
-12.75,11.25,0,0.004259704
-12.75,10.75,0,1.86E-05
-12.75,10.25,0,0.001670202
-12.75,9.75,0,0.000116313
-12.75,9.25,0,0.000947898
-12.75,8.75,0,0.000324476
-12.75,8.25,0,0.000327923
-12.75,7.75,0,0.000311003
-12.75,7.25,0,0.000180318
-12.75,6.75,0,0.002073437
-12.75,6.25,0,-0.002875941
-12.75,5.75,0,0.002176222
-12.75,5.25,0,-0.000666503
-12.75,4.75,0,0.00130728
-12.75,4.25,0,-0.001166584
-12.75,3.75,0,-0.000324385
-12.75,3.25,0,-0.000216608
-12.75,2.75,0,0.000629062
-12.75,2.25,0,-0.001671023
-12.75,1.75,0,0.001073131
-12.75,1.25,0,-0.000909375
-12.75,0.75,0,4.91E-04
-12.75,0.25,0,0.000230243
-12.75,-0.25,0,0.000236122
-12.75,-0.75,0,0.000542519
-12.75,-1.25,0,0.000925168
-12.75,-1.75,0,-0.00047366
-12.75,-2.25,0,0.000626972
-12.75,-2.75,0,-0.000215522
-12.75,-3.25,0,-0.001418298
-12.75,-3.75,0,0.000872064
-12.75,-4.25,0,4.55E-06
-12.75,-4.75,0,-0.000221416
-12.75,-5.25,0,0.001039684
-12.75,-5.75,0,-1.82E-05
-12.75,-6.25,0,-0.00024098
-12.75,-6.75,0,0.000630027
-12.75,-7.25,0,0.000827223
-12.75,-7.75,0,-0.0001132
-12.75,-8.25,0,-0.00025687
-12.75,-8.75,0,-0.000767595
-12.75,-9.25,0,0.001336409
-12.75,-9.75,0,-0.001649617
-12.75,-10.25,0,0.000454897
-12.75,-10.75,0,-0.001615713
-12.75,-11.25,0,0.00121895
-12.75,-11.75,0,0.000919409
-12.75,-12.25,0,-0.000426411
-12.75,-12.75,0,0.000699808
-12.75,-13.25,0,-0.002203983
-12.75,-13.75,0,0.001800721
-12.75,-14.25,0,-0.001575508
-12.75,-14.75,0,-0.00131035
-12.25,14.75,0,8.50E-05
-12.25,14.25,0,0.029607527
-12.25,13.75,0,-0.079847573
-12.25,13.25,0,1.0298077
-12.25,12.75,0,0.923095822
-12.25,12.25,0,0.046727696
-12.25,11.75,0,0.001180217
-12.25,11.25,0,0.002283902
-12.25,10.75,0,0.00035472
-12.25,10.25,0,-0.0006625
-12.25,9.75,0,0.001458237
-12.25,9.25,0,7.48E-05
-12.25,8.75,0,0.000799928
-12.25,8.25,0,0.003339514
-12.25,7.75,0,-0.000888032
-12.25,7.25,0,-0.000117378
-12.25,6.75,0,-0.000211864
-12.25,6.25,0,0.00045159
-12.25,5.75,0,9.96E-05
-12.25,5.25,0,0.00055957
-12.25,4.75,0,-0.001411085
-12.25,4.25,0,-7.31E-05
-12.25,3.75,0,0.000360898
-12.25,3.25,0,-0.000338033
-12.25,2.75,0,0.000244829
-12.25,2.25,0,0.000442502
-12.25,1.75,0,-0.001008903
-12.25,1.25,0,0.000483377
-12.25,0.75,0,-0.001654115
-12.25,0.25,0,0.001245181
-12.25,-0.25,0,-0.000472513
-12.25,-0.75,0,-0.000916874
-12.25,-1.25,0,0.000146156
-12.25,-1.75,0,-0.00076823
-12.25,-2.25,0,0.00045402
-12.25,-2.75,0,-0.000728247
-12.25,-3.25,0,0.002145223
-12.25,-3.75,0,0.000547181
-12.25,-4.25,0,-0.002066666
-12.25,-4.75,0,0.000900274
-12.25,-5.25,0,-0.001372032
-12.25,-5.75,0,-4.07E-05
-12.25,-6.25,0,0.000175104
-12.25,-6.75,0,0.000617504
-12.25,-7.25,0,-0.000770957
-12.25,-7.75,0,0.001383143
-12.25,-8.25,0,-0.000868785
-12.25,-8.75,0,0.000444742
-12.25,-9.25,0,5.32E-06
-12.25,-9.75,0,0.000116698
-12.25,-10.25,0,0.00035574
-12.25,-10.75,0,0.000517852
-12.25,-11.25,0,-0.000330644
-12.25,-11.75,0,-0.001463439
-12.25,-12.25,0,0.001804519
-12.25,-12.75,0,-0.001005683
-12.25,-13.25,0,0.000659686
-12.25,-13.75,0,0.000280214
-12.25,-14.25,0,0.000556216
-12.25,-14.75,0,-4.78E-05
-11.75,14.75,0,-0.000352242
-11.75,14.25,0,0.008242119
-11.75,13.75,0,0.01854021
-11.75,13.25,0,0.936620177
-11.75,12.75,0,0.936559502
-11.75,12.25,0,-0.002676432
-11.75,11.75,0,0.025162545
-11.75,11.25,0,-0.004123964
-11.75,10.75,0,0.013991202
-11.75,10.25,0,0.01631196
-11.75,9.75,0,0.004204722
-11.75,9.25,0,0.017088914
-11.75,8.75,0,0.005558724
-11.75,8.25,0,0.005009727
-11.75,7.75,0,0.008974743
-11.75,7.25,0,0.007038149
-11.75,6.75,0,-0.000191127
-11.75,6.25,0,0.002264114
-11.75,5.75,0,-0.002220276
-11.75,5.25,0,0.000759724
-11.75,4.75,0,0.001541069
-11.75,4.25,0,0.000371463
-11.75,3.75,0,-0.00031038
-11.75,3.25,0,0.000569355
-11.75,2.75,0,-0.000991713
-11.75,2.25,0,0.001025096
-11.75,1.75,0,0.000512559
-11.75,1.25,0,0.000335895
-11.75,0.75,0,-0.000438546
-11.75,0.25,0,0.000172409
-11.75,-0.25,0,-0.000398137
-11.75,-0.75,0,0.000480402
-11.75,-1.25,0,-4.33E-05
-11.75,-1.75,0,-0.000414862
-11.75,-2.25,0,-0.000558148
-11.75,-2.75,0,0.000647261
-11.75,-3.25,0,-0.001774831
-11.75,-3.75,0,0.000644509
-11.75,-4.25,0,0.000308868
-11.75,-4.75,0,0.000255884
-11.75,-5.25,0,0.000420855
-11.75,-5.75,0,0.000159489
-11.75,-6.25,0,-0.000786159
-11.75,-6.75,0,-0.000715168
-11.75,-7.25,0,0.000145519
-11.75,-7.75,0,-0.000224292
-11.75,-8.25,0,0.001221265
-11.75,-8.75,0,-0.000794755
-11.75,-9.25,0,0.000740446
-11.75,-9.75,0,-0.000178881
-11.75,-10.25,0,0.000793289
-11.75,-10.75,0,-0.0002158
-11.75,-11.25,0,-0.000295787
-11.75,-11.75,0,-0.000729411
-11.75,-12.25,0,-0.000186797
-11.75,-12.75,0,0.000673176
-11.75,-13.25,0,-0.000206494
-11.75,-13.75,0,-0.00048538
-11.75,-14.25,0,8.64E-05
-11.75,-14.75,0,-0.000517884
-11.25,14.75,0,0.003631837
-11.25,14.25,0,-0.01167887
-11.25,13.75,0,0.071079896
-11.25,13.25,0,0.925850032
-11.25,12.75,0,0.985021373
-11.25,12.25,0,0.004951074
-11.25,11.75,0,-0.010133812
-11.25,11.25,0,0.032238068
-11.25,10.75,0,-0.002471616
-11.25,10.25,0,-0.016595189
-11.25,9.75,0,0.01384362
-11.25,9.25,0,-0.016367893
-11.25,8.75,0,0.016530162
-11.25,8.25,0,0.013421807
-11.25,7.75,0,-0.004403774
-11.25,7.25,0,-0.007305874
-11.25,6.75,0,0.022050713
-11.25,6.25,0,-0.001844268
-11.25,5.75,0,0.002383811
-11.25,5.25,0,-0.001084026
-11.25,4.75,0,0.000333866
-11.25,4.25,0,6.26E-05
-11.25,3.75,0,-0.000905034
-11.25,3.25,0,0.000494533
-11.25,2.75,0,-0.000792272
-11.25,2.25,0,0.00099893
-11.25,1.75,0,-0.000796836
-11.25,1.25,0,0.000799714
-11.25,0.75,0,-0.000352083
-11.25,0.25,0,0.00074644
-11.25,-0.25,0,0.000466302
-11.25,-0.75,0,-0.001111458
-11.25,-1.25,0,-0.000372214
-11.25,-1.75,0,0.00081538
-11.25,-2.25,0,0.000214503
-11.25,-2.75,0,-0.000832535
-11.25,-3.25,0,-3.93E-05
-11.25,-3.75,0,0.000222256
-11.25,-4.25,0,-1.38E-03
-11.25,-4.75,0,0.000798295
-11.25,-5.25,0,-0.000880329
-11.25,-5.75,0,0.002069655
-11.25,-6.25,0,-0.001194399
-11.25,-6.75,0,0.001224927
-11.25,-7.25,0,-0.001136316
-11.25,-7.75,0,-0.000101393
-11.25,-8.25,0,-0.001080315
-11.25,-8.75,0,0.000406517
-11.25,-9.25,0,0.000385484
-11.25,-9.75,0,7.57E-05
-11.25,-10.25,0,-0.000707322
-11.25,-10.75,0,0.000495022
-11.25,-11.25,0,0.000689588
-11.25,-11.75,0,0.000260696
-11.25,-12.25,0,0.000290325
-11.25,-12.75,0,0.000513066
-11.25,-13.25,0,-0.000738838
-11.25,-13.75,0,0.000750279
-11.25,-14.25,0,-0.0004091
-11.25,-14.75,0,-7.72E-05
-10.75,14.75,0,-0.00144952
-10.75,14.25,0,0.01752714
-10.75,13.75,0,-0.028848266
-10.75,13.25,0,0.977470216
-10.75,12.75,0,0.910791236
-10.75,12.25,0,0.969811505
-10.75,11.75,0,0.9426117
-10.75,11.25,0,0.928953633
-10.75,10.75,0,0.93180757
-10.75,10.25,0,0.987870018
-10.75,9.75,0,0.94433042
-10.75,9.25,0,0.966029205
-10.75,8.75,0,0.927066745
-10.75,8.25,0,0.942986818
-10.75,7.75,0,0.939996878
-10.75,7.25,0,0.956022778
-10.75,6.75,0,-0.029928256
-10.75,6.25,0,0.010921741
-10.75,5.75,0,-0.00073635
-10.75,5.25,0,0.000939578
-10.75,4.75,0,-0.000215455
-10.75,4.25,0,0.000678259
-10.75,3.75,0,-0.000217208
-10.75,3.25,0,3.13E-07
-10.75,2.75,0,0.000140196
-10.75,2.25,0,-3.07E-05
-10.75,1.75,0,-0.000341809
-10.75,1.25,0,0.001902831
-10.75,0.75,0,-0.001252241
-10.75,0.25,0,-0.000815384
-10.75,-0.25,0,-0.000617446
-10.75,-0.75,0,-0.000473965
-10.75,-1.25,0,2.09E-06
-10.75,-1.75,0,-0.000450696
-10.75,-2.25,0,-0.000199133
-10.75,-2.75,0,0.00071832
-10.75,-3.25,0,0.000527364
-10.75,-3.75,0,0.000262452
-10.75,-4.25,0,0.001111504
-10.75,-4.75,0,0.000571084
-10.75,-5.25,0,-0.000625947
-10.75,-5.75,0,-0.002028881
-10.75,-6.25,0,0.001504373
-10.75,-6.75,0,-0.00140606
-10.75,-7.25,0,0.000762074
-10.75,-7.75,0,-0.000176696
-10.75,-8.25,0,0.001826765
-10.75,-8.75,0,-0.000505581
-10.75,-9.25,0,-0.000259285
-10.75,-9.75,0,0.000168761
-10.75,-10.25,0,0.000306536
-10.75,-10.75,0,8.73E-05
-10.75,-11.25,0,-0.00053496
-10.75,-11.75,0,-0.000895963
-10.75,-12.25,0,0.000509554
-10.75,-12.75,0,-0.001170974
-10.75,-13.25,0,-0.000563828
-10.75,-13.75,0,0.000974397
-10.75,-14.25,0,-0.00054316
-10.75,-14.75,0,-0.000115267
-10.25,14.75,0,0.001645769
-10.25,14.25,0,0.004235797
-10.25,13.75,0,0.027789324
-10.25,13.25,0,0.937846089
-10.25,12.75,0,0.939769904
-10.25,12.25,0,0.998712741
-10.25,11.75,0,0.97696767
-10.25,11.25,0,0.961063519
-10.25,10.75,0,0.917833178
-10.25,10.25,0,0.938778057
-10.25,9.75,0,0.944104268
-10.25,9.25,0,0.981956148
-10.25,8.75,0,0.90758327
-10.25,8.25,0,0.983164083
-10.25,7.75,0,0.957324502
-10.25,7.25,0,0.975788871
-10.25,6.75,0,0.012096971
-10.25,6.25,0,0.001100937
-10.25,5.75,0,-0.000135561
-10.25,5.25,0,0.000567891
-10.25,4.75,0,-0.000587721
-10.25,4.25,0,-0.000755453
-10.25,3.75,0,0.001263374
-10.25,3.25,0,3.44E-04
-10.25,2.75,0,-0.000391428
-10.25,2.25,0,0.000688388
-10.25,1.75,0,-0.000775062
-10.25,1.25,0,-3.68E-05
-10.25,0.75,0,0.001330844
-10.25,0.25,0,-0.001093569
-10.25,-0.25,0,0.000973058
-10.25,-0.75,0,0.000994853
-10.25,-1.25,0,-0.000161458
-10.25,-1.75,0,0.001317881
-10.25,-2.25,0,3.24E-05
-10.25,-2.75,0,-0.000528616
-10.25,-3.25,0,-0.001463285
-10.25,-3.75,0,0.000178359
-10.25,-4.25,0,0.000544832
-10.25,-4.75,0,3.47E-05
-10.25,-5.25,0,0.000771117
-10.25,-5.75,0,4.91E-05
-10.25,-6.25,0,0.000609604
-10.25,-6.75,0,-9.83E-04
-10.25,-7.25,0,8.34E-05
-10.25,-7.75,0,-0.000627034
-10.25,-8.25,0,3.77E-05
-10.25,-8.75,0,0.000129356
-10.25,-9.25,0,-0.000832026
-10.25,-9.75,0,0.000294226
-10.25,-10.25,0,-0.000240769
-10.25,-10.75,0,-0.000518696
-10.25,-11.25,0,0.000699882
-10.25,-11.75,0,-0.000190336
-10.25,-12.25,0,0.000112911
-10.25,-12.75,0,0.001156701
-10.25,-13.25,0,-3.90E-05
-10.25,-13.75,0,5.18E-05
-10.25,-14.25,0,0.000403599
-10.25,-14.75,0,0.000943712
-9.75,14.75,0,0.001388131
-9.75,14.25,0,0.013354623
-9.75,13.75,0,-0.018635156
-9.75,13.25,0,0.977290448
-9.75,12.75,0,0.980781192
-9.75,12.25,0,-0.04508221
-9.75,11.75,0,0.024569905
-9.75,11.25,0,0.013986474
-9.75,10.75,0,0.026886949
-9.75,10.25,0,0.015153687
-9.75,9.75,0,0.022120121
-9.75,9.25,0,0.014477862
-9.75,8.75,0,0.012958762
-9.75,8.25,0,0.029808443
-9.75,7.75,0,-0.031489163
-9.75,7.25,0,-0.012758596
-9.75,6.75,0,0.024200998
-9.75,6.25,0,-0.005216249
-9.75,5.75,0,0.001525246
-9.75,5.25,0,0.00153156
-9.75,4.75,0,4.76E-04
-9.75,4.25,0,0.000294576
-9.75,3.75,0,-0.000249892
-9.75,3.25,0,0.000462314
-9.75,2.75,0,-0.000874433
-9.75,2.25,0,-0.000307268
-9.75,1.75,0,0.001232141
-9.75,1.25,0,-0.000494364
-9.75,0.75,0,0.000518244
-9.75,0.25,0,-0.000751547
-9.75,-0.25,0,-1.77E-05
-9.75,-0.75,0,0.000249963
-9.75,-1.25,0,-0.00116558
-9.75,-1.75,0,0.000194643
-9.75,-2.25,0,1.76E-04
-9.75,-2.75,0,-0.000284645
-9.75,-3.25,0,0.0007438
-9.75,-3.75,0,-0.001012104
-9.75,-4.25,0,-0.001288433
-9.75,-4.75,0,-0.000261286
-9.75,-5.25,0,-0.000937004
-9.75,-5.75,0,-0.000247489
-9.75,-6.25,0,-0.001538487
-9.75,-6.75,0,0.001229267
-9.75,-7.25,0,-0.00120369
-9.75,-7.75,0,0.000293606
-9.75,-8.25,0,0.000401057
-9.75,-8.75,0,3.30E-05
-9.75,-9.25,0,0.00056258
-9.75,-9.75,0,0.000110631
-9.75,-10.25,0,-0.000769674
-9.75,-10.75,0,0.000230848
-9.75,-11.25,0,0.000305328
-9.75,-11.75,0,0.001273811
-9.75,-12.25,0,-0.000188179
-9.75,-12.75,0,-0.001499155
-9.75,-13.25,0,0.000238873
-9.75,-13.75,0,0.000219419
-9.75,-14.25,0,-0.000380819
-9.75,-14.75,0,-0.000794009
-9.25,14.75,0,0.003987832
-9.25,14.25,0,-0.000824864
-9.25,13.75,0,0.031357988
-9.25,13.25,0,0.904656964
-9.25,12.75,0,0.944713912
-9.25,12.25,0,0.01366081
-9.25,11.75,0,0.021690635
-9.25,11.25,0,0.002556709
-9.25,10.75,0,0.003801679
-9.25,10.25,0,0.004887946
-9.25,9.75,0,0.006335081
-9.25,9.25,0,-0.001433391
-9.25,8.75,0,0.012543825
-9.25,8.25,0,-0.001899462
-9.25,7.75,0,0.017096219
-9.25,7.25,0,0.005839317
-9.25,6.75,0,-0.001490117
-9.25,6.25,0,0.002182219
-9.25,5.75,0,-0.001687451
-9.25,5.25,0,-0.000755906
-9.25,4.75,0,-0.000356264
-9.25,4.25,0,-0.000630979
-9.25,3.75,0,0.001069528
-9.25,3.25,0,-0.00045829
-9.25,2.75,0,5.29E-05
-9.25,2.25,0,-4.97E-05
-9.25,1.75,0,-0.000679476
-9.25,1.25,0,0.000544069
-9.25,0.75,0,-0.000845342
-9.25,0.25,0,0.00079352
-9.25,-0.25,0,-0.000438475
-9.25,-0.75,0,0.000600376
-9.25,-1.25,0,-0.000164216
-9.25,-1.75,0,0.000300347
-9.25,-2.25,0,-0.00088017
-9.25,-2.75,0,-0.000651378
-9.25,-3.25,0,0.000571358
-9.25,-3.75,0,-0.000233087
-9.25,-4.25,0,0.001173072
-9.25,-4.75,0,-0.000577753
-9.25,-5.25,0,0.001712926
-9.25,-5.75,0,-0.000373399
-9.25,-6.25,0,0.001245999
-9.25,-6.75,0,-0.000615303
-9.25,-7.25,0,-4.38E-05
-9.25,-7.75,0,0.000241972
-9.25,-8.25,0,0.000415824
-9.25,-8.75,0,-0.000804883
-9.25,-9.25,0,-0.000840899
-9.25,-9.75,0,-0.000244973
-9.25,-10.25,0,-0.000474955
-9.25,-10.75,0,0.000211468
-9.25,-11.25,0,-0.000376803
-9.25,-11.75,0,-0.000232678
-9.25,-12.25,0,-0.000918968
-9.25,-12.75,0,0.001343394
-9.25,-13.25,0,0.000102301
-9.25,-13.75,0,-0.000330066
-9.25,-14.25,0,0.000757414
-9.25,-14.75,0,-0.000772949
-8.75,14.75,0,-0.000419259
-8.75,14.25,0,0.008779244
-8.75,13.75,0,0.01287393
-8.75,13.25,0,1.026536539
-8.75,12.75,0,0.966050823
-8.75,12.25,0,0.007739897
-8.75,11.75,0,0.004630228
-8.75,11.25,0,-0.00017536
-8.75,10.75,0,0.002290777
-8.75,10.25,0,-0.00128149
-8.75,9.75,0,0.001022081
-8.75,9.25,0,0.001250025
-8.75,8.75,0,-0.0008763
-8.75,8.25,0,-0.000807954
-8.75,7.75,0,-0.001381191
-8.75,7.25,0,0.000366979
-8.75,6.75,0,-0.000233082
-8.75,6.25,0,0.000618617
-8.75,5.75,0,0.000301003
-8.75,5.25,0,0.002006816
-8.75,4.75,0,-1.01E-03
-8.75,4.25,0,0.00121528
-8.75,3.75,0,-0.001533288
-8.75,3.25,0,0.000762204
-8.75,2.75,0,-0.000697239
-8.75,2.25,0,0.000181856
-8.75,1.75,0,0.000673847
-8.75,1.25,0,0.0005818
-8.75,0.75,0,0.000287259
-8.75,0.25,0,-0.001065614
-8.75,-0.25,0,0.000828105
-8.75,-0.75,0,0.001349533
-8.75,-1.25,0,8.77E-06
-8.75,-1.75,0,-0.00097
-8.75,-2.25,0,0.001507048
-8.75,-2.75,0,-0.00046413
-8.75,-3.25,0,-0.000441314
-8.75,-3.75,0,0.001053149
-8.75,-4.25,0,-0.00095953
-8.75,-4.75,0,-0.001073047
-8.75,-5.25,0,0.000251263
-8.75,-5.75,0,0.00035809
-8.75,-6.25,0,-0.000355593
-8.75,-6.75,0,0.000637736
-8.75,-7.25,0,0.00066601
-8.75,-7.75,0,0.000634337
-8.75,-8.25,0,-0.00061567
-8.75,-8.75,0,0.000782978
-8.75,-9.25,0,0.000349877
-8.75,-9.75,0,-3.41E-05
-8.75,-10.25,0,-0.000914579
-8.75,-10.75,0,0.00080701
-8.75,-11.25,0,-0.000399227
-8.75,-11.75,0,0.000193741
-8.75,-12.25,0,-0.000117203
-8.75,-12.75,0,-0.001430088
-8.75,-13.25,0,0.000582333
-8.75,-13.75,0,-0.000507227
-8.75,-14.25,0,0.000889404
-8.75,-14.75,0,0.000799741
-8.25,14.75,0,0.001017726
-8.25,14.25,0,0.003449861
-8.25,13.75,0,0.028751174
-8.25,13.25,0,0.810540993
-8.25,12.75,0,0.979197383
-8.25,12.25,0,-0.035784112
-8.25,11.75,0,0.027960484
-8.25,11.25,0,-0.003184699
-8.25,10.75,0,0.00112513
-8.25,10.25,0,-0.000365981
-8.25,9.75,0,-0.000483128
-8.25,9.25,0,0.0009158
-8.25,8.75,0,-0.000273924
-8.25,8.25,0,0.000956856
-8.25,7.75,0,0.001629085
-8.25,7.25,0,0.000963212
-8.25,6.75,0,0.001213321
-8.25,6.25,0,-0.001438114
-8.25,5.75,0,0.00107954
-8.25,5.25,0,0.000900647
-8.25,4.75,0,0.001234344
-8.25,4.25,0,-0.00253652
-8.25,3.75,0,0.002092456
-8.25,3.25,0,-0.001120965
-8.25,2.75,0,0.00113062
-8.25,2.25,0,0.000928916
-8.25,1.75,0,0.001390707
-8.25,1.25,0,-0.000341377
-8.25,0.75,0,-0.001026291
-8.25,0.25,0,-3.43E-05
-8.25,-0.25,0,0.001295024
-8.25,-0.75,0,-0.001410001
-8.25,-1.25,0,-0.000114397
-8.25,-1.75,0,0.000447851
-8.25,-2.25,0,-0.000927729
-8.25,-2.75,0,0.000875349
-8.25,-3.25,0,0.000393041
-8.25,-3.75,0,-0.000540848
-8.25,-4.25,0,0.000126194
-8.25,-4.75,0,-8.73E-05
-8.25,-5.25,0,-0.000183762
-8.25,-5.75,0,-0.000448746
-8.25,-6.25,0,0.000739678
-8.25,-6.75,0,-0.001568064
-8.25,-7.25,0,-0.000379995
-8.25,-7.75,0,-4.96E-05
-8.25,-8.25,0,-0.00059359
-8.25,-8.75,0,0.000648334
-8.25,-9.25,0,-0.000449459
-8.25,-9.75,0,0.000228067
-8.25,-10.25,0,0.000993475
-8.25,-10.75,0,-0.000747206
-8.25,-11.25,0,0.000324757
-8.25,-11.75,0,0.000325921
-8.25,-12.25,0,4.46E-05
-8.25,-12.75,0,0.001078736
-8.25,-13.25,0,-0.001175623
-8.25,-13.75,0,0.001347161
-8.25,-14.25,0,-0.001149725
-8.25,-14.75,0,-0.001148249
-7.75,14.75,0,0.000787669
-7.75,14.25,0,0.009510804
-7.75,13.75,0,-0.006417619
-7.75,13.25,0,0.976149542
-7.75,12.75,0,1.006525832
-7.75,12.25,0,-0.003920912
-7.75,11.75,0,0.003134622
-7.75,11.25,0,-0.000844992
-7.75,10.75,0,-3.71E-05
-7.75,10.25,0,0.001124835
-7.75,9.75,0,-0.000873469
-7.75,9.25,0,-0.000786146
-7.75,8.75,0,0.001066797
-7.75,8.25,0,0.000268398
-7.75,7.75,0,-0.000145452
-7.75,7.25,0,-0.002262795
-7.75,6.75,0,0.005646849
-7.75,6.25,0,0.00388137
-7.75,5.75,0,0.000529773
-7.75,5.25,0,0.00234124
-7.75,4.75,0,0.004158192
-7.75,4.25,0,0.012998886
-7.75,3.75,0,-0.005301437
-7.75,3.25,0,0.01337439
-7.75,2.75,0,-0.001592938
-7.75,2.25,0,0.004371488
-7.75,1.75,0,0.000770255
-7.75,1.25,0,0.002263565
-7.75,0.75,0,0.011053989
-7.75,0.25,0,0.002223405
-7.75,-0.25,0,-0.001215464
-7.75,-0.75,0,0.000137658
-7.75,-1.25,0,0.000983163
-7.75,-1.75,0,0.000235395
-7.75,-2.25,0,0.000635683
-7.75,-2.75,0,-0.001000237
-7.75,-3.25,0,-0.001040872
-7.75,-3.75,0,-0.001455726
-7.75,-4.25,0,0.002076318
-7.75,-4.75,0,0.000395971
-7.75,-5.25,0,4.42E-05
-7.75,-5.75,0,-0.000486334
-7.75,-6.25,0,-0.000927695
-7.75,-6.75,0,0.000790503
-7.75,-7.25,0,0.001326806
-7.75,-7.75,0,-0.001485378
-7.75,-8.25,0,0.000311777
-7.75,-8.75,0,0.000203938
-7.75,-9.25,0,-0.001414022
-7.75,-9.75,0,0.000970456
-7.75,-10.25,0,-0.000982072
-7.75,-10.75,0,0.001712036
-7.75,-11.25,0,-0.000733022
-7.75,-11.75,0,0.000649211
-7.75,-12.25,0,-0.000970151
-7.75,-12.75,0,-5.29E-04
-7.75,-13.25,0,-0.000319446
-7.75,-13.75,0,-0.000381567
-7.75,-14.25,0,0.000960266
-7.75,-14.75,0,-0.000346726
-7.25,14.75,0,0.002533088
-7.25,14.25,0,-0.006586867
-7.25,13.75,0,0.04179777
-7.25,13.25,0,-0.037208123
-7.25,12.75,0,-0.036787098
-7.25,12.25,0,0.023203361
-7.25,11.75,0,0.001738393
-7.25,11.25,0,-0.001472221
-7.25,10.75,0,0.000404721
-7.25,10.25,0,-0.000733345
-7.25,9.75,0,0.000442963
-7.25,9.25,0,0.001069855
-7.25,8.75,0,-0.00062828
-7.25,8.25,0,0.001118218
-7.25,7.75,0,-0.005898406
-7.25,7.25,0,0.022311589
-7.25,6.75,0,-0.020000517
-7.25,6.25,0,0.011793285
-7.25,5.75,0,0.020714086
-7.25,5.25,0,0.00790455
-7.25,4.75,0,-0.021084034
-7.25,4.25,0,-0.015122831
-7.25,3.75,0,0.028798025
-7.25,3.25,0,-0.022378286
-7.25,2.75,0,0.023607805
-7.25,2.25,0,-0.000239636
-7.25,1.75,0,0.00905125
-7.25,1.25,0,0.004400376
-7.25,0.75,0,-0.007067701
-7.25,0.25,0,-0.002622301
-7.25,-0.25,0,0.014757281
-7.25,-0.75,0,-0.0020273
-7.25,-1.25,0,0.00107602
-7.25,-1.75,0,-0.000560057
-7.25,-2.25,0,-0.001166937
-7.25,-2.75,0,-2.84E-05
-7.25,-3.25,0,0.001835939
-7.25,-3.75,0,-4.23E-05
-7.25,-4.25,0,-0.0002346
-7.25,-4.75,0,-0.000940949
-7.25,-5.25,0,0.001242492
-7.25,-5.75,0,-7.08E-05
-7.25,-6.25,0,0.000896485
-7.25,-6.75,0,-0.000958703
-7.25,-7.25,0,0.000348673
-7.25,-7.75,0,0.000803066
-7.25,-8.25,0,-0.00076338
-7.25,-8.75,0,0.000251999
-7.25,-9.25,0,-3.53E-05
-7.25,-9.75,0,-3.20E-05
-7.25,-10.25,0,5.96E-05
-7.25,-10.75,0,-0.000408891
-7.25,-11.25,0,-9.31E-05
-7.25,-11.75,0,-0.000408306
-7.25,-12.25,0,0.00021094
-7.25,-12.75,0,0.001398842
-7.25,-13.25,0,-0.001667327
-7.25,-13.75,0,0.001701781
-7.25,-14.25,0,0.000424686
-7.25,-14.75,0,-3.96E-06
-6.75,14.75,0,0.00024437
-6.75,14.25,0,3.92E-05
-6.75,13.75,0,-0.002760458
-6.75,13.25,0,0.014679292
-6.75,12.75,0,0.018831124
-6.75,12.25,0,-0.003984727
-6.75,11.75,0,0.000748104
-6.75,11.25,0,0.001904771
-6.75,10.75,0,-0.000401426
-6.75,10.25,0,0.000428314
-6.75,9.75,0,-0.000734443
-6.75,9.25,0,0.000419837
-6.75,8.75,0,-0.000171972
-6.75,8.25,0,0.000628304
-6.75,7.75,0,0.005835359
-6.75,7.25,0,-0.012974232
-6.75,6.75,0,0.486423633
-6.75,6.25,0,0.460642684
-6.75,5.75,0,0.440514193
-6.75,5.25,0,0.46356022
-6.75,4.75,0,0.555020152
-6.75,4.25,0,0.468660537
-6.75,3.75,0,0.455456527
-6.75,3.25,0,0.499041186
-6.75,2.75,0,0.425212255
-6.75,2.25,0,0.496358523
-6.75,1.75,0,0.476683812
-6.75,1.25,0,0.457564422
-6.75,0.75,0,0.493305826
-6.75,0.25,0,0.468738528
-6.75,-0.25,0,-0.001583287
-6.75,-0.75,0,0.002431137
-6.75,-1.25,0,0.000747004
-6.75,-1.75,0,-0.000579079
-6.75,-2.25,0,0.001346979
-6.75,-2.75,0,0.000803223
-6.75,-3.25,0,-0.000537953
-6.75,-3.75,0,-0.000373612
-6.75,-4.25,0,0.001254124
-6.75,-4.75,0,-0.00113378
-6.75,-5.25,0,0.000618884
-6.75,-5.75,0,-0.000648259
-6.75,-6.25,0,-0.000243054
-6.75,-6.75,0,-0.00051648
-6.75,-7.25,0,0.00050754
-6.75,-7.75,0,-0.000680016
-6.75,-8.25,0,-0.000590557
-6.75,-8.75,0,0.000583458
-6.75,-9.25,0,-0.000266299
-6.75,-9.75,0,0.000294028
-6.75,-10.25,0,-0.000643658
-6.75,-10.75,0,0.000883536
-6.75,-11.25,0,-0.002272448
-6.75,-11.75,0,0.000669521
-6.75,-12.25,0,0.000987335
-6.75,-12.75,0,0.000178943
-6.75,-13.25,0,0.000966973
-6.75,-13.75,0,-0.000555594
-6.75,-14.25,0,-4.46E-05
-6.75,-14.75,0,-0.000209547
-6.25,14.75,0,0.000409767
-6.25,14.25,0,-0.000700628
-6.25,13.75,0,0.000639435
-6.25,13.25,0,-0.002176835
-6.25,12.75,0,-0.00323364
-6.25,12.25,0,0.001300039
-6.25,11.75,0,0.000739965
-6.25,11.25,0,-0.001631194
-6.25,10.75,0,0.000925456
-6.25,10.25,0,-0.001348192
-6.25,9.75,0,0.001126689
-6.25,9.25,0,0.000854597
-6.25,8.75,0,-0.001567945
-6.25,8.25,0,0.002214734
-6.25,7.75,0,0.001553057
-6.25,7.25,0,0.00792776
-6.25,6.75,0,0.476657971
-6.25,6.25,0,0.456898175
-6.25,5.75,0,0.555204565
-6.25,5.25,0,0.456830126
-6.25,4.75,0,0.44263279
-6.25,4.25,0,0.513921488
-6.25,3.75,0,0.466980069
-6.25,3.25,0,0.468503691
-6.25,2.75,0,0.491592864
-6.25,2.25,0,0.459027713
-6.25,1.75,0,0.508074255
-6.25,1.25,0,0.485803021
-6.25,0.75,0,0.449502051
-6.25,0.25,0,0.477248771
-6.25,-0.25,0,0.007114525
-6.25,-0.75,0,0.003853432
-6.25,-1.25,0,-7.98E-05
-6.25,-1.75,0,0.000853198
-6.25,-2.25,0,0.000549061
-6.25,-2.75,0,-0.000548535
-6.25,-3.25,0,0.000526133
-6.25,-3.75,0,-0.000420919
-6.25,-4.25,0,-0.001010854
-6.25,-4.75,0,0.000784704
-6.25,-5.25,0,-0.000393948
-6.25,-5.75,0,0.000161012
-6.25,-6.25,0,0.00022358
-6.25,-6.75,0,0.000509006
-6.25,-7.25,0,-0.0002117
-6.25,-7.75,0,9.50E-05
-6.25,-8.25,0,0.000216906
-6.25,-8.75,0,0.000190964
-6.25,-9.25,0,-0.000763641
-6.25,-9.75,0,5.12E-04
-6.25,-10.25,0,0.001069746
-6.25,-10.75,0,-0.00116289
-6.25,-11.25,0,0.002045177
-6.25,-11.75,0,-0.000596121
-6.25,-12.25,0,-0.000328786
-6.25,-12.75,0,-0.000837408
-6.25,-13.25,0,-0.000329486
-6.25,-13.75,0,-0.00062963
-6.25,-14.25,0,-0.000192738
-6.25,-14.75,0,0.001038415
-5.75,14.75,0,0.000335868
-5.75,14.25,0,0.000458631
-5.75,13.75,0,0.001590618
-5.75,13.25,0,-0.001562042
-5.75,12.75,0,0.000770399
-5.75,12.25,0,-7.15E-05
-5.75,11.75,0,0.00080625
-5.75,11.25,0,-0.00052382
-5.75,10.75,0,-0.000908381
-5.75,10.25,0,0.000752068
-5.75,9.75,0,-0.000171523
-5.75,9.25,0,0.000271454
-5.75,8.75,0,0.000246769
-5.75,8.25,0,-0.001464433
-5.75,7.75,0,0.005498703
-5.75,7.25,0,0.000613679
-5.75,6.75,0,0.489640775
-5.75,6.25,0,0.493503763
-5.75,5.75,0,-0.028153712
-5.75,5.25,0,0.009731584
-5.75,4.75,0,0.025923525
-5.75,4.25,0,-0.008562416
-5.75,3.75,0,0.523498395
-5.75,3.25,0,0.475270218
-5.75,2.75,0,0.031881551
-5.75,2.25,0,-0.014126714
-5.75,1.75,0,0.004098853
-5.75,1.25,0,0.000586915
-5.75,0.75,0,0.498691159
-5.75,0.25,0,0.474382412
-5.75,-0.25,0,0.005564445
-5.75,-0.75,0,0.002307513
-5.75,-1.25,0,0.001065845
-5.75,-1.75,0,0.000248423
-5.75,-2.25,0,-0.001534004
-5.75,-2.75,0,-0.000460613
-5.75,-3.25,0,-0.000435375
-5.75,-3.75,0,0.001358246
-5.75,-4.25,0,5.44E-05
-5.75,-4.75,0,-0.000288262
-5.75,-5.25,0,0.001101567
-5.75,-5.75,0,-0.000818392
-5.75,-6.25,0,-0.000491436
-5.75,-6.75,0,0.000682516
-5.75,-7.25,0,0.000600597
-5.75,-7.75,0,0.000249467
-5.75,-8.25,0,0.000323929
-5.75,-8.75,0,-0.000941047
-5.75,-9.25,0,0.001337026
-5.75,-9.75,0,-0.000731569
-5.75,-10.25,0,0.000227823
-5.75,-10.75,0,0.000189657
-5.75,-11.25,0,5.62E-04
-5.75,-11.75,0,-0.000360427
-5.75,-12.25,0,0.00068592
-5.75,-12.75,0,0.000885163
-5.75,-13.25,0,-0.000610609
-5.75,-13.75,0,0.00033352
-5.75,-14.25,0,0.00122899
-5.75,-14.75,0,-3.20E-04
-5.25,14.75,0,-0.000549121
-5.25,14.25,0,0.000549438
-5.25,13.75,0,-0.00093007
-5.25,13.25,0,0.00083798
-5.25,12.75,0,0.000174838
-5.25,12.25,0,-4.23E-05
-5.25,11.75,0,2.33E-06
-5.25,11.25,0,0.000703021
-5.25,10.75,0,-1.47E-05
-5.25,10.25,0,0.001349964
-5.25,9.75,0,-0.001797374
-5.25,9.25,0,0.000209576
-5.25,8.75,0,0.000559104
-5.25,8.25,0,0.000316485
-5.25,7.75,0,0.00588978
-5.25,7.25,0,-0.005556367
-5.25,6.75,0,0.46151404
-5.25,6.25,0,0.493631647
-5.25,5.75,0,-0.012293726
-5.25,5.25,0,0.014907347
-5.25,4.75,0,5.83E-05
-5.25,4.25,0,0.019488109
-5.25,3.75,0,0.448955095
-5.25,3.25,0,0.502538295
-5.25,2.75,0,0.001431684
-5.25,2.25,0,0.009867365
-5.25,1.75,0,9.20E-03
-5.25,1.25,0,0.012095177
-5.25,0.75,0,0.473616787
-5.25,0.25,0,0.474440382
-5.25,-0.25,0,0.014550727
-5.25,-0.75,0,0.000249167
-5.25,-1.25,0,0.001265154
-5.25,-1.75,0,-0.000311535
-5.25,-2.25,0,9.57E-05
-5.25,-2.75,0,0.002731391
-5.25,-3.25,0,-0.000929828
-5.25,-3.75,0,-5.70E-04
-5.25,-4.25,0,0.001891517
-5.25,-4.75,0,-0.001539039
-5.25,-5.25,0,0.000543626
-5.25,-5.75,0,-0.000679991
-5.25,-6.25,0,0.001110698
-5.25,-6.75,0,-0.000330147
-5.25,-7.25,0,0.00036318
-5.25,-7.75,0,-0.00065078
-5.25,-8.25,0,-0.000354036
-5.25,-8.75,0,0.001638021
-5.25,-9.25,0,-0.002010111
-5.25,-9.75,0,-0.000910471
-5.25,-10.25,0,0.000524906
-5.25,-10.75,0,-0.000887789
-5.25,-11.25,0,-0.000213805
-5.25,-11.75,0,-0.000892938
-5.25,-12.25,0,-0.000612908
-5.25,-12.75,0,-0.000249537
-5.25,-13.25,0,-0.000187563
-5.25,-13.75,0,-0.000563328
-5.25,-14.25,0,-0.000346443
-5.25,-14.75,0,-0.000540577
-4.75,14.75,0,0.00096398
-4.75,14.25,0,-0.001436622
-4.75,13.75,0,0.00124718
-4.75,13.25,0,-0.000438931
-4.75,12.75,0,-0.000988008
-4.75,12.25,0,-0.00053587
-4.75,11.75,0,0.000101047
-4.75,11.25,0,0.00031464
-4.75,10.75,0,2.43E-05
-4.75,10.25,0,-0.000360893
-4.75,9.75,0,0.001294486
-4.75,9.25,0,-0.001086201
-4.75,8.75,0,0.00032111
-4.75,8.25,0,-0.001523355
-4.75,7.75,0,0.004967155
-4.75,7.25,0,0.005130896
-4.75,6.75,0,0.488558437
-4.75,6.25,0,0.453425141
-4.75,5.75,0,0.019091605
-4.75,5.25,0,-0.000119741
-4.75,4.75,0,0.005384198
-4.75,4.25,0,-0.002866152
-4.75,3.75,0,0.480244038
-4.75,3.25,0,0.473010555
-4.75,2.75,0,0.006503352
-4.75,2.25,0,0.003515653
-4.75,1.75,0,-0.000284974
-4.75,1.25,0,0.005680103
-4.75,0.75,0,0.477168446
-4.75,0.25,0,0.471380483
-4.75,-0.25,0,-0.011991564
-4.75,-0.75,0,0.01136864
-4.75,-1.25,0,-0.001531787
-4.75,-1.75,0,0.001148595
-4.75,-2.25,0,-0.00091944
-4.75,-2.75,0,-0.001061656
-4.75,-3.25,0,0.000275876
-4.75,-3.75,0,-0.000463373
-4.75,-4.25,0,0.00058473
-4.75,-4.75,0,0.000450923
-4.75,-5.25,0,0.000549721
-4.75,-5.75,0,-0.001014241
-4.75,-6.25,0,-0.00051987
-4.75,-6.75,0,0.000216599
-4.75,-7.25,0,-0.000868052
-4.75,-7.75,0,0.000868632
-4.75,-8.25,0,0.000900642
-4.75,-8.75,0,-0.001108739
-4.75,-9.25,0,0.000767562
-4.75,-9.75,0,0.000976852
-4.75,-10.25,0,-0.000391847
-4.75,-10.75,0,0.001219676
-4.75,-11.25,0,0.000654713
-4.75,-11.75,0,-2.84E-05
-4.75,-12.25,0,0.000497057
-4.75,-12.75,0,5.37E-05
-4.75,-13.25,0,-8.81E-05
-4.75,-13.75,0,0.000378425
-4.75,-14.25,0,0.000156364
-4.75,-14.75,0,-0.00010339
-4.25,14.75,0,0.001128269
-4.25,14.25,0,-0.000179962
-4.25,13.75,0,0.001870266
-4.25,13.25,0,-0.000544329
-4.25,12.75,0,0.000652785
-4.25,12.25,0,0.000668345
-4.25,11.75,0,0.001564969
-4.25,11.25,0,-0.000148655
-4.25,10.75,0,-0.000785456
-4.25,10.25,0,0.001003217
-4.25,9.75,0,-0.001310523
-4.25,9.25,0,-2.27E-05
-4.25,8.75,0,0.000227744
-4.25,8.25,0,0.002229564
-4.25,7.75,0,0.002702675
-4.25,7.25,0,0.003206129
-4.25,6.75,0,0.458776012
-4.25,6.25,0,0.500453349
-4.25,5.75,0,-0.011437858
-4.25,5.25,0,0.007838303
-4.25,4.75,0,-4.53E-05
-4.25,4.25,0,0.0110228
-4.25,3.75,0,0.487803759
-4.25,3.25,0,0.499548495
-4.25,2.75,0,-0.020334866
-4.25,2.25,0,0.010198264
-4.25,1.75,0,0.002507446
-4.25,1.25,0,0.004656775
-4.25,0.75,0,0.482666773
-4.25,0.25,0,0.45173789
-4.25,-0.25,0,0.013688516
-4.25,-0.75,0,-0.001519049
-4.25,-1.25,0,0.002315511
-4.25,-1.75,0,0.000112533
-4.25,-2.25,0,0.001080375
-4.25,-2.75,0,-0.00087381
-4.25,-3.25,0,0.000500994
-4.25,-3.75,0,0.000467101
-4.25,-4.25,0,-0.001184124
-4.25,-4.75,0,-0.000216176
-4.25,-5.25,0,-0.000614791
-4.25,-5.75,0,0.001277741
-4.25,-6.25,0,-0.000762862
-4.25,-6.75,0,0.000504179
-4.25,-7.25,0,0.001220567
-4.25,-7.75,0,-0.000807889
-4.25,-8.25,0,-0.000255225
-4.25,-8.75,0,0.000136533
-4.25,-9.25,0,0.000536705
-4.25,-9.75,0,5.86E-05
-4.25,-10.25,0,0.000298018
-4.25,-10.75,0,-0.000623694
-4.25,-11.25,0,-0.000535851
-4.25,-11.75,0,0.000162367
-4.25,-12.25,0,0.000783647
-4.25,-12.75,0,0.000402578
-4.25,-13.25,0,-0.001063036
-4.25,-13.75,0,0.000552093
-4.25,-14.25,0,-0.000216334
-4.25,-14.75,0,0.000154936
-3.75,14.75,0,-0.000273623
-3.75,14.25,0,-0.000802236
-3.75,13.75,0,-0.000439565
-3.75,13.25,0,-0.00064593
-3.75,12.75,0,-0.00041368
-3.75,12.25,0,-4.97E-05
-3.75,11.75,0,-0.000283402
-3.75,11.25,0,-0.000133293
-3.75,10.75,0,2.89E-05
-3.75,10.25,0,-0.000392393
-3.75,9.75,0,0.000493044
-3.75,9.25,0,0.00066908
-3.75,8.75,0,-9.18E-06
-3.75,8.25,0,-0.000875143
-3.75,7.75,0,0.005005942
-3.75,7.25,0,0.006493205
-3.75,6.75,0,0.478710636
-3.75,6.25,0,0.473940655
-3.75,5.75,0,0.020274268
-3.75,5.25,0,-0.001145294
-3.75,4.75,0,0.003436283
-3.75,4.25,0,-0.000492194
-3.75,3.75,0,0.481338731
-3.75,3.25,0,0.472065437
-3.75,2.75,0,0.014633442
-3.75,2.25,0,0.00418887
-3.75,1.75,0,-1.51E-05
-3.75,1.25,0,0.009301176
-3.75,0.75,0,0.495333622
-3.75,0.25,0,0.460044318
-3.75,-0.25,0,0.023891876
-3.75,-0.75,0,0.001227611
-3.75,-1.25,0,8.80E-05
-3.75,-1.75,0,-0.000806556
-3.75,-2.25,0,5.67E-05
-3.75,-2.75,0,0.000553236
-3.75,-3.25,0,-0.000731933
-3.75,-3.75,0,0.000161815
-3.75,-4.25,0,0.00057555
-3.75,-4.75,0,7.80E-04
-3.75,-5.25,0,0.000645141
-3.75,-5.75,0,-0.001790082
-3.75,-6.25,0,5.16E-05
-3.75,-6.75,0,0.000535196
-3.75,-7.25,0,-0.000239509
-3.75,-7.75,0,0.00042801
-3.75,-8.25,0,-0.000112598
-3.75,-8.75,0,0.000569976
-3.75,-9.25,0,-0.00044333
-3.75,-9.75,0,-0.000863718
-3.75,-10.25,0,-1.86E-05
-3.75,-10.75,0,-5.97E-05
-3.75,-11.25,0,0.000957387
-3.75,-11.75,0,-6.39E-05
-3.75,-12.25,0,0.000111234
-3.75,-12.75,0,-0.000334377
-3.75,-13.25,0,0.000238133
-3.75,-13.75,0,-0.000204022
-3.75,-14.25,0,0.000419138
-3.75,-14.75,0,-0.000857847
-3.25,14.75,0,-0.000125823
-3.25,14.25,0,8.88E-04
-3.25,13.75,0,-0.000344957
-3.25,13.25,0,0.000903964
-3.25,12.75,0,0.000261678
-3.25,12.25,0,-0.000380015
-3.25,11.75,0,1.16E-05
-3.25,11.25,0,-0.000232887
-3.25,10.75,0,6.30E-05
-3.25,10.25,0,0.000550562
-3.25,9.75,0,-0.000335199
-3.25,9.25,0,2.43E-05
-3.25,8.75,0,0.001128907
-3.25,8.25,0,-0.000124423
-3.25,7.75,0,0.006625226
-3.25,7.25,0,-0.014428463
-3.25,6.75,0,0.493454121
-3.25,6.25,0,0.465615573
-3.25,5.75,0,-0.002728527
-3.25,5.25,0,0.004635202
-3.25,4.75,0,-0.001337274
-3.25,4.25,0,0.012358857
-3.25,3.75,0,0.468622858
-3.25,3.25,0,0.429214332
-3.25,2.75,0,0.013981555
-3.25,2.25,0,-0.000339061
-3.25,1.75,0,0.002937571
-3.25,1.25,0,0.001820406
-3.25,0.75,0,0.516648965
-3.25,0.25,0,0.455665189
-3.25,-0.25,0,0.002134831
-3.25,-0.75,0,0.003044504
-3.25,-1.25,0,-0.000268539
-3.25,-1.75,0,-0.000808138
-3.25,-2.25,0,-0.000408152
-3.25,-2.75,0,0.001075019
-3.25,-3.25,0,0.000158181
-3.25,-3.75,0,0.00012968
-3.25,-4.25,0,0.000566642
-3.25,-4.75,0,-0.001389055
-3.25,-5.25,0,0.001396281
-3.25,-5.75,0,-0.000425179
-3.25,-6.25,0,0.000422337
-3.25,-6.75,0,-0.000180463
-3.25,-7.25,0,0.000432675
-3.25,-7.75,0,-0.00220483
-3.25,-8.25,0,9.92E-04
-3.25,-8.75,0,-0.000300548
-3.25,-9.25,0,0.00119809
-3.25,-9.75,0,0.000975904
-3.25,-10.25,0,-5.40E-05
-3.25,-10.75,0,-0.000249012
-3.25,-11.25,0,-0.001004114
-3.25,-11.75,0,0.000258337
-3.25,-12.25,0,-4.27E-06
-3.25,-12.75,0,0.001343513
-3.25,-13.25,0,-0.00153417
-3.25,-13.75,0,0.000816479
-3.25,-14.25,0,-0.0001374
-3.25,-14.75,0,-5.55E-04
-2.75,14.75,0,0.000826751
-2.75,14.25,0,-0.000146893
-2.75,13.75,0,-0.000565003
-2.75,13.25,0,0.001096204
-2.75,12.75,0,-8.62E-05
-2.75,12.25,0,1.12E-05
-2.75,11.75,0,4.22E-05
-2.75,11.25,0,0.000203513
-2.75,10.75,0,0.000179808
-2.75,10.25,0,0.000149802
-2.75,9.75,0,-0.000617625
-2.75,9.25,0,-0.000561465
-2.75,8.75,0,5.20E-05
-2.75,8.25,0,0.001779397
-2.75,7.75,0,-0.003400803
-2.75,7.25,0,0.022415033
-2.75,6.75,0,0.458374147
-2.75,6.25,0,0.514324717
-2.75,5.75,0,-0.01802898
-2.75,5.25,0,0.009179246
-2.75,4.75,0,-0.000522101
-2.75,4.25,0,0.00728437
-2.75,3.75,0,0.481348175
-2.75,3.25,0,0.506380964
-2.75,2.75,0,-0.00702389
-2.75,2.25,0,0.005974113
-2.75,1.75,0,0.007124643
-2.75,1.25,0,-0.02134573
-2.75,0.75,0,0.467429237
-2.75,0.25,0,0.502676654
-2.75,-0.25,0,-0.017593117
-2.75,-0.75,0,0.004601791
-2.75,-1.25,0,7.79E-05
-2.75,-1.75,0,-0.000458958
-2.75,-2.25,0,0.001824234
-2.75,-2.75,0,-0.001586394
-2.75,-3.25,0,-0.000580088
-2.75,-3.75,0,-0.001667736
-2.75,-4.25,0,-2.00E-06
-2.75,-4.75,0,-0.000602475
-2.75,-5.25,0,-0.000409298
-2.75,-5.75,0,-6.39E-06
-2.75,-6.25,0,-0.000265456
-2.75,-6.75,0,-0.001407005
-2.75,-7.25,0,0.000376097
-2.75,-7.75,0,0.00148156
-2.75,-8.25,0,0.001159409
-2.75,-8.75,0,-0.00060619
-2.75,-9.25,0,-0.00013199
-2.75,-9.75,0,-0.000906041
-2.75,-10.25,0,0.000213144
-2.75,-10.75,0,-2.81E-04
-2.75,-11.25,0,-0.001088597
-2.75,-11.75,0,0.000310339
-2.75,-12.25,0,-0.000337556
-2.75,-12.75,0,-0.001877376
-2.75,-13.25,0,0.002491426
-2.75,-13.75,0,-0.000428268
-2.75,-14.25,0,0.000437707
-2.75,-14.75,0,0.000922726
-2.25,14.75,0,-0.0015763
-2.25,14.25,0,0.000531896
-2.25,13.75,0,0.000246348
-2.25,13.25,0,-0.000224887
-2.25,12.75,0,0.000716641
-2.25,12.25,0,-0.00065298
-2.25,11.75,0,0.000928342
-2.25,11.25,0,-0.000887801
-2.25,10.75,0,-0.000923576
-2.25,10.25,0,0.000365288
-2.25,9.75,0,0.001175641
-2.25,9.25,0,-0.000513615
-2.25,8.75,0,-0.000289919
-2.25,8.25,0,4.46E-04
-2.25,7.75,0,-0.000199184
-2.25,7.25,0,0.004521753
-2.25,6.75,0,0.00329826
-2.25,6.25,0,-0.023178998
-2.25,5.75,0,0.014230932
-2.25,5.25,0,-0.002439257
-2.25,4.75,0,0.001584648
-2.25,4.25,0,0.009831695
-2.25,3.75,0,-0.009153313
-2.25,3.25,0,-0.006990009
-2.25,2.75,0,0.004804478
-2.25,2.25,0,0.000582733
-2.25,1.75,0,-0.00283782
-2.25,1.25,0,0.0172406
-2.25,0.75,0,-0.010184795
-2.25,0.25,0,-0.016598525
-2.25,-0.25,0,0.019191466
-2.25,-0.75,0,-0.002334727
-2.25,-1.25,0,0.000981091
-2.25,-1.75,0,-0.000108383
-2.25,-2.25,0,-0.001103505
-2.25,-2.75,0,-0.000277637
-2.25,-3.25,0,0.002161623
-2.25,-3.75,0,0.001747182
-2.25,-4.25,0,0.000251659
-2.25,-4.75,0,0.000209271
-2.25,-5.25,0,-0.00015742
-2.25,-5.75,0,-0.000399114
-2.25,-6.25,0,-0.000767782
-2.25,-6.75,0,0.000617851
-2.25,-7.25,0,-0.000150706
-2.25,-7.75,0,-4.25E-04
-2.25,-8.25,0,-0.000398812
-2.25,-8.75,0,-0.000572359
-2.25,-9.25,0,-0.000119253
-2.25,-9.75,0,0.001179129
-2.25,-10.25,0,-0.000107417
-2.25,-10.75,0,-4.24E-05
-2.25,-11.25,0,0.000518263
-2.25,-11.75,0,0.000682921
-2.25,-12.25,0,-0.000974829
-2.25,-12.75,0,0.000673438
-2.25,-13.25,0,-0.000372462
-2.25,-13.75,0,-0.001481137
-2.25,-14.25,0,-0.000750562
-2.25,-14.75,0,-0.0003421
-1.75,14.75,0,0.0010424
-1.75,14.25,0,-0.000124832
-1.75,13.75,0,0.000549221
-1.75,13.25,0,-0.000368441
-1.75,12.75,0,-0.002157185
-1.75,12.25,0,0.000664901
-1.75,11.75,0,-0.001237354
-1.75,11.25,0,0.001072165
-1.75,10.75,0,0.001339284
-1.75,10.25,0,-0.001014734
-1.75,9.75,0,0.00061777
-1.75,9.25,0,0.000445812
-1.75,8.75,0,-8.21E-04
-1.75,8.25,0,2.82E-05
-1.75,7.75,0,7.34E-05
-1.75,7.25,0,0.001185272
-1.75,6.75,0,0.002400797
-1.75,6.25,0,0.007429852
-1.75,5.75,0,-0.002049148
-1.75,5.25,0,0.000384977
-1.75,4.75,0,0.00107174
-1.75,4.25,0,-0.002366461
-1.75,3.75,0,0.004396875
-1.75,3.25,0,0.004069687
-1.75,2.75,0,-0.000378601
-1.75,2.25,0,0.000507483
-1.75,1.75,0,0.003279714
-1.75,1.25,0,-0.002057858
-1.75,0.75,0,0.006569517
-1.75,0.25,0,0.005881167
-1.75,-0.25,0,-0.003694789
-1.75,-0.75,0,0.001395174
-1.75,-1.25,0,-0.000871219
-1.75,-1.75,0,-0.00073083
-1.75,-2.25,0,0.000595488
-1.75,-2.75,0,-4.29E-04
-1.75,-3.25,0,-0.000106309
-1.75,-3.75,0,-0.000976876
-1.75,-4.25,0,-0.00080653
-1.75,-4.75,0,0.000126894
-1.75,-5.25,0,-0.002881307
-1.75,-5.75,0,0.000983673
-1.75,-6.25,0,0.000858557
-1.75,-6.75,0,-0.001467362
-1.75,-7.25,0,0.000698305
-1.75,-7.75,0,-0.000141583
-1.75,-8.25,0,-0.000482106
-1.75,-8.75,0,0.000177992
-1.75,-9.25,0,0.000323053
-1.75,-9.75,0,-0.001233924
-1.75,-10.25,0,0.0007621
-1.75,-10.75,0,0.000708147
-1.75,-11.25,0,9.91E-05
-1.75,-11.75,0,-2.83E-05
-1.75,-12.25,0,-0.000749262
-1.75,-12.75,0,0.000959374
-1.75,-13.25,0,-0.000859723
-1.75,-13.75,0,0.001812553
-1.75,-14.25,0,6.71E-05
-1.75,-14.75,0,0.000205818
-1.25,14.75,0,0.000215411
-1.25,14.25,0,-0.001081779
-1.25,13.75,0,-0.000812825
-1.25,13.25,0,0.000230098
-1.25,12.75,0,0.002231001
-1.25,12.25,0,-0.000232134
-1.25,11.75,0,0.000613035
-1.25,11.25,0,-0.000719128
-1.25,10.75,0,-3.94E-04
-1.25,10.25,0,0.000733931
-1.25,9.75,0,-0.000782729
-1.25,9.25,0,0.001559591
-1.25,8.75,0,-0.001428315
-1.25,8.25,0,0.000163169
-1.25,7.75,0,0.00038339
-1.25,7.25,0,-0.001287406
-1.25,6.75,0,0.00093179
-1.25,6.25,0,-0.000881093
-1.25,5.75,0,0.001252648
-1.25,5.25,0,-0.000316784
-1.25,4.75,0,0.000805184
-1.25,4.25,0,0.000984657
-1.25,3.75,0,-0.000568513
-1.25,3.25,0,-0.000509602
-1.25,2.75,0,0.001166794
-1.25,2.25,0,-0.00057244
-1.25,1.75,0,-0.001572139
-1.25,1.25,0,0.000472254
-1.25,0.75,0,-0.000851507
-1.25,0.25,0,-2.18E-05
-1.25,-0.25,0,0.001568698
-1.25,-0.75,0,-0.001139649
-1.25,-1.25,0,-0.003751749
-1.25,-1.75,0,-0.006038087
-1.25,-2.25,0,-0.002679104
-1.25,-2.75,0,-0.001261091
-1.25,-3.25,0,-0.004119571
-1.25,-3.75,0,0.003099622
-1.25,-4.25,0,-0.007227368
-1.25,-4.75,0,0.003149641
-1.25,-5.25,0,-0.001174825
-1.25,-5.75,0,-0.006792821
-1.25,-6.25,0,-0.004755543
-1.25,-6.75,0,-0.000492794
-1.25,-7.25,0,-0.007640194
-1.25,-7.75,0,0.001047874
-1.25,-8.25,0,-0.000572852
-1.25,-8.75,0,-2.25E-04
-1.25,-9.25,0,0.000592392
-1.25,-9.75,0,0.00055455
-1.25,-10.25,0,-0.001011514
-1.25,-10.75,0,-0.000304095
-1.25,-11.25,0,-0.000949301
-1.25,-11.75,0,0.000533107
-1.25,-12.25,0,9.15E-05
-1.25,-12.75,0,-0.000742608
-1.25,-13.25,0,-0.000915204
-1.25,-13.75,0,-0.000193391
-1.25,-14.25,0,0.000405006
-1.25,-14.75,0,-0.000357851
-0.75,14.75,0,-0.000800529
-0.75,14.25,0,-0.00072218
-0.75,13.75,0,0.001111303
-0.75,13.25,0,-0.000422213
-0.75,12.75,0,-0.000869454
-0.75,12.25,0,0.001052247
-0.75,11.75,0,-0.000719176
-0.75,11.25,0,0.000305337
-0.75,10.75,0,0.000285229
-0.75,10.25,0,0.000601643
-0.75,9.75,0,-0.000754614
-0.75,9.25,0,-0.000186842
-0.75,8.75,0,0.002577515
-0.75,8.25,0,-0.001340978
-0.75,7.75,0,0.001043467
-0.75,7.25,0,0.000184206
-0.75,6.75,0,-0.000563557
-0.75,6.25,0,-7.57E-05
-0.75,5.75,0,-0.000288229
-0.75,5.25,0,0.0019809
-0.75,4.75,0,-0.001513087
-0.75,4.25,0,0.000646448
-0.75,3.75,0,-0.000828501
-0.75,3.25,0,0.001837588
-0.75,2.75,0,3.13E-05
-0.75,2.25,0,-0.000242779
-0.75,1.75,0,0.000669328
-0.75,1.25,0,-0.000387453
-0.75,0.75,0,0.000871519
-0.75,0.25,0,0.000202837
-0.75,-0.25,0,-0.002897861
-0.75,-0.75,0,-0.004660346
-0.75,-1.25,0,-0.001402102
-0.75,-1.75,0,0.007561213
-0.75,-2.25,0,-0.004053073
-0.75,-2.75,0,-0.016948623
-0.75,-3.25,0,-0.000264031
-0.75,-3.75,0,-0.032076496
-0.75,-4.25,0,0.016851047
-0.75,-4.75,0,-0.013447663
-0.75,-5.25,0,-0.005927213
-0.75,-5.75,0,0.00811544
-0.75,-6.25,0,-0.00489276
-0.75,-6.75,0,-0.007416156
-0.75,-7.25,0,0.021302899
-0.75,-7.75,0,-0.015675844
-0.75,-8.25,0,0.002195851
-0.75,-8.75,0,-0.000581187
-0.75,-9.25,0,-0.000310769
-0.75,-9.75,0,-0.00024987
-0.75,-10.25,0,0.00086313
-0.75,-10.75,0,0.000241672
-0.75,-11.25,0,0.000914636
-0.75,-11.75,0,-0.00082757
-0.75,-12.25,0,0.002252483
-0.75,-12.75,0,-0.001362962
-0.75,-13.25,0,0.000521173
-0.75,-13.75,0,2.88E-05
-0.75,-14.25,0,4.75E-05
-0.75,-14.75,0,0.000887613
-0.25,14.75,0,0.000566883
-0.25,14.25,0,-1.27E-05
-0.25,13.75,0,-0.000389968
-0.25,13.25,0,0.000539649
-0.25,12.75,0,-0.000631711
-0.25,12.25,0,0.000617534
-0.25,11.75,0,-0.000843028
-0.25,11.25,0,0.000297058
-0.25,10.75,0,-0.000772827
-0.25,10.25,0,-0.000497672
-0.25,9.75,0,0.000658977
-0.25,9.25,0,-0.000852621
-0.25,8.75,0,-0.000994136
-0.25,8.25,0,-7.75E-05
-0.25,7.75,0,-0.001614251
-0.25,7.25,0,6.20E-05
-0.25,6.75,0,0.001114137
-0.25,6.25,0,-0.000535718
-0.25,5.75,0,2.70E-04
-0.25,5.25,0,-0.00136456
-0.25,4.75,0,0.001613317
-0.25,4.25,0,-0.000886858
-0.25,3.75,0,0.001147761
-0.25,3.25,0,-0.000508088
-0.25,2.75,0,-0.000143267
-0.25,2.25,0,0.000819571
-0.25,1.75,0,0.000975721
-0.25,1.25,0,-0.000454471
-0.25,0.75,0,0.000500985
-0.25,0.25,0,0.001125407
-0.25,-0.25,0,-0.006396344
-0.25,-0.75,0,0.009482728
-0.25,-1.25,0,-0.47129753
-0.25,-1.75,0,-0.484229681
-0.25,-2.25,0,-0.47020561
-0.25,-2.75,0,-0.459194219
-0.25,-3.25,0,-0.478157934
-0.25,-3.75,0,-0.450549992
-0.25,-4.25,0,-0.516137842
-0.25,-4.75,0,-0.478065092
-0.25,-5.25,0,-0.48525115
-0.25,-5.75,0,-0.470864154
-0.25,-6.25,0,-0.468064731
-0.25,-6.75,0,-0.492701873
-0.25,-7.25,0,-0.485102115
-0.25,-7.75,0,0.007186707
-0.25,-8.25,0,-0.005609477
-0.25,-8.75,0,0.001167341
-0.25,-9.25,0,-0.001372736
-0.25,-9.75,0,-0.00051133
-0.25,-10.25,0,0.0002823
-0.25,-10.75,0,-0.001139805
-0.25,-11.25,0,-0.000190103
-0.25,-11.75,0,0.000784665
-0.25,-12.25,0,-0.000802223
-0.25,-12.75,0,0.000297478
-0.25,-13.25,0,-0.000974355
-0.25,-13.75,0,0.000305164
-0.25,-14.25,0,-0.00123919
-0.25,-14.75,0,0.00026165
0.25,14.75,0,-0.000664005
0.25,14.25,0,0.000347395
0.25,13.75,0,0.000459205
0.25,13.25,0,0.000673167
0.25,12.75,0,-8.31E-05
0.25,12.25,0,-0.000244077
0.25,11.75,0,-0.00115606
0.25,11.25,0,-5.82E-05
0.25,10.75,0,0.00049525
0.25,10.25,0,-0.000319823
0.25,9.75,0,-0.000257527
0.25,9.25,0,0.000417242
0.25,8.75,0,0.001098906
0.25,8.25,0,-0.001306843
0.25,7.75,0,0.000798622
0.25,7.25,0,0.000349254
0.25,6.75,0,-0.000676978
0.25,6.25,0,0.0010977
0.25,5.75,0,-5.81E-05
0.25,5.25,0,-0.000392564
0.25,4.75,0,9.26E-05
0.25,4.25,0,0.000551332
0.25,3.75,0,-0.000624035
0.25,3.25,0,0.001003313
0.25,2.75,0,-0.001113132
0.25,2.25,0,-8.79E-05
0.25,1.75,0,-0.002252185
0.25,1.25,0,0.001254968
0.25,0.75,0,-9.37E-04
0.25,0.25,0,-0.00049197
0.25,-0.25,0,-0.002873316
0.25,-0.75,0,-0.003503507
0.25,-1.25,0,-0.476317649
0.25,-1.75,0,-0.495196209
0.25,-2.25,0,-0.473004451
0.25,-2.75,0,-0.555630308
0.25,-3.25,0,-0.443731521
0.25,-3.75,0,-0.503410604
0.25,-4.25,0,-0.429877912
0.25,-4.75,0,-0.487682805
0.25,-5.25,0,-0.471179914
0.25,-5.75,0,-0.48503048
0.25,-6.25,0,-0.47587783
0.25,-6.75,0,-0.479480338
0.25,-7.25,0,-0.502058429
0.25,-7.75,0,0.034249786
0.25,-8.25,0,-0.010320506
0.25,-8.75,0,0.001982908
0.25,-9.25,0,-0.001286996
0.25,-9.75,0,0.000751427
0.25,-10.25,0,-0.000577521
0.25,-10.75,0,6.78E-05
0.25,-11.25,0,-0.001032936
0.25,-11.75,0,0.000816505
0.25,-12.25,0,6.35E-05
0.25,-12.75,0,0.000308879
0.25,-13.25,0,0.001347617
0.25,-13.75,0,-0.001435798
0.25,-14.25,0,0.000859678
0.25,-14.75,0,-0.000412058
0.75,14.75,0,0.000685982
0.75,14.25,0,0.000469012
0.75,13.75,0,0.000758624
0.75,13.25,0,-0.000902271
0.75,12.75,0,0.000404559
0.75,12.25,0,-0.00037297
0.75,11.75,0,0.002187872
0.75,11.25,0,6.30E-06
0.75,10.75,0,0.001447085
0.75,10.25,0,-9.76E-05
0.75,9.75,0,-0.000186514
0.75,9.25,0,0.000213178
0.75,8.75,0,-0.000841988
0.75,8.25,0,0.001310767
0.75,7.75,0,-2.12E-05
0.75,7.25,0,-0.001249102
0.75,6.75,0,0.001228982
0.75,6.25,0,-0.001465024
0.75,5.75,0,-0.000763108
0.75,5.25,0,0.000613638
0.75,4.75,0,-5.02E-04
0.75,4.25,0,-0.000541496
0.75,3.75,0,6.74E-05
0.75,3.25,0,-0.000543266
0.75,2.75,0,0.000122902
0.75,2.25,0,0.000446421
0.75,1.75,0,-0.000590117
0.75,1.25,0,-0.000440984
0.75,0.75,0,-0.001084641
0.75,0.25,0,0.000466393
0.75,-0.25,0,-0.003696627
0.75,-0.75,0,0.005921115
0.75,-1.25,0,-0.491934149
0.75,-1.75,0,-0.466514738
0.75,-2.25,0,-0.476791474
0.75,-2.75,0,0.038835481
0.75,-3.25,0,-0.023898899
0.75,-3.75,0,-0.02436169
0.75,-4.25,0,-0.012485564
0.75,-4.75,0,-0.008913736
0.75,-5.25,0,-0.010370889
0.75,-5.75,0,0.006832472
0.75,-6.25,0,-3.26E-05
0.75,-6.75,0,-0.017474435
0.75,-7.25,0,0.013418495
0.75,-7.75,0,-0.019624185
0.75,-8.25,0,0.001578951
0.75,-8.75,0,-0.001247962
0.75,-9.25,0,8.46E-05
0.75,-9.75,0,0.001040961
0.75,-10.25,0,1.58E-04
0.75,-10.75,0,0.000889811
0.75,-11.25,0,-0.000628534
0.75,-11.75,0,0.000232661
0.75,-12.25,0,-0.001079018
0.75,-12.75,0,0.000223024
0.75,-13.25,0,-0.000375676
0.75,-13.75,0,0.000939074
0.75,-14.25,0,0.000447006
0.75,-14.75,0,0.000529255
1.25,14.75,0,-0.000428389
1.25,14.25,0,-7.87E-05
1.25,13.75,0,-0.001758457
1.25,13.25,0,0.000593907
1.25,12.75,0,-0.001239192
1.25,12.25,0,2.46E-04
1.25,11.75,0,8.29E-05
1.25,11.25,0,-0.000424052
1.25,10.75,0,-0.000847231
1.25,10.25,0,-4.08E-05
1.25,9.75,0,0.000944403
1.25,9.25,0,0.000762086
1.25,8.75,0,-0.000497512
1.25,8.25,0,-8.09E-05
1.25,7.75,0,-0.000599659
1.25,7.25,0,0.000336253
1.25,6.75,0,-8.73E-05
1.25,6.25,0,0.001266134
1.25,5.75,0,-0.001159133
1.25,5.25,0,0.000686164
1.25,4.75,0,-0.000553255
1.25,4.25,0,-0.00025206
1.25,3.75,0,0.000408336
1.25,3.25,0,0.00030431
1.25,2.75,0,-0.000243631
1.25,2.25,0,8.12E-05
1.25,1.75,0,0.00142222
1.25,1.25,0,-0.000572108
1.25,0.75,0,-1.62E-04
1.25,0.25,0,-0.001445585
1.25,-0.25,0,0.003218296
1.25,-0.75,0,-0.023693199
1.25,-1.25,0,0.036904869
1.25,-1.75,0,-0.531727496
1.25,-2.25,0,-0.443839313
1.25,-2.75,0,-0.503958374
1.25,-3.25,0,0.012099444
1.25,-3.75,0,0.004174082
1.25,-4.25,0,-0.019556777
1.25,-4.75,0,-0.000578193
1.25,-5.25,0,-0.001976252
1.25,-5.75,0,-0.004405232
1.25,-6.25,0,-0.004234856
1.25,-6.75,0,6.24E-05
1.25,-7.25,0,-0.003411968
1.25,-7.75,0,0.000496939
1.25,-8.25,0,0.001408483
1.25,-8.75,0,-0.000429814
1.25,-9.25,0,0.001033149
1.25,-9.75,0,-0.002401747
1.25,-10.25,0,0.000414219
1.25,-10.75,0,0.000163127
1.25,-11.25,0,-0.000197638
1.25,-11.75,0,0.000310681
1.25,-12.25,0,0.000647288
1.25,-12.75,0,0.000127
1.25,-13.25,0,-0.000218311
1.25,-13.75,0,0.000181646
1.25,-14.25,0,-0.000735841
1.25,-14.75,0,-0.000761091
1.75,14.75,0,-0.000222168
1.75,14.25,0,-9.14E-05
1.75,13.75,0,0.001146242
1.75,13.25,0,-0.000912903
1.75,12.75,0,-0.00062854
1.75,12.25,0,0.002499562
1.75,11.75,0,-0.001493972
1.75,11.25,0,0.001222254
1.75,10.75,0,0.000646741
1.75,10.25,0,-0.000532632
1.75,9.75,0,-0.000622078
1.75,9.25,0,-0.000266816
1.75,8.75,0,-1.39E-05
1.75,8.25,0,0.001149492
1.75,7.75,0,-0.001861991
1.75,7.25,0,0.001458166
1.75,6.75,0,0.000691598
1.75,6.25,0,-0.000537768
1.75,5.75,0,0.000101603
1.75,5.25,0,0.000141754
1.75,4.75,0,-0.000235976
1.75,4.25,0,0.000504317
1.75,3.75,0,0.000471931
1.75,3.25,0,-4.30E-04
1.75,2.75,0,9.78E-05
1.75,2.25,0,0.000230048
1.75,1.75,0,-0.000580628
1.75,1.25,0,0.001321737
1.75,0.75,0,-0.000764345
1.75,0.25,0,0.000682244
1.75,-0.25,0,-0.00151388
1.75,-0.75,0,0.005677605
1.75,-1.25,0,-0.026968744
1.75,-1.75,0,0.019449611
1.75,-2.25,0,-0.500817236
1.75,-2.75,0,-0.49731446
1.75,-3.25,0,-0.490413816
1.75,-3.75,0,-0.48363146
1.75,-4.25,0,0.020986818
1.75,-4.75,0,-0.010760234
1.75,-5.25,0,-0.009668099
1.75,-5.75,0,-0.004110744
1.75,-6.25,0,-0.003437015
1.75,-6.75,0,-0.000979836
1.75,-7.25,0,0.00025588
1.75,-7.75,0,-0.000492915
1.75,-8.25,0,-0.000295062
1.75,-8.75,0,-1.05E-04
1.75,-9.25,0,-0.000802181
1.75,-9.75,0,0.001654586
1.75,-10.25,0,0.001214404
1.75,-10.75,0,-0.000824844
1.75,-11.25,0,-0.000399212
1.75,-11.75,0,0.00064814
1.75,-12.25,0,-0.000920424
1.75,-12.75,0,0.001093345
1.75,-13.25,0,0.000744003
1.75,-13.75,0,-2.88E-05
1.75,-14.25,0,0.00078865
1.75,-14.75,0,-0.000209612
2.25,14.75,0,0.000475338
2.25,14.25,0,0.000981572
2.25,13.75,0,-0.000631341
2.25,13.25,0,0.001611081
2.25,12.75,0,0.00020663
2.25,12.25,0,-0.000988426
2.25,11.75,0,0.000310866
2.25,11.25,0,0.000264009
2.25,10.75,0,-5.16E-04
2.25,10.25,0,-0.00017853
2.25,9.75,0,0.001930115
2.25,9.25,0,-0.001065513
2.25,8.75,0,0.000467165
2.25,8.25,0,-3.29E-05
2.25,7.75,0,0.001346595
2.25,7.25,0,0.000412559
2.25,6.75,0,-0.00197647
2.25,6.25,0,-0.000229841
2.25,5.75,0,0.000651166
2.25,5.25,0,-0.000194112
2.25,4.75,0,0.00150006
2.25,4.25,0,0.000377505
2.25,3.75,0,9.43E-06
2.25,3.25,0,5.75E-05
2.25,2.75,0,-0.00118761
2.25,2.25,0,0.001325621
2.25,1.75,0,4.56E-05
2.25,1.25,0,-0.001538735
2.25,0.75,0,0.000557981
2.25,0.25,0,-5.65E-05
2.25,-0.25,0,-6.66E-05
2.25,-0.75,0,-0.001373846
2.25,-1.25,0,0.003778294
2.25,-1.75,0,-0.011616138
2.25,-2.25,0,-0.003227675
2.25,-2.75,0,0.016958929
2.25,-3.25,0,-0.487815317
2.25,-3.75,0,-0.506607931
2.25,-4.25,0,-0.442963354
2.25,-4.75,0,-0.5135092
2.25,-5.25,0,-0.00738828
2.25,-5.75,0,0.012554489
2.25,-6.25,0,-0.009573929
2.25,-6.75,0,-0.004618384
2.25,-7.25,0,8.53E-05
2.25,-7.75,0,-7.56E-05
2.25,-8.25,0,-0.001292978
2.25,-8.75,0,0.000792713
2.25,-9.25,0,0.001165348
2.25,-9.75,0,-0.002116627
2.25,-10.25,0,0.000293401
2.25,-10.75,0,-0.000218811
2.25,-11.25,0,0.000475691
2.25,-11.75,0,-0.000963275
2.25,-12.25,0,0.000283389
2.25,-12.75,0,0.000152346
2.25,-13.25,0,-0.000563305
2.25,-13.75,0,5.28E-05
2.25,-14.25,0,-0.001266599
2.25,-14.75,0,0.000286038
2.75,14.75,0,-8.12E-05
2.75,14.25,0,-0.001324983
2.75,13.75,0,0.000203311
2.75,13.25,0,-0.000945652
2.75,12.75,0,4.08E-05
2.75,12.25,0,0.001059235
2.75,11.75,0,-0.000435414
2.75,11.25,0,0.000835095
2.75,10.75,0,-0.000387459
2.75,10.25,0,-0.000359734
2.75,9.75,0,-0.000436021
2.75,9.25,0,0.000708046
2.75,8.75,0,0.000571414
2.75,8.25,0,-0.000356346
2.75,7.75,0,-0.000526282
2.75,7.25,0,-1.03E-03
2.75,6.75,0,0.000922302
2.75,6.25,0,0.000198687
2.75,5.75,0,-0.000935208
2.75,5.25,0,0.000253792
2.75,4.75,0,-0.001748676
2.75,4.25,0,0.000615593
2.75,3.75,0,-0.00069252
2.75,3.25,0,0.001271687
2.75,2.75,0,-0.001588989
2.75,2.25,0,0.000588516
2.75,1.75,0,3.94E-06
2.75,1.25,0,0.000233969
2.75,0.75,0,0.000411557
2.75,0.25,0,0.000930256
2.75,-0.25,0,-0.000993216
2.75,-0.75,0,0.00059659
2.75,-1.25,0,-0.000873275
2.75,-1.75,0,0.001323879
2.75,-2.25,0,-0.003823689
2.75,-2.75,0,-0.00454252
2.75,-3.25,0,-0.019744692
2.75,-3.75,0,0.042894829
2.75,-4.25,0,-0.510411444
2.75,-4.75,0,-0.455956751
2.75,-5.25,0,-0.421587837
2.75,-5.75,0,-0.518471529
2.75,-6.25,0,0.023055027
2.75,-6.75,0,0.004538566
2.75,-7.25,0,-0.010404765
2.75,-7.75,0,0.001127528
2.75,-8.25,0,-0.000436356
2.75,-8.75,0,0.000257487
2.75,-9.25,0,0.000543315
2.75,-9.75,0,0.000371146
2.75,-10.25,0,-8.43E-04
2.75,-10.75,0,-0.00031343
2.75,-11.25,0,5.83E-05
2.75,-11.75,0,0.000614937
2.75,-12.25,0,0.000174969
2.75,-12.75,0,-0.001027384
2.75,-13.25,0,0.001710258
2.75,-13.75,0,-0.000281625
2.75,-14.25,0,0.000947236
2.75,-14.75,0,-0.000177675
3.25,14.75,0,-0.00088988
3.25,14.25,0,0.000854754
3.25,13.75,0,0.000187426
3.25,13.25,0,0.001462425
3.25,12.75,0,-0.000493238
3.25,12.25,0,-0.001764605
3.25,11.75,0,0.001808047
3.25,11.25,0,0.000111793
3.25,10.75,0,-0.000358176
3.25,10.25,0,-0.00014668
3.25,9.75,0,-0.000700849
3.25,9.25,0,0.000789099
3.25,8.75,0,-0.000200934
3.25,8.25,0,3.54E-05
3.25,7.75,0,0.000665006
3.25,7.25,0,-0.000441459
3.25,6.75,0,0.000904402
3.25,6.25,0,-6.09E-05
3.25,5.75,0,0.000129464
3.25,5.25,0,0.0001424
3.25,4.75,0,0.000493439
3.25,4.25,0,-0.000691364
3.25,3.75,0,0.000421937
3.25,3.25,0,0.000138406
3.25,2.75,0,0.00170875
3.25,2.25,0,-6.46E-05
3.25,1.75,0,-0.00076158
3.25,1.25,0,0.000580631
3.25,0.75,0,-0.001070145
3.25,0.25,0,0.000199362
3.25,-0.25,0,-0.000865106
3.25,-0.75,0,0.000286503
3.25,-1.25,0,-0.006418659
3.25,-1.75,0,-0.006059065
3.25,-2.25,0,-0.004419665
3.25,-2.75,0,-0.003558241
3.25,-3.25,0,-0.006660446
3.25,-3.75,0,-0.020762569
3.25,-4.25,0,-0.004915339
3.25,-4.75,0,-0.009759651
3.25,-5.25,0,-0.53213447
3.25,-5.75,0,-0.467723043
3.25,-6.25,0,-0.474558478
3.25,-6.75,0,-0.511911054
3.25,-7.25,0,0.023620169
3.25,-7.75,0,-0.028304083
3.25,-8.25,0,0.00364695
3.25,-8.75,0,-0.001213504
3.25,-9.25,0,-0.001121144
3.25,-9.75,0,0.000825623
3.25,-10.25,0,-0.001284826
3.25,-10.75,0,-2.95E-05
3.25,-11.25,0,0.000145502
3.25,-11.75,0,-0.000246278
3.25,-12.25,0,0.00031978
3.25,-12.75,0,0.000175688
3.25,-13.25,0,0.000300123
3.25,-13.75,0,-0.00125899
3.25,-14.25,0,0.00048991
3.25,-14.75,0,-0.001270117
3.75,14.75,0,0.000502246
3.75,14.25,0,-0.00035185
3.75,13.75,0,0.000485735
3.75,13.25,0,-0.000581294
3.75,12.75,0,0.000272462
3.75,12.25,0,0.001101132
3.75,11.75,0,-0.001915886
3.75,11.25,0,-0.000727711
3.75,10.75,0,-0.001032219
3.75,10.25,0,0.00085949
3.75,9.75,0,0.000251838
3.75,9.25,0,-0.001006715
3.75,8.75,0,0.000882078
3.75,8.25,0,1.88E-04
3.75,7.75,0,-0.000769851
3.75,7.25,0,-3.89E-05
3.75,6.75,0,-0.001138109
3.75,6.25,0,0.001045327
3.75,5.75,0,-0.000308197
3.75,5.25,0,-0.000849344
3.75,4.75,0,0.00012584
3.75,4.25,0,-0.000487126
3.75,3.75,0,0.000734591
3.75,3.25,0,7.04E-05
3.75,2.75,0,-0.000232244
3.75,2.25,0,0.000129404
3.75,1.75,0,0.000446618
3.75,1.25,0,-0.000807344
3.75,0.75,0,0.000862707
3.75,0.25,0,-0.001427817
3.75,-0.25,0,0.000516311
3.75,-0.75,0,-0.011037759
3.75,-1.25,0,0.008813502
3.75,-1.75,0,0.002157426
3.75,-2.25,0,0.009603474
3.75,-2.75,0,-0.000731761
3.75,-3.25,0,-0.004500555
3.75,-3.75,0,0.003254552
3.75,-4.25,0,0.001352693
3.75,-4.75,0,-0.009800129
3.75,-5.25,0,0.017815155
3.75,-5.75,0,0.005135392
3.75,-6.25,0,-0.497959544
3.75,-6.75,0,-0.464278302
3.75,-7.25,0,-0.496454269
3.75,-7.75,0,0.022660822
3.75,-8.25,0,-0.007871855
3.75,-8.75,0,0.000192212
3.75,-9.25,0,0.000156692
3.75,-9.75,0,0.000976772
3.75,-10.25,0,1.59E-05
3.75,-10.75,0,-0.000743116
3.75,-11.25,0,0.001965871
3.75,-11.75,0,-0.000676315
3.75,-12.25,0,0.000539805
3.75,-12.75,0,-0.000950653
3.75,-13.25,0,0.000218485
3.75,-13.75,0,0.000439403
3.75,-14.25,0,-0.000336149
3.75,-14.75,0,0.000712347
4.25,14.75,0,0.001326099
4.25,14.25,0,-0.001375092
4.25,13.75,0,0.000630576
4.25,13.25,0,-0.001262813
4.25,12.75,0,-0.000353503
4.25,12.25,0,0.000977707
4.25,11.75,0,0.000764357
4.25,11.25,0,0.000172924
4.25,10.75,0,-0.000190502
4.25,10.25,0,-8.26E-05
4.25,9.75,0,0.000678367
4.25,9.25,0,-3.79E-05
4.25,8.75,0,0.000923143
4.25,8.25,0,-0.000401205
4.25,7.75,0,-0.001249306
4.25,7.25,0,5.96E-05
4.25,6.75,0,-5.94E-05
4.25,6.25,0,-0.00017886
4.25,5.75,0,-0.000529359
4.25,5.25,0,0.001422414
4.25,4.75,0,-0.001069818
4.25,4.25,0,0.000160216
4.25,3.75,0,-0.000864027
4.25,3.25,0,-0.000112542
4.25,2.75,0,-0.00043625
4.25,2.25,0,0.000173998
4.25,1.75,0,-0.000686493
4.25,1.25,0,-0.000173562
4.25,0.75,0,-0.000362155
4.25,0.25,0,0.002568383
4.25,-0.25,0,-0.008438986
4.25,-0.75,0,0.013887193
4.25,-1.25,0,-0.481393404
4.25,-1.75,0,-0.489749977
4.25,-2.25,0,-0.491555433
4.25,-2.75,0,-0.48586652
4.25,-3.25,0,-0.471829884
4.25,-3.75,0,-0.467616014
4.25,-4.25,0,-0.50480638
4.25,-4.75,0,-0.496699655
4.25,-5.25,0,-0.457751732
4.25,-5.75,0,-0.507639836
4.25,-6.25,0,-0.45829368
4.25,-6.75,0,-0.495305246
4.25,-7.25,0,-0.459033795
4.25,-7.75,0,-0.010698216
4.25,-8.25,0,-0.001554625
4.25,-8.75,0,-0.000649168
4.25,-9.25,0,-0.000735821
4.25,-9.75,0,-0.000446559
4.25,-10.25,0,0.000667631
4.25,-10.75,0,-0.000231008
4.25,-11.25,0,-0.00153033
4.25,-11.75,0,0.00034154
4.25,-12.25,0,-0.000573036
4.25,-12.75,0,0.000666781
4.25,-13.25,0,-0.000154474
4.25,-13.75,0,4.01E-05
4.25,-14.25,0,0.000829256
4.25,-14.75,0,-0.001164843
4.75,14.75,0,-0.00157973
4.75,14.25,0,0.000750967
4.75,13.75,0,0.000292376
4.75,13.25,0,-0.000576618
4.75,12.75,0,0.001603354
4.75,12.25,0,-0.000570246
4.75,11.75,0,1.13E-05
4.75,11.25,0,-5.92E-05
4.75,10.75,0,0.000589306
4.75,10.25,0,0.000763312
4.75,9.75,0,-0.000391401
4.75,9.25,0,-0.001136924
4.75,8.75,0,0.000808742
4.75,8.25,0,-0.000892658
4.75,7.75,0,0.001531512
4.75,7.25,0,-0.000920293
4.75,6.75,0,0.00161545
4.75,6.25,0,-7.96E-05
4.75,5.75,0,-0.000836491
4.75,5.25,0,0.000969301
4.75,4.75,0,-0.000985007
4.75,4.25,0,0.000663194
4.75,3.75,0,0.000524264
4.75,3.25,0,-0.000142374
4.75,2.75,0,-0.000515652
4.75,2.25,0,0.001745317
4.75,1.75,0,-0.000551508
4.75,1.25,0,0.000122788
4.75,0.75,0,-0.00083812
4.75,0.25,0,-0.000556113
4.75,-0.25,0,-0.001094754
4.75,-0.75,0,0.004531587
4.75,-1.25,0,-0.492588381
4.75,-1.75,0,-0.471734958
4.75,-2.25,0,-0.488907992
4.75,-2.75,0,-0.4331
4.75,-3.25,0,-0.514117572
4.75,-3.75,0,-0.492942545
4.75,-4.25,0,-0.46807466
4.75,-4.75,0,-0.479535156
4.75,-5.25,0,-0.478106063
4.75,-5.75,0,-0.494072623
4.75,-6.25,0,-0.48494045
4.75,-6.75,0,-0.452250477
4.75,-7.25,0,-0.478439305
4.75,-7.75,0,0.011497956
4.75,-8.25,0,-0.006670072
4.75,-8.75,0,0.000201294
4.75,-9.25,0,0.000325007
4.75,-9.75,0,0.00020638
4.75,-10.25,0,-0.000192757
4.75,-10.75,0,0.000408911
4.75,-11.25,0,0.000256066
4.75,-11.75,0,0.000755612
4.75,-12.25,0,0.00013138
4.75,-12.75,0,-7.40E-04
4.75,-13.25,0,-0.00018865
4.75,-13.75,0,0.000881602
4.75,-14.25,0,-0.00028837
4.75,-14.75,0,-0.00041422
5.25,14.75,0,0.001029554
5.25,14.25,0,9.91E-05
5.25,13.75,0,-0.000210121
5.25,13.25,0,-0.000173239
5.25,12.75,0,-0.001231904
5.25,12.25,0,0.000364974
5.25,11.75,0,-0.000507752
5.25,11.25,0,0.000669066
5.25,10.75,0,-0.001549978
5.25,10.25,0,0.000839141
5.25,9.75,0,0.000551399
5.25,9.25,0,-0.001079664
5.25,8.75,0,0.001056157
5.25,8.25,0,-0.000577022
5.25,7.75,0,-1.63E-05
5.25,7.25,0,0.000377308
5.25,6.75,0,-0.000438901
5.25,6.25,0,-0.002162162
5.25,5.75,0,0.001183975
5.25,5.25,0,-0.000579206
5.25,4.75,0,-0.000203132
5.25,4.25,0,0.000412913
5.25,3.75,0,-0.000782139
5.25,3.25,0,0.000791467
5.25,2.75,0,0.000338957
5.25,2.25,0,-0.001106604
5.25,1.75,0,0.000510583
5.25,1.25,0,1.32E-05
5.25,0.75,0,0.001142471
5.25,0.25,0,-0.00085107
5.25,-0.25,0,-0.000120843
5.25,-0.75,0,-0.012778087
5.25,-1.25,0,0.004203642
5.25,-1.75,0,-0.001219281
5.25,-2.25,0,-0.005710034
5.25,-2.75,0,-0.017285872
5.25,-3.25,0,0.017125508
5.25,-3.75,0,-0.004033267
5.25,-4.25,0,0.002952478
5.25,-4.75,0,-0.009504575
5.25,-5.25,0,0.002974931
5.25,-5.75,0,-0.015333084
5.25,-6.25,0,-2.46E-03
5.25,-6.75,0,-0.010129578
5.25,-7.25,0,-0.010905461
5.25,-7.75,0,-0.006446012
5.25,-8.25,0,0.000119351
5.25,-8.75,0,1.65E-05
5.25,-9.25,0,0.001766829
5.25,-9.75,0,-0.00162171
5.25,-10.25,0,-0.001301631
5.25,-10.75,0,9.75E-05
5.25,-11.25,0,-0.001024955
5.25,-11.75,0,-0.000557294
5.25,-12.25,0,0.000260268
5.25,-12.75,0,0.000486034
5.25,-13.25,0,-2.76E-06
5.25,-13.75,0,-0.000352882
5.25,-14.25,0,-0.000900505
5.25,-14.75,0,0.000860087
5.75,14.75,0,-0.000130077
5.75,14.25,0,-0.001036603
5.75,13.75,0,0.000192853
5.75,13.25,0,0.000223069
5.75,12.75,0,-0.000237824
5.75,12.25,0,0.000522985
5.75,11.75,0,0.000284656
5.75,11.25,0,-0.000379312
5.75,10.75,0,0.00026933
5.75,10.25,0,0.000167855
5.75,9.75,0,-0.00058132
5.75,9.25,0,-4.99E-06
5.75,8.75,0,-0.00047147
5.75,8.25,0,0.000299466
5.75,7.75,0,8.17E-05
5.75,7.25,0,-0.00036828
5.75,6.75,0,-5.42E-05
5.75,6.25,0,0.001095016
5.75,5.75,0,-1.15E-03
5.75,5.25,0,0.000869847
5.75,4.75,0,-0.000262765
5.75,4.25,0,-0.000104853
5.75,3.75,0,5.75E-05
5.75,3.25,0,-0.000886273
5.75,2.75,0,-0.000258044
5.75,2.25,0,-0.000542323
5.75,1.75,0,0.001337607
5.75,1.25,0,-0.000706393
5.75,0.75,0,-4.36E-05
5.75,0.25,0,-0.000112503
5.75,-0.25,0,0.000964405
5.75,-0.75,0,0.001684314
5.75,-1.25,0,-2.54E-03
5.75,-1.75,0,-0.002984523
5.75,-2.25,0,-0.002737354
5.75,-2.75,0,-0.000589935
5.75,-3.25,0,-0.007598713
5.75,-3.75,0,-0.002961176
5.75,-4.25,0,-0.004994297
5.75,-4.75,0,-0.001392501
5.75,-5.25,0,-0.0040885
5.75,-5.75,0,-0.000230946
5.75,-6.25,0,-0.002461943
5.75,-6.75,0,0.000135263
5.75,-7.25,0,-0.001052093
5.75,-7.75,0,-0.000279331
5.75,-8.25,0,-0.000236127
5.75,-8.75,0,-0.000116336
5.75,-9.25,0,-0.003465116
5.75,-9.75,0,0.000969145
5.75,-10.25,0,0.001053083
5.75,-10.75,0,-0.001186879
5.75,-11.25,0,-0.000911767
5.75,-11.75,0,0.001217192
5.75,-12.25,0,-0.00229194
5.75,-12.75,0,-0.000840887
5.75,-13.25,0,0.000860422
5.75,-13.75,0,-0.000892246
5.75,-14.25,0,0.001724603
5.75,-14.75,0,-0.001007761
6.25,14.75,0,-0.000369739
6.25,14.25,0,0.000512407
6.25,13.75,0,0.000366035
6.25,13.25,0,0.000302502
6.25,12.75,0,0.000508188
6.25,12.25,0,-7.50E-05
6.25,11.75,0,-0.000598695
6.25,11.25,0,0.000788597
6.25,10.75,0,-0.000560087
6.25,10.25,0,0.000195286
6.25,9.75,0,0.001309268
6.25,9.25,0,-0.001850306
6.25,8.75,0,0.001997308
6.25,8.25,0,-0.00114479
6.25,7.75,0,0.001001894
6.25,7.25,0,0.001170356
6.25,6.75,0,-0.001541478
6.25,6.25,0,-0.000433851
6.25,5.75,0,0.002667873
6.25,5.25,0,-0.001500342
6.25,4.75,0,0.000276257
6.25,4.25,0,-3.16E-05
6.25,3.75,0,0.000339505
6.25,3.25,0,0.001105768
6.25,2.75,0,-0.000544171
6.25,2.25,0,-0.000450808
6.25,1.75,0,2.90E-06
6.25,1.25,0,-0.000406569
6.25,0.75,0,0.001607912
6.25,0.25,0,-0.000155883
6.25,-0.25,0,6.82E-05
6.25,-0.75,0,-0.000995778
6.25,-1.25,0,-0.000746969
6.25,-1.75,0,0.000732512
6.25,-2.25,0,-8.05E-05
6.25,-2.75,0,0.001308712
6.25,-3.25,0,-0.002025003
6.25,-3.75,0,0.001186729
6.25,-4.25,0,-0.001784435
6.25,-4.75,0,0.000824209
6.25,-5.25,0,0.000737274
6.25,-5.75,0,0.000179138
6.25,-6.25,0,-0.000625434
6.25,-6.75,0,-0.002088904
6.25,-7.25,0,0.000317903
6.25,-7.75,0,0.001270514
6.25,-8.25,0,-0.002374646
6.25,-8.75,0,-0.000424803
6.25,-9.25,0,0.000510486
6.25,-9.75,0,-0.001518237
6.25,-10.25,0,-0.000496378
6.25,-10.75,0,0.002170458
6.25,-11.25,0,-0.001345353
6.25,-11.75,0,0.000802411
6.25,-12.25,0,0.000816658
6.25,-12.75,0,-0.00315518
6.25,-13.25,0,0.00161027
6.25,-13.75,0,-0.00201678
6.25,-14.25,0,-0.000751075
6.25,-14.75,0,-0.002150651
6.75,14.75,0,-7.49E-06
6.75,14.25,0,-0.000159755
6.75,13.75,0,-0.000311471
6.75,13.25,0,-0.000125721
6.75,12.75,0,-0.001523237
6.75,12.25,0,-0.000122046
6.75,11.75,0,0.000447638
6.75,11.25,0,-0.000845956
6.75,10.75,0,0.000657007
6.75,10.25,0,-0.000677392
6.75,9.75,0,-5.95E-05
6.75,9.25,0,-0.000606794
6.75,8.75,0,-0.000589052
6.75,8.25,0,0.000752302
6.75,7.75,0,-0.001143108
6.75,7.25,0,-9.40E-05
6.75,6.75,0,0.00140848
6.75,6.25,0,-0.000231807
6.75,5.75,0,-0.000124013
6.75,5.25,0,0.001952038
6.75,4.75,0,0.000395954
6.75,4.25,0,-0.000368049
6.75,3.75,0,0.001378827
6.75,3.25,0,-0.001013588
6.75,2.75,0,-0.000495914
6.75,2.25,0,0.001712006
6.75,1.75,0,0.000296855
6.75,1.25,0,-0.000424793
6.75,0.75,0,-7.63E-05
6.75,0.25,0,-7.21E-05
6.75,-0.25,0,-0.000263529
6.75,-0.75,0,0.000138254
6.75,-1.25,0,-5.30E-05
6.75,-1.75,0,-0.001091677
6.75,-2.25,0,0.000129485
6.75,-2.75,0,-0.001639923
6.75,-3.25,0,0.001526002
6.75,-3.75,0,-0.001171297
6.75,-4.25,0,0.001045442
6.75,-4.75,0,-0.001024929
6.75,-5.25,0,-0.000976285
6.75,-5.75,0,0.000689979
6.75,-6.25,0,-0.001298026
6.75,-6.75,0,0.00054147
6.75,-7.25,0,0.000357063
6.75,-7.75,0,-0.011458762
6.75,-8.25,0,-0.000515408
6.75,-8.75,0,0.000623219
6.75,-9.25,0,0.005179398
6.75,-9.75,0,-0.00396165
6.75,-10.25,0,-0.0049322
6.75,-10.75,0,-0.010794788
6.75,-11.25,0,-0.01339091
6.75,-11.75,0,-0.006535888
6.75,-12.25,0,-0.005326496
6.75,-12.75,0,0.010159901
6.75,-13.25,0,-0.01658103
6.75,-13.75,0,0.007418289
6.75,-14.25,0,-0.001870934
6.75,-14.75,0,0.000716787
7.25,14.75,0,0.000703181
7.25,14.25,0,-0.000726629
7.25,13.75,0,0.00055413
7.25,13.25,0,-0.000872981
7.25,12.75,0,0.00183798
7.25,12.25,0,0.000159812
7.25,11.75,0,0.000116044
7.25,11.25,0,-0.000403819
7.25,10.75,0,-0.000283391
7.25,10.25,0,0.001457524
7.25,9.75,0,-8.17E-05
7.25,9.25,0,0.000614088
7.25,8.75,0,-0.000988099
7.25,8.25,0,8.68E-05
7.25,7.75,0,0.001173022
7.25,7.25,0,-0.001108689
7.25,6.75,0,0.000432819
7.25,6.25,0,0.00165753
7.25,5.75,0,-0.001388377
7.25,5.25,0,-0.001890717
7.25,4.75,0,-0.000137534
7.25,4.25,0,0.000473345
7.25,3.75,0,-0.000616963
7.25,3.25,0,-0.000179449
7.25,2.75,0,0.000157164
7.25,2.25,0,-0.000865534
7.25,1.75,0,-0.00144774
7.25,1.25,0,0.001676127
7.25,0.75,0,0.000185932
7.25,0.25,0,-0.001248067
7.25,-0.25,0,0.001635875
7.25,-0.75,0,-0.001202571
7.25,-1.25,0,-2.57E-06
7.25,-1.75,0,0.000716013
7.25,-2.25,0,-0.000823464
7.25,-2.75,0,0.000226631
7.25,-3.25,0,-0.00064525
7.25,-3.75,0,0.001401804
7.25,-4.25,0,-0.000246376
7.25,-4.75,0,8.51E-06
7.25,-5.25,0,2.64E-05
7.25,-5.75,0,-0.001001306
7.25,-6.25,0,0.003931069
7.25,-6.75,0,-0.004779192
7.25,-7.25,0,-0.036587151
7.25,-7.75,0,0.027841249
7.25,-8.25,0,-0.029504078
7.25,-8.75,0,-0.03015243
7.25,-9.25,0,-0.038577428
7.25,-9.75,0,7.23E-04
7.25,-10.25,0,-0.022061856
7.25,-10.75,0,0.001432665
7.25,-11.25,0,-0.001713232
7.25,-11.75,0,0.005003653
7.25,-12.25,0,-0.015357275
7.25,-12.75,0,-0.072998939
7.25,-13.25,0,0.063633655
7.25,-13.75,0,-0.054811596
7.25,-14.25,0,0.004787023
7.25,-14.75,0,-0.003609377
7.75,14.75,0,-0.000242207
7.75,14.25,0,-5.27E-05
7.75,13.75,0,-0.00058142
7.75,13.25,0,-0.000385033
7.75,12.75,0,-0.000914433
7.75,12.25,0,-0.000122681
7.75,11.75,0,-0.000889869
7.75,11.25,0,-0.000117029
7.75,10.75,0,0.00045199
7.75,10.25,0,-0.000632408
7.75,9.75,0,-0.0004628
7.75,9.25,0,0.000189854
7.75,8.75,0,0.001036973
7.75,8.25,0,-0.000384412
7.75,7.75,0,-0.000696674
7.75,7.25,0,-0.000605101
7.75,6.75,0,-0.000718091
7.75,6.25,0,0.000171624
7.75,5.75,0,0.000131361
7.75,5.25,0,0.000586341
7.75,4.75,0,0.00020348
7.75,4.25,0,-5.28E-05
7.75,3.75,0,0.000128279
7.75,3.25,0,0.001004721
7.75,2.75,0,9.79E-05
7.75,2.25,0,0.000525412
7.75,1.75,0,0.000513234
7.75,1.25,0,-0.001354058
7.75,0.75,0,-0.000397711
7.75,0.25,0,0.000733826
7.75,-0.25,0,-0.001578372
7.75,-0.75,0,0.000748968
7.75,-1.25,0,6.82E-05
7.75,-1.75,0,9.76E-05
7.75,-2.25,0,0.000270766
7.75,-2.75,0,0.000174054
7.75,-3.25,0,2.05E-04
7.75,-3.75,0,-0.000622681
7.75,-4.25,0,0.000542999
7.75,-4.75,0,0.00027065
7.75,-5.25,0,-0.00177129
7.75,-5.75,0,0.001194029
7.75,-6.25,0,-0.003689421
7.75,-6.75,0,-0.024981342
7.75,-7.25,0,0.083780822
7.75,-7.75,0,-1.026170339
7.75,-8.25,0,-0.88129885
7.75,-8.75,0,-0.946356855
7.75,-9.25,0,-0.933704248
7.75,-9.75,0,-0.967554079
7.75,-10.25,0,-0.988757166
7.75,-10.75,0,-0.923126163
7.75,-11.25,0,-1.004140173
7.75,-11.75,0,-0.942815452
7.75,-12.25,0,-0.889000781
7.75,-12.75,0,-0.962820223
7.75,-13.25,0,-0.980994753
7.75,-13.75,0,0.033542362
7.75,-14.25,0,-0.019622435
7.75,-14.75,0,0.00133809
8.25,14.75,0,0.000833677
8.25,14.25,0,0.000785012
8.25,13.75,0,-0.000991278
8.25,13.25,0,0.000442288
8.25,12.75,0,0.000813677
8.25,12.25,0,0.001193442
8.25,11.75,0,-0.001196157
8.25,11.25,0,0.001155305
8.25,10.75,0,-3.77E-05
8.25,10.25,0,0.000415381
8.25,9.75,0,-5.11E-05
8.25,9.25,0,-0.000612543
8.25,8.75,0,-0.0003108
8.25,8.25,0,-0.000162267
8.25,7.75,0,0.00209147
8.25,7.25,0,-0.000286233
8.25,6.75,0,0.000207734
8.25,6.25,0,6.08E-05
8.25,5.75,0,-0.000962399
8.25,5.25,0,0.001196374
8.25,4.75,0,0.000152485
8.25,4.25,0,-0.000206787
8.25,3.75,0,0.000800862
8.25,3.25,0,-0.000425788
8.25,2.75,0,-0.00015015
8.25,2.25,0,-0.000206543
8.25,1.75,0,-0.000906038
8.25,1.25,0,0.001297779
8.25,0.75,0,0.000482808
8.25,0.25,0,-0.000468169
8.25,-0.25,0,0.001466494
8.25,-0.75,0,-0.00062926
8.25,-1.25,0,0.000374442
8.25,-1.75,0,-0.001227792
8.25,-2.25,0,0.000877944
8.25,-2.75,0,-0.001165332
8.25,-3.25,0,-0.000527869
8.25,-3.75,0,0.000799648
8.25,-4.25,0,-3.29E-05
8.25,-4.75,0,-0.000935437
8.25,-5.25,0,0.000287116
8.25,-5.75,0,-0.000573602
8.25,-6.25,0,-0.006167064
8.25,-6.75,0,0.006241836
8.25,-7.25,0,-1.012005982
8.25,-7.75,0,-0.953518641
8.25,-8.25,0,-0.979437593
8.25,-8.75,0,-0.957825723
8.25,-9.25,0,-0.96330068
8.25,-9.75,0,-0.939620775
8.25,-10.25,0,-0.938346487
8.25,-10.75,0,-0.987965926
8.25,-11.25,0,-0.94254507
8.25,-11.75,0,-0.91903969
8.25,-12.25,0,-1.009562779
8.25,-12.75,0,-0.968310833
8.25,-13.25,0,-0.905832206
8.25,-13.75,0,-0.936664912
8.25,-14.25,0,-0.022656568
8.25,-14.75,0,-0.002971892
8.75,14.75,0,-0.000929213
8.75,14.25,0,0.001046324
8.75,13.75,0,0.00065386
8.75,13.25,0,-0.000625182
8.75,12.75,0,0.000293455
8.75,12.25,0,-0.000590896
8.75,11.75,0,0.000122769
8.75,11.25,0,0.000703119
8.75,10.75,0,0.000122853
8.75,10.25,0,-0.001155417
8.75,9.75,0,0.000634361
8.75,9.25,0,-0.00066947
8.75,8.75,0,0.001879051
8.75,8.25,0,-0.001763233
8.75,7.75,0,-0.000779476
8.75,7.25,0,0.000904648
8.75,6.75,0,-0.000755726
8.75,6.25,0,0.000249203
8.75,5.75,0,0.000365989
8.75,5.25,0,0.000739721
8.75,4.75,0,-0.000785436
8.75,4.25,0,-0.000126428
8.75,3.75,0,-0.000401452
8.75,3.25,0,-0.000298948
8.75,2.75,0,0.000623367
8.75,2.25,0,-0.000662244
8.75,1.75,0,0.000991367
8.75,1.25,0,-0.000152308
8.75,0.75,0,-0.000747013
8.75,0.25,0,-1.74E-05
8.75,-0.25,0,0.000524504
8.75,-0.75,0,0.000390499
8.75,-1.25,0,0.000262932
8.75,-1.75,0,0.000152097
8.75,-2.25,0,-0.000476522
8.75,-2.75,0,0.000856934
8.75,-3.25,0,-0.000240492
8.75,-3.75,0,-0.000453388
8.75,-4.25,0,0.000582242
8.75,-4.75,0,0.000993422
8.75,-5.25,0,-0.000852252
8.75,-5.75,0,0.000225413
8.75,-6.25,0,-0.002933035
8.75,-6.75,0,-0.022306948
8.75,-7.25,0,-0.894230725
8.75,-7.75,0,-0.923403075
8.75,-8.25,0,-0.045651336
8.75,-8.75,0,-0.019703272
8.75,-9.25,0,-0.001166893
8.75,-9.75,0,-0.049098644
8.75,-10.25,0,-0.018042624
8.75,-10.75,0,0.014670564
8.75,-11.25,0,-0.030821465
8.75,-11.75,0,-0.007637009
8.75,-12.25,0,-0.021276217
8.75,-12.75,0,0.000896035
8.75,-13.25,0,-0.989961359
8.75,-13.75,0,-0.953872098
8.75,-14.25,0,0.001437884
8.75,-14.75,0,-0.011546514
9.25,14.75,0,0.000715447
9.25,14.25,0,-8.00E-05
9.25,13.75,0,-0.000590915
9.25,13.25,0,-0.000123029
9.25,12.75,0,0.00063453
9.25,12.25,0,-1.84E-03
9.25,11.75,0,0.000803337
9.25,11.25,0,-0.000273806
9.25,10.75,0,0.000288753
9.25,10.25,0,0.00140032
9.25,9.75,0,-0.000429429
9.25,9.25,0,-0.000692228
9.25,8.75,0,0.000576157
9.25,8.25,0,0.000805814
9.25,7.75,0,0.000106739
9.25,7.25,0,-0.000627023
9.25,6.75,0,0.000258691
9.25,6.25,0,-0.00096278
9.25,5.75,0,0.000311248
9.25,5.25,0,-0.000374808
9.25,4.75,0,-0.000549665
9.25,4.25,0,0.001271012
9.25,3.75,0,-0.000732094
9.25,3.25,0,0.001271868
9.25,2.75,0,-0.001030327
9.25,2.25,0,0.000664741
9.25,1.75,0,-0.00093153
9.25,1.25,0,0.000364153
9.25,0.75,0,0.000785686
9.25,0.25,0,0.000831515
9.25,-0.25,0,-0.002037933
9.25,-0.75,0,0.000623402
9.25,-1.25,0,-0.000127834
9.25,-1.75,0,0.000535148
9.25,-2.25,0,-8.00E-05
9.25,-2.75,0,-0.001285328
9.25,-3.25,0,0.000824574
9.25,-3.75,0,3.12E-05
9.25,-4.25,0,-0.000395632
9.25,-4.75,0,-0.000891102
9.25,-5.25,0,0.001597206
9.25,-5.75,0,0.001889793
9.25,-6.25,0,-0.009327314
9.25,-6.75,0,-3.11E-03
9.25,-7.25,0,-1.014567292
9.25,-7.75,0,-0.995261484
9.25,-8.25,0,0.039379646
9.25,-8.75,0,-0.016270416
9.25,-9.25,0,-0.001690075
9.25,-9.75,0,0.0018611
9.25,-10.25,0,0.001032053
9.25,-10.75,0,-0.003772829
9.25,-11.25,0,0.000660137
9.25,-11.75,0,-0.002751014
9.25,-12.25,0,-0.016253062
9.25,-12.75,0,0.003206174
9.25,-13.25,0,-0.927215293
9.25,-13.75,0,-0.970114954
9.25,-14.25,0,-0.005947779
9.25,-14.75,0,-0.008912133
9.75,14.75,0,4.89E-05
9.75,14.25,0,-0.001503341
9.75,13.75,0,0.000145535
9.75,13.25,0,-0.000518652
9.75,12.75,0,0.000685534
9.75,12.25,0,0.000216668
9.75,11.75,0,0.00019531
9.75,11.25,0,0.000147348
9.75,10.75,0,-0.001036512
9.75,10.25,0,0.000810344
9.75,9.75,0,-0.000208485
9.75,9.25,0,0.000128133
9.75,8.75,0,-0.000493933
9.75,8.25,0,-0.000433802
9.75,7.75,0,-0.000291827
9.75,7.25,0,-5.33E-05
9.75,6.75,0,0.001279023
9.75,6.25,0,3.73E-04
9.75,5.75,0,-0.000268647
9.75,5.25,0,-0.000684435
9.75,4.75,0,0.000669716
9.75,4.25,0,-0.002152708
9.75,3.75,0,0.002112099
9.75,3.25,0,-0.000286326
9.75,2.75,0,-0.000755705
9.75,2.25,0,0.000401096
9.75,1.75,0,-0.000752264
9.75,1.25,0,0.000459396
9.75,0.75,0,-0.000531041
9.75,0.25,0,3.66E-05
9.75,-0.25,0,0.000401506
9.75,-0.75,0,0.000379848
9.75,-1.25,0,-0.000783125
9.75,-1.75,0,-0.001014034
9.75,-2.25,0,0.000439087
9.75,-2.75,0,-0.000404756
9.75,-3.25,0,0.001085057
9.75,-3.75,0,-0.001757065
9.75,-4.25,0,0.001257402
9.75,-4.75,0,0.000567953
9.75,-5.25,0,-0.001914968
9.75,-5.75,0,-0.000954313
9.75,-6.25,0,-0.001004844
9.75,-6.75,0,-0.015823675
9.75,-7.25,0,-0.967617251
9.75,-7.75,0,-0.915296328
9.75,-8.25,0,-0.02037486
9.75,-8.75,0,-0.008127879
9.75,-9.25,0,-0.001446345
9.75,-9.75,0,-0.001885394
9.75,-10.25,0,-0.003768969
9.75,-10.75,0,-0.020074824
9.75,-11.25,0,-0.020511772
9.75,-11.75,0,-0.001226503
9.75,-12.25,0,-0.014344345
9.75,-12.75,0,0.001943235
9.75,-13.25,0,-0.966239692
9.75,-13.75,0,-1.012191928
9.75,-14.25,0,0.03387884
9.75,-14.75,0,-0.017086932
10.25,14.75,0,0.00045824
10.25,14.25,0,0.000677726
10.25,13.75,0,-0.000874403
10.25,13.25,0,0.001447778
10.25,12.75,0,-0.000935456
10.25,12.25,0,-0.000358109
10.25,11.75,0,-0.000873402
10.25,11.25,0,0.000172746
10.25,10.75,0,0.000402143
10.25,10.25,0,-0.000331266
10.25,9.75,0,-0.000243848
10.25,9.25,0,-0.001493379
10.25,8.75,0,0.002281666
10.25,8.25,0,0.00058858
10.25,7.75,0,-0.000505162
10.25,7.25,0,0.000173673
10.25,6.75,0,0.000133316
10.25,6.25,0,-0.000136929
10.25,5.75,0,-0.000794625
10.25,5.25,0,0.001445088
10.25,4.75,0,-0.001148055
10.25,4.25,0,0.002110767
10.25,3.75,0,-0.001937924
10.25,3.25,0,-1.83E-04
10.25,2.75,0,0.000605369
10.25,2.25,0,0.000399498
10.25,1.75,0,-0.001047053
10.25,1.25,0,0.000915825
10.25,0.75,0,0.000146576
10.25,0.25,0,-9.61E-04
10.25,-0.25,0,0.000276093
10.25,-0.75,0,0.000438875
10.25,-1.25,0,0.001456601
10.25,-1.75,0,-0.000103311
10.25,-2.25,0,-0.000114058
10.25,-2.75,0,0.000500425
10.25,-3.25,0,-0.001703664
10.25,-3.75,0,0.001309972
10.25,-4.25,0,-0.001813989
10.25,-4.75,0,0.000198899
10.25,-5.25,0,-0.000373652
10.25,-5.75,0,0.001958429
10.25,-6.25,0,-0.006943648
10.25,-6.75,0,-0.023527979
10.25,-7.25,0,-0.93872195
10.25,-7.75,0,-0.934233563
10.25,-8.25,0,-0.033062655
10.25,-8.75,0,0.000728301
10.25,-9.25,0,-0.001346334
10.25,-9.75,0,-6.05E-05
10.25,-10.25,0,-0.024565302
10.25,-10.75,0,0.051448477
10.25,-11.25,0,0.042919718
10.25,-11.75,0,-0.016843017
10.25,-12.25,0,-0.008714982
10.25,-12.75,0,-0.00459438
10.25,-13.25,0,-0.90922493
10.25,-13.75,0,-0.919053679
10.25,-14.25,0,-0.029695147
10.25,-14.75,0,-0.003044084
10.75,14.75,0,0.000277973
10.75,14.25,0,0.000270008
10.75,13.75,0,-0.001329554
10.75,13.25,0,0.000485571
10.75,12.75,0,0.000537907
10.75,12.25,0,0.000969109
10.75,11.75,0,-0.00023807
10.75,11.25,0,9.84E-06
10.75,10.75,0,-0.000909243
10.75,10.25,0,0.000184743
10.75,9.75,0,0.000442766
10.75,9.25,0,-0.000419633
10.75,8.75,0,-2.00E-05
10.75,8.25,0,-1.91E-05
10.75,7.75,0,0.000486187
10.75,7.25,0,-0.001127832
10.75,6.75,0,-0.000938012
10.75,6.25,0,0.000336098
10.75,5.75,0,0.001307003
10.75,5.25,0,-0.001190037
10.75,4.75,0,-0.001321282
10.75,4.25,0,0.000907734
10.75,3.75,0,-0.000450577
10.75,3.25,0,0.000754349
10.75,2.75,0,0.000597642
10.75,2.25,0,-0.000980509
10.75,1.75,0,0.000333608
10.75,1.25,0,-0.000420979
10.75,0.75,0,2.70E-05
10.75,0.25,0,0.001239673
10.75,-0.25,0,-0.000121141
10.75,-0.75,0,-0.001986814
10.75,-1.25,0,0.000958116
10.75,-1.75,0,-0.000499136
10.75,-2.25,0,0.000444838
10.75,-2.75,0,-0.001582189
10.75,-3.25,0,0.00119522
10.75,-3.75,0,-0.000138475
10.75,-4.25,0,0.000818622
10.75,-4.75,0,-0.000815817
10.75,-5.25,0,-0.00076524
10.75,-5.75,0,-0.001421065
10.75,-6.25,0,-0.000261187
10.75,-6.75,0,-0.023388489
10.75,-7.25,0,-0.95785906
10.75,-7.75,0,-1.018055338
10.75,-8.25,0,0.012563268
10.75,-8.75,0,-0.02103547
10.75,-9.25,0,-0.00610246
10.75,-9.75,0,-0.000761864
10.75,-10.25,0,0.023831137
10.75,-10.75,0,-1.012813886
10.75,-11.25,0,-0.94769162
10.75,-11.75,0,-0.063557226
10.75,-12.25,0,-0.005782733
10.75,-12.75,0,0.018620792
10.75,-13.25,0,-1.012576468
10.75,-13.75,0,-0.945426644
10.75,-14.25,0,0.001820943
10.75,-14.75,0,-0.00994538
11.25,14.75,0,-0.000852133
11.25,14.25,0,0.000139403
11.25,13.75,0,0.000220155
11.25,13.25,0,-0.000222091
11.25,12.75,0,0.000658806
11.25,12.25,0,-0.00073039
11.25,11.75,0,-2.79E-04
11.25,11.25,0,-3.44E-05
11.25,10.75,0,0.000661073
11.25,10.25,0,0.000863056
11.25,9.75,0,-0.000466854
11.25,9.25,0,-0.000184767
11.25,8.75,0,0.000466928
11.25,8.25,0,0.000563636
11.25,7.75,0,-0.000330871
11.25,7.25,0,0.002445844
11.25,6.75,0,-0.000108799
11.25,6.25,0,0.000221212
11.25,5.75,0,-0.000568365
11.25,5.25,0,0.000558668
11.25,4.75,0,-0.000394303
11.25,4.25,0,0.000223541
11.25,3.75,0,0.001242884
11.25,3.25,0,-0.000335493
11.25,2.75,0,-0.000127639
11.25,2.25,0,5.52E-05
11.25,1.75,0,-0.000179531
11.25,1.25,0,-0.0011965
11.25,0.75,0,0.000232768
11.25,0.25,0,-0.001400344
11.25,-0.25,0,0.001143881
11.25,-0.75,0,0.000326433
11.25,-1.25,0,-0.000511182
11.25,-1.75,0,0.001270869
11.25,-2.25,0,-0.001780489
11.25,-2.75,0,0.000928549
11.25,-3.25,0,-0.001181038
11.25,-3.75,0,-0.000233909
11.25,-4.25,0,-0.000345322
11.25,-4.75,0,0.001055106
11.25,-5.25,0,-0.000834175
11.25,-5.75,0,-0.000653858
11.25,-6.25,0,-0.003060741
11.25,-6.75,0,-0.002197604
11.25,-7.25,0,-0.931024384
11.25,-7.75,0,-0.92290981
11.25,-8.25,0,0.039347485
11.25,-8.75,0,-0.009101517
11.25,-9.25,0,0.013632939
11.25,-9.75,0,-0.062328901
11.25,-10.25,0,-0.010206703
11.25,-10.75,0,-0.932044804
11.25,-11.25,0,-1.016898792
11.25,-11.75,0,0.038344759
11.25,-12.25,0,-0.065073946
11.25,-12.75,0,0.061364008
11.25,-13.25,0,-1.002589168
11.25,-13.75,0,-0.983793984
11.25,-14.25,0,0.024168335
11.25,-14.75,0,-0.018625627
11.75,14.75,0,0.001211633
11.75,14.25,0,4.88E-05
11.75,13.75,0,-0.001265763
11.75,13.25,0,-0.00035072
11.75,12.75,0,0.000609006
11.75,12.25,0,-0.000644573
11.75,11.75,0,0.001481023
11.75,11.25,0,-0.000799938
11.75,10.75,0,-0.000316405
11.75,10.25,0,-0.001371924
11.75,9.75,0,0.000980162
11.75,9.25,0,-0.000309082
11.75,8.75,0,0.000467328
11.75,8.25,0,-0.001185719
11.75,7.75,0,-0.000272907
11.75,7.25,0,0.000357698
11.75,6.75,0,-0.001420157
11.75,6.25,0,-1.38E-05
11.75,5.75,0,2.63E-05
11.75,5.25,0,0.000925744
11.75,4.75,0,2.46E-05
11.75,4.25,0,0.000464017
11.75,3.75,0,-0.000727689
11.75,3.25,0,-3.09E-04
11.75,2.75,0,0.000253491
11.75,2.25,0,-0.000798995
11.75,1.75,0,0.001048659
11.75,1.25,0,0.000595399
11.75,0.75,0,0.000401195
11.75,0.25,0,0.00104229
11.75,-0.25,0,-0.00078523
11.75,-0.75,0,-0.000290133
11.75,-1.25,0,0.000506064
11.75,-1.75,0,0.00030785
11.75,-2.25,0,0.00066502
11.75,-2.75,0,0.000367241
11.75,-3.25,0,0.001125951
11.75,-3.75,0,-0.000311664
11.75,-4.25,0,0.00111854
11.75,-4.75,0,-0.000408031
11.75,-5.25,0,0.000762726
11.75,-5.75,0,-0.001114172
11.75,-6.25,0,-0.003061048
11.75,-6.75,0,0.00330782
11.75,-7.25,0,-1.059933215
11.75,-7.75,0,-0.888183177
11.75,-8.25,0,-1.050402349
11.75,-8.75,0,-0.948772013
11.75,-9.25,0,-0.963600071
11.75,-9.75,0,0.038107201
11.75,-10.25,0,-0.032222017
11.75,-10.75,0,-0.939612917
11.75,-11.25,0,-0.911261084
11.75,-11.75,0,-0.980629673
11.75,-12.25,0,-0.919116285
11.75,-12.75,0,-1.003342709
11.75,-13.25,0,-0.887651764
11.75,-13.75,0,-1.04295717
11.75,-14.25,0,0.032874014
11.75,-14.75,0,-0.012022096
12.25,14.75,0,-0.000618489
12.25,14.25,0,-0.000586795
12.25,13.75,0,0.00113795
12.25,13.25,0,0.000286037
12.25,12.75,0,0.000769333
12.25,12.25,0,-0.000794207
12.25,11.75,0,0.000135942
12.25,11.25,0,4.00E-05
12.25,10.75,0,-1.47E-06
12.25,10.25,0,0.001252891
12.25,9.75,0,0.001000037
12.25,9.25,0,-0.001798718
12.25,8.75,0,0.000545514
12.25,8.25,0,-0.000510203
12.25,7.75,0,-4.23E-05
12.25,7.25,0,-0.00090279
12.25,6.75,0,0.001546017
12.25,6.25,0,0.000393786
12.25,5.75,0,0.000323919
12.25,5.25,0,-4.77E-05
12.25,4.75,0,-4.07E-05
12.25,4.25,0,1.19E-05
12.25,3.75,0,0.000495526
12.25,3.25,0,-0.000170793
12.25,2.75,0,0.000383528
12.25,2.25,0,-1.12E-05
12.25,1.75,0,-0.000615032
12.25,1.25,0,-0.000403692
12.25,0.75,0,-0.000170515
12.25,0.25,0,-0.00073353
12.25,-0.25,0,0.001779863
12.25,-0.75,0,-0.000977009
12.25,-1.25,0,-0.000742564
12.25,-1.75,0,0.000290035
12.25,-2.25,0,-9.82E-05
12.25,-2.75,0,-0.000902135
12.25,-3.25,0,0.000162632
12.25,-3.75,0,0.000623853
12.25,-4.25,0,-1.11E-03
12.25,-4.75,0,5.93E-05
12.25,-5.25,0,-8.53E-04
12.25,-5.75,0,-0.000181764
12.25,-6.25,0,0.001922519
12.25,-6.75,0,-0.018234708
12.25,-7.25,0,0.052609168
12.25,-7.75,0,-0.986792612
12.25,-8.25,0,-0.882147543
12.25,-8.75,0,-0.957157884
12.25,-9.25,0,-0.969045123
12.25,-9.75,0,-0.008409356
12.25,-10.25,0,0.028638844
12.25,-10.75,0,-0.999425396
12.25,-11.25,0,-0.882927452
12.25,-11.75,0,-1.027292987
12.25,-12.25,0,-0.98096788
12.25,-12.75,0,-0.924320251
12.25,-13.25,0,-1.004531701
12.25,-13.75,0,0.09453319
12.25,-14.25,0,-0.030701724
12.25,-14.75,0,0.002083747
12.75,14.75,0,-0.000332715
12.75,14.25,0,0.000533465
12.75,13.75,0,-0.000610028
12.75,13.25,0,-0.000404178
12.75,12.75,0,-0.000244908
12.75,12.25,0,0.000100707
12.75,11.75,0,0.001237365
12.75,11.25,0,0.000299649
12.75,10.75,0,-0.00097526
12.75,10.25,0,-0.000197478
12.75,9.75,0,-0.000167665
12.75,9.25,0,-5.44E-05
12.75,8.75,0,0.000713964
12.75,8.25,0,0.000167818
12.75,7.75,0,0.000623693
12.75,7.25,0,0.000726896
12.75,6.75,0,-0.001556573
12.75,6.25,0,0.000980652
12.75,5.75,0,-0.001593201
12.75,5.25,0,0.000906317
12.75,4.75,0,7.08E-05
12.75,4.25,0,0.001184554
12.75,3.75,0,-0.001393299
12.75,3.25,0,2.58E-05
12.75,2.75,0,0.000138392
12.75,2.25,0,-0.000590297
12.75,1.75,0,0.000543621
12.75,1.25,0,0.000329232
12.75,0.75,0,-3.16E-05
12.75,0.25,0,0.00032562
12.75,-0.25,0,0.000872059
12.75,-0.75,0,-0.000333957
12.75,-1.25,0,0.000389378
12.75,-1.75,0,-0.000309643
12.75,-2.25,0,-0.00025823
12.75,-2.75,0,0.001387385
12.75,-3.25,0,-0.001226995
12.75,-3.75,0,0.000360777
12.75,-4.25,0,-0.000616221
12.75,-4.75,0,0.001127445
12.75,-5.25,0,-0.001278457
12.75,-5.75,0,-0.001383614
12.75,-6.25,0,-0.000387395
12.75,-6.75,0,0.004163928
12.75,-7.25,0,-0.044415686
12.75,-7.75,0,0.028203426
12.75,-8.25,0,-0.035479431
12.75,-8.75,0,0.001358307
12.75,-9.25,0,0.023651457
12.75,-9.75,0,-0.020153169
12.75,-10.25,0,-0.038847935
12.75,-10.75,0,0.019154486
12.75,-11.25,0,-0.016736785
12.75,-11.75,0,0.012441957
12.75,-12.25,0,0.00277764
12.75,-12.75,0,0.016421207
12.75,-13.25,0,0.016833085
12.75,-13.75,0,-0.027998193
12.75,-14.25,0,-0.005973465
12.75,-14.75,0,-0.002297171
13.25,14.75,0,0.000101132
13.25,14.25,0,0.000420387
13.25,13.75,0,-0.00049131
13.25,13.25,0,4.71E-05
13.25,12.75,0,-0.000762042
13.25,12.25,0,0.000829662
13.25,11.75,0,-0.000776134
13.25,11.25,0,0.000116193
13.25,10.75,0,0.000469961
13.25,10.25,0,0.000415348
13.25,9.75,0,-0.001608641
13.25,9.25,0,0.000474328
13.25,8.75,0,0.000406105
13.25,8.25,0,-0.000714775
13.25,7.75,0,0.000178096
13.25,7.25,0,-0.00079467
13.25,6.75,0,0.001726692
13.25,6.25,0,-0.00042952
13.25,5.75,0,0.000951067
13.25,5.25,0,-0.000905382
13.25,4.75,0,-0.000103666
13.25,4.25,0,-0.001347411
13.25,3.75,0,0.000643618
13.25,3.25,0,0.000363001
13.25,2.75,0,-0.001381053
13.25,2.25,0,0.002089171
13.25,1.75,0,-0.000107657
13.25,1.25,0,-0.000420693
13.25,0.75,0,0.00183366
13.25,0.25,0,-0.002374695
13.25,-0.25,0,0.000310196
13.25,-0.75,0,-0.000161432
13.25,-1.25,0,0.000430001
13.25,-1.75,0,-0.000705094
13.25,-2.25,0,0.001168827
13.25,-2.75,0,-0.001870046
13.25,-3.25,0,0.000693845
13.25,-3.75,0,3.36E-05
13.25,-4.25,0,-7.24E-06
13.25,-4.75,0,0.000266232
13.25,-5.25,0,-0.000499428
13.25,-5.75,0,0.000743745
13.25,-6.25,0,-0.000607395
13.25,-6.75,0,-0.003201112
13.25,-7.25,0,0.006237635
13.25,-7.75,0,-0.011943837
13.25,-8.25,0,-0.002692843
13.25,-8.75,0,-0.007391632
13.25,-9.25,0,-0.012629202
13.25,-9.75,0,1.30E-03
13.25,-10.25,0,0.005269703
13.25,-10.75,0,-0.01223648
13.25,-11.25,0,-0.004800045
13.25,-11.75,0,-0.009827943
13.25,-12.25,0,-0.01937242
13.25,-12.75,0,-0.01021365
13.25,-13.25,0,-0.006767167
13.25,-13.75,0,-0.006127251
13.25,-14.25,0,0.000254026
13.25,-14.75,0,-0.000858259
13.75,14.75,0,0.000522638
13.75,14.25,0,-0.001153877
13.75,13.75,0,-0.000130701
13.75,13.25,0,-7.25E-05
13.75,12.75,0,0.000963462
13.75,12.25,0,-0.000309105
13.75,11.75,0,6.63E-05
13.75,11.25,0,0.000772271
13.75,10.75,0,-0.000117078
13.75,10.25,0,-0.000973642
13.75,9.75,0,0.001103625
13.75,9.25,0,-6.56E-05
13.75,8.75,0,-0.00024151
13.75,8.25,0,5.86E-05
13.75,7.75,0,-0.000399301
13.75,7.25,0,0.000318362
13.75,6.75,0,-0.000734099
13.75,6.25,0,-0.000171065
13.75,5.75,0,-0.001100228
13.75,5.25,0,0.000314695
13.75,4.75,0,-0.000306185
13.75,4.25,0,0.000590912
13.75,3.75,0,0.000917402
13.75,3.25,0,0.000573406
13.75,2.75,0,0.000692026
13.75,2.25,0,-4.10E-05
13.75,1.75,0,0.000187661
13.75,1.25,0,0.000463187
13.75,0.75,0,-0.001305108
13.75,0.25,0,0.001163079
13.75,-0.25,0,-0.00097534
13.75,-0.75,0,0.000628772
13.75,-1.25,0,-0.000634413
13.75,-1.75,0,-0.000555087
13.75,-2.25,0,-0.000166216
13.75,-2.75,0,-0.000576512
13.75,-3.25,0,-0.000261895
13.75,-3.75,0,0.000916704
13.75,-4.25,0,-0.000416864
13.75,-4.75,0,0.000579905
13.75,-5.25,0,-5.52E-05
13.75,-5.75,0,0.000610879
13.75,-6.25,0,-0.00028628
13.75,-6.75,0,0.000193767
13.75,-7.25,0,-0.000214051
13.75,-7.75,0,0.000941049
13.75,-8.25,0,-0.000306297
13.75,-8.75,0,-1.33E-05
13.75,-9.25,0,-5.02E-05
13.75,-9.75,0,-0.000196711
13.75,-10.25,0,-0.00209737
13.75,-10.75,0,0.002154471
13.75,-11.25,0,-0.001616157
13.75,-11.75,0,0.00086863
13.75,-12.25,0,0.003072965
13.75,-12.75,0,-0.000642316
13.75,-13.25,0,-0.002100146
13.75,-13.75,0,0.000772105
13.75,-14.25,0,-0.000394581
13.75,-14.75,0,-0.000445394
14.25,14.75,0,0.000467297
14.25,14.25,0,0.00215304
14.25,13.75,0,-0.001016403
14.25,13.25,0,-0.000392655
14.25,12.75,0,-0.000271039
14.25,12.25,0,0.000140333
14.25,11.75,0,-1.03E-05
14.25,11.25,0,-0.000800173
14.25,10.75,0,0.001093839
14.25,10.25,0,-0.000492036
14.25,9.75,0,-0.000204093
14.25,9.25,0,5.94E-04
14.25,8.75,0,0.000440618
14.25,8.25,0,-0.000540353
14.25,7.75,0,0.00023517
14.25,7.25,0,0.000194147
14.25,6.75,0,-0.000815341
14.25,6.25,0,0.001568143
14.25,5.75,0,0.000199923
14.25,5.25,0,-0.000370747
14.25,4.75,0,-0.000473303
14.25,4.25,0,0.000363713
14.25,3.75,0,-0.001144831
14.25,3.25,0,-0.00133503
14.25,2.75,0,0.000472618
14.25,2.25,0,-0.001136986
14.25,1.75,0,-0.000425306
14.25,1.25,0,0.000385179
14.25,0.75,0,0.000439133
14.25,0.25,0,0.001118817
14.25,-0.25,0,-0.000868143
14.25,-0.75,0,0.000812496
14.25,-1.25,0,-0.000187176
14.25,-1.75,0,0.001106548
14.25,-2.25,0,-2.81E-05
14.25,-2.75,0,0.000742554
14.25,-3.25,0,0.000945527
14.25,-3.75,0,-0.000637485
14.25,-4.25,0,-0.000146324
14.25,-4.75,0,-0.001203422
14.25,-5.25,0,-8.10E-05
14.25,-5.75,0,0.000328495
14.25,-6.25,0,-0.000748237
14.25,-6.75,0,0.000198199
14.25,-7.25,0,-0.00078675
14.25,-7.75,0,-0.001094714
14.25,-8.25,0,0.000667068
14.25,-8.75,0,-0.000515371
14.25,-9.25,0,0.001064854
14.25,-9.75,0,-0.0014591
14.25,-10.25,0,-0.000348794
14.25,-10.75,0,-3.00E-05
14.25,-11.25,0,-0.001249915
14.25,-11.75,0,9.64E-04
14.25,-12.25,0,-0.001246307
14.25,-12.75,0,-3.66E-04
14.25,-13.25,0,0.001822782
14.25,-13.75,0,-0.001357025
14.25,-14.25,0,0.000141591
14.25,-14.75,0,-0.001002136
14.75,14.75,0,-0.001227273
14.75,14.25,0,-0.000626522
14.75,13.75,0,-0.000128948
14.75,13.25,0,0.00044062
14.75,12.75,0,0.000570466
14.75,12.25,0,-0.000849157
14.75,11.75,0,0.000600441
14.75,11.25,0,0.000434114
14.75,10.75,0,-0.000226118
14.75,10.25,0,-0.000715212
14.75,9.75,0,0.000830133
14.75,9.25,0,-0.000231781
14.75,8.75,0,-0.000777132
14.75,8.25,0,0.000321758
14.75,7.75,0,0.000646356
14.75,7.25,0,-0.00163949
14.75,6.75,0,0.002125247
14.75,6.25,0,-0.001804449
14.75,5.75,0,-0.000955257
14.75,5.25,0,1.16E-03
14.75,4.75,0,0.000198412
14.75,4.25,0,-0.000351184
14.75,3.75,0,0.000227727
14.75,3.25,0,0.000956927
14.75,2.75,0,-0.000927041
14.75,2.25,0,0.000918123
14.75,1.75,0,0.000388636
14.75,1.25,0,-0.000321165
14.75,0.75,0,8.72E-05
14.75,0.25,0,-0.000591487
14.75,-0.25,0,-0.000262912
14.75,-0.75,0,-0.00048559
14.75,-1.25,0,0.000798165
14.75,-1.75,0,-0.000521045
14.75,-2.25,0,-0.00015296
14.75,-2.75,0,-0.000584728
14.75,-3.25,0,-8.35E-04
14.75,-3.75,0,0.000134248
14.75,-4.25,0,0.000533645
14.75,-4.75,0,0.000781536
14.75,-5.25,0,0.000228906
14.75,-5.75,0,-0.000358146
14.75,-6.25,0,-0.000133396
14.75,-6.75,0,0.000158496
14.75,-7.25,0,0.000269228
14.75,-7.75,0,0.001058094
14.75,-8.25,0,-0.001948607
14.75,-8.75,0,0.000394803
14.75,-9.25,0,-0.001045891
14.75,-9.75,0,-0.000245506
14.75,-10.25,0,0.001372177
14.75,-10.75,0,-0.000706032
14.75,-11.25,0,-0.00099105
14.75,-11.75,0,-0.00016305
14.75,-12.25,0,-0.000235315
14.75,-12.75,0,-0.000656795
14.75,-13.25,0,-6.23E-05
14.75,-13.75,0,0.000146791
14.75,-14.25,0,-1.21E-05
14.75,-14.75,0,-0.000602781
