-14.75,14.75,0,0.005016226
-14.75,14.25,0,-0.007189394
-14.75,13.75,0,-0.000211606
-14.75,13.25,0,-0.028891583
-14.75,12.75,0,0.000178022
-14.75,12.25,0,0.00976462
-14.75,11.75,0,0.003238772
-14.75,11.25,0,-0.026853632
-14.75,10.75,0,0.017405147
-14.75,10.25,0,0.013452608
-14.75,9.75,0,0.001686005
-14.75,9.25,0,0.000966684
-14.75,8.75,0,0.002308488
-14.75,8.25,0,0.000923845
-14.75,7.75,0,0.013453852
-14.75,7.25,0,-0.01513701
-14.75,6.75,0,0.033301408
-14.75,6.25,0,-0.021981717
-14.75,5.75,0,0.010442099
-14.75,5.25,0,-0.006412315
-14.75,4.75,0,0.000824555
-14.75,4.25,0,-0.027685125
-14.75,3.75,0,0.022153792
-14.75,3.25,0,-0.00831567
-14.75,2.75,0,-0.008089106
-14.75,2.25,0,0.003192631
-14.75,1.75,0,-0.006657403
-14.75,1.25,0,-0.008184519
-14.75,0.75,0,0.00997813
-14.75,0.25,0,-0.00900411
-14.75,-0.25,0,0.004973905
-14.75,-0.75,0,0.00827144
-14.75,-1.25,0,0.018820379
-14.75,-1.75,0,-0.006286391
-14.75,-2.25,0,-0.012679071
-14.75,-2.75,0,0.013364047
-14.75,-3.25,0,-0.014572457
-14.75,-3.75,0,0.019870752
-14.75,-4.25,0,-0.022863814
-14.75,-4.75,0,0.009633414
-14.75,-5.25,0,0.023941888
-14.75,-5.75,0,-0.025170215
-14.75,-6.25,0,0.020322347
-14.75,-6.75,0,1.68E-06
-14.75,-7.25,0,0.002333161
-14.75,-7.75,0,0.00102322
-14.75,-8.25,0,-0.00704748
-14.75,-8.75,0,0.018774717
-14.75,-9.25,0,-0.006652244
-14.75,-9.75,0,-0.023761047
-14.75,-10.25,0,0.043015323
-14.75,-10.75,0,0.006718968
-14.75,-11.25,0,0.00890211
-14.75,-11.75,0,0.015824448
-14.75,-12.25,0,0.002377166
-14.75,-12.75,0,-0.023030715
-14.75,-13.25,0,0.000187238
-14.75,-13.75,0,0.012443938
-14.75,-14.25,0,-0.003687397
-14.75,-14.75,0,0.027470427
-14.25,14.75,0,0.013276617
-14.25,14.25,0,0.008792117
-14.25,13.75,0,-0.007352307
-14.25,13.25,0,0.012699531
-14.25,12.75,0,0.01263332
-14.25,12.25,0,-0.008210569
-14.25,11.75,0,-0.00605224
-14.25,11.25,0,0.026956098
-14.25,10.75,0,-0.010837499
-14.25,10.25,0,-0.013706058
-14.25,9.75,0,-0.023106544
-14.25,9.25,0,0.012550907
-14.25,8.75,0,-0.008571134
-14.25,8.25,0,-0.009229982
-14.25,7.75,0,-0.003762791
-14.25,7.25,0,0.007352918
-14.25,6.75,0,-0.024851622
-14.25,6.25,0,0.01647355
-14.25,5.75,0,-0.0258076
-14.25,5.25,0,-0.002758599
-14.25,4.75,0,0.003593389
-14.25,4.25,0,0.009473675
-14.25,3.75,0,-0.000923762
-14.25,3.25,0,0.019387885
-14.25,2.75,0,0.022180856
-14.25,2.25,0,0.0017133
-14.25,1.75,0,-0.012045955
-14.25,1.25,0,0.006585107
-14.25,0.75,0,0.009018334
-14.25,0.25,0,0.00997965
-14.25,-0.25,0,0.002250382
-14.25,-0.75,0,-0.020866669
-14.25,-1.25,0,-0.015481097
-14.25,-1.75,0,-0.007247853
-14.25,-2.25,0,0.01536379
-14.25,-2.75,0,-0.003236658
-14.25,-3.25,0,-0.021801405
-14.25,-3.75,0,0.027485547
-14.25,-4.25,0,-0.006298092
-14.25,-4.75,0,0.017991105
-14.25,-5.25,0,-0.005478457
-14.25,-5.75,0,-0.014862667
-14.25,-6.25,0,0.000233893
-14.25,-6.75,0,0.007626255
-14.25,-7.25,0,-0.005892826
-14.25,-7.75,0,-0.016300887
-14.25,-8.25,0,0.012383222
-14.25,-8.75,0,-0.015525858
-14.25,-9.25,0,-0.014726731
-14.25,-9.75,0,0.03041719
-14.25,-10.25,0,-0.022784973
-14.25,-10.75,0,0.002751466
-14.25,-11.25,0,-0.008053267
-14.25,-11.75,0,-0.022899224
-14.25,-12.25,0,0.00654206
-14.25,-12.75,0,-0.000588472
-14.25,-13.25,0,0.005936634
-14.25,-13.75,0,-0.022165463
-14.25,-14.25,0,0.02518964
-14.25,-14.75,0,-0.045493894
-13.75,14.75,0,0.002927635
-13.75,14.25,0,-0.015079321
-13.75,13.75,0,0.022757543
-13.75,13.25,0,-0.009596744
-13.75,12.75,0,0.012361488
-13.75,12.25,0,0.013142799
-13.75,11.75,0,-0.006916938
-13.75,11.25,0,9.46E-05
-13.75,10.75,0,0.021514572
-13.75,10.25,0,-0.008431484
-13.75,9.75,0,-0.022871242
-13.75,9.25,0,0.006118539
-13.75,8.75,0,0.002810053
-13.75,8.25,0,0.024321247
-13.75,7.75,0,-0.007240747
-13.75,7.25,0,-0.00450752
-13.75,6.75,0,0.016189256
-13.75,6.25,0,-0.005481976
-13.75,5.75,0,-0.008261927
-13.75,5.25,0,0.012605146
-13.75,4.75,0,-0.028459663
-13.75,4.25,0,0.00680014
-13.75,3.75,0,-0.012331978
-13.75,3.25,0,-0.024718926
-13.75,2.75,0,-0.007256105
-13.75,2.25,0,0.010689037
-13.75,1.75,0,-0.007307696
-13.75,1.25,0,0.00543388
-13.75,0.75,0,0.00025151
-13.75,0.25,0,0.007687936
-13.75,-0.25,0,-0.012987073
-13.75,-0.75,0,0.007851688
-13.75,-1.25,0,-0.007414658
-13.75,-1.75,0,0.02232283
-13.75,-2.25,0,-0.013633948
-13.75,-2.75,0,-0.013630032
-13.75,-3.25,0,-0.000108424
-13.75,-3.75,0,-0.010055287
-13.75,-4.25,0,-0.020107476
-13.75,-4.75,0,-0.019900881
-13.75,-5.25,0,0.03740346
-13.75,-5.75,0,-0.003181513
-13.75,-6.25,0,-0.008553801
-13.75,-6.75,0,0.018784345
-13.75,-7.25,0,-0.029342847
-13.75,-7.75,0,0.037468459
-13.75,-8.25,0,-0.010274281
-13.75,-8.75,0,-0.008240522
-13.75,-9.25,0,0.024548065
-13.75,-9.75,0,-0.017769303
-13.75,-10.25,0,-7.59E-05
-13.75,-10.75,0,0.011581321
-13.75,-11.25,0,-0.000194989
-13.75,-11.75,0,0.000849312
-13.75,-12.25,0,-0.023035391
-13.75,-12.75,0,-0.000266877
-13.75,-13.25,0,0.005881235
-13.75,-13.75,0,0.026275239
-13.75,-14.25,0,-0.012563461
-13.75,-14.75,0,0.01711655
-13.25,14.75,0,-0.006046098
-13.25,14.25,0,0.035613128
-13.25,13.75,0,0.003965564
-13.25,13.25,0,0.897735351
-13.25,12.75,0,0.950590587
-13.25,12.25,0,-0.02262873
-13.25,11.75,0,0.023326591
-13.25,11.25,0,-0.006005092
-13.25,10.75,0,-0.012348312
-13.25,10.25,0,0.00940572
-13.25,9.75,0,-0.011099809
-13.25,9.25,0,-0.002027668
-13.25,8.75,0,-0.011873877
-13.25,8.25,0,0.003827708
-13.25,7.75,0,-0.003937349
-13.25,7.25,0,0.015621213
-13.25,6.75,0,0.001588882
-13.25,6.25,0,-0.014606964
-13.25,5.75,0,0.021101082
-13.25,5.25,0,-0.01226045
-13.25,4.75,0,0.001572017
-13.25,4.25,0,0.037204871
-13.25,3.75,0,-0.012826778
-13.25,3.25,0,0.001504727
-13.25,2.75,0,0.024285291
-13.25,2.25,0,-0.03028679
-13.25,1.75,0,0.014577575
-13.25,1.25,0,-0.014263385
-13.25,0.75,0,0.014079838
-13.25,0.25,0,-0.017265649
-13.25,-0.25,0,0.021301473
-13.25,-0.75,0,0.015159218
-13.25,-1.25,0,-0.017466219
-13.25,-1.75,0,0.024031163
-13.25,-2.25,0,-0.009894004
-13.25,-2.75,0,0.019883747
-13.25,-3.25,0,0.008360566
-13.25,-3.75,0,0.001781818
-13.25,-4.25,0,0.042775403
-13.25,-4.75,0,-0.02458059
-13.25,-5.25,0,-0.030054745
-13.25,-5.75,0,0.023212969
-13.25,-6.25,0,-0.039307699
-13.25,-6.75,0,0.011843734
-13.25,-7.25,0,0.023757712
-13.25,-7.75,0,-0.033097541
-13.25,-8.25,0,0.009233601
-13.25,-8.75,0,-0.011401216
-13.25,-9.25,0,0.009773491
-13.25,-9.75,0,-0.005596729
-13.25,-10.25,0,0.009191503
-13.25,-10.75,0,-0.019887379
-13.25,-11.25,0,0.022298692
-13.25,-11.75,0,0.010898543
-13.25,-12.25,0,-0.007360557
-13.25,-12.75,0,-0.01811017
-13.25,-13.25,0,0.014910965
-13.25,-13.75,0,-0.044239045
-13.25,-14.25,0,0.020109527
-13.25,-14.75,0,0.009564481
-12.75,14.75,0,0.016251984
-12.75,14.25,0,-0.030199398
-12.75,13.75,0,0.046351158
-12.75,13.25,0,0.979146202
-12.75,12.75,0,0.952038244
-12.75,12.25,0,0.001922296
-12.75,11.75,0,0.007425397
-12.75,11.25,0,0.014257479
-12.75,10.75,0,0.003825806
-12.75,10.25,0,-0.002229291
-12.75,9.75,0,0.005226721
-12.75,9.25,0,0.012054731
-12.75,8.75,0,-0.001406063
-12.75,8.25,0,-0.005926717
-12.75,7.75,0,-0.011538171
-12.75,7.25,0,0.009480446
-12.75,6.75,0,6.99E-05
-12.75,6.25,0,-0.003697939
-12.75,5.75,0,-0.010784469
-12.75,5.25,0,-0.016875716
-12.75,4.75,0,0.016325235
-12.75,4.25,0,-0.013118258
-12.75,3.75,0,0.008012831
-12.75,3.25,0,0.017129498
-12.75,2.75,0,-0.016414704
-12.75,2.25,0,0.008976763
-12.75,1.75,0,0.044543841
-12.75,1.25,0,-0.014803108
-12.75,0.75,0,0.005696722
-12.75,0.25,0,-0.009746892
-12.75,-0.25,0,0.011273027
-12.75,-0.75,0,-0.008943444
-12.75,-1.25,0,-0.000632551
-12.75,-1.75,0,0.007355648
-12.75,-2.25,0,-0.002016929
-12.75,-2.75,0,-0.008382987
-12.75,-3.25,0,-0.028493057
-12.75,-3.75,0,-0.015502714
-12.75,-4.25,0,-0.017389034
-12.75,-4.75,0,0.017620409
-12.75,-5.25,0,0.011061191
-12.75,-5.75,0,-0.008744531
-12.75,-6.25,0,0.017820552
-12.75,-6.75,0,-0.008618003
-12.75,-7.25,0,0.009015128
-12.75,-7.75,0,0.003322639
-12.75,-8.25,0,0.006929011
-12.75,-8.75,0,-0.000341976
-12.75,-9.25,0,0.017501288
-12.75,-9.75,0,-0.042049872
-12.75,-10.25,0,0.041953892
-12.75,-10.75,0,-0.004564294
-12.75,-11.25,0,-0.020339281
-12.75,-11.75,0,-0.017806978
-12.75,-12.25,0,0.001938101
-12.75,-12.75,0,0.029033767
-12.75,-13.25,0,-0.021857523
-12.75,-13.75,0,0.016153457
-12.75,-14.25,0,-0.016758358
-12.75,-14.75,0,0.006769984
-12.25,14.75,0,-0.001436272
-12.25,14.25,0,0.019277766
-12.25,13.75,0,-0.046392005
-12.25,13.25,0,1.004973137
-12.25,12.75,0,0.938270367
-12.25,12.25,0,0.059910628
-12.25,11.75,0,-0.005072849
-12.25,11.25,0,0.026013963
-12.25,10.75,0,-0.015216929
-12.25,10.25,0,0.015252094
-12.25,9.75,0,-0.020115634
-12.25,9.25,0,-0.023682049
-12.25,8.75,0,0.016656717
-12.25,8.25,0,-0.002094091
-12.25,7.75,0,-0.006256861
-12.25,7.25,0,0.01276364
-12.25,6.75,0,-0.032690058
-12.25,6.25,0,0.007707741
-12.25,5.75,0,-0.013396821
-12.25,5.25,0,0.014960412
-12.25,4.75,0,-0.002097566
-12.25,4.25,0,-0.021308835
-12.25,3.75,0,0.003830196
-12.25,3.25,0,-0.005520894
-12.25,2.75,0,0.010798631
-12.25,2.25,0,-0.012945466
-12.25,1.75,0,-0.026704395
-12.25,1.25,0,0.002646346
-12.25,0.75,0,0.005207663
-12.25,0.25,0,0.002845457
-12.25,-0.25,0,0.008585293
-12.25,-0.75,0,-0.016528894
-12.25,-1.25,0,-0.011433226
-12.25,-1.75,0,-0.009269561
-12.25,-2.25,0,0.007816955
-12.25,-2.75,0,0.006893022
-12.25,-3.25,0,0.011665043
-12.25,-3.75,0,0.016891828
-12.25,-4.25,0,0.009906433
-12.25,-4.75,0,-0.006292163
-12.25,-5.25,0,-0.001122296
-12.25,-5.75,0,0.025746173
-12.25,-6.25,0,0.011934548
-12.25,-6.75,0,-0.00438814
-12.25,-7.25,0,-0.027822324
-12.25,-7.75,0,-0.002753546
-12.25,-8.25,0,0.008704061
-12.25,-8.75,0,-0.035372195
-12.25,-9.25,0,0.016832765
-12.25,-9.75,0,0.025404844
-12.25,-10.25,0,-0.014348618
-12.25,-10.75,0,-0.008951518
-12.25,-11.25,0,0.013954397
-12.25,-11.75,0,0.018892376
-12.25,-12.25,0,-0.006348885
-12.25,-12.75,0,-0.008673376
-12.25,-13.25,0,-0.004537052
-12.25,-13.75,0,0.034417832
-12.25,-14.25,0,-0.032048238
-12.25,-14.75,0,0.024130173
-11.75,14.75,0,-0.016115741
-11.75,14.25,0,-0.000243143
-11.75,13.75,0,0.01748844
-11.75,13.25,0,0.955181219
-11.75,12.75,0,0.921122286
-11.75,12.25,0,-0.005256375
-11.75,11.75,0,0.022148385
-11.75,11.25,0,-0.034422999
-11.75,10.75,0,0.044041868
-11.75,10.25,0,0.002451138
-11.75,9.75,0,0.008126168
-11.75,9.25,0,0.049260605
-11.75,8.75,0,0.005019309
-11.75,8.25,0,0.004191019
-11.75,7.75,0,0.027573516
-11.75,7.25,0,0.010066609
-11.75,6.75,0,-0.020038022
-11.75,6.25,0,0.018757246
-11.75,5.75,0,-0.002932893
-11.75,5.25,0,-0.004833488
-11.75,4.75,0,0.014881891
-11.75,4.25,0,0.006536608
-11.75,3.75,0,-0.002752567
-11.75,3.25,0,-0.019603504
-11.75,2.75,0,0.010931315
-11.75,2.25,0,0.010179089
-11.75,1.75,0,0.004605596
-11.75,1.25,0,0.000385107
-11.75,0.75,0,-0.003926667
-11.75,0.25,0,-0.000247339
-11.75,-0.25,0,-0.003363502
-11.75,-0.75,0,0.019150529
-11.75,-1.25,0,0.021628755
-11.75,-1.75,0,-0.013710802
-11.75,-2.25,0,0.012680584
-11.75,-2.75,0,-0.013225879
-11.75,-3.25,0,-0.016301364
-11.75,-3.75,0,-0.002706201
-11.75,-4.25,0,0.004688269
-11.75,-4.75,0,-0.006764214
-11.75,-5.25,0,-0.027011974
-11.75,-5.75,0,0.012563359
-11.75,-6.25,0,-0.014480992
-11.75,-6.75,0,0.004081019
-11.75,-7.25,0,0.011313665
-11.75,-7.75,0,0.002441183
-11.75,-8.25,0,-0.004597152
-11.75,-8.75,0,0.010827894
-11.75,-9.25,0,0.000870759
-11.75,-9.75,0,-0.019294822
-11.75,-10.25,0,0.01927503
-11.75,-10.75,0,0.007442599
-11.75,-11.25,0,0.002219061
-11.75,-11.75,0,-0.03167874
-11.75,-12.25,0,0.03090381
-11.75,-12.75,0,-0.027490733
-11.75,-13.25,0,0.031168966
-11.75,-13.75,0,-0.025656142
-11.75,-14.25,0,0.000397756
-11.75,-14.75,0,0.00762382
-11.25,14.75,0,-0.014220288
-11.25,14.25,0,0.001286738
-11.25,13.75,0,0.073038954
-11.25,13.25,0,0.931866417
-11.25,12.75,0,0.969853552
-11.25,12.25,0,0.020206844
-11.25,11.75,0,-0.026542756
-11.25,11.25,0,0.047794176
-11.25,10.75,0,-0.015337428
-11.25,10.25,0,-0.010089719
-11.25,9.75,0,0.00876673
-11.25,9.25,0,-0.009229511
-11.25,8.75,0,-9.34E-05
-11.25,8.25,0,0.013089028
-11.25,7.75,0,-0.043061936
-11.25,7.25,0,0.001279632
-11.25,6.75,0,0.055374594
-11.25,6.25,0,-0.018379496
-11.25,5.75,0,0.0170144
-11.25,5.25,0,-0.003784337
-11.25,4.75,0,-0.019190447
-11.25,4.25,0,0.002371431
-11.25,3.75,0,-0.007730905
-11.25,3.25,0,0.020419085
-11.25,2.75,0,-0.009020926
-11.25,2.25,0,0.00457618
-11.25,1.75,0,0.002993334
-11.25,1.25,0,0.002114302
-11.25,0.75,0,0.003011361
-11.25,0.25,0,-0.002761151
-11.25,-0.25,0,-0.020898697
-11.25,-0.75,0,0.013699269
-11.25,-1.25,0,-0.029550438
-11.25,-1.75,0,0.025024953
-11.25,-2.25,0,-0.013846337
-11.25,-2.75,0,0.009009554
-11.25,-3.25,0,0.028720681
-11.25,-3.75,0,-0.010803984
-11.25,-4.25,0,-0.012958484
-11.25,-4.75,0,0.019878131
-11.25,-5.25,0,0.0095557
-11.25,-5.75,0,-0.003243326
-11.25,-6.25,0,0.004217495
-11.25,-6.75,0,-0.015144856
-11.25,-7.25,0,0.016984968
-11.25,-7.75,0,-0.017557147
-11.25,-8.25,0,0.010819845
-11.25,-8.75,0,-0.015074102
-11.25,-9.25,0,0.020922561
-11.25,-9.75,0,0.014533193
-11.25,-10.25,0,-0.047176627
-11.25,-10.75,0,0.001582159
-11.25,-11.25,0,0.0177322
-11.25,-11.75,0,0.000603098
-11.25,-12.25,0,-0.014129353
-11.25,-12.75,0,0.009330294
-11.25,-13.25,0,0.01057053
-11.25,-13.75,0,0.01301505
-11.25,-14.25,0,1.97E-05
-11.25,-14.75,0,0.007948117
-10.75,14.75,0,0.009760721
-10.75,14.25,0,0.009020609
-10.75,13.75,0,-0.0224063
-10.75,13.25,0,0.971767074
-10.75,12.75,0,0.92813871
-10.75,12.25,0,0.978730595
-10.75,11.75,0,0.925687282
-10.75,11.25,0,0.923167712
-10.75,10.75,0,0.921954031
-10.75,10.25,0,1.000142365
-10.75,9.75,0,0.908220217
-10.75,9.25,0,0.968008901
-10.75,8.75,0,0.947587686
-10.75,8.25,0,0.938114086
-10.75,7.75,0,0.970671866
-10.75,7.25,0,0.949674263
-10.75,6.75,0,-0.039167016
-10.75,6.25,0,-0.013674269
-10.75,5.75,0,0.038874823
-10.75,5.25,0,-0.013526672
-10.75,4.75,0,0.019706082
-10.75,4.25,0,0.007430361
-10.75,3.75,0,-0.000493587
-10.75,3.25,0,0.000975217
-10.75,2.75,0,-0.035488436
-10.75,2.25,0,-0.002463638
-10.75,1.75,0,0.002192548
-10.75,1.25,0,-0.009522426
-10.75,0.75,0,0.010917146
-10.75,0.25,0,0.002361307
-10.75,-0.25,0,-0.000816169
-10.75,-0.75,0,-0.020082607
-10.75,-1.25,0,0.023934628
-10.75,-1.75,0,-0.01062794
-10.75,-2.25,0,0.003622988
-10.75,-2.75,0,0.004799546
-10.75,-3.25,0,-0.013437662
-10.75,-3.75,0,0.011754901
-10.75,-4.25,0,-0.001032683
-10.75,-4.75,0,-0.005613193
-10.75,-5.25,0,-0.011964724
-10.75,-5.75,0,-0.003739537
-10.75,-6.25,0,0.016001083
-10.75,-6.75,0,-0.003171518
-10.75,-7.25,0,0.004902183
-10.75,-7.75,0,0.001046753
-10.75,-8.25,0,0.047515073
-10.75,-8.75,0,-0.020400459
-10.75,-9.25,0,0.001996464
-10.75,-9.75,0,-0.002184605
-10.75,-10.25,0,-0.003584742
-10.75,-10.75,0,0.001610882
-10.75,-11.25,0,0.00387011
-10.75,-11.75,0,-0.008524336
-10.75,-12.25,0,0.001348757
-10.75,-12.75,0,-0.001001542
-10.75,-13.25,0,0.00027815
-10.75,-13.75,0,-0.007198513
-10.75,-14.25,0,-0.009224781
-10.75,-14.75,0,-0.01301798
-10.25,14.75,0,0.006306683
-10.25,14.25,0,0.001690195
-10.25,13.75,0,0.048279928
-10.25,13.25,0,0.93764608
-10.25,12.75,0,0.906873629
-10.25,12.25,0,1.002459277
-10.25,11.75,0,0.978963682
-10.25,11.25,0,0.984078358
-10.25,10.75,0,0.895789712
-10.25,10.25,0,0.937234504
-10.25,9.75,0,0.94744453
-10.25,9.25,0,0.988314604
-10.25,8.75,0,0.893301012
-10.25,8.25,0,1.01797759
-10.25,7.75,0,0.926308387
-10.25,7.25,0,0.985372408
-10.25,6.75,0,0.030615071
-10.25,6.25,0,-0.025684263
-10.25,5.75,0,0.000138497
-10.25,5.25,0,0.02535064
-10.25,4.75,0,-0.012825878
-10.25,4.25,0,-0.008816555
-10.25,3.75,0,-0.022323467
-10.25,3.25,0,0.004935734
-10.25,2.75,0,0.028976128
-10.25,2.25,0,-0.010797822
-10.25,1.75,0,-0.010107722
-10.25,1.25,0,-0.003790129
-10.25,0.75,0,-0.004100953
-10.25,0.25,0,0.014777635
-10.25,-0.25,0,0.002581983
-10.25,-0.75,0,-0.002712705
-10.25,-1.25,0,-0.019062593
-10.25,-1.75,0,0.004420349
-10.25,-2.25,0,0.006764901
-10.25,-2.75,0,-0.017424477
-10.25,-3.25,0,0.007296631
-10.25,-3.75,0,-0.008904247
-10.25,-4.25,0,0.008952904
-10.25,-4.75,0,0.024793303
-10.25,-5.25,0,-0.029169864
-10.25,-5.75,0,0.030112186
-10.25,-6.25,0,-0.010142437
-10.25,-6.75,0,-0.019165104
-10.25,-7.25,0,-0.003231567
-10.25,-7.75,0,-0.016338962
-10.25,-8.25,0,-0.002079202
-10.25,-8.75,0,0.002518435
-10.25,-9.25,0,-0.018109097
-10.25,-9.75,0,0.00261749
-10.25,-10.25,0,-0.033556147
-10.25,-10.75,0,0.031239206
-10.25,-11.25,0,-0.017565312
-10.25,-11.75,0,0.013770215
-10.25,-12.25,0,0.010331024
-10.25,-12.75,0,-0.009480695
-10.25,-13.25,0,-0.018206764
-10.25,-13.75,0,-0.023412105
-10.25,-14.25,0,0.015977908
-10.25,-14.75,0,0.002242065
-9.75,14.75,0,0.012334211
-9.75,14.25,0,0.009845663
-9.75,13.75,0,-0.06077315
-9.75,13.25,0,0.967941691
-9.75,12.75,0,1.001221411
-9.75,12.25,0,-0.053535968
-9.75,11.75,0,0.04861224
-9.75,11.25,0,0.020811793
-9.75,10.75,0,-0.005141303
-9.75,10.25,0,0.051163897
-9.75,9.75,0,0.032354388
-9.75,9.25,0,-0.010937955
-9.75,8.75,0,0.019955578
-9.75,8.25,0,0.017550796
-9.75,7.75,0,-0.026652783
-9.75,7.25,0,-0.034875457
-9.75,6.75,0,0.011749284
-9.75,6.25,0,0.004475313
-9.75,5.75,0,-0.005406074
-9.75,5.25,0,-0.017022014
-9.75,4.75,0,-0.00398897
-9.75,4.25,0,0.03877471
-9.75,3.75,0,0.006063822
-9.75,3.25,0,0.007098697
-9.75,2.75,0,-0.014263114
-9.75,2.25,0,-0.010029818
-9.75,1.75,0,-0.00135636
-9.75,1.25,0,0.007018163
-9.75,0.75,0,0.001121292
-9.75,0.25,0,-0.011924205
-9.75,-0.25,0,0.004993652
-9.75,-0.75,0,0.023748743
-9.75,-1.25,0,0.010168253
-9.75,-1.75,0,-0.011472706
-9.75,-2.25,0,0.007781498
-9.75,-2.75,0,0.012435719
-9.75,-3.25,0,-0.007148891
-9.75,-3.75,0,0.018412767
-9.75,-4.25,0,0.007599956
-9.75,-4.75,0,0.002481596
-9.75,-5.25,0,-0.012585959
-9.75,-5.75,0,-0.012400537
-9.75,-6.25,0,-0.009205091
-9.75,-6.75,0,0.023158623
-9.75,-7.25,0,-0.011609559
-9.75,-7.75,0,0.032738242
-9.75,-8.25,0,-0.013121305
-9.75,-8.75,0,0.006147027
-9.75,-9.25,0,0.000292045
-9.75,-9.75,0,0.018878587
-9.75,-10.25,0,0.016197128
-9.75,-10.75,0,-0.002727873
-9.75,-11.25,0,-0.00055224
-9.75,-11.75,0,-0.007323725
-9.75,-12.25,0,-0.009587729
-9.75,-12.75,0,0.008973914
-9.75,-13.25,0,0.011868502
-9.75,-13.75,0,0.01807719
-9.75,-14.25,0,0.019468185
-9.75,-14.75,0,-0.01991416
-9.25,14.75,0,0.010926547
-9.25,14.25,0,0.009180568
-9.25,13.75,0,0.032631401
-9.25,13.25,0,0.905821799
-9.25,12.75,0,0.947189867
-9.25,12.25,0,0.012657318
-9.25,11.75,0,0.021047785
-9.25,11.25,0,-0.003321762
-9.25,10.75,0,0.004499307
-9.25,10.25,0,0.016184758
-9.25,9.75,0,0.013089944
-9.25,9.25,0,0.006073583
-9.25,8.75,0,0.000939138
-9.25,8.25,0,0.020381212
-9.25,7.75,0,0.003983933
-9.25,7.25,0,0.008245122
-9.25,6.75,0,0.004197606
-9.25,6.25,0,0.017714006
-9.25,5.75,0,-0.006808304
-9.25,5.25,0,0.010987933
-9.25,4.75,0,-0.002002696
-9.25,4.25,0,0.001624706
-9.25,3.75,0,-0.041838659
-9.25,3.25,0,0.023382009
-9.25,2.75,0,0.015392227
-9.25,2.25,0,-0.007033847
-9.25,1.75,0,-0.032569097
-9.25,1.25,0,0.03134698
-9.25,0.75,0,-0.012103124
-9.25,0.25,0,0.023348543
-9.25,-0.25,0,-0.006805403
-9.25,-0.75,0,-0.009804712
-9.25,-1.25,0,0.007614138
-9.25,-1.75,0,0.007480218
-9.25,-2.25,0,-0.030331724
-9.25,-2.75,0,0.018841585
-9.25,-3.25,0,-0.008168248
-9.25,-3.75,0,-0.001818553
-9.25,-4.25,0,-0.009434843
-9.25,-4.75,0,0.010158457
-9.25,-5.25,0,-0.011966378
-9.25,-5.75,0,0.005894602
-9.25,-6.25,0,-0.017678476
-9.25,-6.75,0,0.013694276
-9.25,-7.25,0,0.005289104
-9.25,-7.75,0,-0.014719674
-9.25,-8.25,0,0.023598575
-9.25,-8.75,0,-0.016435743
-9.25,-9.25,0,-0.009865711
-9.25,-9.75,0,-0.004935155
-9.25,-10.25,0,0.008530279
-9.25,-10.75,0,-0.013850661
-9.25,-11.25,0,-0.016101815
-9.25,-11.75,0,0.007424247
-9.25,-12.25,0,-0.001599492
-9.25,-12.75,0,0.006582226
-9.25,-13.25,0,-0.004599239
-9.25,-13.75,0,0.018355799
-9.25,-14.25,0,-0.035906073
-9.25,-14.75,0,0.011570603
-8.75,14.75,0,0.011763517
-8.75,14.25,0,-0.01157323
-8.75,13.75,0,0.016532672
-8.75,13.25,0,1.052007158
-8.75,12.75,0,0.939609777
-8.75,12.25,0,0.015569728
-8.75,11.75,0,-0.014077397
-8.75,11.25,0,0.021711298
-8.75,10.75,0,-0.017214167
-8.75,10.25,0,-0.022608067
-8.75,9.75,0,0.018292424
-8.75,9.25,0,0.000654217
-8.75,8.75,0,0.01531045
-8.75,8.25,0,0.003570834
-8.75,7.75,0,0.00862343
-8.75,7.25,0,0.006293971
-8.75,6.75,0,-0.019258131
-8.75,6.25,0,0.002430759
-8.75,5.75,0,0.005384796
-8.75,5.25,0,0.012517126
-8.75,4.75,0,-0.013567319
-8.75,4.25,0,0.000318468
-8.75,3.75,0,0.030811346
-8.75,3.25,0,-0.016025101
-8.75,2.75,0,-0.004759266
-8.75,2.25,0,0.014043704
-8.75,1.75,0,-0.017586515
-8.75,1.25,0,0.002275514
-8.75,0.75,0,0.019114952
-8.75,0.25,0,-0.053069898
-8.75,-0.25,0,0.044328189
-8.75,-0.75,0,0.008031892
-8.75,-1.25,0,0.000990039
-8.75,-1.75,0,0.009291294
-8.75,-2.25,0,0.000904246
-8.75,-2.75,0,-0.021327622
-8.75,-3.25,0,-0.001372804
-8.75,-3.75,0,-0.0011875
-8.75,-4.25,0,0.033247185
-8.75,-4.75,0,-0.034495381
-8.75,-5.25,0,0.042399
-8.75,-5.75,0,-0.027023499
-8.75,-6.25,0,0.020665015
-8.75,-6.75,0,0.003456729
-8.75,-7.25,0,-0.039668677
-8.75,-7.75,0,0.056925783
-8.75,-8.25,0,-0.02500797
-8.75,-8.75,0,0.004461579
-8.75,-9.25,0,0.001727431
-8.75,-9.75,0,-0.006592746
-8.75,-10.25,0,0.002192777
-8.75,-10.75,0,-0.003003392
-8.75,-11.25,0,0.02569004
-8.75,-11.75,0,0.010358875
-8.75,-12.25,0,0.015977666
-8.75,-12.75,0,-0.018955086
-8.75,-13.25,0,0.01984612
-8.75,-13.75,0,-0.014617897
-8.75,-14.25,0,0.005403599
-8.75,-14.75,0,0.000473955
-8.25,14.75,0,-0.010930823
-8.25,14.25,0,-0.024028972
-8.25,13.75,0,0.033035803
-8.25,13.25,0,0.797854959
-8.25,12.75,0,0.998090382
-8.25,12.25,0,-0.046237065
-8.25,11.75,0,0.061627378
-8.25,11.25,0,-0.02228094
-8.25,10.75,0,0.016097295
-8.25,10.25,0,0.006540393
-8.25,9.75,0,1.07E-05
-8.25,9.25,0,-0.011294484
-8.25,8.75,0,0.003786695
-8.25,8.25,0,-0.000642203
-8.25,7.75,0,-0.000825207
-8.25,7.25,0,0.007212868
-8.25,6.75,0,0.003910737
-8.25,6.25,0,-0.002967457
-8.25,5.75,0,-0.014641474
-8.25,5.25,0,-0.014120497
-8.25,4.75,0,0.000566568
-8.25,4.25,0,-0.008687998
-8.25,3.75,0,0.010932276
-8.25,3.25,0,-0.020072508
-8.25,2.75,0,0.024491244
-8.25,2.25,0,-0.036507229
-8.25,1.75,0,0.046528746
-8.25,1.25,0,-0.005951853
-8.25,0.75,0,-0.037118008
-8.25,0.25,0,0.039070452
-8.25,-0.25,0,-0.04973455
-8.25,-0.75,0,0.001789302
-8.25,-1.25,0,0.029496694
-8.25,-1.75,0,-0.014264461
-8.25,-2.25,0,0.01057025
-8.25,-2.75,0,0.018590763
-8.25,-3.25,0,-0.003732376
-8.25,-3.75,0,0.012069362
-8.25,-4.25,0,-0.016118626
-8.25,-4.75,0,0.029622202
-8.25,-5.25,0,-0.029113948
-8.25,-5.75,0,0.012151142
-8.25,-6.25,0,-0.000315898
-8.25,-6.75,0,-0.013131931
-8.25,-7.25,0,0.014877169
-8.25,-7.75,0,-0.030666358
-8.25,-8.25,0,-0.008878776
-8.25,-8.75,0,-0.011280783
-8.25,-9.25,0,-0.008732281
-8.25,-9.75,0,0.017583983
-8.25,-10.25,0,-0.008764339
-8.25,-10.75,0,0.009746804
-8.25,-11.25,0,0.006650793
-8.25,-11.75,0,-0.0075393
-8.25,-12.25,0,-0.021658392
-8.25,-12.75,0,0.004781009
-8.25,-13.25,0,-0.012884856
-8.25,-13.75,0,0.023174092
-8.25,-14.25,0,-0.019055173
-8.25,-14.75,0,0.029092786
-7.75,14.75,0,-0.000359975
-7.75,14.25,0,0.024069835
-7.75,13.75,0,-0.016378403
-7.75,13.25,0,0.963491252
-7.75,12.75,0,1.007314748
-7.75,12.25,0,0.000951072
-7.75,11.75,0,-0.031868686
-7.75,11.25,0,0.020407167
-7.75,10.75,0,-0.01335813
-7.75,10.25,0,0.00567926
-7.75,9.75,0,0.014436615
-7.75,9.25,0,-0.027776359
-7.75,8.75,0,-0.010891266
-7.75,8.25,0,0.00686296
-7.75,7.75,0,-0.026592628
-7.75,7.25,0,-0.023919933
-7.75,6.75,0,-0.008501649
-7.75,6.25,0,0.015374797
-7.75,5.75,0,0.028346353
-7.75,5.25,0,-0.003666171
-7.75,4.75,0,0.002992165
-7.75,4.25,0,0.018318573
-7.75,3.75,0,0.000555193
-7.75,3.25,0,0.023392609
-7.75,2.75,0,0.024891953
-7.75,2.25,0,0.015192197
-7.75,1.75,0,-0.034694371
-7.75,1.25,0,0.049941669
-7.75,0.75,0,0.00072489
-7.75,0.25,0,-0.010051482
-7.75,-0.25,0,0.027319871
-7.75,-0.75,0,0.000953992
-7.75,-1.25,0,-0.005933657
-7.75,-1.75,0,0.011258185
-7.75,-2.25,0,-0.014680371
-7.75,-2.75,0,-0.000512334
-7.75,-3.25,0,-0.026836544
-7.75,-3.75,0,0.020327488
-7.75,-4.25,0,-0.009533466
-7.75,-4.75,0,-0.029082023
-7.75,-5.25,0,0.016134503
-7.75,-5.75,0,-0.004638761
-7.75,-6.25,0,-0.023573544
-7.75,-6.75,0,0.009944063
-7.75,-7.25,0,0.000208329
-7.75,-7.75,0,0.017005417
-7.75,-8.25,0,-0.003424875
-7.75,-8.75,0,0.007995886
-7.75,-9.25,0,0.00223407
-7.75,-9.75,0,-0.007634359
-7.75,-10.25,0,0.006422037
-7.75,-10.75,0,0.018411944
-7.75,-11.25,0,-0.015008494
-7.75,-11.75,0,-0.006468943
-7.75,-12.25,0,-2.66E-05
-7.75,-12.75,0,0.020205852
-7.75,-13.25,0,-0.01313964
-7.75,-13.75,0,0.014077509
-7.75,-14.25,0,-0.010053929
-7.75,-14.75,0,-0.022313579
-7.25,14.75,0,0.022944815
-7.25,14.25,0,0.000300315
-7.25,13.75,0,0.051061325
-7.25,13.25,0,-0.037044324
-7.25,12.75,0,-0.042900668
-7.25,12.25,0,0.037481121
-7.25,11.75,0,0.023394899
-7.25,11.25,0,-0.031548018
-7.25,10.75,0,-0.006837681
-7.25,10.25,0,-0.012641465
-7.25,9.75,0,0.012529871
-7.25,9.25,0,-0.000998773
-7.25,8.75,0,0.027854771
-7.25,8.25,0,-0.014371537
-7.25,7.75,0,0.018542207
-7.25,7.25,0,0.024586021
-7.25,6.75,0,-0.032412828
-7.25,6.25,0,0.025272933
-7.25,5.75,0,0.013651682
-7.25,5.25,0,-0.003772043
-7.25,4.75,0,-0.018049091
-7.25,4.25,0,-0.032409636
-7.25,3.75,0,0.041257673
-7.25,3.25,0,-0.052297905
-7.25,2.75,0,0.030080998
-7.25,2.25,0,-0.007518269
-7.25,1.75,0,0.016738222
-7.25,1.25,0,-0.009830482
-7.25,0.75,0,-0.013611068
-7.25,0.25,0,-0.00578885
-7.25,-0.25,0,0.001330918
-7.25,-0.75,0,-0.007247859
-7.25,-1.25,0,-0.000468146
-7.25,-1.75,0,-0.008652098
-7.25,-2.25,0,-0.003742339
-7.25,-2.75,0,-0.040218427
-7.25,-3.25,0,0.029129628
-7.25,-3.75,0,-0.020020417
-7.25,-4.25,0,0.016335371
-7.25,-4.75,0,-0.000162381
-7.25,-5.25,0,0.00815691
-7.25,-5.75,0,-0.001218055
-7.25,-6.25,0,0.026471727
-7.25,-6.75,0,-0.007153014
-7.25,-7.25,0,0.004383352
-7.25,-7.75,0,-0.00641534
-7.25,-8.25,0,0.000749895
-7.25,-8.75,0,-0.012020379
-7.25,-9.25,0,-0.024943997
-7.25,-9.75,0,0.036726853
-7.25,-10.25,0,-0.026309155
-7.25,-10.75,0,0.010432368
-7.25,-11.25,0,-0.002988566
-7.25,-11.75,0,0.01436458
-7.25,-12.25,0,-0.005749251
-7.25,-12.75,0,-0.005563021
-7.25,-13.25,0,0.008032217
-7.25,-13.75,0,-0.006958518
-7.25,-14.25,0,0.004502401
-7.25,-14.75,0,0.032167013
-6.75,14.75,0,0.01063446
-6.75,14.25,0,-0.024694453
-6.75,13.75,0,-0.008500465
-6.75,13.25,0,0.036646886
-6.75,12.75,0,-0.011233556
-6.75,12.25,0,-0.005344648
-6.75,11.75,0,0.020518562
-6.75,11.25,0,0.005095822
-6.75,10.75,0,0.001665936
-6.75,10.25,0,0.009152114
-6.75,9.75,0,0.022365321
-6.75,9.25,0,0.010185065
-6.75,8.75,0,-0.01882527
-6.75,8.25,0,0.00922241
-6.75,7.75,0,-0.012185132
-6.75,7.25,0,-0.001813249
-6.75,6.75,0,0.455844601
-6.75,6.25,0,0.4512491
-6.75,5.75,0,0.457119885
-6.75,5.25,0,0.480888618
-6.75,4.75,0,0.528333381
-6.75,4.25,0,0.492994687
-6.75,3.75,0,0.445002044
-6.75,3.25,0,0.516253622
-6.75,2.75,0,0.423516989
-6.75,2.25,0,0.489561798
-6.75,1.75,0,0.477084232
-6.75,1.25,0,0.444075221
-6.75,0.75,0,0.500243662
-6.75,0.25,0,0.476674106
-6.75,-0.25,0,-0.006894336
-6.75,-0.75,0,0.003503951
-6.75,-1.25,0,0.002690911
-6.75,-1.75,0,-0.028589559
-6.75,-2.25,0,0.001577408
-6.75,-2.75,0,0.005669533
-6.75,-3.25,0,0.002362403
-6.75,-3.75,0,-0.004876273
-6.75,-4.25,0,-0.018407643
-6.75,-4.75,0,-0.012688329
-6.75,-5.25,0,0.014295622
-6.75,-5.75,0,-0.006834614
-6.75,-6.25,0,-0.002973982
-6.75,-6.75,0,0.003408293
-6.75,-7.25,0,0.017555251
-6.75,-7.75,0,-0.004189616
-6.75,-8.25,0,-0.021991552
-6.75,-8.75,0,-0.015119361
-6.75,-9.25,0,0.020097668
-6.75,-9.75,0,0.001647881
-6.75,-10.25,0,-0.013624125
-6.75,-10.75,0,0.001354598
-6.75,-11.25,0,0.007495988
-6.75,-11.75,0,-0.003946801
-6.75,-12.25,0,0.009587286
-6.75,-12.75,0,-0.015611611
-6.75,-13.25,0,0.02430351
-6.75,-13.75,0,-0.010153592
-6.75,-14.25,0,-0.008722408
-6.75,-14.75,0,-0.032335025
-6.25,14.75,0,-0.028341105
-6.25,14.25,0,0.050414744
-6.25,13.75,0,-0.027282973
-6.25,13.25,0,0.026331095
-6.25,12.75,0,-0.011703676
-6.25,12.25,0,0.018631656
-6.25,11.75,0,-0.01394935
-6.25,11.25,0,-0.01512364
-6.25,10.75,0,0.011298539
-6.25,10.25,0,-0.007434595
-6.25,9.75,0,0.003414856
-6.25,9.25,0,-0.017427148
-6.25,8.75,0,0.01500958
-6.25,8.25,0,-0.011443512
-6.25,7.75,0,0.013003506
-6.25,7.25,0,0.015473088
-6.25,6.75,0,0.490030165
-6.25,6.25,0,0.451984579
-6.25,5.75,0,0.53427475
-6.25,5.25,0,0.453734814
-6.25,4.75,0,0.453034566
-6.25,4.25,0,0.490245416
-6.25,3.75,0,0.476056767
-6.25,3.25,0,0.490639387
-6.25,2.75,0,0.478806844
-6.25,2.25,0,0.46476505
-6.25,1.75,0,0.490403849
-6.25,1.25,0,0.497495744
-6.25,0.75,0,0.432997991
-6.25,0.25,0,0.493346011
-6.25,-0.25,0,0.016561727
-6.25,-0.75,0,0.000642363
-6.25,-1.25,0,-0.009231869
-6.25,-1.75,0,0.041068364
-6.25,-2.25,0,-0.035521654
-6.25,-2.75,0,0.017322129
-6.25,-3.25,0,0.004442006
-6.25,-3.75,0,-0.001246748
-6.25,-4.25,0,0.027857281
-6.25,-4.75,0,-0.012756008
-6.25,-5.25,0,-0.007161247
-6.25,-5.75,0,0.024060646
-6.25,-6.25,0,-0.020151745
-6.25,-6.75,0,0.028519778
-6.25,-7.25,0,-0.035854739
-6.25,-7.75,0,0.00209069
-6.25,-8.25,0,0.030756234
-6.25,-8.75,0,0.003637265
-6.25,-9.25,0,-0.002765407
-6.25,-9.75,0,-0.002309356
-6.25,-10.25,0,-0.006632293
-6.25,-10.75,0,-0.010386129
-6.25,-11.25,0,-0.033530315
-6.25,-11.75,0,0.022768763
-6.25,-12.25,0,-0.034278495
-6.25,-12.75,0,0.011606189
-6.25,-13.25,0,-0.027873095
-6.25,-13.75,0,0.0188104
-6.25,-14.25,0,0.00641244
-6.25,-14.75,0,0.008548578
-5.75,14.75,0,-0.003154936
-5.75,14.25,0,0.003260359
-5.75,13.75,0,0.021784403
-5.75,13.25,0,-0.029938115
-5.75,12.75,0,-0.003191705
-5.75,12.25,0,0.004365663
-5.75,11.75,0,-0.004814142
-5.75,11.25,0,0.027319264
-5.75,10.75,0,-0.027650896
-5.75,10.25,0,0.014091234
-5.75,9.75,0,0.002523931
-5.75,9.25,0,0.007061862
-5.75,8.75,0,0.009080595
-5.75,8.25,0,-0.027421514
-5.75,7.75,0,0.037091163
-5.75,7.25,0,-0.010627371
-5.75,6.75,0,0.479491526
-5.75,6.25,0,0.488522631
-5.75,5.75,0,-0.042873401
-5.75,5.25,0,0.005139996
-5.75,4.75,0,0.039685901
-5.75,4.25,0,-0.017653331
-5.75,3.75,0,0.519635522
-5.75,3.25,0,0.471462496
-5.75,2.75,0,0.016925971
-5.75,2.25,0,0.002174168
-5.75,1.75,0,-0.000630983
-5.75,1.25,0,-0.006454177
-5.75,0.75,0,0.510819043
-5.75,0.25,0,0.479850206
-5.75,-0.25,0,-0.010493611
-5.75,-0.75,0,0.035388362
-5.75,-1.25,0,-0.006477654
-5.75,-1.75,0,-0.003067002
-5.75,-2.25,0,0.001829379
-5.75,-2.75,0,-0.022939849
-5.75,-3.25,0,0.020448498
-5.75,-3.75,0,-0.014882259
-5.75,-4.25,0,-0.006788639
-5.75,-4.75,0,-0.001109265
-5.75,-5.25,0,0.013660249
-5.75,-5.75,0,-0.005411723
-5.75,-6.25,0,-0.008301136
-5.75,-6.75,0,-0.010352956
-5.75,-7.25,0,0.017210372
-5.75,-7.75,0,-0.002671729
-5.75,-8.25,0,-0.032036791
-5.75,-8.75,0,0.021964051
-5.75,-9.25,0,-0.02020589
-5.75,-9.75,0,0.041020534
-5.75,-10.25,0,-0.001142908
-5.75,-10.75,0,0.007898429
-5.75,-11.25,0,0.017303954
-5.75,-11.75,0,-0.000296806
-5.75,-12.25,0,0.002313195
-5.75,-12.75,0,0.045004628
-5.75,-13.25,0,-0.033062969
-5.75,-13.75,0,-0.004126211
-5.75,-14.25,0,-0.012301078
-5.75,-14.75,0,0.00285818
-5.25,14.75,0,-0.004661023
-5.25,14.25,0,0.016933547
-5.25,13.75,0,-0.033659445
-5.25,13.25,0,0.030194829
-5.25,12.75,0,0.005987277
-5.25,12.25,0,0.00718995
-5.25,11.75,0,-0.017869821
-5.25,11.25,0,-0.012701408
-5.25,10.75,0,0.010929681
-5.25,10.25,0,-0.018806021
-5.25,9.75,0,0.017091802
-5.25,9.25,0,-0.019825519
-5.25,8.75,0,-0.012722383
-5.25,8.25,0,0.019799462
-5.25,7.75,0,-0.024965544
-5.25,7.25,0,0.016237521
-5.25,6.75,0,0.437998521
-5.25,6.25,0,0.48199922
-5.25,5.75,0,0.025472612
-5.25,5.25,0,-0.005871087
-5.25,4.75,0,-0.005048679
-5.25,4.25,0,0.026062995
-5.25,3.75,0,0.450736582
-5.25,3.25,0,0.53620048
-5.25,2.75,0,0.007537506
-5.25,2.25,0,-0.009103815
-5.25,1.75,0,0.019990114
-5.25,1.25,0,0.035097076
-5.25,0.75,0,0.476584982
-5.25,0.25,0,0.43620796
-5.25,-0.25,0,0.029978424
-5.25,-0.75,0,-0.022702635
-5.25,-1.25,0,0.020319448
-5.25,-1.75,0,-0.009500539
-5.25,-2.25,0,0.028247499
-5.25,-2.75,0,-0.020596815
-5.25,-3.25,0,0.021910855
-5.25,-3.75,0,-0.021785607
-5.25,-4.25,0,0.032591754
-5.25,-4.75,0,-0.006977398
-5.25,-5.25,0,0.023409868
-5.25,-5.75,0,-0.030598156
-5.25,-6.25,0,0.02355201
-5.25,-6.75,0,-0.001610673
-5.25,-7.25,0,-0.029257845
-5.25,-7.75,0,0.020732422
-5.25,-8.25,0,0.014519156
-5.25,-8.75,0,-0.012546467
-5.25,-9.25,0,0.011462603
-5.25,-9.75,0,-0.006311801
-5.25,-10.25,0,-0.012885777
-5.25,-10.75,0,-0.024691255
-5.25,-11.25,0,-0.02502876
-5.25,-11.75,0,-0.002136195
-5.25,-12.25,0,0.008007212
-5.25,-12.75,0,-0.014315178
-5.25,-13.25,0,0.01289527
-5.25,-13.75,0,-0.01058043
-5.25,-14.25,0,0.006632258
-5.25,-14.75,0,0.006136984
-4.75,14.75,0,-0.007273621
-4.75,14.25,0,-0.018413491
-4.75,13.75,0,0.017473844
-4.75,13.25,0,-0.009955533
-4.75,12.75,0,-0.028058662
-4.75,12.25,0,0.007158386
-4.75,11.75,0,0.008592764
-4.75,11.25,0,0.012724504
-4.75,10.75,0,0.000856639
-4.75,10.25,0,0.00580005
-4.75,9.75,0,-0.015886575
-4.75,9.25,0,0.038011755
-4.75,8.75,0,0.004703192
-4.75,8.25,0,-0.017345617
-4.75,7.75,0,0.033713182
-4.75,7.25,0,0.007747983
-4.75,6.75,0,0.518661485
-4.75,6.25,0,0.463776935
-4.75,5.75,0,0.011336548
-4.75,5.25,0,0.023783684
-4.75,4.75,0,0.00524578
-4.75,4.25,0,-6.25E-05
-4.75,3.75,0,0.461901139
-4.75,3.25,0,0.494935738
-4.75,2.75,0,0.020606423
-4.75,2.25,0,0.015358426
-4.75,1.75,0,-0.016775935
-4.75,1.25,0,-0.005875567
-4.75,0.75,0,0.46953201
-4.75,0.25,0,0.483575321
-4.75,-0.25,0,-0.029680547
-4.75,-0.75,0,0.001730726
-4.75,-1.25,0,-0.019191431
-4.75,-1.75,0,0.021439379
-4.75,-2.25,0,-0.037678052
-4.75,-2.75,0,0.018836546
-4.75,-3.25,0,0.002738302
-4.75,-3.75,0,-0.010233969
-4.75,-4.25,0,-0.022013195
-4.75,-4.75,0,-0.000958207
-4.75,-5.25,0,-0.014394676
-4.75,-5.75,0,0.015018409
-4.75,-6.25,0,-0.014459147
-4.75,-6.75,0,-0.010096225
-4.75,-7.25,0,0.017737975
-4.75,-7.75,0,0.013756152
-4.75,-8.25,0,-0.034313744
-4.75,-8.75,0,0.029437491
-4.75,-9.25,0,-0.016019258
-4.75,-9.75,0,-0.023839183
-4.75,-10.25,0,0.012475539
-4.75,-10.75,0,0.017446651
-4.75,-11.25,0,0.024868692
-4.75,-11.75,0,-0.007653017
-4.75,-12.25,0,0.01022157
-4.75,-12.75,0,0.004153616
-4.75,-13.25,0,-0.018268683
-4.75,-13.75,0,0.020546299
-4.75,-14.25,0,-0.005376192
-4.75,-14.75,0,0.011257325
-4.25,14.75,0,0.013687573
-4.25,14.25,0,-0.014091412
-4.25,13.75,0,0.013531456
-4.25,13.25,0,0.005045982
-4.25,12.75,0,-0.015699505
-4.25,12.25,0,0.005041689
-4.25,11.75,0,-0.001067922
-4.25,11.25,0,-0.015639846
-4.25,10.75,0,0.007217921
-4.25,10.25,0,-0.026559515
-4.25,9.75,0,0.040840387
-4.25,9.25,0,-0.039508996
-4.25,8.75,0,-0.024111659
-4.25,8.25,0,0.025163761
-4.25,7.75,0,-0.016968633
-4.25,7.25,0,-0.001534931
-4.25,6.75,0,0.439227043
-4.25,6.25,0,0.508288412
-4.25,5.75,0,-0.01025825
-4.25,5.25,0,0.013366773
-4.25,4.75,0,-0.024313407
-4.25,4.25,0,-0.004414856
-4.25,3.75,0,0.507031896
-4.25,3.25,0,0.452244123
-4.25,2.75,0,0.010642396
-4.25,2.25,0,0.000703938
-4.25,1.75,0,0.033245751
-4.25,1.25,0,-0.029439532
-4.25,0.75,0,0.495197872
-4.25,0.25,0,0.461973618
-4.25,-0.25,0,0.036399377
-4.25,-0.75,0,0.004445182
-4.25,-1.25,0,-0.009044453
-4.25,-1.75,0,0.000659414
-4.25,-2.25,0,0.000178961
-4.25,-2.75,0,-0.008839316
-4.25,-3.25,0,-0.005342356
-4.25,-3.75,0,-0.002869633
-4.25,-4.25,0,0.034183099
-4.25,-4.75,0,-0.013222055
-4.25,-5.25,0,-0.006640336
-4.25,-5.75,0,0.021384248
-4.25,-6.25,0,0.040939493
-4.25,-6.75,0,-0.006114041
-4.25,-7.25,0,-0.025307182
-4.25,-7.75,0,0.012241638
-4.25,-8.25,0,-0.004531539
-4.25,-8.75,0,-0.00387492
-4.25,-9.25,0,0.004483193
-4.25,-9.75,0,0.014592149
-4.25,-10.25,0,-0.023236992
-4.25,-10.75,0,0.010825493
-4.25,-11.25,0,-0.001871927
-4.25,-11.75,0,-0.010285206
-4.25,-12.25,0,0.007598729
-4.25,-12.75,0,-0.029214973
-4.25,-13.25,0,0.05097311
-4.25,-13.75,0,-0.010782814
-4.25,-14.25,0,0.00132818
-4.25,-14.75,0,0.00228455
-3.75,14.75,0,-0.014602319
-3.75,14.25,0,0.029073668
-3.75,13.75,0,-0.028624609
-3.75,13.25,0,-0.00479932
-3.75,12.75,0,0.02337019
-3.75,12.25,0,3.58E-06
-3.75,11.75,0,-0.003884533
-3.75,11.25,0,0.022268044
-3.75,10.75,0,-0.00758417
-3.75,10.25,0,0.021216184
-3.75,9.75,0,-0.019534124
-3.75,9.25,0,0.032953975
-3.75,8.75,0,0.002817406
-3.75,8.25,0,0.010650984
-3.75,7.75,0,-0.007145549
-3.75,7.25,0,-0.00334527
-3.75,6.75,0,0.493083783
-3.75,6.25,0,0.471983189
-3.75,5.75,0,-0.000491825
-3.75,5.25,0,0.002390374
-3.75,4.75,0,0.024868682
-3.75,4.25,0,-0.015619668
-3.75,3.75,0,0.465885063
-3.75,3.25,0,0.509876459
-3.75,2.75,0,-0.009183346
-3.75,2.25,0,-0.014957688
-3.75,1.75,0,-0.009144532
-3.75,1.25,0,0.028810302
-3.75,0.75,0,0.516214023
-3.75,0.25,0,0.420449503
-3.75,-0.25,0,0.028210139
-3.75,-0.75,0,-0.023141425
-3.75,-1.25,0,0.005401175
-3.75,-1.75,0,-0.033842794
-3.75,-2.25,0,0.016257271
-3.75,-2.75,0,0.00624917
-3.75,-3.25,0,0.008656324
-3.75,-3.75,0,0.004669163
-3.75,-4.25,0,0.004790045
-3.75,-4.75,0,-0.008709297
-3.75,-5.25,0,0.001200188
-3.75,-5.75,0,-0.016064257
-3.75,-6.25,0,-0.025529321
-3.75,-6.75,0,-0.004977303
-3.75,-7.25,0,-0.010390695
-3.75,-7.75,0,0.01162602
-3.75,-8.25,0,-0.00420861
-3.75,-8.75,0,0.009504849
-3.75,-9.25,0,-0.019192418
-3.75,-9.75,0,0.005822724
-3.75,-10.25,0,0.016535533
-3.75,-10.75,0,-0.021007457
-3.75,-11.25,0,-0.010678575
-3.75,-11.75,0,-0.030516041
-3.75,-12.25,0,0.001524901
-3.75,-12.75,0,0.003454776
-3.75,-13.25,0,-0.006264636
-3.75,-13.75,0,-0.018867412
-3.75,-14.25,0,0.00175459
-3.75,-14.75,0,-0.026879094
-3.25,14.75,0,0.021859091
-3.25,14.25,0,-0.020880585
-3.25,13.75,0,0.023512166
-3.25,13.25,0,-0.021726532
-3.25,12.75,0,-0.013962232
-3.25,12.25,0,0.018563795
-3.25,11.75,0,-0.02015668
-3.25,11.25,0,0.013867324
-3.25,10.75,0,-0.01647904
-3.25,10.25,0,0.008819992
-3.25,9.75,0,0.00816548
-3.25,9.25,0,-0.017608691
-3.25,8.75,0,0.031061735
-3.25,8.25,0,-0.033126218
-3.25,7.75,0,0.017220639
-3.25,7.25,0,0.013551326
-3.25,6.75,0,0.482586912
-3.25,6.25,0,0.471166372
-3.25,5.75,0,-0.007119349
-3.25,5.25,0,0.021297203
-3.25,4.75,0,-0.028262437
-3.25,4.25,0,0.012654722
-3.25,3.75,0,0.457651234
-3.25,3.25,0,0.397458733
-3.25,2.75,0,0.057928914
-3.25,2.25,0,0.016165419
-3.25,1.75,0,-0.010987983
-3.25,1.25,0,0.0164963
-3.25,0.75,0,0.48053549
-3.25,0.25,0,0.463412486
-3.25,-0.25,0,-0.002775411
-3.25,-0.75,0,0.015754432
-3.25,-1.25,0,0.01386365
-3.25,-1.75,0,0.028286398
-3.25,-2.25,0,-0.011647572
-3.25,-2.75,0,0.022715009
-3.25,-3.25,0,-0.013182209
-3.25,-3.75,0,0.0047444
-3.25,-4.25,0,0.026257873
-3.25,-4.75,0,-0.018358211
-3.25,-5.25,0,0.006886567
-3.25,-5.75,0,-0.004776485
-3.25,-6.25,0,-0.016037584
-3.25,-6.75,0,0.025089333
-3.25,-7.25,0,0.00036062
-3.25,-7.75,0,-0.024748931
-3.25,-8.25,0,-0.009768144
-3.25,-8.75,0,0.014092196
-3.25,-9.25,0,0.010896705
-3.25,-9.75,0,0.003625265
-3.25,-10.25,0,-0.020928499
-3.25,-10.75,0,0.00624018
-3.25,-11.25,0,-0.012720789
-3.25,-11.75,0,0.03070452
-3.25,-12.25,0,-0.016644629
-3.25,-12.75,0,0.008500377
-3.25,-13.25,0,0.018851903
-3.25,-13.75,0,0.010133375
-3.25,-14.25,0,0.011825566
-3.25,-14.75,0,-0.011450031
-2.75,14.75,0,0.030667246
-2.75,14.25,0,-0.022589115
-2.75,13.75,0,-0.002569424
-2.75,13.25,0,0.00635592
-2.75,12.75,0,0.014902876
-2.75,12.25,0,-0.000760097
-2.75,11.75,0,-0.006563884
-2.75,11.25,0,-0.00865843
-2.75,10.75,0,-0.016281371
-2.75,10.25,0,0.00021679
-2.75,9.75,0,-0.004911447
-2.75,9.25,0,0.004482058
-2.75,8.75,0,-0.015920224
-2.75,8.25,0,0.012462069
-2.75,7.75,0,-0.004616733
-2.75,7.25,0,0.014125565
-2.75,6.75,0,0.454241612
-2.75,6.25,0,0.538388153
-2.75,5.75,0,-0.029989852
-2.75,5.25,0,0.021777253
-2.75,4.75,0,-0.004061663
-2.75,4.25,0,0.000508001
-2.75,3.75,0,0.507760788
-2.75,3.25,0,0.518525022
-2.75,2.75,0,-0.031899503
-2.75,2.25,0,0.031127092
-2.75,1.75,0,-0.002433875
-2.75,1.25,0,-0.027325416
-2.75,0.75,0,0.475086201
-2.75,0.25,0,0.500106566
-2.75,-0.25,0,-0.006073578
-2.75,-0.75,0,-0.020152146
-2.75,-1.25,0,0.017253498
-2.75,-1.75,0,-0.049111923
-2.75,-2.25,0,0.019695343
-2.75,-2.75,0,-0.030770579
-2.75,-3.25,0,0.012388929
-2.75,-3.75,0,-0.023001583
-2.75,-4.25,0,0.01369019
-2.75,-4.75,0,-0.011291403
-2.75,-5.25,0,-0.013956314
-2.75,-5.75,0,0.010347723
-2.75,-6.25,0,-0.000102903
-2.75,-6.75,0,-0.005482304
-2.75,-7.25,0,-0.006607645
-2.75,-7.75,0,0.022822454
-2.75,-8.25,0,-0.005300359
-2.75,-8.75,0,-0.000156583
-2.75,-9.25,0,-0.008650429
-2.75,-9.75,0,0.007026491
-2.75,-10.25,0,-0.013417114
-2.75,-10.75,0,0.007466099
-2.75,-11.25,0,0.003109118
-2.75,-11.75,0,0.001880057
-2.75,-12.25,0,0.002339129
-2.75,-12.75,0,0.000865088
-2.75,-13.25,0,-0.011621341
-2.75,-13.75,0,0.019050722
-2.75,-14.25,0,-0.008697663
-2.75,-14.75,0,0.000231971
-2.25,14.75,0,0.000333508
-2.25,14.25,0,-0.001350376
-2.25,13.75,0,-0.013754944
-2.25,13.25,0,-0.004204835
-2.25,12.75,0,-0.006917259
-2.25,12.25,0,0.006377171
-2.25,11.75,0,0.002986155
-2.25,11.25,0,0.003289861
-2.25,10.75,0,0.009835734
-2.25,10.25,0,-0.007417529
-2.25,9.75,0,0.002002588
-2.25,9.25,0,-0.012130863
-2.25,8.75,0,0.01009967
-2.25,8.25,0,0.014751021
-2.25,7.75,0,-0.011838456
-2.25,7.25,0,-0.016002587
-2.25,6.75,0,0.008052023
-2.25,6.25,0,-0.016400121
-2.25,5.75,0,0.024078678
-2.25,5.25,0,-0.003017998
-2.25,4.75,0,0.016093435
-2.25,4.25,0,-0.001596401
-2.25,3.75,0,-0.031460534
-2.25,3.25,0,-0.000812046
-2.25,2.75,0,0.010565615
-2.25,2.25,0,-0.023371329
-2.25,1.75,0,0.011389927
-2.25,1.25,0,0.035133728
-2.25,0.75,0,-0.007873647
-2.25,0.25,0,-0.011609855
-2.25,-0.25,0,0.023506393
-2.25,-0.75,0,-0.009299285
-2.25,-1.25,0,-0.001390078
-2.25,-1.75,0,0.026737974
-2.25,-2.25,0,-0.024245295
-2.25,-2.75,0,0.025103457
-2.25,-3.25,0,0.014703445
-2.25,-3.75,0,0.002371256
-2.25,-4.25,0,-0.013569945
-2.25,-4.75,0,0.01842746
-2.25,-5.25,0,0.003211425
-2.25,-5.75,0,-0.000196033
-2.25,-6.25,0,-0.000258473
-2.25,-6.75,0,-0.006167478
-2.25,-7.25,0,-0.00866869
-2.25,-7.75,0,0.009091564
-2.25,-8.25,0,-0.011450913
-2.25,-8.75,0,0.003367917
-2.25,-9.25,0,-0.002761102
-2.25,-9.75,0,-0.019550969
-2.25,-10.25,0,0.030972902
-2.25,-10.75,0,0.009809534
-2.25,-11.25,0,-0.007054949
-2.25,-11.75,0,0.02124953
-2.25,-12.25,0,-0.006950345
-2.25,-12.75,0,-0.003200562
-2.25,-13.25,0,0.006760682
-2.25,-13.75,0,-0.004357734
-2.25,-14.25,0,-0.005404214
-2.25,-14.75,0,0.001039441
-1.75,14.75,0,-0.013561976
-1.75,14.25,0,0.02158803
-1.75,13.75,0,-0.00675868
-1.75,13.25,0,0.009062559
-1.75,12.75,0,-0.014495258
-1.75,12.25,0,-0.000555078
-1.75,11.75,0,0.030196964
-1.75,11.25,0,-0.029092894
-1.75,10.75,0,0.016762566
-1.75,10.25,0,-0.026837475
-1.75,9.75,0,0.009057979
-1.75,9.25,0,0.020260128
-1.75,8.75,0,-0.004844658
-1.75,8.25,0,-0.027311705
-1.75,7.75,0,0.038817161
-1.75,7.25,0,-0.017128535
-1.75,6.75,0,-0.003804404
-1.75,6.25,0,0.004196434
-1.75,5.75,0,0.003741843
-1.75,5.25,0,0.000644987
-1.75,4.75,0,0.004200764
-1.75,4.25,0,0.007057118
-1.75,3.75,0,0.006435754
-1.75,3.25,0,0.008617067
-1.75,2.75,0,-0.00863704
-1.75,2.25,0,0.000887057
-1.75,1.75,0,-0.009386616
-1.75,1.25,0,-0.005545177
-1.75,0.75,0,-0.011957871
-1.75,0.25,0,0.001330544
-1.75,-0.25,0,-0.013836027
-1.75,-0.75,0,0.006976359
-1.75,-1.25,0,-0.005033466
-1.75,-1.75,0,0.002772399
-1.75,-2.25,0,-0.003974104
-1.75,-2.75,0,-0.02598428
-1.75,-3.25,0,-0.002990432
-1.75,-3.75,0,-0.014764213
-1.75,-4.25,0,0.021509139
-1.75,-4.75,0,-0.003408054
-1.75,-5.25,0,-0.006059951
-1.75,-5.75,0,0.016176123
-1.75,-6.25,0,-0.004792354
-1.75,-6.75,0,-0.01060269
-1.75,-7.25,0,0.025974323
-1.75,-7.75,0,-0.010881284
-1.75,-8.25,0,-0.006021092
-1.75,-8.75,0,0.012870736
-1.75,-9.25,0,-0.005053833
-1.75,-9.75,0,-0.009291372
-1.75,-10.25,0,-0.010795862
-1.75,-10.75,0,-0.00953191
-1.75,-11.25,0,-0.014761424
-1.75,-11.75,0,-0.014163298
-1.75,-12.25,0,-0.003452166
-1.75,-12.75,0,0.032480096
-1.75,-13.25,0,-0.020868938
-1.75,-13.75,0,0.008920344
-1.75,-14.25,0,0.022903622
-1.75,-14.75,0,-0.002277828
-1.25,14.75,0,-0.003858411
-1.25,14.25,0,0.00248704
-1.25,13.75,0,0.005380197
-1.25,13.25,0,-0.009316066
-1.25,12.75,0,0.005932979
-1.25,12.25,0,-0.00575852
-1.25,11.75,0,-0.017875343
-1.25,11.25,0,0.014587343
-1.25,10.75,0,0.014041314
-1.25,10.25,0,0.01426866
-1.25,9.75,0,-0.005270219
-1.25,9.25,0,-0.00022224
-1.25,8.75,0,0.018330584
-1.25,8.25,0,0.006353527
-1.25,7.75,0,-0.012438026
-1.25,7.25,0,0.02218939
-1.25,6.75,0,-0.006896293
-1.25,6.25,0,0.035129037
-1.25,5.75,0,-0.024025759
-1.25,5.25,0,-0.011137778
-1.25,4.75,0,-0.01494558
-1.25,4.25,0,0.009287793
-1.25,3.75,0,-0.007781593
-1.25,3.25,0,-0.007930941
-1.25,2.75,0,0.019428185
-1.25,2.25,0,-0.002224179
-1.25,1.75,0,0.004016978
-1.25,1.25,0,0.023369261
-1.25,0.75,0,0.021730031
-1.25,0.25,0,-0.016088214
-1.25,-0.25,0,0.037305422
-1.25,-0.75,0,0.005867245
-1.25,-1.25,0,-0.004159464
-1.25,-1.75,0,-0.03046215
-1.25,-2.25,0,0.022777377
-1.25,-2.75,0,0.006907028
-1.25,-3.25,0,-0.004128199
-1.25,-3.75,0,0.009229997
-1.25,-4.25,0,-0.015700824
-1.25,-4.75,0,0.023892968
-1.25,-5.25,0,0.012717611
-1.25,-5.75,0,-0.018433937
-1.25,-6.25,0,0.017909354
-1.25,-6.75,0,0.00070657
-1.25,-7.25,0,-0.032405062
-1.25,-7.75,0,0.000181032
-1.25,-8.25,0,-0.014152561
-1.25,-8.75,0,-0.002013355
-1.25,-9.25,0,-0.003187762
-1.25,-9.75,0,0.014731117
-1.25,-10.25,0,-0.014048057
-1.25,-10.75,0,0.021934229
-1.25,-11.25,0,-0.002878053
-1.25,-11.75,0,0.00836297
-1.25,-12.25,0,0.025061941
-1.25,-12.75,0,-0.015654639
-1.25,-13.25,0,0.009296946
-1.25,-13.75,0,-0.01459258
-1.25,-14.25,0,0.0058023
-1.25,-14.75,0,-0.009839983
-0.75,14.75,0,0.006162309
-0.75,14.25,0,-0.012985967
-0.75,13.75,0,0.007978904
-0.75,13.25,0,-0.019531848
-0.75,12.75,0,0.017303382
-0.75,12.25,0,0.002677356
-0.75,11.75,0,-0.006422196
-0.75,11.25,0,-0.024457775
-0.75,10.75,0,-0.019349818
-0.75,10.25,0,-0.01271272
-0.75,9.75,0,0.000530646
-0.75,9.25,0,0.016349872
-0.75,8.75,0,-0.016007944
-0.75,8.25,0,-0.022946123
-0.75,7.75,0,0.006200101
-0.75,7.25,0,-0.033607748
-0.75,6.75,0,0.00675929
-0.75,6.25,0,-0.026049396
-0.75,5.75,0,0.015495929
-0.75,5.25,0,-0.004661511
-0.75,4.75,0,0.013184099
-0.75,4.25,0,-0.023396625
-0.75,3.75,0,0.030480247
-0.75,3.25,0,0.006100534
-0.75,2.75,0,-0.005456209
-0.75,2.25,0,-0.014713162
-0.75,1.75,0,0.016022488
-0.75,1.25,0,-0.022999109
-0.75,0.75,0,-0.013926017
-0.75,0.25,0,-0.001071455
-0.75,-0.25,0,-0.008903111
-0.75,-0.75,0,-0.019141722
-0.75,-1.25,0,0.029094852
-0.75,-1.75,0,0.008523934
-0.75,-2.25,0,0.019388002
-0.75,-2.75,0,-0.060725163
-0.75,-3.25,0,0.008862663
-0.75,-3.75,0,-0.045757507
-0.75,-4.25,0,0.00729859
-0.75,-4.75,0,0.005251461
-0.75,-5.25,0,-0.028350018
-0.75,-5.75,0,-0.004475961
-0.75,-6.25,0,0.001493267
-0.75,-6.75,0,-0.032101
-0.75,-7.25,0,0.050495067
-0.75,-7.75,0,-0.01736519
-0.75,-8.25,0,0.033763554
-0.75,-8.75,0,-0.00396199
-0.75,-9.25,0,-0.001124086
-0.75,-9.75,0,0.011416963
-0.75,-10.25,0,0.002483259
-0.75,-10.75,0,-0.005201765
-0.75,-11.25,0,-0.006229399
-0.75,-11.75,0,-0.009754684
-0.75,-12.25,0,-0.004983158
-0.75,-12.75,0,0.00208156
-0.75,-13.25,0,0.015418221
-0.75,-13.75,0,-0.003636139
-0.75,-14.25,0,-0.006459774
-0.75,-14.75,0,-0.002696081
-0.25,14.75,0,-0.015254222
-0.25,14.25,0,0.011943207
-0.25,13.75,0,-0.012408141
-0.25,13.25,0,0.021769497
-0.25,12.75,0,-0.01924096
-0.25,12.25,0,0.012392937
-0.25,11.75,0,-0.0112744
-0.25,11.25,0,0.005831456
-0.25,10.75,0,0.021889158
-0.25,10.25,0,0.004495957
-0.25,9.75,0,0.013571749
-0.25,9.25,0,-0.040886732
-0.25,8.75,0,0.005650605
-0.25,8.25,0,0.010915176
-0.25,7.75,0,-0.006641611
-0.25,7.25,0,0.032552262
-0.25,6.75,0,-0.009582234
-0.25,6.25,0,0.008048391
-0.25,5.75,0,0.009878272
-0.25,5.25,0,-0.015857282
-0.25,4.75,0,-0.009803931
-0.25,4.25,0,0.011319154
-0.25,3.75,0,-0.005305917
-0.25,3.25,0,-0.04039922
-0.25,2.75,0,0.022078905
-0.25,2.25,0,-0.021892492
-0.25,1.75,0,-0.01662846
-0.25,1.25,0,0.019775231
-0.25,0.75,0,-0.000732711
-0.25,0.25,0,-3.48E-05
-0.25,-0.25,0,-0.028732875
-0.25,-0.75,0,0.015028888
-0.25,-1.25,0,-0.500984887
-0.25,-1.75,0,-0.470822134
-0.25,-2.25,0,-0.472049982
-0.25,-2.75,0,-0.461706488
-0.25,-3.25,0,-0.487714875
-0.25,-3.75,0,-0.39837281
-0.25,-4.25,0,-0.529834579
-0.25,-4.75,0,-0.48262822
-0.25,-5.25,0,-0.457476904
-0.25,-5.75,0,-0.463804569
-0.25,-6.25,0,-0.471857393
-0.25,-6.75,0,-0.492606724
-0.25,-7.25,0,-0.48701175
-0.25,-7.75,0,0.02092639
-0.25,-8.25,0,-0.018046508
-0.25,-8.75,0,0.020931052
-0.25,-9.25,0,-0.009164147
-0.25,-9.75,0,0.012412093
-0.25,-10.25,0,-0.016495241
-0.25,-10.75,0,0.017632888
-0.25,-11.25,0,-0.018438222
-0.25,-11.75,0,0.00495401
-0.25,-12.25,0,-0.008200404
-0.25,-12.75,0,0.030681262
-0.25,-13.25,0,-0.020173393
-0.25,-13.75,0,-0.016818984
-0.25,-14.25,0,0.025035863
-0.25,-14.75,0,-0.021072891
0.25,14.75,0,-0.013514422
0.25,14.25,0,0.008492439
0.25,13.75,0,0.000893099
0.25,13.25,0,0.013113074
0.25,12.75,0,-0.002783448
0.25,12.25,0,0.01954473
0.25,11.75,0,0.002846644
0.25,11.25,0,0.022731894
0.25,10.75,0,0.00287475
0.25,10.25,0,-0.037799375
0.25,9.75,0,0.003148701
0.25,9.25,0,0.011191109
0.25,8.75,0,-0.003303706
0.25,8.25,0,-0.009094888
0.25,7.75,0,0.00867124
0.25,7.25,0,-0.018519951
0.25,6.75,0,0.043459795
0.25,6.25,0,-0.033801217
0.25,5.75,0,0.001129638
0.25,5.25,0,-0.003932603
0.25,4.75,0,0.022894594
0.25,4.25,0,-0.002748945
0.25,3.75,0,0.01672833
0.25,3.25,0,0.002774561
0.25,2.75,0,0.008058282
0.25,2.25,0,0.028163459
0.25,1.75,0,-0.004960118
0.25,1.25,0,-0.015405883
0.25,0.75,0,0.007441353
0.25,0.25,0,-0.019834598
0.25,-0.25,0,0.027446728
0.25,-0.75,0,-0.010247696
0.25,-1.25,0,-0.489228624
0.25,-1.75,0,-0.494113516
0.25,-2.25,0,-0.476921482
0.25,-2.75,0,-0.575766284
0.25,-3.25,0,-0.421339207
0.25,-3.75,0,-0.533211036
0.25,-4.25,0,-0.421410392
0.25,-4.75,0,-0.4726044
0.25,-5.25,0,-0.482336135
0.25,-5.75,0,-0.49677807
0.25,-6.25,0,-0.466767032
0.25,-6.75,0,-0.473342238
0.25,-7.25,0,-0.499212066
0.25,-7.75,0,0.029095773
0.25,-8.25,0,-0.011790998
0.25,-8.75,0,-0.021088046
0.25,-9.25,0,-0.003019868
0.25,-9.75,0,-0.005196284
0.25,-10.25,0,0.003595558
0.25,-10.75,0,0.006810977
0.25,-11.25,0,0.006891103
0.25,-11.75,0,-0.00565912
0.25,-12.25,0,-0.018907346
0.25,-12.75,0,0.002903591
0.25,-13.25,0,-0.00100681
0.25,-13.75,0,0.017438835
0.25,-14.25,0,-0.043649679
0.25,-14.75,0,0.031799463
0.75,14.75,0,0.008766829
0.75,14.25,0,0.003501255
0.75,13.75,0,-0.010027819
0.75,13.25,0,0.002835859
0.75,12.75,0,0.007019824
0.75,12.25,0,-0.021573681
0.75,11.75,0,0.001827551
0.75,11.25,0,-0.015963039
0.75,10.75,0,-0.020711344
0.75,10.25,0,0.037304493
0.75,9.75,0,-0.026139203
0.75,9.25,0,-0.024998916
0.75,8.75,0,0.043923162
0.75,8.25,0,-0.014431618
0.75,7.75,0,0.004362383
0.75,7.25,0,0.025758812
0.75,6.75,0,-0.052276119
0.75,6.25,0,0.040298943
0.75,5.75,0,0.017368413
0.75,5.25,0,-0.012230613
0.75,4.75,0,-0.007462841
0.75,4.25,0,0.0076004
0.75,3.75,0,-0.017512321
0.75,3.25,0,-0.004635452
0.75,2.75,0,-0.007255019
0.75,2.25,0,-0.006135817
0.75,1.75,0,-0.012401041
0.75,1.25,0,0.010495176
0.75,0.75,0,0.000306413
0.75,0.25,0,0.030653131
0.75,-0.25,0,-0.029278142
0.75,-0.75,0,0.020239263
0.75,-1.25,0,-0.481293832
0.75,-1.75,0,-0.458755147
0.75,-2.25,0,-0.475221195
0.75,-2.75,0,0.047791993
0.75,-3.25,0,-0.047456704
0.75,-3.75,0,-0.000403966
0.75,-4.25,0,-0.018545459
0.75,-4.75,0,-0.015126191
0.75,-5.25,0,0.00461344
0.75,-5.75,0,-0.003374899
0.75,-6.25,0,8.01E-05
0.75,-6.75,0,-0.030057931
0.75,-7.25,0,0.033187262
0.75,-7.75,0,-0.038107902
0.75,-8.25,0,0.019558493
0.75,-8.75,0,0.007112276
0.75,-9.25,0,0.019687704
0.75,-9.75,0,-0.00994873
0.75,-10.25,0,0.021290053
0.75,-10.75,0,-0.01348297
0.75,-11.25,0,0.000403923
0.75,-11.75,0,-0.008174336
0.75,-12.25,0,0.014453056
0.75,-12.75,0,-0.01205791
0.75,-13.25,0,0.002196592
0.75,-13.75,0,-0.009243977
0.75,-14.25,0,0.018590493
0.75,-14.75,0,-0.040018954
1.25,14.75,0,0.002853314
1.25,14.25,0,-0.027934298
1.25,13.75,0,0.014460269
1.25,13.25,0,0.005726705
1.25,12.75,0,-0.020568474
1.25,12.25,0,0.017009132
1.25,11.75,0,0.007226152
1.25,11.25,0,-0.002388443
1.25,10.75,0,0.026496579
1.25,10.25,0,-0.001863841
1.25,9.75,0,-0.001125704
1.25,9.25,0,0.016987129
1.25,8.75,0,-0.010458583
1.25,8.25,0,0.031305231
1.25,7.75,0,-0.028551752
1.25,7.25,0,0.007453921
1.25,6.75,0,0.009929289
1.25,6.25,0,-0.014887998
1.25,5.75,0,-0.022147024
1.25,5.25,0,-0.004812466
1.25,4.75,0,0.00345992
1.25,4.25,0,0.00562179
1.25,3.75,0,0.013143866
1.25,3.25,0,-0.003363708
1.25,2.75,0,-0.000958576
1.25,2.25,0,0.008380947
1.25,1.75,0,0.000761318
1.25,1.25,0,0.022268263
1.25,0.75,0,-0.03522106
1.25,0.25,0,-0.018460348
1.25,-0.25,0,0.013049389
1.25,-0.75,0,-0.010691457
1.25,-1.25,0,0.015135787
1.25,-1.75,0,-0.525370164
1.25,-2.25,0,-0.454671966
1.25,-2.75,0,-0.495384029
1.25,-3.25,0,0.011544329
1.25,-3.75,0,0.020549622
1.25,-4.25,0,-0.048801867
1.25,-4.75,0,0.03828994
1.25,-5.25,0,-0.036654521
1.25,-5.75,0,0.012152831
1.25,-6.25,0,0.006449263
1.25,-6.75,0,-0.006801732
1.25,-7.25,0,-0.001795886
1.25,-7.75,0,-0.014636727
1.25,-8.25,0,0.007593845
1.25,-8.75,0,-0.002488309
1.25,-9.25,0,-0.0109098
1.25,-9.75,0,0.020488732
1.25,-10.25,0,-0.02464983
1.25,-10.75,0,0.025426087
1.25,-11.25,0,-0.01251554
1.25,-11.75,0,0.009295722
1.25,-12.25,0,-0.004369468
1.25,-12.75,0,0.018706199
1.25,-13.25,0,0.000970908
1.25,-13.75,0,0.012274632
1.25,-14.25,0,-0.015642706
1.25,-14.75,0,0.02758567
1.75,14.75,0,-0.003054563
1.75,14.25,0,0.015661603
1.75,13.75,0,-0.031259082
1.75,13.25,0,0.019192839
1.75,12.75,0,0.013830472
1.75,12.25,0,-0.007714853
1.75,11.75,0,-0.015988713
1.75,11.25,0,-0.002767524
1.75,10.75,0,-0.002983411
1.75,10.25,0,0.003838442
1.75,9.75,0,0.013350607
1.75,9.25,0,-0.012578011
1.75,8.75,0,0.009853356
1.75,8.25,0,-0.012593228
1.75,7.75,0,-0.010817429
1.75,7.25,0,0.014222588
1.75,6.75,0,-0.000298351
1.75,6.25,0,-0.00505462
1.75,5.75,0,0.004451055
1.75,5.25,0,0.008760002
1.75,4.75,0,-0.006360002
1.75,4.25,0,-0.015776337
1.75,3.75,0,-0.000473383
1.75,3.25,0,-0.002066801
1.75,2.75,0,-0.008188035
1.75,2.25,0,0.002234429
1.75,1.75,0,0.032403339
1.75,1.25,0,-0.029801233
1.75,0.75,0,0.037050731
1.75,0.25,0,0.000368994
1.75,-0.25,0,-0.012109032
1.75,-0.75,0,0.012449527
1.75,-1.25,0,-0.014896109
1.75,-1.75,0,0.007967002
1.75,-2.25,0,-0.494389007
1.75,-2.75,0,-0.508925906
1.75,-3.25,0,-0.523407786
1.75,-3.75,0,-0.476191527
1.75,-4.25,0,0.003531811
1.75,-4.75,0,-0.007328401
1.75,-5.25,0,-3.30E-05
1.75,-5.75,0,0.00086013
1.75,-6.25,0,0.000245674
1.75,-6.75,0,0.005914551
1.75,-7.25,0,-0.012774239
1.75,-7.75,0,0.037251238
1.75,-8.25,0,-0.004005577
1.75,-8.75,0,0.000538082
1.75,-9.25,0,0.024574718
1.75,-9.75,0,-0.041398501
1.75,-10.25,0,0.056956363
1.75,-10.75,0,-0.037070071
1.75,-11.25,0,0.023556862
1.75,-11.75,0,0.009981797
1.75,-12.25,0,-3.95E-05
1.75,-12.75,0,-0.030330017
1.75,-13.25,0,-0.008357952
1.75,-13.75,0,0.006389136
1.75,-14.25,0,0.006948148
1.75,-14.75,0,-0.001792932
2.25,14.75,0,-0.004892931
2.25,14.25,0,-0.010565012
2.25,13.75,0,0.032342852
2.25,13.25,0,-0.007076792
2.25,12.75,0,-0.013196532
2.25,12.25,0,-0.001893253
2.25,11.75,0,0.018273861
2.25,11.25,0,-0.007898597
2.25,10.75,0,0.009372254
2.25,10.25,0,-0.012796293
2.25,9.75,0,-0.011996466
2.25,9.25,0,-0.003657961
2.25,8.75,0,-0.032466988
2.25,8.25,0,0.023194861
2.25,7.75,0,0.021567642
2.25,7.25,0,-0.022346589
2.25,6.75,0,0.006618767
2.25,6.25,0,0.021399927
2.25,5.75,0,-0.013540616
2.25,5.25,0,-0.009802701
2.25,4.75,0,-0.000641318
2.25,4.25,0,0.019808428
2.25,3.75,0,-0.000834281
2.25,3.25,0,-0.01323487
2.25,2.75,0,0.022984678
2.25,2.25,0,-0.020957524
2.25,1.75,0,-0.020651683
2.25,1.25,0,0.013346854
2.25,0.75,0,-0.00481772
2.25,0.25,0,0.010804037
2.25,-0.25,0,-0.007132007
2.25,-0.75,0,-0.001757693
2.25,-1.25,0,-0.008107744
2.25,-1.75,0,-0.0052192
2.25,-2.25,0,0.001733436
2.25,-2.75,0,0.023265305
2.25,-3.25,0,-0.492036769
2.25,-3.75,0,-0.498580149
2.25,-4.25,0,-0.425041876
2.25,-4.75,0,-0.516605206
2.25,-5.25,0,-0.012756337
2.25,-5.75,0,0.025465471
2.25,-6.25,0,-0.030574998
2.25,-6.75,0,0.02724554
2.25,-7.25,0,-0.01548415
2.25,-7.75,0,-0.003612859
2.25,-8.25,0,-0.013098012
2.25,-8.75,0,0.001757503
2.25,-9.25,0,-0.011741663
2.25,-9.75,0,0.02496351
2.25,-10.25,0,-0.022892803
2.25,-10.75,0,0.00378758
2.25,-11.25,0,-0.008641722
2.25,-11.75,0,0.019739557
2.25,-12.25,0,-0.035936437
2.25,-12.75,0,0.019420654
2.25,-13.25,0,0.00456047
2.25,-13.75,0,-0.02121094
2.25,-14.25,0,0.010628843
2.25,-14.75,0,0.001245155
2.75,14.75,0,0.004071948
2.75,14.25,0,0.011774007
2.75,13.75,0,-0.008095976
2.75,13.25,0,0.011125668
2.75,12.75,0,0.021763975
2.75,12.25,0,-0.001014899
2.75,11.75,0,-0.001037452
2.75,11.25,0,-0.01096194
2.75,10.75,0,0.037026599
2.75,10.25,0,-0.01009895
2.75,9.75,0,0.016227501
2.75,9.25,0,0.008215067
2.75,8.75,0,0.01333534
2.75,8.25,0,-0.001386724
2.75,7.75,0,-0.022868678
2.75,7.25,0,0.024992009
2.75,6.75,0,-0.00597937
2.75,6.25,0,-0.000429541
2.75,5.75,0,0.005408262
2.75,5.25,0,0.009288097
2.75,4.75,0,-0.010115923
2.75,4.25,0,-0.013867023
2.75,3.75,0,0.01050735
2.75,3.25,0,0.027165683
2.75,2.75,0,-0.015587878
2.75,2.25,0,0.01808811
2.75,1.75,0,0.013627399
2.75,1.25,0,-0.029111681
2.75,0.75,0,0.010203835
2.75,0.25,0,-0.018215061
2.75,-0.25,0,-0.012095406
2.75,-0.75,0,-0.015323172
2.75,-1.25,0,0.029378288
2.75,-1.75,0,-0.00428337
2.75,-2.25,0,-0.02463727
2.75,-2.75,0,0.01030056
2.75,-3.25,0,-0.018422806
2.75,-3.75,0,0.037927885
2.75,-4.25,0,-0.505652644
2.75,-4.75,0,-0.458408879
2.75,-5.25,0,-0.429921585
2.75,-5.75,0,-0.53481726
2.75,-6.25,0,0.033609559
2.75,-6.75,0,-0.014528812
2.75,-7.25,0,-0.014834147
2.75,-7.75,0,0.004813235
2.75,-8.25,0,0.00830863
2.75,-8.75,0,-0.03249613
2.75,-9.25,0,0.007943744
2.75,-9.75,0,-0.015425669
2.75,-10.25,0,0.007771505
2.75,-10.75,0,0.016381099
2.75,-11.25,0,-0.024336109
2.75,-11.75,0,0.008233392
2.75,-12.25,0,-0.001309619
2.75,-12.75,0,0.013945742
2.75,-13.25,0,0.002109757
2.75,-13.75,0,0.004436395
2.75,-14.25,0,-0.023162628
2.75,-14.75,0,-0.005279699
3.25,14.75,0,-0.0206165
3.25,14.25,0,0.003775866
3.25,13.75,0,-0.016599447
3.25,13.25,0,-0.023059494
3.25,12.75,0,-0.001717754
3.25,12.25,0,0.023658896
3.25,11.75,0,-0.01432893
3.25,11.25,0,-0.015466207
3.25,10.75,0,-0.034732889
3.25,10.25,0,-0.004140314
3.25,9.75,0,0.010076324
3.25,9.25,0,0.000762553
3.25,8.75,0,-0.002587838
3.25,8.25,0,0.003168123
3.25,7.75,0,0.033693582
3.25,7.25,0,-0.040599903
3.25,6.75,0,0.003349801
3.25,6.25,0,-0.011707103
3.25,5.75,0,-0.001644688
3.25,5.25,0,-0.03296163
3.25,4.75,0,-0.008855447
3.25,4.25,0,0.02082725
3.25,3.75,0,0.002889679
3.25,3.25,0,-0.006261859
3.25,2.75,0,0.013638529
3.25,2.25,0,-0.034660367
3.25,1.75,0,0.005283908
3.25,1.25,0,-0.00046177
3.25,0.75,0,0.00136263
3.25,0.25,0,0.034370662
3.25,-0.25,0,-0.011795765
3.25,-0.75,0,0.023249521
3.25,-1.25,0,-0.024505133
3.25,-1.75,0,0.00250994
3.25,-2.25,0,0.000960711
3.25,-2.75,0,-0.033908439
3.25,-3.25,0,0.026265519
3.25,-3.75,0,-0.046905771
3.25,-4.25,0,0.004036637
3.25,-4.75,0,0.01208428
3.25,-5.25,0,-0.551515335
3.25,-5.75,0,-0.464707119
3.25,-6.25,0,-0.489838149
3.25,-6.75,0,-0.507412069
3.25,-7.25,0,0.028935432
3.25,-7.75,0,-0.039289026
3.25,-8.25,0,0.001963144
3.25,-8.75,0,0.035526003
3.25,-9.25,0,0.005944135
3.25,-9.75,0,0.019218822
3.25,-10.25,0,0.005943095
3.25,-10.75,0,-0.017042365
3.25,-11.25,0,0.009127321
3.25,-11.75,0,0.00167703
3.25,-12.25,0,0.0084784
3.25,-12.75,0,0.001881708
3.25,-13.25,0,-0.008189231
3.25,-13.75,0,-0.013256713
3.25,-14.25,0,-0.007782154
3.25,-14.75,0,-0.003587182
3.75,14.75,0,0.009421344
3.75,14.25,0,0.017591576
3.75,13.75,0,-0.001052799
3.75,13.25,0,0.022639227
3.75,12.75,0,-0.026467429
3.75,12.25,0,0.018591405
3.75,11.75,0,-0.002292781
3.75,11.25,0,0.020632848
3.75,10.75,0,0.01474113
3.75,10.25,0,-0.010025712
3.75,9.75,0,-0.00866864
3.75,9.25,0,-0.032279754
3.75,8.75,0,0.001359816
3.75,8.25,0,-0.003501606
3.75,7.75,0,-0.020416983
3.75,7.25,0,0.018097445
3.75,6.75,0,-0.000766637
3.75,6.25,0,0.015440103
3.75,5.75,0,0.004620501
3.75,5.25,0,0.014324618
3.75,4.75,0,-0.013945719
3.75,4.25,0,0.002871594
3.75,3.75,0,-0.002794767
3.75,3.25,0,-0.018894632
3.75,2.75,0,0.007209611
3.75,2.25,0,0.04332981
3.75,1.75,0,-0.021881812
3.75,1.25,0,-0.002490482
3.75,0.75,0,0.028210836
3.75,0.25,0,-0.035744087
3.75,-0.25,0,-0.01831728
3.75,-0.75,0,-0.007010192
3.75,-1.25,0,0.019721281
3.75,-1.75,0,0.033193202
3.75,-2.25,0,0.048586091
3.75,-2.75,0,0.006522482
3.75,-3.25,0,0.003108469
3.75,-3.75,0,0.004153615
3.75,-4.25,0,-0.0289256
3.75,-4.75,0,-0.011532107
3.75,-5.25,0,0.024515089
3.75,-5.75,0,0.002916911
3.75,-6.25,0,-0.46689607
3.75,-6.75,0,-0.477960975
3.75,-7.25,0,-0.470708051
3.75,-7.75,0,0.022141835
3.75,-8.25,0,0.000346379
3.75,-8.75,0,-0.030539013
3.75,-9.25,0,0.011741582
3.75,-9.75,0,0.002537278
3.75,-10.25,0,-0.017263619
3.75,-10.75,0,0.004897857
3.75,-11.25,0,-9.96E-06
3.75,-11.75,0,0.004692312
3.75,-12.25,0,-0.0012724
3.75,-12.75,0,0.011890434
3.75,-13.25,0,-0.002274144
3.75,-13.75,0,0.011096326
3.75,-14.25,0,-0.001610835
3.75,-14.75,0,0.009662367
4.25,14.75,0,-0.015112273
4.25,14.25,0,0.014987247
4.25,13.75,0,-0.031572851
4.25,13.25,0,0.015759077
4.25,12.75,0,-0.004425937
4.25,12.25,0,-0.000730674
4.25,11.75,0,-0.013530098
4.25,11.25,0,-0.000535238
4.25,10.75,0,0.002771249
4.25,10.25,0,0.010819817
4.25,9.75,0,0.020455939
4.25,9.25,0,0.010721568
4.25,8.75,0,0.023771851
4.25,8.25,0,-0.004191033
4.25,7.75,0,0.01775302
4.25,7.25,0,0.012952566
4.25,6.75,0,-0.021080305
4.25,6.25,0,-0.022535182
4.25,5.75,0,0.021916164
4.25,5.25,0,-0.008954821
4.25,4.75,0,0.002247459
4.25,4.25,0,0.020506515
4.25,3.75,0,-0.016294353
4.25,3.25,0,-0.012498014
4.25,2.75,0,-0.001357908
4.25,2.25,0,-0.008992267
4.25,1.75,0,0.007709227
4.25,1.25,0,0.013392374
4.25,0.75,0,-0.026569552
4.25,0.25,0,0.009892644
4.25,-0.25,0,0.008072907
4.25,-0.75,0,-0.016065053
4.25,-1.25,0,-0.495852767
4.25,-1.75,0,-0.483465482
4.25,-2.25,0,-0.525075402
4.25,-2.75,0,-0.476280677
4.25,-3.25,0,-0.498853687
4.25,-3.75,0,-0.457780536
4.25,-4.25,0,-0.487951621
4.25,-4.75,0,-0.47745945
4.25,-5.25,0,-0.468733028
4.25,-5.75,0,-0.520050258
4.25,-6.25,0,-0.447704157
4.25,-6.75,0,-0.494643009
4.25,-7.25,0,-0.470577738
4.25,-7.75,0,0.000304538
4.25,-8.25,0,0.017941053
4.25,-8.75,0,-0.007873721
4.25,-9.25,0,-0.007058689
4.25,-9.75,0,0.004112618
4.25,-10.25,0,0.007843234
4.25,-10.75,0,0.017299876
4.25,-11.25,0,0.002312332
4.25,-11.75,0,-0.008017594
4.25,-12.25,0,0.012701201
4.25,-12.75,0,0.009909534
4.25,-13.25,0,-0.004104804
4.25,-13.75,0,0.008641502
4.25,-14.25,0,-0.007038847
4.25,-14.75,0,0.021635996
4.75,14.75,0,0.002441782
4.75,14.25,0,0.010026435
4.75,13.75,0,0.019459353
4.75,13.25,0,-0.013758948
4.75,12.75,0,0.007466358
4.75,12.25,0,0.007649764
4.75,11.75,0,0.030971789
4.75,11.25,0,-0.021871905
4.75,10.75,0,-0.012705713
4.75,10.25,0,0.008760621
4.75,9.75,0,-0.037675098
4.75,9.25,0,-0.010799248
4.75,8.75,0,-0.03100015
4.75,8.25,0,0.017158386
4.75,7.75,0,-0.029846664
4.75,7.25,0,0.046779756
4.75,6.75,0,0.003558733
4.75,6.25,0,0.012077566
4.75,5.75,0,-0.007001199
4.75,5.25,0,-0.003261046
4.75,4.75,0,0.009291214
4.75,4.25,0,0.00247576
4.75,3.75,0,0.021359265
4.75,3.25,0,0.011965951
4.75,2.75,0,0.009522488
4.75,2.25,0,-0.00421697
4.75,1.75,0,0.003367531
4.75,1.25,0,-0.010576498
4.75,0.75,0,0.001599823
4.75,0.25,0,0.008594383
4.75,-0.25,0,-0.023953944
4.75,-0.75,0,0.011919343
4.75,-1.25,0,-0.498747217
4.75,-1.75,0,-0.469837808
4.75,-2.25,0,-0.495148556
4.75,-2.75,0,-0.438630426
4.75,-3.25,0,-0.5219376
4.75,-3.75,0,-0.507737727
4.75,-4.25,0,-0.493003405
4.75,-4.75,0,-0.482337539
4.75,-5.25,0,-0.46345441
4.75,-5.75,0,-0.514751144
4.75,-6.25,0,-0.500213054
4.75,-6.75,0,-0.459097053
4.75,-7.25,0,-0.46532661
4.75,-7.75,0,0.001361938
4.75,-8.25,0,0.006984451
4.75,-8.75,0,-0.013058672
4.75,-9.25,0,0.007889264
4.75,-9.75,0,-0.015986164
4.75,-10.25,0,0.005277172
4.75,-10.75,0,-0.018643551
4.75,-11.25,0,0.019041831
4.75,-11.75,0,-0.024523572
4.75,-12.25,0,0.004280688
4.75,-12.75,0,-0.032801477
4.75,-13.25,0,-0.001936011
4.75,-13.75,0,-0.005307042
4.75,-14.25,0,0.010392422
4.75,-14.75,0,-0.001520904
5.25,14.75,0,-0.026436689
5.25,14.25,0,-0.001197341
5.25,13.75,0,0.008689321
5.25,13.25,0,-0.018756803
5.25,12.75,0,0.016112344
5.25,12.25,0,-0.017812253
5.25,11.75,0,-0.013655564
5.25,11.25,0,0.004843194
5.25,10.75,0,0.017735605
5.25,10.25,0,0.000439944
5.25,9.75,0,0.014785249
5.25,9.25,0,0.013064611
5.25,8.75,0,-0.002327865
5.25,8.25,0,0.010013599
5.25,7.75,0,0.011653126
5.25,7.25,0,-0.032573374
5.25,6.75,0,-0.007817338
5.25,6.25,0,0.011695368
5.25,5.75,0,-0.00976341
5.25,5.25,0,-0.006788458
5.25,4.75,0,-0.004806464
5.25,4.25,0,0.012737591
5.25,3.75,0,-0.02753278
5.25,3.25,0,0.016541015
5.25,2.75,0,0.006427586
5.25,2.25,0,0.002795875
5.25,1.75,0,-0.015158992
5.25,1.25,0,-0.013864625
5.25,0.75,0,0.016257898
5.25,0.25,0,0.006117576
5.25,-0.25,0,0.013180226
5.25,-0.75,0,-0.014633981
5.25,-1.25,0,0.011416735
5.25,-1.75,0,0.000979334
5.25,-2.25,0,0.012455942
5.25,-2.75,0,-0.007290856
5.25,-3.25,0,0.01771305
5.25,-3.75,0,0.012114223
5.25,-4.25,0,0.031672255
5.25,-4.75,0,-0.016845821
5.25,-5.25,0,0.018407103
5.25,-5.75,0,-0.034143909
5.25,-6.25,0,0.022019104
5.25,-6.75,0,-0.018936357
5.25,-7.25,0,-0.021139855
5.25,-7.75,0,0.009877171
5.25,-8.25,0,-0.011920032
5.25,-8.75,0,-0.018953262
5.25,-9.25,0,-0.021039594
5.25,-9.75,0,-0.010697362
5.25,-10.25,0,0.009906124
5.25,-10.75,0,-0.009298475
5.25,-11.25,0,-0.001260052
5.25,-11.75,0,-0.015598446
5.25,-12.25,0,0.036773015
5.25,-12.75,0,0.00075223
5.25,-13.25,0,-0.009276314
5.25,-13.75,0,0.019075761
5.25,-14.25,0,-0.023952318
5.25,-14.75,0,-0.003110314
5.75,14.75,0,0.003514776
5.75,14.25,0,0.032356356
5.75,13.75,0,-0.005354057
5.75,13.25,0,0.007158191
5.75,12.75,0,0.004595009
5.75,12.25,0,0.023555377
5.75,11.75,0,-0.015381142
5.75,11.25,0,0.014748729
5.75,10.75,0,-0.035422143
5.75,10.25,0,0.021172047
5.75,9.75,0,-0.028717134
5.75,9.25,0,-0.00016673
5.75,8.75,0,0.002710952
5.75,8.25,0,-0.022802761
5.75,7.75,0,0.021798835
5.75,7.25,0,-0.004961937
5.75,6.75,0,-0.005467435
5.75,6.25,0,0.004972142
5.75,5.75,0,0.015020406
5.75,5.25,0,0.005516221
5.75,4.75,0,-0.017581311
5.75,4.25,0,0.01965187
5.75,3.75,0,-0.007458966
5.75,3.25,0,-0.024624174
5.75,2.75,0,-0.011466421
5.75,2.25,0,0.017890008
5.75,1.75,0,0.028718891
5.75,1.25,0,-0.003914152
5.75,0.75,0,-0.000689765
5.75,0.25,0,-0.017555105
5.75,-0.25,0,-0.020503465
5.75,-0.75,0,0.023886413
5.75,-1.25,0,-0.003165142
5.75,-1.75,0,-0.007877906
5.75,-2.25,0,-0.011929982
5.75,-2.75,0,-0.005692067
5.75,-3.25,0,-0.011274711
5.75,-3.75,0,-0.025396918
5.75,-4.25,0,-0.003690185
5.75,-4.75,0,0.001889656
5.75,-5.25,0,0.006390584
5.75,-5.75,0,-0.013557715
5.75,-6.25,0,0.019320318
5.75,-6.75,0,-0.010893719
5.75,-7.25,0,0.016673927
5.75,-7.75,0,-0.025200597
5.75,-8.25,0,0.034919322
5.75,-8.75,0,-0.011851205
5.75,-9.25,0,0.022792504
5.75,-9.75,0,-0.008264006
5.75,-10.25,0,0.013635992
5.75,-10.75,0,0.009152358
5.75,-11.25,0,0.006191544
5.75,-11.75,0,-0.001124555
5.75,-12.25,0,-0.021085487
5.75,-12.75,0,0.002016498
5.75,-13.25,0,0.002339558
5.75,-13.75,0,-0.024855747
5.75,-14.25,0,-0.002400753
5.75,-14.75,0,6.30E-05
6.25,14.75,0,-0.009573768
6.25,14.25,0,-0.012147848
6.25,13.75,0,-0.003180644
6.25,13.25,0,-0.005046131
6.25,12.75,0,-0.003622864
6.25,12.25,0,-0.025452429
6.25,11.75,0,0.034935536
6.25,11.25,0,-0.014742331
6.25,10.75,0,0.027320909
6.25,10.25,0,-0.031448514
6.25,9.75,0,0.040785442
6.25,9.25,0,-0.009979034
6.25,8.75,0,0.016557069
6.25,8.25,0,0.012184328
6.25,7.75,0,-0.006084983
6.25,7.25,0,0.010071462
6.25,6.75,0,-0.006896566
6.25,6.25,0,-0.003126372
6.25,5.75,0,0.007912649
6.25,5.25,0,-0.008724047
6.25,4.75,0,-0.002515573
6.25,4.25,0,-0.005011777
6.25,3.75,0,0.019326814
6.25,3.25,0,-0.005025489
6.25,2.75,0,-0.008419205
6.25,2.25,0,-0.005776109
6.25,1.75,0,-0.005551793
6.25,1.25,0,0.011892136
6.25,0.75,0,0.01774012
6.25,0.25,0,-0.007920681
6.25,-0.25,0,-0.011816514
6.25,-0.75,0,-0.020876819
6.25,-1.25,0,-0.011490381
6.25,-1.75,0,-0.018488044
6.25,-2.25,0,0.007124154
6.25,-2.75,0,-0.013832398
6.25,-3.25,0,0.01808345
6.25,-3.75,0,0.009387796
6.25,-4.25,0,-0.006300084
6.25,-4.75,0,-0.018905543
6.25,-5.25,0,0.002583083
6.25,-5.75,0,0.006123661
6.25,-6.25,0,0.003948627
6.25,-6.75,0,-0.000409325
6.25,-7.25,0,-0.019673663
6.25,-7.75,0,0.037813987
6.25,-8.25,0,-0.02195047
6.25,-8.75,0,0.004128295
6.25,-9.25,0,-0.000820148
6.25,-9.75,0,0.00118375
6.25,-10.25,0,-0.016872363
6.25,-10.75,0,0.031804024
6.25,-11.25,0,-0.048548573
6.25,-11.75,0,0.019104456
6.25,-12.25,0,0.022164261
6.25,-12.75,0,-0.014245883
6.25,-13.25,0,0.004237594
6.25,-13.75,0,-0.014683501
6.25,-14.25,0,0.037839725
6.25,-14.75,0,0.015106066
6.75,14.75,0,0.002803103
6.75,14.25,0,0.004252904
6.75,13.75,0,-0.01937714
6.75,13.25,0,0.03577009
6.75,12.75,0,-0.024965029
6.75,12.25,0,0.001669737
6.75,11.75,0,-0.009309593
6.75,11.25,0,-0.013517217
6.75,10.75,0,-0.027746841
6.75,10.25,0,0.012861135
6.75,9.75,0,-0.007696054
6.75,9.25,0,-0.002202798
6.75,8.75,0,-0.01335184
6.75,8.25,0,-0.002693844
6.75,7.75,0,-0.009862501
6.75,7.25,0,-0.003948199
6.75,6.75,0,-0.007754422
6.75,6.25,0,0.013923414
6.75,5.75,0,0.006918672
6.75,5.25,0,-0.009874971
6.75,4.75,0,0.00323149
6.75,4.25,0,-0.014269183
6.75,3.75,0,-0.011009553
6.75,3.25,0,-0.011415144
6.75,2.75,0,0.003386143
6.75,2.25,0,0.011503861
6.75,1.75,0,-0.031414273
6.75,1.25,0,-0.009990915
6.75,0.75,0,-0.004835177
6.75,0.25,0,0.005988103
6.75,-0.25,0,-0.009731458
6.75,-0.75,0,0.017417405
6.75,-1.25,0,0.015566575
6.75,-1.75,0,0.017877369
6.75,-2.25,0,-0.003699122
6.75,-2.75,0,0.017427118
6.75,-3.25,0,0.012562238
6.75,-3.75,0,-0.008558282
6.75,-4.25,0,0.034952775
6.75,-4.75,0,-0.013249708
6.75,-5.25,0,0.005936042
6.75,-5.75,0,-0.006889317
6.75,-6.25,0,-0.007264663
6.75,-6.75,0,-0.002908064
6.75,-7.25,0,-0.001745236
6.75,-7.75,0,-0.040039293
6.75,-8.25,0,0.004788771
6.75,-8.75,0,-0.011640625
6.75,-9.25,0,0.024844383
6.75,-9.75,0,0.002225537
6.75,-10.25,0,-0.031062777
6.75,-10.75,0,0.0069214
6.75,-11.25,0,-0.014315792
6.75,-11.75,0,-0.034468474
6.75,-12.25,0,0.00031323
6.75,-12.75,0,0.032269692
6.75,-13.25,0,-0.018292671
6.75,-13.75,0,0.021426919
6.75,-14.25,0,-0.022998526
6.75,-14.75,0,-0.003537254
7.25,14.75,0,0.000855121
7.25,14.25,0,-0.008003693
7.25,13.75,0,0.020292498
7.25,13.25,0,-0.021180972
7.25,12.75,0,0.011230123
7.25,12.25,0,-0.008855179
7.25,11.75,0,0.010220322
7.25,11.25,0,0.016804772
7.25,10.75,0,0.022214037
7.25,10.25,0,0.023464426
7.25,9.75,0,-0.015208216
7.25,9.25,0,-0.013050521
7.25,8.75,0,0.035372965
7.25,8.25,0,0.004815481
7.25,7.75,0,-0.0131181
7.25,7.25,0,0.032315486
7.25,6.75,0,-0.027794828
7.25,6.25,0,0.004164438
7.25,5.75,0,-0.01722494
7.25,5.25,0,0.014040327
7.25,4.75,0,0.022273757
7.25,4.25,0,0.005992308
7.25,3.75,0,0.011349374
7.25,3.25,0,0.022269877
7.25,2.75,0,0.012148604
7.25,2.25,0,-0.01935222
7.25,1.75,0,0.02563701
7.25,1.25,0,0.009160137
7.25,0.75,0,-0.008623852
7.25,0.25,0,-0.008751181
7.25,-0.25,0,0.036346418
7.25,-0.75,0,-0.024970722
7.25,-1.25,0,0.010069597
7.25,-1.75,0,-0.024184306
7.25,-2.25,0,0.015603288
7.25,-2.75,0,-0.021963135
7.25,-3.25,0,-0.01786459
7.25,-3.75,0,0.016733274
7.25,-4.25,0,-0.028352995
7.25,-4.75,0,0.019865905
7.25,-5.25,0,0.002466784
7.25,-5.75,0,-0.008792334
7.25,-6.25,0,0.00855532
7.25,-6.75,0,-0.027810138
7.25,-7.25,0,-0.029073024
7.25,-7.75,0,0.056477165
7.25,-8.25,0,-0.027363795
7.25,-8.75,0,-0.046538806
7.25,-9.25,0,-0.030214679
7.25,-9.75,0,0.013792894
7.25,-10.25,0,-0.041335975
7.25,-10.75,0,0.008625977
7.25,-11.25,0,0.014987299
7.25,-11.75,0,0.009988584
7.25,-12.25,0,-0.01339151
7.25,-12.75,0,-0.101174525
7.25,-13.25,0,0.071928217
7.25,-13.75,0,-0.073816469
7.25,-14.25,0,0.012499507
7.25,-14.75,0,-0.008823207
7.75,14.75,0,-0.007654178
7.75,14.25,0,0.007412975
7.75,13.75,0,-0.011987026
7.75,13.25,0,0.011593999
7.75,12.75,0,-0.031732944
7.75,12.25,0,0.024263322
7.75,11.75,0,-0.020427796
7.75,11.25,0,-0.005528838
7.75,10.75,0,-0.012447684
7.75,10.25,0,0.009876182
7.75,9.75,0,-0.015053556
7.75,9.25,0,0.005780077
7.75,8.75,0,-0.017118249
7.75,8.25,0,-0.01446087
7.75,7.75,0,0.003769706
7.75,7.25,0,-0.008579411
7.75,6.75,0,0.010024129
7.75,6.25,0,-0.013323412
7.75,5.75,0,-0.002549355
7.75,5.25,0,0.00151166
7.75,4.75,0,-0.000404845
7.75,4.25,0,-0.023323155
7.75,3.75,0,0.032729825
7.75,3.25,0,-0.023628884
7.75,2.75,0,-0.024797016
7.75,2.25,0,0.033081235
7.75,1.75,0,-0.029958009
7.75,1.25,0,0.003980207
7.75,0.75,0,-0.014912985
7.75,0.25,0,-0.005435917
7.75,-0.25,0,-0.016158546
7.75,-0.75,0,0.004552854
7.75,-1.25,0,-0.007831497
7.75,-1.75,0,0.020892783
7.75,-2.25,0,-0.016085878
7.75,-2.75,0,0.025580497
7.75,-3.25,0,-0.008673793
7.75,-3.75,0,-0.029401526
7.75,-4.25,0,0.005309951
7.75,-4.75,0,0.014291175
7.75,-5.25,0,-0.006457509
7.75,-5.75,0,0.023575473
7.75,-6.25,0,-0.005883998
7.75,-6.75,0,-0.033492101
7.75,-7.25,0,0.062766147
7.75,-7.75,0,-1.006280699
7.75,-8.25,0,-0.905076613
7.75,-8.75,0,-0.945110006
7.75,-9.25,0,-0.935389318
7.75,-9.75,0,-0.982771475
7.75,-10.25,0,-0.984130214
7.75,-10.75,0,-0.924182556
7.75,-11.25,0,-1.005039897
7.75,-11.75,0,-0.96204575
7.75,-12.25,0,-0.880403333
7.75,-12.75,0,-0.949529918
7.75,-13.25,0,-0.981791574
7.75,-13.75,0,0.046597914
7.75,-14.25,0,-0.036375274
7.75,-14.75,0,0.014988527
8.25,14.75,0,0.020681456
8.25,14.25,0,0.005705775
8.25,13.75,0,-0.003099477
8.25,13.25,0,0.004420096
8.25,12.75,0,0.007659341
8.25,12.25,0,0.002948197
8.25,11.75,0,0.0070028
8.25,11.25,0,-0.001528372
8.25,10.75,0,0.025998217
8.25,10.25,0,-0.011789722
8.25,9.75,0,0.011099433
8.25,9.25,0,0.002267907
8.25,8.75,0,0.025164479
8.25,8.25,0,-0.004031409
8.25,7.75,0,0.008077314
8.25,7.25,0,0.000710827
8.25,6.75,0,-0.002689895
8.25,6.25,0,0.005422081
8.25,5.75,0,0.00988675
8.25,5.25,0,-0.018508551
8.25,4.75,0,0.020076571
8.25,4.25,0,0.025820841
8.25,3.75,0,-0.023456208
8.25,3.25,0,0.001068191
8.25,2.75,0,0.009682592
8.25,2.25,0,-0.001990477
8.25,1.75,0,0.026553619
8.25,1.25,0,-0.011001269
8.25,0.75,0,0.031519947
8.25,0.25,0,-0.018157578
8.25,-0.25,0,0.013055007
8.25,-0.75,0,0.006276244
8.25,-1.25,0,-0.010513759
8.25,-1.75,0,0.001049535
8.25,-2.25,0,-0.004788125
8.25,-2.75,0,0.003567619
8.25,-3.25,0,0.001078598
8.25,-3.75,0,0.026986842
8.25,-4.25,0,0.012270577
8.25,-4.75,0,0.0010163
8.25,-5.25,0,-0.033838187
8.25,-5.75,0,0.010940789
8.25,-6.25,0,-0.029688188
8.25,-6.75,0,0.062268734
8.25,-7.25,0,-1.019265739
8.25,-7.75,0,-0.951712221
8.25,-8.25,0,-0.961040558
8.25,-8.75,0,-0.954005983
8.25,-9.25,0,-0.996109355
8.25,-9.75,0,-0.908857063
8.25,-10.25,0,-0.936956481
8.25,-10.75,0,-0.995845611
8.25,-11.25,0,-0.947856296
8.25,-11.75,0,-0.887633814
8.25,-12.25,0,-1.011954407
8.25,-12.75,0,-0.970407773
8.25,-13.25,0,-0.913171842
8.25,-13.75,0,-0.955195789
8.25,-14.25,0,-0.021463727
8.25,-14.75,0,-0.014665159
8.75,14.75,0,0.004646463
8.75,14.25,0,-0.006600767
8.75,13.75,0,-0.001768517
8.75,13.25,0,0.013855502
8.75,12.75,0,-0.012861236
8.75,12.25,0,0.008326654
8.75,11.75,0,-0.009006446
8.75,11.25,0,-0.012793857
8.75,10.75,0,-0.010624865
8.75,10.25,0,0.01814419
8.75,9.75,0,-0.009868194
8.75,9.25,0,0.005714436
8.75,8.75,0,-0.013183883
8.75,8.25,0,-0.004585473
8.75,7.75,0,0.007886164
8.75,7.25,0,0.002794989
8.75,6.75,0,-0.016310126
8.75,6.25,0,-0.018925654
8.75,5.75,0,0.019664838
8.75,5.25,0,-0.002956503
8.75,4.75,0,-0.014299409
8.75,4.25,0,0.000214367
8.75,3.75,0,0.003799075
8.75,3.25,0,0.000114499
8.75,2.75,0,0.013585054
8.75,2.25,0,-0.029019333
8.75,1.75,0,0.003450501
8.75,1.25,0,0.002139081
8.75,0.75,0,0.003280369
8.75,0.25,0,0.014893769
8.75,-0.25,0,-0.022860228
8.75,-0.75,0,0.004477216
8.75,-1.25,0,-0.015047576
8.75,-1.75,0,0.003727627
8.75,-2.25,0,0.000249569
8.75,-2.75,0,0.011603159
8.75,-3.25,0,0.000604038
8.75,-3.75,0,0.001378917
8.75,-4.25,0,-0.026422503
8.75,-4.75,0,0.002630678
8.75,-5.25,0,0.03316377
8.75,-5.75,0,-0.038524364
8.75,-6.25,0,0.029850465
8.75,-6.75,0,-0.077386562
8.75,-7.25,0,-0.88323396
8.75,-7.75,0,-0.907922705
8.75,-8.25,0,-0.077916745
8.75,-8.75,0,-0.004284511
8.75,-9.25,0,0.002006621
8.75,-9.75,0,-0.032738874
8.75,-10.25,0,-0.007855956
8.75,-10.75,0,0.002479569
8.75,-11.25,0,-0.027114573
8.75,-11.75,0,-0.008297445
8.75,-12.25,0,-0.053695432
8.75,-12.75,0,0.008946301
8.75,-13.25,0,-0.987356074
8.75,-13.75,0,-0.947255962
8.75,-14.25,0,0.004123251
8.75,-14.75,0,-0.015663411
9.25,14.75,0,-0.0443385
9.25,14.25,0,0.04259694
9.25,13.75,0,-0.017584738
9.25,13.25,0,-0.013995219
9.25,12.75,0,0.012651909
9.25,12.25,0,-0.011556152
9.25,11.75,0,-0.012124028
9.25,11.25,0,0.013321969
9.25,10.75,0,0.002277054
9.25,10.25,0,-0.021064529
9.25,9.75,0,0.032920981
9.25,9.25,0,-0.00533927
9.25,8.75,0,-0.006350381
9.25,8.25,0,-0.012783681
9.25,7.75,0,-0.003651692
9.25,7.25,0,0.021591678
9.25,6.75,0,0.014165653
9.25,6.25,0,-0.009672036
9.25,5.75,0,-0.011217289
9.25,5.25,0,0.002931502
9.25,4.75,0,0.0255658
9.25,4.25,0,-0.003814532
9.25,3.75,0,-0.015068177
9.25,3.25,0,0.010668386
9.25,2.75,0,-0.021782991
9.25,2.25,0,0.02139367
9.25,1.75,0,-0.010979199
9.25,1.25,0,-0.01106746
9.25,0.75,0,-0.022295357
9.25,0.25,0,-0.012646168
9.25,-0.25,0,0.010290114
9.25,-0.75,0,0.015506206
9.25,-1.25,0,0.017405099
9.25,-1.75,0,-0.025991041
9.25,-2.25,0,-0.000812236
9.25,-2.75,0,-0.003466601
9.25,-3.25,0,-0.004708098
9.25,-3.75,0,-0.004557745
9.25,-4.25,0,0.006633444
9.25,-4.75,0,-0.009547034
9.25,-5.25,0,-0.009681262
9.25,-5.75,0,-0.003424298
9.25,-6.25,0,-0.017793492
9.25,-6.75,0,0.02288783
9.25,-7.25,0,-1.031535073
9.25,-7.75,0,-1.000006873
9.25,-8.25,0,0.020070644
9.25,-8.75,0,-0.005336326
9.25,-9.25,0,-0.021119511
9.25,-9.75,0,-0.014502852
9.25,-10.25,0,-0.014665288
9.25,-10.75,0,0.000273384
9.25,-11.25,0,0.031111855
9.25,-11.75,0,-0.022759659
9.25,-12.25,0,-0.007310825
9.25,-12.75,0,0.02450612
9.25,-13.25,0,-0.923070406
9.25,-13.75,0,-0.948881189
9.25,-14.25,0,-0.026523036
9.25,-14.75,0,0.014793639
9.75,14.75,0,0.015132282
9.75,14.25,0,-0.028444374
9.75,13.75,0,0.008016433
9.75,13.25,0,0.002855401
9.75,12.75,0,0.021043764
9.75,12.25,0,0.004372286
9.75,11.75,0,-0.001391793
9.75,11.25,0,0.008621366
9.75,10.75,0,-0.003907267
9.75,10.25,0,-0.0126351
9.75,9.75,0,-0.013977561
9.75,9.25,0,-0.015061028
9.75,8.75,0,0.017661837
9.75,8.25,0,-0.00333973
9.75,7.75,0,-0.011087527
9.75,7.25,0,-0.004310438
9.75,6.75,0,-0.010309147
9.75,6.25,0,-0.001908919
9.75,5.75,0,0.021598372
9.75,5.25,0,0.021645882
9.75,4.75,0,-0.021141831
9.75,4.25,0,-0.002060478
9.75,3.75,0,0.012593789
9.75,3.25,0,-0.000682258
9.75,2.75,0,-0.012728396
9.75,2.25,0,0.026981985
9.75,1.75,0,-0.031366553
9.75,1.25,0,0.049623316
9.75,0.75,0,-0.013063095
9.75,0.25,0,0.011918076
9.75,-0.25,0,-0.011802219
9.75,-0.75,0,-0.013770187
9.75,-1.25,0,0.013166327
9.75,-1.75,0,-0.000531569
9.75,-2.25,0,0.005953486
9.75,-2.75,0,0.000960788
9.75,-3.25,0,0.007042874
9.75,-3.75,0,0.023109947
9.75,-4.25,0,0.004759612
9.75,-4.75,0,0.002158396
9.75,-5.25,0,0.019560496
9.75,-5.75,0,0.016666151
9.75,-6.25,0,-0.023990399
9.75,-6.75,0,-0.011112558
9.75,-7.25,0,-0.991972292
9.75,-7.75,0,-0.900978413
9.75,-8.25,0,0.00352613
9.75,-8.75,0,0.000710341
9.75,-9.25,0,0.012705385
9.75,-9.75,0,-0.017821885
9.75,-10.25,0,-0.003248075
9.75,-10.75,0,-0.016477037
9.75,-11.25,0,-0.025505478
9.75,-11.75,0,0.008200267
9.75,-12.25,0,-0.001361219
9.75,-12.75,0,-0.009006302
9.75,-13.25,0,-0.967477699
9.75,-13.75,0,-0.994756958
9.75,-14.25,0,0.040495498
9.75,-14.75,0,-0.042634372
10.25,14.75,0,-0.013385574
10.25,14.25,0,0.00324825
10.25,13.75,0,-0.017230986
10.25,13.25,0,0.002802641
10.25,12.75,0,-0.010060366
10.25,12.25,0,0.015986144
10.25,11.75,0,0.003592047
10.25,11.25,0,0.018293908
10.25,10.75,0,-0.015440751
10.25,10.25,0,0.005548778
10.25,9.75,0,0.028610327
10.25,9.25,0,-0.014902585
10.25,8.75,0,0.015446961
10.25,8.25,0,0.023333128
10.25,7.75,0,-0.01880542
10.25,7.25,0,0.015710387
10.25,6.75,0,-0.013706108
10.25,6.25,0,-0.003577104
10.25,5.75,0,-0.009906987
10.25,5.25,0,-0.016728187
10.25,4.75,0,0.006582522
10.25,4.25,0,-0.003058105
10.25,3.75,0,-0.012161079
10.25,3.25,0,0.000575144
10.25,2.75,0,0.026082279
10.25,2.25,0,-0.033944298
10.25,1.75,0,0.002698174
10.25,1.25,0,-0.00599333
10.25,0.75,0,0.000195458
10.25,0.25,0,0.004973129
10.25,-0.25,0,0.007865294
10.25,-0.75,0,-0.02828688
10.25,-1.25,0,0.007077721
10.25,-1.75,0,0.006797428
10.25,-2.25,0,-0.010945219
10.25,-2.75,0,-0.005653928
10.25,-3.25,0,-0.013783237
10.25,-3.75,0,-0.006310515
10.25,-4.25,0,-0.02468229
10.25,-4.75,0,0.023586104
10.25,-5.25,0,-0.027772961
10.25,-5.75,0,-0.012112322
10.25,-6.25,0,0.020193412
10.25,-6.75,0,-0.012640587
10.25,-7.25,0,-0.944485234
10.25,-7.75,0,-0.945057901
10.25,-8.25,0,-0.033198282
10.25,-8.75,0,0.00640439
10.25,-9.25,0,0.000492585
10.25,-9.75,0,0.030271142
10.25,-10.25,0,-0.048417922
10.25,-10.75,0,0.0646927
10.25,-11.25,0,0.011751226
10.25,-11.75,0,-0.008648024
10.25,-12.25,0,-0.005407363
10.25,-12.75,0,0.004403788
10.25,-13.25,0,-0.931363355
10.25,-13.75,0,-0.956840785
10.25,-14.25,0,0.008476914
10.25,-14.75,0,-0.020690124
10.75,14.75,0,0.01509665
10.75,14.25,0,-0.009023288
10.75,13.75,0,0.005972017
10.75,13.25,0,-0.012199913
10.75,12.75,0,0.010301292
10.75,12.25,0,-0.004073562
10.75,11.75,0,-0.015823188
10.75,11.25,0,-0.009091431
10.75,10.75,0,0.004863171
10.75,10.25,0,-0.006930147
10.75,9.75,0,-0.001613793
10.75,9.25,0,0.013318452
10.75,8.75,0,-0.038086603
10.75,8.25,0,-0.005015654
10.75,7.75,0,0.011034347
10.75,7.25,0,-0.000860756
10.75,6.75,0,0.009655562
10.75,6.25,0,0.007374208
10.75,5.75,0,-0.012605636
10.75,5.25,0,0.035767754
10.75,4.75,0,-0.012563842
10.75,4.25,0,-0.02528058
10.75,3.75,0,0.008822909
10.75,3.25,0,0.009247551
10.75,2.75,0,0.00628106
10.75,2.25,0,0.008792392
10.75,1.75,0,0.010791344
10.75,1.25,0,-0.006085485
10.75,0.75,0,0.020346118
10.75,0.25,0,0.014698208
10.75,-0.25,0,-0.0059959
10.75,-0.75,0,0.012687364
10.75,-1.25,0,0.003171583
10.75,-1.75,0,0.016376651
10.75,-2.25,0,-0.005444477
10.75,-2.75,0,0.016173999
10.75,-3.25,0,0.010093612
10.75,-3.75,0,0.010058662
10.75,-4.25,0,0.023328996
10.75,-4.75,0,-0.009478938
10.75,-5.25,0,0.008118872
10.75,-5.75,0,0.01756464
10.75,-6.25,0,-0.014148522
10.75,-6.75,0,-0.046049476
10.75,-7.25,0,-0.942579679
10.75,-7.75,0,-1.026245686
10.75,-8.25,0,0.01995452
10.75,-8.75,0,-0.026000476
10.75,-9.25,0,-0.024545922
10.75,-9.75,0,0.003781098
10.75,-10.25,0,0.033553767
10.75,-10.75,0,-1.022146597
10.75,-11.25,0,-0.94252798
10.75,-11.75,0,-0.065967036
10.75,-12.25,0,0.000196206
10.75,-12.75,0,0.002115844
10.75,-13.25,0,-1.005865873
10.75,-13.75,0,-0.920863505
10.75,-14.25,0,-0.012357755
10.75,-14.75,0,-0.011096024
11.25,14.75,0,0.004201935
11.25,14.25,0,0.009532534
11.25,13.75,0,-0.003787349
11.25,13.25,0,5.54E-05
11.25,12.75,0,0.00423654
11.25,12.25,0,-0.004286046
11.25,11.75,0,0.002135787
11.25,11.25,0,0.018290272
11.25,10.75,0,-0.01118057
11.25,10.25,0,0.014498449
11.25,9.75,0,-0.004055538
11.25,9.25,0,0.009326115
11.25,8.75,0,0.007416398
11.25,8.25,0,-0.001175759
11.25,7.75,0,-0.038551131
11.25,7.25,0,0.020187095
11.25,6.75,0,-0.005675126
11.25,6.25,0,0.003805994
11.25,5.75,0,0.013380246
11.25,5.25,0,-0.0383797
11.25,4.75,0,-0.00295779
11.25,4.25,0,0.032685725
11.25,3.75,0,-0.003953953
11.25,3.25,0,-0.01205
11.25,2.75,0,-0.012781892
11.25,2.25,0,-3.60E-05
11.25,1.75,0,0.002214249
11.25,1.25,0,0.008217413
11.25,0.75,0,-0.01808032
11.25,0.25,0,-0.004326906
11.25,-0.25,0,-0.004374893
11.25,-0.75,0,0.005151507
11.25,-1.25,0,0.012717654
11.25,-1.75,0,0.006973388
11.25,-2.25,0,-0.017184266
11.25,-2.75,0,0.001833825
11.25,-3.25,0,0.004882041
11.25,-3.75,0,-0.005737713
11.25,-4.25,0,-0.02023457
11.25,-4.75,0,-0.00986881
11.25,-5.25,0,0.015765463
11.25,-5.75,0,-0.011481229
11.25,-6.25,0,0.001764682
11.25,-6.75,0,0.000930926
11.25,-7.25,0,-0.934202156
11.25,-7.75,0,-0.902509085
11.25,-8.25,0,0.035145279
11.25,-8.75,0,0.001371039
11.25,-9.25,0,0.029820293
11.25,-9.75,0,-0.089352569
11.25,-10.25,0,0.004190252
11.25,-10.75,0,-0.91279906
11.25,-11.25,0,-1.009633197
11.25,-11.75,0,0.038484771
11.25,-12.25,0,-0.075495272
11.25,-12.75,0,0.053269774
11.25,-13.25,0,-1.006856015
11.25,-13.75,0,-0.984157421
11.25,-14.25,0,0.046694143
11.25,-14.75,0,-0.022168882
11.75,14.75,0,-0.021572451
11.75,14.25,0,0.02374637
11.75,13.75,0,0.002631214
11.75,13.25,0,0.032990198
11.75,12.75,0,-0.016500407
11.75,12.25,0,-0.01713707
11.75,11.75,0,0.004861617
11.75,11.25,0,-0.001711507
11.75,10.75,0,0.010250356
11.75,10.25,0,-0.009627947
11.75,9.75,0,-0.008471588
11.75,9.25,0,0.002253605
11.75,8.75,0,-0.029148118
11.75,8.25,0,-0.006959149
11.75,7.75,0,0.018890046
11.75,7.25,0,-0.018410018
11.75,6.75,0,0.01019674
11.75,6.25,0,0.005457164
11.75,5.75,0,-0.003077768
11.75,5.25,0,0.012877124
11.75,4.75,0,0.026444884
11.75,4.25,0,-0.024379286
11.75,3.75,0,0.032368578
11.75,3.25,0,0.014384341
11.75,2.75,0,0.022587592
11.75,2.25,0,-0.030083207
11.75,1.75,0,0.003703454
11.75,1.25,0,-0.020168514
11.75,0.75,0,0.006583882
11.75,0.25,0,-0.015704158
11.75,-0.25,0,-0.010077846
11.75,-0.75,0,0.022521028
11.75,-1.25,0,-0.03110574
11.75,-1.75,0,-0.02391987
11.75,-2.25,0,-0.003308319
11.75,-2.75,0,-0.002191995
11.75,-3.25,0,0.008889855
11.75,-3.75,0,0.005290478
11.75,-4.25,0,-0.004217943
11.75,-4.75,0,0.013820336
11.75,-5.25,0,-0.027453264
11.75,-5.75,0,0.004633529
11.75,-6.25,0,0.00866416
11.75,-6.75,0,-0.005546278
11.75,-7.25,0,-1.032262185
11.75,-7.75,0,-0.917527265
11.75,-8.25,0,-1.024963402
11.75,-8.75,0,-0.974611319
11.75,-9.25,0,-0.971321728
11.75,-9.75,0,0.054757711
11.75,-10.25,0,-0.05586465
11.75,-10.75,0,-0.955891619
11.75,-11.25,0,-0.920854898
11.75,-11.75,0,-0.981728469
11.75,-12.25,0,-0.891688554
11.75,-12.75,0,-1.024550779
11.75,-13.25,0,-0.858868415
11.75,-13.75,0,-1.039811215
11.75,-14.25,0,0.012830632
11.75,-14.75,0,-0.004854706
12.25,14.75,0,0.027458081
12.25,14.25,0,-0.031480235
12.25,13.75,0,0.030228366
12.25,13.25,0,-0.009095773
12.25,12.75,0,-0.010559673
12.25,12.25,0,0.019542886
12.25,11.75,0,-0.004317157
12.25,11.25,0,-0.000605003
12.25,10.75,0,0.006918338
12.25,10.25,0,-0.019716303
12.25,9.75,0,0.035021107
12.25,9.25,0,-0.011531168
12.25,8.75,0,0.016160689
12.25,8.25,0,0.020244889
12.25,7.75,0,-0.025885438
12.25,7.25,0,0.025225397
12.25,6.75,0,0.00212211
12.25,6.25,0,-0.014415967
12.25,5.75,0,0.010263901
12.25,5.25,0,-0.019640639
12.25,4.75,0,0.010272426
12.25,4.25,0,-0.008069765
12.25,3.75,0,0.000492602
12.25,3.25,0,-0.008720268
12.25,2.75,0,-0.000402728
12.25,2.25,0,-0.004814368
12.25,1.75,0,-0.000889279
12.25,1.25,0,-0.006478296
12.25,0.75,0,0.037776566
12.25,0.25,0,0.007569541
12.25,-0.25,0,0.007066181
12.25,-0.75,0,-0.003045032
12.25,-1.25,0,0.045460267
12.25,-1.75,0,0.00252855
12.25,-2.25,0,0.012317013
12.25,-2.75,0,-0.012608627
12.25,-3.25,0,-0.000636526
12.25,-3.75,0,-0.01620827
12.25,-4.25,0,0.015277316
12.25,-4.75,0,-0.018719724
12.25,-5.25,0,0.022132222
12.25,-5.75,0,0.003055496
12.25,-6.25,0,-9.86E-06
12.25,-6.75,0,-0.012737461
12.25,-7.25,0,0.029279702
12.25,-7.75,0,-0.975347087
12.25,-8.25,0,-0.880180688
12.25,-8.75,0,-0.960612209
12.25,-9.25,0,-0.938712374
12.25,-9.75,0,-0.008364104
12.25,-10.25,0,0.040850843
12.25,-10.75,0,-1.0014092
12.25,-11.25,0,-0.870628377
12.25,-11.75,0,-1.039264211
12.25,-12.25,0,-0.984008076
12.25,-12.75,0,-0.93634826
12.25,-13.25,0,-1.016687025
12.25,-13.75,0,0.065473309
12.25,-14.25,0,0.010200349
12.25,-14.75,0,-0.036371863
12.75,14.75,0,0.024199675
12.75,14.25,0,0.014709016
12.75,13.75,0,-0.040095419
12.75,13.25,0,-0.005969616
12.75,12.75,0,0.018072517
12.75,12.25,0,-0.022424147
12.75,11.75,0,0.018600391
12.75,11.25,0,-0.0143872
12.75,10.75,0,0.001321803
12.75,10.25,0,0.024709383
12.75,9.75,0,-0.018976534
12.75,9.25,0,0.018105925
12.75,8.75,0,-0.008315066
12.75,8.25,0,-0.012784151
12.75,7.75,0,0.013009686
12.75,7.25,0,-0.013430865
12.75,6.75,0,0.03521892
12.75,6.25,0,-0.020307103
12.75,5.75,0,0.009123053
12.75,5.25,0,-0.013003984
12.75,4.75,0,0.017894928
12.75,4.25,0,0.000430197
12.75,3.75,0,0.017691341
12.75,3.25,0,-0.00814038
12.75,2.75,0,0.003046938
12.75,2.25,0,0.022206342
12.75,1.75,0,-0.011601757
12.75,1.25,0,0.018701703
12.75,0.75,0,-0.028700246
12.75,0.25,0,-0.000485192
12.75,-0.25,0,-0.002666454
12.75,-0.75,0,-0.004947765
12.75,-1.25,0,-0.038003783
12.75,-1.75,0,-0.003099453
12.75,-2.25,0,0.000520938
12.75,-2.75,0,0.010211351
12.75,-3.25,0,0.019349053
12.75,-3.75,0,-0.009726886
12.75,-4.25,0,0.003652354
12.75,-4.75,0,-0.00066542
12.75,-5.25,0,0.008132527
12.75,-5.75,0,0.01537323
12.75,-6.25,0,-0.016565735
12.75,-6.75,0,-0.020723037
12.75,-7.25,0,-0.044391076
12.75,-7.75,0,0.04718758
12.75,-8.25,0,-0.04002006
12.75,-8.75,0,0.00425166
12.75,-9.25,0,0.009261223
12.75,-9.75,0,-0.028521256
12.75,-10.25,0,-0.034886246
12.75,-10.75,0,0.025354511
12.75,-11.25,0,-0.010324467
12.75,-11.75,0,0.00822409
12.75,-12.25,0,0.025328715
12.75,-12.75,0,0.013936962
12.75,-13.25,0,0.028023035
12.75,-13.75,0,-0.040814445
12.75,-14.25,0,-0.007574343
12.75,-14.75,0,0.014673663
13.25,14.75,0,-0.021128843
13.25,14.25,0,0.005620095
13.25,13.75,0,-0.002208275
13.25,13.25,0,0.038749157
13.25,12.75,0,-0.013716463
13.25,12.25,0,0.013101364
13.25,11.75,0,-4.51E-05
13.25,11.25,0,-0.008366116
13.25,10.75,0,-0.011702255
13.25,10.25,0,-0.00965427
13.25,9.75,0,0.030929559
13.25,9.25,0,-0.006586489
13.25,8.75,0,0.0153998
13.25,8.25,0,-0.0122835
13.25,7.75,0,0.012736711
13.25,7.25,0,-0.008630849
13.25,6.75,0,-0.014726948
13.25,6.25,0,0.016433468
13.25,5.75,0,0.005369139
13.25,5.25,0,-0.052815959
13.25,4.75,0,0.035345987
13.25,4.25,0,-0.015761729
13.25,3.75,0,0.000851341
13.25,3.25,0,-0.006160909
13.25,2.75,0,-0.001547085
13.25,2.25,0,-0.009813266
13.25,1.75,0,0.009383478
13.25,1.25,0,-0.004054237
13.25,0.75,0,-0.005472325
13.25,0.25,0,0.001344036
13.25,-0.25,0,0.004545064
13.25,-0.75,0,-0.002109319
13.25,-1.25,0,0.022070048
13.25,-1.75,0,0.043544084
13.25,-2.25,0,-0.01712876
13.25,-2.75,0,-0.009972243
13.25,-3.25,0,-0.011001408
13.25,-3.75,0,-0.01571078
13.25,-4.25,0,0.006340763
13.25,-4.75,0,0.00235673
13.25,-5.25,0,0.005670737
13.25,-5.75,0,-0.030290735
13.25,-6.25,0,0.035165707
13.25,-6.75,0,0.012441056
13.25,-7.25,0,-0.009550232
13.25,-7.75,0,-0.017410494
13.25,-8.25,0,-0.010961971
13.25,-8.75,0,-0.003235522
13.25,-9.25,0,-0.012411785
13.25,-9.75,0,-0.00477902
13.25,-10.25,0,0.009463981
13.25,-10.75,0,-0.016559291
13.25,-11.25,0,-0.004782708
13.25,-11.75,0,-0.00666813
13.25,-12.25,0,-0.023126936
13.25,-12.75,0,-0.005279123
13.25,-13.25,0,-0.02676872
13.25,-13.75,0,0.013041488
13.25,-14.25,0,0.014952741
13.25,-14.75,0,-0.046926429
13.75,14.75,0,-0.004617318
13.75,14.25,0,0.014625956
13.75,13.75,0,0.012865261
13.75,13.25,0,-0.043150513
13.75,12.75,0,0.033123017
13.75,12.25,0,-0.009763361
13.75,11.75,0,-0.017876576
13.75,11.25,0,0.00186303
13.75,10.75,0,-0.015864194
13.75,10.25,0,0.038743786
13.75,9.75,0,-0.042667819
13.75,9.25,0,-0.003857201
13.75,8.75,0,-0.002284898
13.75,8.25,0,0.015974154
13.75,7.75,0,-0.040440234
13.75,7.25,0,0.043064045
13.75,6.75,0,-0.023194552
13.75,6.25,0,0.001185563
13.75,5.75,0,-0.00015434
13.75,5.25,0,0.025010053
13.75,4.75,0,-0.001424142
13.75,4.25,0,-0.002745881
13.75,3.75,0,0.015661987
13.75,3.25,0,-0.019000211
13.75,2.75,0,0.024162158
13.75,2.25,0,0.001677421
13.75,1.75,0,-0.028337809
13.75,1.25,0,0.001567715
13.75,0.75,0,-0.001792274
13.75,0.25,0,-0.019889823
13.75,-0.25,0,0.018310024
13.75,-0.75,0,-0.022313975
13.75,-1.25,0,-0.00145
13.75,-1.75,0,-0.007934836
13.75,-2.25,0,-0.010732625
13.75,-2.75,0,0.012461844
13.75,-3.25,0,-0.017746036
13.75,-3.75,0,0.035866368
13.75,-4.25,0,-0.038757839
13.75,-4.75,0,0.008954523
13.75,-5.25,0,-0.013410282
13.75,-5.75,0,0.008398399
13.75,-6.25,0,-0.032398971
13.75,-6.75,0,0.015922684
13.75,-7.25,0,-0.004319725
13.75,-7.75,0,0.018866021
13.75,-8.25,0,0.011272633
13.75,-8.75,0,-0.005803196
13.75,-9.25,0,-0.011214878
13.75,-9.75,0,-0.00555735
13.75,-10.25,0,0.010128643
13.75,-10.75,0,-0.01851643
13.75,-11.25,0,0.003252763
13.75,-11.75,0,-0.02687107
13.75,-12.25,0,-0.009814471
13.75,-12.75,0,0.002692363
13.75,-13.25,0,0.00874971
13.75,-13.75,0,0.011630168
13.75,-14.25,0,-0.005295777
13.75,-14.75,0,0.015861574
14.25,14.75,0,-0.002150793
14.25,14.25,0,-0.032456643
14.25,13.75,0,0.019489385
14.25,13.25,0,0.014529772
14.25,12.75,0,-0.009500745
14.25,12.25,0,0.019299132
14.25,11.75,0,-0.007631675
14.25,11.25,0,0.016084312
14.25,10.75,0,0.012876652
14.25,10.25,0,-0.012964025
14.25,9.75,0,0.007224209
14.25,9.25,0,0.001739751
14.25,8.75,0,0.010709076
14.25,8.25,0,0.004505251
14.25,7.75,0,0.028836746
14.25,7.25,0,-0.044736537
14.25,6.75,0,0.029027234
14.25,6.25,0,-0.039990806
14.25,5.75,0,-0.006859184
14.25,5.25,0,-0.009074186
14.25,4.75,0,0.005553313
14.25,4.25,0,0.001157106
14.25,3.75,0,-0.007753957
14.25,3.25,0,0.016681048
14.25,2.75,0,-0.009736794
14.25,2.25,0,0.00971684
14.25,1.75,0,0.005152437
14.25,1.25,0,-0.009878758
14.25,0.75,0,-0.016544715
14.25,0.25,0,0.029555567
14.25,-0.25,0,-0.018591241
14.25,-0.75,0,0.013264324
14.25,-1.25,0,-0.0004386
14.25,-1.75,0,-0.006850646
14.25,-2.25,0,0.014982672
14.25,-2.75,0,-0.01617899
14.25,-3.25,0,0.017188207
14.25,-3.75,0,0.002987133
14.25,-4.25,0,0.024314591
14.25,-4.75,0,0.001298733
14.25,-5.25,0,0.013049769
14.25,-5.75,0,0.011832483
14.25,-6.25,0,-0.011551608
14.25,-6.75,0,-0.002132705
14.25,-7.25,0,0.008681592
14.25,-7.75,0,-0.015249101
14.25,-8.25,0,-0.00149827
14.25,-8.75,0,-0.020651428
14.25,-9.25,0,0.006106847
14.25,-9.75,0,0.005998467
14.25,-10.25,0,0.002045606
14.25,-10.75,0,0.014695603
14.25,-11.25,0,0.014889044
14.25,-11.75,0,-0.006330003
14.25,-12.25,0,0.01987102
14.25,-12.75,0,0.018570801
14.25,-13.25,0,-0.00843194
14.25,-13.75,0,-0.000747264
14.25,-14.25,0,0.014943158
14.25,-14.75,0,-0.004724622
14.75,14.75,0,-0.005549357
14.75,14.25,0,0.004631465
14.75,13.75,0,-0.006328534
14.75,13.25,0,-0.022455276
14.75,12.75,0,0.030905071
14.75,12.25,0,-0.038808647
14.75,11.75,0,0.00778443
14.75,11.25,0,-0.002410308
14.75,10.75,0,1.84E-05
14.75,10.25,0,0.004844587
14.75,9.75,0,-0.020076489
14.75,9.25,0,0.00265238
14.75,8.75,0,-0.018930825
14.75,8.25,0,0.013611962
14.75,7.75,0,-0.0155497
14.75,7.25,0,0.018518469
14.75,6.75,0,-0.004179909
14.75,6.25,0,0.005362481
14.75,5.75,0,0.000782478
14.75,5.25,0,-0.010932315
14.75,4.75,0,-0.004954879
14.75,4.25,0,-0.00557929
14.75,3.75,0,-0.000264942
14.75,3.25,0,0.001906498
14.75,2.75,0,-0.000953845
14.75,2.25,0,0.0093819
14.75,1.75,0,-0.006370486
14.75,1.25,0,0.018504659
14.75,0.75,0,-0.000807763
14.75,0.25,0,-0.011565133
14.75,-0.25,0,0.014298257
14.75,-0.75,0,-0.001693865
14.75,-1.25,0,0.002961394
14.75,-1.75,0,-0.005212745
14.75,-2.25,0,0.000270013
14.75,-2.75,0,-0.00850278
14.75,-3.25,0,-0.003497256
14.75,-3.75,0,-0.005594155
14.75,-4.25,0,0.01698267
14.75,-4.75,0,-0.012484268
14.75,-5.25,0,-0.008376557
14.75,-5.75,0,0.00161632
14.75,-6.25,0,0.003954627
14.75,-6.75,0,-0.000850056
14.75,-7.25,0,0.008053555
14.75,-7.75,0,-0.031152857
14.75,-8.25,0,0.025519067
14.75,-8.75,0,0.009882029
14.75,-9.25,0,-0.005498026
14.75,-9.75,0,-0.006244153
14.75,-10.25,0,-0.002267183
14.75,-10.75,0,-0.022697304
14.75,-11.25,0,-0.006204451
14.75,-11.75,0,0.024363537
14.75,-12.25,0,-0.025452784
14.75,-12.75,0,-0.023191742
14.75,-13.25,0,0.011584484
14.75,-13.75,0,-0.019304745
14.75,-14.25,0,0.000785433
14.75,-14.75,0,-0.008573165
